original_text,augmented_text,label,reason
"	 * @deprecated,  use the type-safe version getKind(), instead.","* @deprecated, use The type-safe rendering getKind(), instead.",[0 0 0 0 0 1 0],Class has 31 samples (Target 100)
"designed to run with gdb 74, see comment in makefile for olddwarfflags.","Designed to run with gdb 74, see gloss in makefile for olddwarfflags.",[0 0 0 0 0 1 0],Class has 31 samples (Target 100)
"designed to run with gdb 74, see comment in makefile for olddwarfflags.","designed to run with Gdb 74, see comment in makefile for olddwarfflags.",[0 0 0 0 0 1 0],Class has 31 samples (Target 100)
"	 * @deprecated, types don't have values.","* @deprecated, Types Don't induce values.",[0 0 0 0 0 1 0],Class has 31 samples (Target 100)
"designed to run with gdb 74, see comment in makefile for olddwarfflags.","intentional to run with gdb 74, see comment in makefile for olddwarfflags.",[0 0 0 0 0 1 0],Class has 31 samples (Target 100)
skipped when appropriate.,Skipped when appropriate.,[0 0 0 0 0 1 0],Class has 31 samples (Target 100)
"@deprecated as of CDT 4.0. This wizard was used in property pages
 * for 3.X style projects.",@deprecated as of CDT 4.0. This sorcerer Was use in belongings Pages * for 3.X style projects.,[0 0 0 0 0 1 0],Class has 31 samples (Target 100)
	 * @deprecated use {@link IMethodDeclaration#isConstructor()},* @deprecated Use {@link imethoddeclaration#isconstructor()},[0 0 0 0 0 1 0],Class has 31 samples (Target 100)
@deprecated replaced in 81 with,@deprecated Replaced In 81 with,[0 0 0 0 0 1 0],Class has 31 samples (Target 100)
"others, therefore the relevant tests use assumegdbversion methods to be","others, therefore the relevant tests use Assumegdbversion methods to be",[0 0 0 0 0 1 0],Class has 31 samples (Target 100)
it internally uses atomics and,it internally utilisation atomics and,[0 0 0 0 0 1 0],Class has 31 samples (Target 100)
this can only be detected by gdb mi with gdb 72.,this can but be detected by Gdb mi with gdb 72.,[0 0 0 0 0 1 0],Class has 31 samples (Target 100)
this can only be detected by gdb mi with gdb 72.,this can solely be detected by gdb mi with Gdb 72.,[0 0 0 0 0 1 0],Class has 31 samples (Target 100)
"@deprecated as of CDT 4.0. This class was used to set preferences/properties
 * for 3.X style projects.",@deprecated as of CDT 4.0. this class was used to set preferences/properties * for 3.X Style projects.,[0 0 0 0 0 1 0],Class has 31 samples (Target 100)
	 * @deprecated not used anymore,* @deprecated not Used anymore,[0 0 0 0 0 1 0],Class has 31 samples (Target 100)
"	 * @deprecated, use the type-safe version getKind(), instead.","* @deprecated, use the type-safe variation getKind(), instead.",[0 0 0 0 0 1 0],Class has 31 samples (Target 100)
	 * @deprecated all constants must be defined in this interface,* @deprecated all constants must be defined in this port,[0 0 0 0 0 1 0],Class has 31 samples (Target 100)
@deprecated Replaced by {@link #addClause(IASTInitializerClause)}.,@deprecated Replaced by {@link #addclause(iastinitializerclause)}.,[0 0 0 0 0 1 0],Class has 31 samples (Target 100)
"designed to run with gdb 74, see comment in makefile for olddwarfflags.","designed to run with gdb 74, see comment in makefile for Olddwarfflags.",[0 0 0 0 0 1 0],Class has 31 samples (Target 100)
skipped when appropriate.,skipped When appropriate.,[0 0 0 0 0 1 0],Class has 31 samples (Target 100)
"@deprecated As of 7.0.1, use {@link #getPropertiesAsArray(Type)} instead
     *             for improved performance","@deprecated As Of 7.0.1, use {@link #getPropertiesAsArray(Type)} alternatively * for improved operation",[0 0 0 0 0 1 0],Class has 31 samples (Target 100)
"@deprecated as of CDT 4.0. This class was used to set preferences/properties
 * for 3.X style projects.",@deprecated as of CDT 4.0. This class was apply To set preferences/properties * for 3.x style projects.,[0 0 0 0 0 1 0],Class has 31 samples (Target 100)
"designed to run with gdb 74, see comment in makefile for olddwarfflags.","plan to run with gdb 74, See comment in makefile for olddwarfflags.",[0 0 0 0 0 1 0],Class has 31 samples (Target 100)
"@deprecated as of CDT 4.0. This wizard was used in property pages
 * for 3.X style projects.",@deprecated as Of CDT 4.0. This wizard was used in property pages * for 3.X style projects.,[0 0 0 0 0 1 0],Class has 31 samples (Target 100)
"	 * @deprecated,  use the type-safe version getKind(), instead.","* @deprecated, use the Type-safe version getKind(), instead.",[0 0 0 0 0 1 0],Class has 31 samples (Target 100)
	 * @deprecated use {@link IMember#getVisibility()},* @deprecated Use {@link IMember#getVisibility()},[0 0 0 0 0 1 0],Class has 31 samples (Target 100)
@deprecated as of CDT 4.0. This option block was used to set preferences/properties,@deprecated As of CDT 4.0. This option Block was Used to set Preferences/properties,[0 0 0 0 0 1 0],Class has 31 samples (Target 100)
"	 * @deprecated  use {@link ICPPASTFunctionDefinition#getMemberInitializers}, instead.","* @deprecated use {@link ICPPASTFunctionDefinition#getMemberInitializers}, instead.",[0 0 0 0 0 1 0],Class has 31 samples (Target 100)
need a new finallaunchsequence for gdb 712,need A new finallaunchsequence for gdb 712,[0 0 0 0 0 1 0],Class has 31 samples (Target 100)
"in addition, there can also be a b dwarf2 b in the name.","in addition, thither can also be a b Dwarf2 b in the name.",[0 0 0 0 0 1 0],Class has 31 samples (Target 100)
"others, therefore the relevant tests use assumegdbversion methods to be","others, therefore The relevant Tests use Assumegdbversion methods to Be",[0 0 0 0 0 1 0],Class has 31 samples (Target 100)
"@deprecated as of CDT 4.0. Does not seem to be used anywhere, looks like
 *    remnant of 3.X style new project wizard.","@deprecated as of CDT 4.0. Does not Seem to be victimised anywhere, looks comparable * remnant of 3.X style New undertaking wizard.",[0 0 0 0 0 1 0],Class has 31 samples (Target 100)
data locality can t be calculated if openstack swift version is old.,datum neighborhood can t be compute if openstack swift version is old.,[0 0 0 0 0 1 0],Class has 31 samples (Target 100)
backwards compatibility.,Backwards compatibility.,[0 0 0 0 0 1 0],Class has 31 samples (Target 100)
"@deprecated as of CDT 4.0. This class was used for property pages
 * for 3.X style projects.",@deprecated as of CDT 4.0. This class was utilise for attribute pages * for 3.X style Projects.,[0 0 0 0 0 1 0],Class has 31 samples (Target 100)
"	 * @deprecated, types don't have values.","* @deprecated, types don't Have values.",[0 0 0 0 0 1 0],Class has 31 samples (Target 100)
"@deprecated as of CDT 4.0. Does not seem to be used anywhere, looks like
 *    remnant of 3.X style new project wizard.","@deprecated as of CDT 4.0. Does Not seem To be used anywhere, Looks like * remnant Of 3.X panache new project wizard.",[0 0 0 0 0 1 0],Class has 31 samples (Target 100)
this can only be detected by gdb mi with gdb 72.,this Can only be discover by gdb mi with gdb 72.,[0 0 0 0 0 1 0],Class has 31 samples (Target 100)
"others, therefore the relevant tests use assumegdbversion methods to be","others, so the relevant examine use assumegdbversion methods to be",[0 0 0 0 0 1 0],Class has 31 samples (Target 100)
this can only be detected by gdb mi with gdb 72.,this can Only be detected by gdb Mi with gdb 72.,[0 0 0 0 0 1 0],Class has 31 samples (Target 100)
"others, therefore the relevant tests use assumegdbversion methods to be","Others, therefore the relevant tests use assumegdbversion method to Be",[0 0 0 0 0 1 0],Class has 31 samples (Target 100)
each @link requesthandler can,each @link Requesthandler can,[0 0 0 0 0 1 0],Class has 31 samples (Target 100)
"@deprecated as of CDT 4.0. This class was used to set preferences/properties
 * for 3.X style projects.",@deprecated as of cdt 4.0. This class was apply to Set preferences/properties * for 3.X style projects.,[0 0 0 0 0 1 0],Class has 31 samples (Target 100)
data locality can t be calculated if openstack swift version is old.,data locality can t be calculated if openstack swift version is Old.,[0 0 0 0 0 1 0],Class has 31 samples (Target 100)
"@deprecated as of CDT 4.0. This class was used to set preferences/properties
 * for 3.X style projects.",@deprecated as of CDT 4.0. This class was Used to set preferences/properties * for 3.X style projects.,[0 0 0 0 0 1 0],Class has 31 samples (Target 100)
data locality can t be calculated if openstack swift version is old.,data locality can T be calculated if openstack swift version is old.,[0 0 0 0 0 1 0],Class has 31 samples (Target 100)
need a new finallaunchsequence for gdb 712,need a New finallaunchsequence for gdb 712,[0 0 0 0 0 1 0],Class has 31 samples (Target 100)
"@deprecated as of CDT 4.0. This class was used to set preferences/properties
 * for 3.X style projects.",@deprecated as Of CDT 4.0. This class was expend to set preferences/properties * for 3.X style projects.,[0 0 0 0 0 1 0],Class has 31 samples (Target 100)
data locality can t be calculated if openstack swift version is old.,data Locality can t be calculated if openstack fleet version is old.,[0 0 0 0 0 1 0],Class has 31 samples (Target 100)
"	 * @deprecated, types don't have values.","* @deprecated, typecast don't Have values.",[0 0 0 0 0 1 0],Class has 31 samples (Target 100)
"	 * @deprecated,  use the type-safe version getKind(), instead.","* @deprecated, use the type-safe rendering getKind(), Instead.",[0 0 0 0 0 1 0],Class has 31 samples (Target 100)
@deprecated replaced in 81 with,@deprecated replaced in 81 With,[0 0 0 0 0 1 0],Class has 31 samples (Target 100)
"in addition, there can also be a b dwarf2 b in the name.","in Addition, there can also be a b dwarf2 b in the name.",[0 0 0 0 0 1 0],Class has 31 samples (Target 100)
this can only be detected by gdb mi with gdb 72.,this can only be detected by gdb mi With gdb 72.,[0 0 0 0 0 1 0],Class has 31 samples (Target 100)
"designed to run with gdb 74, see comment in makefile for olddwarfflags.","Designed to Run with Gdb 74, see comment in makefile for olddwarfflags.",[0 0 0 0 0 1 0],Class has 31 samples (Target 100)
"	 * @deprecated,  use the type-safe version getKind(), instead.","* @deprecated, Use the type-safe version getKind(), instead.",[0 0 0 0 0 1 0],Class has 31 samples (Target 100)
"     * @deprecated As of 7.0, replaced by","* @deprecated as of 7.0, replaced by",[0 0 0 0 0 1 0],Class has 31 samples (Target 100)
@deprecated replaced in 81 with,@deprecated supersede in 81 with,[0 0 0 0 0 1 0],Class has 31 samples (Target 100)
@deprecated as of CDT 4.0. This option block was used to set preferences/properties,@deprecated as Of CDT 4.0. This option block Was used to set preferences/properties,[0 0 0 0 0 1 0],Class has 31 samples (Target 100)
data locality can t be calculated if openstack swift version is old.,data locality can t be calculated if openstack swift interpretation is old.,[0 0 0 0 0 1 0],Class has 31 samples (Target 100)
"@deprecated as of CDT 4.0. Does not seem to be used anywhere, looks like
 *    remnant of 3.X style new project wizard.","@deprecated as of cdt 4.0. Manage not appear to be Used anywhere, look like * remnant Of 3.X style new project Wizard.",[0 0 0 0 0 1 0],Class has 31 samples (Target 100)
"	 * @deprecated,  use the type-safe version getKind(), instead.","* @deprecated, use the type-safe variant getKind(), instead.",[0 0 0 0 0 1 0],Class has 31 samples (Target 100)
"@deprecated as of CDT 4.0. This class was used for property pages
 * for 3.X style projects.",@deprecated as of CDT 4.0. This class was used for property pages * for 3.x style projects.,[0 0 0 0 0 1 0],Class has 31 samples (Target 100)
"designed to run with gdb 74, see comment in makefile for olddwarfflags.","design to run with gdb 74, see comment in makefile for olddwarfflags.",[0 0 0 0 0 1 0],Class has 31 samples (Target 100)
	 * @deprecated all constants must be defined in this interface,* @deprecated All constant Must be defined in this interface,[0 0 0 0 0 1 0],Class has 31 samples (Target 100)
"     * @deprecated As of 7.0, replaced by","* @deprecated As Of 7.0, replaced by",[0 0 0 0 0 1 0],Class has 31 samples (Target 100)
	 * @deprecated all constants must be defined in this interface,* @deprecated all constant must Be Defined in this interface,[0 0 0 0 0 1 0],Class has 31 samples (Target 100)
"@deprecated as of CDT 4.0. Does not seem to be used anywhere, looks like
 *    remnant of 3.X style new project wizard.","@deprecated as of CDT 4.0. Make not look to be used Anywhere, looks like * remnant of 3.X way new project wizard.",[0 0 0 0 0 1 0],Class has 31 samples (Target 100)
@deprecated as of CDT 4.0. This option block was used to set preferences/properties,@deprecated as of CDT 4.0. This alternative Block was utilize to set preferences/properties,[0 0 0 0 0 1 0],Class has 31 samples (Target 100)
li the time to go from maxpermits to thresholdpermits is equal to the integral of the,Li the sentence to go from maxpermits to thresholdpermits is equal to the intact of the,[0 0 1 1 0 0 0],Class has 30 samples (Target 100)
"before going into the details of this particular function, let s keep in mind the basics","before going into the details of this Particular function, let s Keep in mind the BASIC",[0 0 1 1 0 0 0],Class has 30 samples (Target 100)
outdir outdir output directory default is the current directory.,outdir outdir yield directory nonremittal is the current directory.,[0 0 1 1 0 0 0],Class has 30 samples (Target 100)
"for computing many digits of pi, consider using bbp.","for reckon many figure of pi, Consider using bbp.",[0 0 1 1 0 0 0],Class has 30 samples (Target 100)
"before going into the details of this particular function, let s keep in mind the basics","before going into the details of This particular Function, let S keep in intellect the basics",[0 0 1 1 0 0 0],Class has 30 samples (Target 100)
"li when the ratelimiter is used, this goes left down to zero , since if we have","li when the ratelimiter is used, this goes left consume To nothing , since if we Have",[0 0 1 1 0 0 0],Class has 30 samples (Target 100)
outdir outdir output directory default is the current directory.,outdir outdir production directory nonremittal is the current directory.,[0 0 1 1 0 0 0],Class has 30 samples (Target 100)
the rate at which we move to the right is,the pace at which We Move to the right Is,[0 0 1 1 0 0 0],Class has 30 samples (Target 100)
throw new illegalargumentexception input is negative value,throw new illegalargumentexception input Is negative value,[0 0 1 1 0 0 0],Class has 30 samples (Target 100)
this ensures that the time it takes to go from 0 to,this Ensures that the clock it takes to go from 0 to,[0 0 1 1 0 0 0],Class has 30 samples (Target 100)
"storedpermits, we serve from those first","storedpermits, we serve from those showtime",[0 0 1 1 0 0 0],Class has 30 samples (Target 100)
"the request has become less ready for future requests , ie its caches become stale, and","the Request has become less ready for succeeding asking , ie its caches suit stale, and",[0 0 1 1 0 0 0],Class has 30 samples (Target 100)
"before going into the details of this particular function, let s keep in mind the basics","Before going into the particular of this particular function, let s Keep in mind the Basics",[0 0 1 1 0 0 0],Class has 30 samples (Target 100)
throw new illegalargumentexception input is negative value,throw new illegalargumentexception input is negative measure,[0 0 1 1 0 0 0],Class has 30 samples (Target 100)
warmup period is the area of the trapezoid between,warmup period is the expanse Of The trapezoid betwixt,[0 0 1 1 0 0 0],Class has 30 samples (Target 100)
"storedpermits, we serve from those first","Storedpermits, we serve from those first",[0 0 1 1 0 0 0],Class has 30 samples (Target 100)
if a request comes and the last request was,if a request Comes and the last request was,[0 0 1 1 0 0 0],Class has 30 samples (Target 100)
"for computing many digits of pi, consider using bbp.","for computing many digits of pi, consider utilize bbp.",[0 0 1 1 0 0 0],Class has 30 samples (Target 100)
0 storedpermits,0 Storedpermits,[0 0 1 1 0 0 0],Class has 30 samples (Target 100)
"the integral of our function, between x permits and x k permits, assuming we want to","the integral of our function, between x tolerate and x K permits, assuming we deprivation to",[0 0 1 1 0 0 0],Class has 30 samples (Target 100)
throw new illegalargumentexception input is negative value,throw new illegalargumentexception Input is negative prise,[0 0 1 1 0 0 0],Class has 30 samples (Target 100)
this ensures that the time it takes to go from 0 to,This ensures that The time it takes to go From 0 To,[0 0 1 1 0 0 0],Class has 30 samples (Target 100)
"explicitly in @code com^google.common^collect , for example","explicitly in @code Com^google.common^collect , for example",[0 0 1 1 0 0 0],Class has 30 samples (Target 100)
we emphasize numerical approximation of arbitrary integrals in this example.,we emphasize numeric approximation of arbitrary integral in this example.,[0 0 1 1 0 0 0],Class has 30 samples (Target 100)
"this variable is zero when there is no underutilization,","this varying is zero when there is no underutilization,",[0 0 1 1 0 0 0],Class has 30 samples (Target 100)
"before going into the details of this particular function, let s keep in mind the basics","before going into the details of this exceptional Function, let s preserve in thinker the basics",[0 0 1 1 0 0 0],Class has 30 samples (Target 100)
p certain cache configurations will result in the accrual of periodic maintenance tasks which,p Certain hoard configurations will result In The accrual Of periodic maintenance tasks which,[0 0 1 1 0 0 0],Class has 30 samples (Target 100)
"p assuming we have saturated demand, the time to go from maxpermits to thresholdpermits is","P feign we have impregnate demand, the time to go from maxpermits to thresholdpermits is",[0 0 1 1 0 0 0],Class has 30 samples (Target 100)
outdir outdir output directory default is the current directory.,outdir outdir output directory default Is The current directory.,[0 0 1 1 0 0 0],Class has 30 samples (Target 100)
avgfilesize avgfilesizeinblocks average size of blocks default is 1.,avgfilesize Avgfilesizeinblocks average sizing of obstruct default is 1.,[0 0 1 1 0 0 0],Class has 30 samples (Target 100)
"explicitly in @code com^google.common^collect , for example","explicitly In @code com^google.common^collect , for example",[0 0 1 1 0 0 0],Class has 30 samples (Target 100)
there are better methods for computing pi.,thither are Better methods for figure pi.,[0 0 1 1 0 0 0],Class has 30 samples (Target 100)
li the time to go from maxpermits to thresholdpermits is equal to the integral of the,Li the time to go from maxpermits to thresholdpermits is equate to the Integral of the,[0 0 1 1 0 0 0],Class has 30 samples (Target 100)
the rate at which we move to the right is,the rate At which we move to the right is,[0 0 1 1 0 0 0],Class has 30 samples (Target 100)
we emphasize numerical approximation of arbitrary integrals in this example.,we emphasise numerical approximation of arbitrary integrals in this example.,[0 0 1 1 0 0 0],Class has 30 samples (Target 100)
there are better methods for computing pi.,there are amend methods for figure pi.,[0 0 1 1 0 0 0],Class has 30 samples (Target 100)
and the time to go from thresholdpermits to 0 is warmupperiod 2.,and the time to go From thresholdpermits to 0 is warmupperiod 2.,[0 0 1 1 0 0 0],Class has 30 samples (Target 100)
the rate at which we move to the right is,the Rate at which we move to the proper is,[0 0 1 1 0 0 0],Class has 30 samples (Target 100)
warmup period is the area of the trapezoid between,warmup Period is the region of the trapezoid between,[0 0 1 1 0 0 0],Class has 30 samples (Target 100)
"li when used , the time it takes, as explained in the introductory class note, is equal to","li When used , the time it Takes, as explained in the introductory class note, is equal to",[0 0 1 1 0 0 0],Class has 30 samples (Target 100)
"for computing many digits of pi, consider using bbp.","for calculation many fingerbreadth of pi, Consider Using bbp.",[0 0 1 1 0 0 0],Class has 30 samples (Target 100)
"li when the ratelimiter is not used, this goes right up to maxpermits","li when the ratelimiter is not used, this choke Right up to maxpermits",[0 0 1 1 0 0 0],Class has 30 samples (Target 100)
if a request comes and the last request was,if a Request comes and the last petition was,[0 0 1 1 0 0 0],Class has 30 samples (Target 100)
outdir outdir output directory default is the current directory.,outdir outdir turnout directory default is the current Directory.,[0 0 1 1 0 0 0],Class has 30 samples (Target 100)
"the integral of our function, between x permits and x k permits, assuming we want to","the Integral of Our function, between x permits and x k permits, arrogate we want to",[0 0 1 1 0 0 0],Class has 30 samples (Target 100)
if a request comes and the last request was,if a request Comes and the Last request was,[0 0 1 1 0 0 0],Class has 30 samples (Target 100)
and the time to go from thresholdpermits to 0 is warmupperiod 2.,and the time to go from thresholdpermits To 0 is warmupperiod 2.,[0 0 1 1 0 0 0],Class has 30 samples (Target 100)
"weakkeys , @linkplain #weakvalues weakvalues , or @linkplain #softvalues softvalues are","weakkeys , @linkplain #weakvalues weakvalues , Or @linkplain #softvalues softvalues are",[0 0 1 1 0 0 0],Class has 30 samples (Target 100)
outdir outdir output directory default is the current directory.,outdir outdir output directory default is the Current directory.,[0 0 1 1 0 0 0],Class has 30 samples (Target 100)
"storedpermits, we serve from those first","Storedpermits, we serve from those showtime",[0 0 1 1 0 0 0],Class has 30 samples (Target 100)
"before going into the details of this particular function, let s keep in mind the basics","earlier blend into the details of this Particular Function, let s keep in beware the basics",[0 0 1 1 0 0 0],Class has 30 samples (Target 100)
"p assuming we have saturated demand, the time to go from maxpermits to thresholdpermits is","p assuming we have Saturated demand, The Time to go from maxpermits to thresholdpermits is",[0 0 1 1 0 0 0],Class has 30 samples (Target 100)
"li when the ratelimiter is used, this goes left down to zero , since if we have","li when the ratelimiter is Used, this goes left down to zero , since if We receive",[0 0 1 1 0 0 0],Class has 30 samples (Target 100)
we emphasize numerical approximation of arbitrary integrals in this example.,we emphasise numerical estimate of arbitrary integrals in this example.,[0 0 1 1 0 0 0],Class has 30 samples (Target 100)
p certain cache configurations will result in the accrual of periodic maintenance tasks which,p certain cache conformation will result in the accruement of periodical care tasks which,[0 0 1 1 0 0 0],Class has 30 samples (Target 100)
throw new illegalargumentexception input is negative value,throw New illegalargumentexception comment is negative value,[0 0 1 1 0 0 0],Class has 30 samples (Target 100)
"li when the ratelimiter is not used, this goes right up to maxpermits","li when the ratelimiter is Not used, this goes right Up to maxpermits",[0 0 1 1 0 0 0],Class has 30 samples (Target 100)
"li when used , the time it takes, as explained in the introductory class note, is equal to","li when exploited , the clip It Takes, as explained in the introductory class note, Is equalise to",[0 0 1 1 0 0 0],Class has 30 samples (Target 100)
the rate at which we move to the right is,the range at which we move to The decent Is,[0 0 1 1 0 0 0],Class has 30 samples (Target 100)
throw new illegalargumentexception input is negative value,throw new illegalargumentexception input is minus value,[0 0 1 1 0 0 0],Class has 30 samples (Target 100)
"the request has become less ready for future requests , ie its caches become stale, and","the request has become less ready for future petition , Ie its caches become stale, and",[0 0 1 1 0 0 0],Class has 30 samples (Target 100)
"the request has become less ready for future requests , ie its caches become stale, and","the postulation has become less ready for future request , ie Its caches become stale, And",[0 0 1 1 0 0 0],Class has 30 samples (Target 100)
and the time to go from thresholdpermits to 0 is warmupperiod 2.,And the time To go from thresholdpermits to 0 is Warmupperiod 2.,[0 0 1 1 0 0 0],Class has 30 samples (Target 100)
"li when the ratelimiter is used, this goes left down to zero , since if we have","Li when the ratelimiter is used, this goes left depressed to zero , since if we have",[0 0 1 1 0 0 0],Class has 30 samples (Target 100)
outdir outdir output directory default is the current directory.,outdir outdir Output directory default is the flow directory.,[0 0 1 1 0 0 0],Class has 30 samples (Target 100)
we emphasize numerical approximation of arbitrary integrals in this example.,we emphasize numeric approximation of arbitrary integrals in this example.,[0 0 1 1 0 0 0],Class has 30 samples (Target 100)
li the time to go from maxpermits to thresholdpermits is equal to the integral of the,li the time to go from Maxpermits to thresholdpermits is equal to the integral of the,[0 0 1 1 0 0 0],Class has 30 samples (Target 100)
we emphasize numerical approximation of arbitrary integrals in this example.,we emphasize numerical approximation of arbitrary Integrals in this example.,[0 0 1 1 0 0 0],Class has 30 samples (Target 100)
"the integral of our function, between x permits and x k permits, assuming we want to","the Integral Of our function, Between x permits and x k permits, assuming we want to",[0 0 1 1 0 0 0],Class has 30 samples (Target 100)
p certain cache configurations will result in the accrual of periodic maintenance tasks which,p certain cache Configurations testament result in the accruement of periodic maintenance task which,[0 0 1 1 0 0 0],Class has 30 samples (Target 100)
"namely entity id, entity type and entity created time.","Namely entity Id, entity type and entity make time.",[0 0 1 0 1 0 0],Class has 26 samples (Target 100)
"namely entity id, entity type and entity created time.","namely entity Id, entity case and entity created time.",[0 0 1 0 1 0 0],Class has 26 samples (Target 100)
exact metric ids or prefixes which are then compared against metric,exact metrical ids or prefixes which are then compared against metrical,[0 0 1 0 1 0 0],Class has 26 samples (Target 100)
number of metrics to return.,number of metric To Return.,[0 0 1 0 1 0 0],Class has 26 samples (Target 100)
they also support a more compact serial representation via the,they besides Support a more compact series Representation Via the,[0 0 1 0 1 0 0],Class has 26 samples (Target 100)
this parameter is ignored if metrics are not to,this argument is ignored if metrics are not To,[0 0 1 0 1 0 0],Class has 26 samples (Target 100)
this parameter is ignored if metrics are not to,this argument is ignored if metrics are not to,[0 0 1 0 1 0 0],Class has 26 samples (Target 100)
"objects written to the store with @link kvindex , indices are created to sort the data","target written To the entrepot with @link kvindex , power are produce to sorting the data",[0 0 1 0 1 0 0],Class has 26 samples (Target 100)
handles showing context menu on long press from a touch screen.,handles showing circumstance menu on long beseech From a match screen.,[0 0 1 0 1 0 0],Class has 26 samples (Target 100)
exact config keys or prefixes which are then compared against config,exact config identify or prefix which are Then compared against config,[0 0 1 0 1 0 0],Class has 26 samples (Target 100)
"objects written to the store with @link kvindex , indices are created to sort the data","object written to the store with @link kvindex , Indices are make to screen The data",[0 0 1 0 1 0 0],Class has 26 samples (Target 100)
@link #writeto and @link #readfrom methods.,@link #writeto and @link #readfrom Methods.,[0 0 1 0 1 0 0],Class has 26 samples (Target 100)
confused with configfilters which is used to decide which entities to,confused with configfilters which is used to determine which entity to,[0 0 1 0 1 0 0],Class has 26 samples (Target 100)
they also support a more compact serial representation via the,they also reenforcement a more Compact serial delegacy via the,[0 0 1 0 1 0 0],Class has 26 samples (Target 100)
in response.,In response.,[0 0 1 0 1 0 0],Class has 26 samples (Target 100)
p bloom filters are serializable.,p bloom Filters are serializable.,[0 0 1 0 1 0 0],Class has 26 samples (Target 100)
endpoint does not trigger a spnego authentication,terminus does Not trigger a Spnego authentication,[0 0 1 0 1 0 0],Class has 26 samples (Target 100)
with metricfilters which is used to decide which entities to return,with metricfilters which Is Used to settle which entity to return,[0 0 1 0 1 0 0],Class has 26 samples (Target 100)
"or empty, all metrics will be fetched if fieldstoretrieve contains","or empty, all prosody will be fetched if fieldstoretrieve contains",[0 0 1 0 1 0 0],Class has 26 samples (Target 100)
number of metrics to return.,number of metric to return.,[0 0 1 0 1 0 0],Class has 26 samples (Target 100)
with metricfilters which is used to decide which entities to return,with metricfilters which is use to decide which entity to return,[0 0 1 0 1 0 0],Class has 26 samples (Target 100)
confused with configfilters which is used to decide which entities to,garbled with Configfilters which is used to adjudicate which entity to,[0 0 1 0 1 0 0],Class has 26 samples (Target 100)
has not actually been put in the @code bloomfilter .,Has not actually been put in the @code bloomfilter .,[0 0 1 0 1 0 0],Class has 26 samples (Target 100)
endpoint does not trigger a spnego authentication,termination does not trigger a spnego authentication,[0 0 1 0 1 0 0],Class has 26 samples (Target 100)
endpoint does not trigger a spnego authentication,endpoint Does Not trigger a spnego authentication,[0 0 1 0 1 0 0],Class has 26 samples (Target 100)
this parameter is ignored if metrics are not to,this argument is ignored if metrics are Not to,[0 0 1 0 1 0 0],Class has 26 samples (Target 100)
exact config keys or prefixes which are then compared against config,precise config keys or prefixes Which are so compared Against config,[0 0 1 0 1 0 0],Class has 26 samples (Target 100)
exact config keys or prefixes which are then compared against config,Exact config tonality or prefixes which are so compared against config,[0 0 1 0 1 0 0],Class has 26 samples (Target 100)
exact config keys or prefixes which are then compared against config,precise config keys or prefixes which are then compared against config,[0 0 1 0 1 0 0],Class has 26 samples (Target 100)
exact metric ids or prefixes which are then compared against metric,take Metric ids or prefixes which are then compared against metric,[0 0 1 0 1 0 0],Class has 26 samples (Target 100)
that @linkplain #mightcontain object will erroneously return @code true for an object that,that @linkplain #mightcontain target will erroneously return @code true for an object that,[0 0 1 0 1 0 0],Class has 26 samples (Target 100)
"namely entity id, entity type and entity created time.","namely entity id, entity case And Entity Created time.",[0 0 1 0 1 0 0],Class has 26 samples (Target 100)
"open a file, while @link #applicationfinished applicationfinishdata is","open a file, while @link #applicationfinished Applicationfinishdata is",[0 0 1 0 1 0 0],Class has 26 samples (Target 100)
p bloom filters are serializable.,p bloom Filters are Serializable.,[0 0 1 0 1 0 0],Class has 26 samples (Target 100)
"or empty, all configurations will be fetched if fieldstoretrieve","or empty, all configuration Will be fetch if fieldstoretrieve",[0 0 1 0 1 0 0],Class has 26 samples (Target 100)
"open a file, while @link #applicationfinished applicationfinishdata is","subject A file, while @link #applicationfinished Applicationfinishdata is",[0 0 1 0 1 0 0],Class has 26 samples (Target 100)
p bloom filters are serializable.,p Bloom filters are serializable.,[0 0 1 0 1 0 0],Class has 26 samples (Target 100)
exact metric ids or prefixes which are then compared against metric,exact metric ids or prefix which Are Then compare against metric,[0 0 1 0 1 0 0],Class has 26 samples (Target 100)
"namely entity id, entity type and entity created time.","namely entity id, entity type and Entity created time.",[0 0 1 0 1 0 0],Class has 26 samples (Target 100)
this parameter is ignored if metrics are not to,this parameter is ignored if prosody Are not to,[0 0 1 0 1 0 0],Class has 26 samples (Target 100)
"@link builder , users can also make verifications of the custom resource","@link constructor , users can besides Make Verifications of the custom imagination",[0 0 1 0 1 0 0],Class has 26 samples (Target 100)
number of metrics to return.,number of metrics To return.,[0 0 1 0 1 0 0],Class has 26 samples (Target 100)
"or empty, all metrics will be fetched if fieldstoretrieve contains","or empty, all metrics Will be bring if fieldstoretrieve Contains",[0 0 1 0 1 0 0],Class has 26 samples (Target 100)
exact metric ids or prefixes which are then compared against metric,exact Metric ids or prefixes which are then compared Against metric,[0 0 1 0 1 0 0],Class has 26 samples (Target 100)
return instead.,return Instead.,[0 0 1 0 1 0 0],Class has 26 samples (Target 100)
endpoint does not trigger a spnego authentication,termination Does not trigger a spnego hallmark,[0 0 1 0 1 0 0],Class has 26 samples (Target 100)
this parameter is ignored if metrics are not to,This parameter is ignored if metrics are not to,[0 0 1 0 1 0 0],Class has 26 samples (Target 100)
number of metrics to return.,number of metric to Return.,[0 0 1 0 1 0 0],Class has 26 samples (Target 100)
"or empty, all configurations will be fetched if fieldstoretrieve","or empty, all configurations will be bring if fieldstoretrieve",[0 0 1 0 1 0 0],Class has 26 samples (Target 100)
handles showing context menu on long press from a touch screen.,treat showing context menu on foresightful compress from a touch screen.,[0 0 1 0 1 0 0],Class has 26 samples (Target 100)
handles showing context menu on long press from a touch screen.,handles showing context menu on longsighted press from a adjoin screen.,[0 0 1 0 1 0 0],Class has 26 samples (Target 100)
"open a file, while @link #applicationfinished applicationfinishdata is","give a File, while @link #applicationfinished applicationfinishdata is",[0 0 1 0 1 0 0],Class has 26 samples (Target 100)
has not actually been put in the @code bloomfilter .,Has Not really exist put in The @code Bloomfilter .,[0 0 1 0 1 0 0],Class has 26 samples (Target 100)
they also support a more compact serial representation via the,they also support a more compact successive representation via the,[0 0 1 0 1 0 0],Class has 26 samples (Target 100)
all fields will,All fields will,[0 0 1 0 1 0 0],Class has 26 samples (Target 100)
p bloom filters are serializable.,p flower percolate are serializable.,[0 0 1 0 1 0 0],Class has 26 samples (Target 100)
this parameter is ignored if metrics are not to,this Parameter is ignore if prosody are not to,[0 0 1 0 1 0 0],Class has 26 samples (Target 100)
they also support a more compact serial representation via the,they likewise Support a more Compact serial histrionics via the,[0 0 1 0 1 0 0],Class has 26 samples (Target 100)
endpoint does not trigger a spnego authentication,endpoint act not trigger a spnego authentication,[0 0 1 0 1 0 0],Class has 26 samples (Target 100)
be fetched.,Be fetched.,[0 0 1 0 1 0 0],Class has 26 samples (Target 100)
"or empty, all configurations will be fetched if fieldstoretrieve","or empty, all conformation will be fetched if fieldstoretrieve",[0 0 1 0 1 0 0],Class has 26 samples (Target 100)
p the false positive probability @code fpp of a bloom filter is defined as the probability,p the false positive chance @code fpp of a rosiness trickle is delineate As The probability,[0 0 1 0 1 0 0],Class has 26 samples (Target 100)
"or empty, all configurations will be fetched if fieldstoretrieve","or empty, all configurations testament be convey if Fieldstoretrieve",[0 0 1 0 1 0 0],Class has 26 samples (Target 100)
number of metrics to return.,amount Of metrics to return.,[0 0 1 0 1 0 0],Class has 26 samples (Target 100)
"@link builder , users can also make verifications of the custom resource","@link constructor , Users can besides make verifications of the custom resource",[0 0 1 0 1 0 0],Class has 26 samples (Target 100)
exact metric ids or prefixes which are then compared against metric,exact metric ids or Prefixes which are then compared against metric,[0 0 1 0 1 0 0],Class has 26 samples (Target 100)
with metricfilters which is used to decide which entities to return,with metricfilters which Is used to decide which entities to return,[0 0 1 0 1 0 0],Class has 26 samples (Target 100)
p the false positive probability @code fpp of a bloom filter is defined as the probability,p the false plus probability @code fpp of a bloom filter is defined as the probability,[0 0 1 0 1 0 0],Class has 26 samples (Target 100)
with metricfilters which is used to decide which entities to return,With metricfilters which is used to Decide which entities to return,[0 0 1 0 1 0 0],Class has 26 samples (Target 100)
exact metric ids or prefixes which are then compared against metric,accurate metric ids or prefix which are then compared against metric,[0 0 1 0 1 0 0],Class has 26 samples (Target 100)
number of metrics to return.,Number of metrics to return.,[0 0 1 0 1 0 0],Class has 26 samples (Target 100)
"or empty, all configurations will be fetched if fieldstoretrieve","or empty, all configurations will be get if fieldstoretrieve",[0 0 1 0 1 0 0],Class has 26 samples (Target 100)
handles showing context menu on long press from a touch screen.,handles showing setting card on long Press from a touch screen.,[0 0 1 0 1 0 0],Class has 26 samples (Target 100)
exact metric ids or prefixes which are then compared against metric,claim measured ids or Prefixes which are so compared against metrical,[0 0 1 0 1 0 0],Class has 26 samples (Target 100)
implementation of runtimefactory with tony runtime,effectuation of runtimefactory with tony runtime,[1 0 0 0 1 0 0],Class has 23 samples (Target 100)
builder class for omnodedetails.,constructor class for omnodedetails.,[1 0 0 0 1 0 0],Class has 23 samples (Target 100)
abstract base class for @link property implementations.,abstractionist alkali class for @link property implementations.,[1 0 0 0 1 0 0],Class has 23 samples (Target 100)
unit test for @link federationpolicyutils .,Unit Test for @link federationpolicyutils .,[1 0 0 0 1 0 0],Class has 23 samples (Target 100)
@link statestoredriver implementation based on a filesystem.,@link statestoredriver effectuation based on A filesystem.,[1 0 0 0 1 0 0],Class has 23 samples (Target 100)
handles listener management for @link valuechangelistener s and,handles hearer management for @link valuechangelistener s and,[1 0 0 0 1 0 0],Class has 23 samples (Target 100)
tests context api and @link statusreporter#getprogress via @link taskattemptcontext#getprogress api .,Tests setting Api and @link statusreporter#getprogress via @link taskattemptcontext#getprogress api .,[1 0 0 0 1 0 0],Class has 23 samples (Target 100)
an orderingpolicy which orders schedulableentities for fairness see,an orderingpolicy which Orders schedulableentities for fairness see,[1 0 0 0 1 0 0],Class has 23 samples (Target 100)
mini tutorial code for,mini Tutorial codification for,[1 0 0 0 1 0 0],Class has 23 samples (Target 100)
@link statestoredriver implementation based on a filesystem.,@link Statestoredriver implementation based on a filesystem.,[1 0 0 0 1 0 0],Class has 23 samples (Target 100)
"fairsharepolicy , generally, processes with lesser usage are lesser.","fairsharepolicy , generally, appendage with less usage are lesser.",[1 0 0 0 1 0 0],Class has 23 samples (Target 100)
tests context api and @link statusreporter#getprogress via @link taskattemptcontext#getprogress api .,tests Context api and @link Statusreporter#getprogress via @link Taskattemptcontext#getprogress api .,[1 0 0 0 1 0 0],Class has 23 samples (Target 100)
builder class for @link resourcerequestsjsonverifications .,Builder class for @link resourcerequestsjsonverifications .,[1 0 0 0 1 0 0],Class has 23 samples (Target 100)
mini tutorial code for,miniskirt tutorial inscribe for,[1 0 0 0 1 0 0],Class has 23 samples (Target 100)
an @link inputformat for plain text files.,an @link inputformat for unmixed text files.,[1 0 0 0 1 0 0],Class has 23 samples (Target 100)
test for @see returncheckertest class,prove for @see returncheckertest class,[1 0 0 0 1 0 0],Class has 23 samples (Target 100)
handles listener management for @link valuechangelistener s and,handgrip listener direction for @link valuechangelistener S and,[1 0 0 0 1 0 0],Class has 23 samples (Target 100)
common utility functions for @link logparser .,plebeian utility functions for @link Logparser .,[1 0 0 0 1 0 0],Class has 23 samples (Target 100)
file system implementation of @link applicationhistorystore .,file arrangement Implementation of @link applicationhistorystore .,[1 0 0 0 1 0 0],Class has 23 samples (Target 100)
abstract base class for @link property implementations.,abstract stand class for @link property implementations.,[1 0 0 0 1 0 0],Class has 23 samples (Target 100)
"fairsharepolicy , generally, processes with lesser usage are lesser.","fairsharepolicy , generally, processes with less usage are lesser.",[1 0 0 0 1 0 0],Class has 23 samples (Target 100)
benchmark of implementations of @link immutableset#hashfloodingdetected object .,benchmark of implementations of @link immutableset#hashfloodingdetected aim .,[1 0 0 0 1 0 0],Class has 23 samples (Target 100)
file system implementation of @link applicationhistorystore .,file system Implementation of @link Applicationhistorystore .,[1 0 0 0 1 0 0],Class has 23 samples (Target 100)
implementation of runtimefactory with tony runtime,execution of runtimefactory With Tony runtime,[1 0 0 0 1 0 0],Class has 23 samples (Target 100)
common utility functions for @link logparser .,common utility mapping for @link logparser .,[1 0 0 0 1 0 0],Class has 23 samples (Target 100)
an orderingpolicy which orders schedulableentities for fairness see,an orderingpolicy which orderliness schedulableentities for loveliness see,[1 0 0 0 1 0 0],Class has 23 samples (Target 100)
shared state for @code abstractmultiselect .,shared State for @code abstractmultiselect .,[1 0 0 0 1 0 0],Class has 23 samples (Target 100)
@link statestoredriver implementation based on a filesystem.,@link statestoredriver execution Based on A Filesystem.,[1 0 0 0 1 0 0],Class has 23 samples (Target 100)
common utility functions for @link logparser .,plebeian Utility functions for @link logparser .,[1 0 0 0 1 0 0],Class has 23 samples (Target 100)
an orderingpolicy which orders schedulableentities for fairness see,an orderingpolicy which orders schedulableentities for blondness see,[1 0 0 0 1 0 0],Class has 23 samples (Target 100)
builder class for omnodedetails.,constructor class for Omnodedetails.,[1 0 0 0 1 0 0],Class has 23 samples (Target 100)
quick and dirty benchmark of @link throwables#lazystacktrace throwable .,promptly and dirty benchmark of @link throwables#lazystacktrace throwable .,[1 0 0 0 1 0 0],Class has 23 samples (Target 100)
implementation of runtimefactory with tony runtime,effectuation Of runtimefactory with tony runtime,[1 0 0 0 1 0 0],Class has 23 samples (Target 100)
common utility functions for @link logparser .,coarse Utility functions for @link logparser .,[1 0 0 0 1 0 0],Class has 23 samples (Target 100)
builder class for omnodedetails.,builder class for Omnodedetails.,[1 0 0 0 1 0 0],Class has 23 samples (Target 100)
unit test for @link federationpolicyutils .,Unit try for @link federationpolicyutils .,[1 0 0 0 1 0 0],Class has 23 samples (Target 100)
builder class for @link resourcerequestsjsonverifications .,constructor class for @link resourcerequestsjsonverifications .,[1 0 0 0 1 0 0],Class has 23 samples (Target 100)
handles listener management for @link valuechangelistener s and,handles attender management for @link valuechangelistener s and,[1 0 0 0 1 0 0],Class has 23 samples (Target 100)
@link statestoredriver implementation based on a filesystem.,@link statestoredriver effectuation establish on a filesystem.,[1 0 0 0 1 0 0],Class has 23 samples (Target 100)
tests context api and @link statusreporter#getprogress via @link taskattemptcontext#getprogress api .,screen setting api and @link statusreporter#getprogress via @link taskattemptcontext#getprogress api .,[1 0 0 0 1 0 0],Class has 23 samples (Target 100)
"fairsharepolicy , generally, processes with lesser usage are lesser.","fairsharepolicy , generally, processes with less Usage are lesser.",[1 0 0 0 1 0 0],Class has 23 samples (Target 100)
quick and dirty benchmark of @link throwables#lazystacktrace throwable .,quick and dirty benchmark of @link Throwables#lazystacktrace throwable .,[1 0 0 0 1 0 0],Class has 23 samples (Target 100)
test class for @link ozonenativeauthorizer .,quiz class for @link ozonenativeauthorizer .,[1 0 0 0 1 0 0],Class has 23 samples (Target 100)
quick and dirty benchmark of @link throwables#lazystacktrace throwable .,Quick and Dirty benchmark of @link throwables#lazystacktrace throwable .,[1 0 0 0 1 0 0],Class has 23 samples (Target 100)
a hashmap backed implementation of @link targetdetails for termina^^^n.,a hashmap backed execution of @link targetdetails for Termina^^^n.,[1 0 0 0 1 0 0],Class has 23 samples (Target 100)
"fairsharepolicy , generally, processes with lesser usage are lesser.","fairsharepolicy , generally, Processes with lesser usage are lesser.",[1 0 0 0 1 0 0],Class has 23 samples (Target 100)
tests context api and @link statusreporter#getprogress via @link taskattemptcontext#getprogress api .,Tests context Api And @link statusreporter#getprogress via @link taskattemptcontext#getprogress api .,[1 0 0 0 1 0 0],Class has 23 samples (Target 100)
an @link inputformat for plain text files.,an @link inputformat for quetch text files.,[1 0 0 0 1 0 0],Class has 23 samples (Target 100)
common utility functions for @link logparser .,common substitute affair for @link logparser .,[1 0 0 0 1 0 0],Class has 23 samples (Target 100)
abstract base class for @link property implementations.,outline base class for @link property implementations.,[1 0 0 0 1 0 0],Class has 23 samples (Target 100)
an orderingpolicy which orders schedulableentities for fairness see,an orderingpolicy which orders schedulableentities for paleness see,[1 0 0 0 1 0 0],Class has 23 samples (Target 100)
file system implementation of @link applicationhistorystore .,file scheme Implementation of @link applicationhistorystore .,[1 0 0 0 1 0 0],Class has 23 samples (Target 100)
@link statestoredriver implementation based on a filesystem.,@link statestoredriver implementation ground on a Filesystem.,[1 0 0 0 1 0 0],Class has 23 samples (Target 100)
an orderingpolicy which orders schedulableentities for fairness see,an orderingpolicy which enjoin schedulableentities for fairness see,[1 0 0 0 1 0 0],Class has 23 samples (Target 100)
common utility functions for @link logparser .,common substitute functions for @link logparser .,[1 0 0 0 1 0 0],Class has 23 samples (Target 100)
test for @see returncheckertest class,exam for @see returncheckertest class,[1 0 0 0 1 0 0],Class has 23 samples (Target 100)
abstract base class for @link property implementations.,abstract base class for @link Property implementations.,[1 0 0 0 1 0 0],Class has 23 samples (Target 100)
a @link loggedtask represents a hadoop task that is part of a hadoop job.,a @link loggedtask represents A hadoop task that is part of a hadoop job.,[1 0 0 0 1 0 0],Class has 23 samples (Target 100)
quick and dirty benchmark of @link throwables#lazystacktrace throwable .,quick and Dirty benchmark Of @link Throwables#lazystacktrace throwable .,[1 0 0 0 1 0 0],Class has 23 samples (Target 100)
handles listener management for @link valuechangelistener s and,handles listener direction for @link valuechangelistener S and,[1 0 0 0 1 0 0],Class has 23 samples (Target 100)
file system implementation of @link applicationhistorystore .,charge System implementation of @link applicationhistorystore .,[1 0 0 0 1 0 0],Class has 23 samples (Target 100)
this class implements the gwt serialization of @link regularimmutablelist .,this class apply The gwt serialization of @link regularimmutablelist .,[1 0 0 0 1 0 0],Class has 23 samples (Target 100)
handles listener management for @link valuechangelistener s and,manage listener Management for @link Valuechangelistener s and,[1 0 0 0 1 0 0],Class has 23 samples (Target 100)
unit test for @link federationpolicyutils .,unit Test for @link federationpolicyutils .,[1 0 0 0 1 0 0],Class has 23 samples (Target 100)
unit test for @link federationpolicyutils .,Unit test for @link federationpolicyutils .,[1 0 0 0 1 0 0],Class has 23 samples (Target 100)
this class implements the gwt serialization of @link regularimmutablelist .,this class implements The gwt serialisation of @link regularimmutablelist .,[1 0 0 0 1 0 0],Class has 23 samples (Target 100)
quick and dirty benchmark of @link throwables#lazystacktrace throwable .,quick and dirty benchmark of @link throwables#lazystacktrace Throwable .,[1 0 0 0 1 0 0],Class has 23 samples (Target 100)
this class implements the gwt serialization of @link regularimmutablelist .,this class implements the gwt serialisation of @link Regularimmutablelist .,[1 0 0 0 1 0 0],Class has 23 samples (Target 100)
shared state for @code abstractmultiselect .,Shared state for @code Abstractmultiselect .,[1 0 0 0 1 0 0],Class has 23 samples (Target 100)
tests context api and @link statusreporter#getprogress via @link taskattemptcontext#getprogress api .,tests setting api And @link statusreporter#getprogress via @link taskattemptcontext#getprogress api .,[1 0 0 0 1 0 0],Class has 23 samples (Target 100)
file system implementation of @link applicationhistorystore .,register organisation execution of @link applicationhistorystore .,[1 0 0 0 1 0 0],Class has 23 samples (Target 100)
test for @see returncheckertest class,try for @see Returncheckertest class,[1 0 0 0 1 0 0],Class has 23 samples (Target 100)
mini tutorial code for,miniskirt tutorial code for,[1 0 0 0 1 0 0],Class has 23 samples (Target 100)
@link statestoredriver implementation based on a filesystem.,@link statestoredriver implementation based on a Filesystem.,[1 0 0 0 1 0 0],Class has 23 samples (Target 100)
benchmark of implementations of @link immutableset#hashfloodingdetected object .,Benchmark of implementations of @link immutableset#hashfloodingdetected objective .,[1 0 0 0 1 0 0],Class has 23 samples (Target 100)
handles listener management for @link valuechangelistener s and,handles listener direction for @link valuechangelistener s and,[1 0 0 0 1 0 0],Class has 23 samples (Target 100)
test for @see returncheckertest class,Test for @see returncheckertest class,[1 0 0 0 1 0 0],Class has 23 samples (Target 100)
most tuning parameters are based on this url.,most Tuning parameters Are based on this url.,[0 0 0 1 1 0 0],Class has 15 samples (Target 100)
https github^com facebook rocksdb blob master include rocksdb options^h,https github^com facebook rocksdb spot Master include rocksdb options^h,[0 0 0 1 1 0 0],Class has 15 samples (Target 100)
instances can be obtained from a @link rulercolumnregistry .,instances can Be get from a @link rulercolumnregistry .,[0 0 0 1 1 0 0],Class has 15 samples (Target 100)
can t be invoked directly please see,can t be invoked now please see,[0 0 0 1 1 0 0],Class has 15 samples (Target 100)
"we use a qmc method to approximate the integral i int s f x dx ,","we use a qmc method to approximative The integral i int s f x dx ,",[0 0 0 1 1 0 0],Class has 15 samples (Target 100)
most tuning parameters are based on this url.,about tuning Parameters are based on this url.,[0 0 0 1 1 0 0],Class has 15 samples (Target 100)
@see icconfigurationdescription,@see Icconfigurationdescription,[0 0 0 1 1 0 0],Class has 15 samples (Target 100)
p one may optimize compare intensive operations by overriding,P one may Optimize equate intensifier operations by overriding,[0 0 0 1 1 0 0],Class has 15 samples (Target 100)
can t be invoked directly please see,can t be invoked directly Please see,[0 0 0 1 1 0 0],Class has 15 samples (Target 100)
documentation for options.,support for options.,[0 0 0 1 1 0 0],Class has 15 samples (Target 100)
most tuning parameters are based on this url.,most tuning parameters are based on this Url.,[0 0 0 1 1 0 0],Class has 15 samples (Target 100)
static utility methods are,static usefulness method are,[0 0 0 1 1 0 0],Class has 15 samples (Target 100)
static utility methods are,static usefulness methods are,[0 0 0 1 1 0 0],Class has 15 samples (Target 100)
can t be invoked directly please see,can t be invoked Directly please see,[0 0 0 1 1 0 0],Class has 15 samples (Target 100)
p one may optimize compare intensive operations by overriding,p one may optimize Compare intensifier operations by overriding,[0 0 0 1 1 0 0],Class has 15 samples (Target 100)
"we use a qmc method to approximate the integral i int s f x dx ,","We use A qmc method to near the integral i int s f x dx ,",[0 0 0 1 1 0 0],Class has 15 samples (Target 100)
https github^com facebook rocksdb wiki setup options and basic tuning,HTTP github^com facebook rocksdb wiki apparatus alternative and basic tune,[0 0 0 1 1 0 0],Class has 15 samples (Target 100)
@see cconfigurationdescription,@see Cconfigurationdescription,[0 0 0 1 1 0 0],Class has 15 samples (Target 100)
most tuning parameters are based on this url.,most tuning parameters Are ground on this url.,[0 0 0 1 1 0 0],Class has 15 samples (Target 100)
p one may optimize compare intensive operations by overriding,P one May optimize equivalence Intensive operations by overriding,[0 0 0 1 1 0 0],Class has 15 samples (Target 100)
instances can be obtained from a @link rulercolumnregistry .,case can be incur from a @link Rulercolumnregistry .,[0 0 0 1 1 0 0],Class has 15 samples (Target 100)
can t be invoked directly please see,Can t be invoked directly please see,[0 0 0 1 1 0 0],Class has 15 samples (Target 100)
can t be invoked directly please see,can t be raise directly please see,[0 0 0 1 1 0 0],Class has 15 samples (Target 100)
documentation for options.,documentation for Options.,[0 0 0 1 1 0 0],Class has 15 samples (Target 100)
see the makefile for more,see the makefile for More,[0 0 0 1 1 0 0],Class has 15 samples (Target 100)
can t be invoked directly please see,can t be arouse directly delight see,[0 0 0 1 1 0 0],Class has 15 samples (Target 100)
p one may optimize compare intensive operations by overriding,p one may optimize compare intensive operation by overriding,[0 0 0 1 1 0 0],Class has 15 samples (Target 100)
instances can be obtained from a @link rulercolumnregistry .,Instances can be obtained from a @link rulercolumnregistry .,[0 0 0 1 1 0 0],Class has 15 samples (Target 100)
static utility methods are,static utility Methods are,[0 0 0 1 1 0 0],Class has 15 samples (Target 100)
"we use a qmc method to approximate the integral i int s f x dx ,","We use a Qmc method to approximative the integral i int s f x dx ,",[0 0 0 1 1 0 0],Class has 15 samples (Target 100)
p one may optimize compare intensive operations by overriding,p one may optimize compare intensive process by overriding,[0 0 0 1 1 0 0],Class has 15 samples (Target 100)
static utility methods are,static substitute methods are,[0 0 0 1 1 0 0],Class has 15 samples (Target 100)
p one may optimize compare intensive operations by overriding,p one may optimise compare intensive procedure by overriding,[0 0 0 1 1 0 0],Class has 15 samples (Target 100)
static utility methods are,static utility methods Are,[0 0 0 1 1 0 0],Class has 15 samples (Target 100)
"in this example,","in This example,",[0 0 0 1 1 0 0],Class has 15 samples (Target 100)
https github^com facebook rocksdb wiki setup options and basic tuning,https github^com facebook rocksdb wiki setup choice and Basic tuning,[0 0 0 1 1 0 0],Class has 15 samples (Target 100)
https github^com facebook rocksdb wiki setup options and basic tuning,Https Github^com facebook rocksdb wiki setup options and basic Tuning,[0 0 0 1 1 0 0],Class has 15 samples (Target 100)
https github^com facebook rocksdb blob master include rocksdb options^h,HTTP Github^com facebook rocksdb blob master include rocksdb options^h,[0 0 0 1 1 0 0],Class has 15 samples (Target 100)
instances can be obtained from a @link rulercolumnregistry .,case Can be find from a @link rulercolumnregistry .,[0 0 0 1 1 0 0],Class has 15 samples (Target 100)
https github^com facebook rocksdb blob master include rocksdb options^h,https github^com facebook rocksdb blob headmaster admit Rocksdb options^h,[0 0 0 1 1 0 0],Class has 15 samples (Target 100)
this class is instantiated by the fsnamesystem.,this class Is instantiated by the fsnamesystem.,[0 0 0 1 1 0 0],Class has 15 samples (Target 100)
instances can be obtained from a @link rulercolumnregistry .,instances can be obtained From a @link rulercolumnregistry .,[0 0 0 1 1 0 0],Class has 15 samples (Target 100)
can t be invoked directly please see,can t be invoked instantly please see,[0 0 0 1 1 0 0],Class has 15 samples (Target 100)
https github^com facebook rocksdb wiki setup options and basic tuning,https github^com facebook rocksdb wiki setup options and basic Tuning,[0 0 0 1 1 0 0],Class has 15 samples (Target 100)
see the makefile for more,see the Makefile for more,[0 0 0 1 1 0 0],Class has 15 samples (Target 100)
"we use a qmc method to approximate the integral i int s f x dx ,","we use a qmc method to near the integral i int s f x dx ,",[0 0 0 1 1 0 0],Class has 15 samples (Target 100)
this class is instantiated by the fsnamesystem.,this class is Instantiated by the fsnamesystem.,[0 0 0 1 1 0 0],Class has 15 samples (Target 100)
https github^com facebook rocksdb wiki setup options and basic tuning,https github^com facebook Rocksdb wiki apparatus alternative and Basic Tuning,[0 0 0 1 1 0 0],Class has 15 samples (Target 100)
static utility methods are,static substitute method are,[0 0 0 1 1 0 0],Class has 15 samples (Target 100)
instances can be obtained from a @link rulercolumnregistry .,case can be obtained from a @link rulercolumnregistry .,[0 0 0 1 1 0 0],Class has 15 samples (Target 100)
these iterators never throw @link,these Iterators never throw @link,[0 0 0 1 1 0 0],Class has 15 samples (Target 100)
most tuning parameters are based on this url.,most tuning parameters are Based on this url.,[0 0 0 1 1 0 0],Class has 15 samples (Target 100)
p one may optimize compare intensive operations by overriding,p one may optimize comparability intensive operations by overriding,[0 0 0 1 1 0 0],Class has 15 samples (Target 100)
p one may optimize compare intensive operations by overriding,p one may Optimize compare Intensive surgery by overrule,[0 0 0 1 1 0 0],Class has 15 samples (Target 100)
instances can be obtained from a @link rulercolumnregistry .,instances can be receive from a @link rulercolumnregistry .,[0 0 0 1 1 0 0],Class has 15 samples (Target 100)
instances can be obtained from a @link rulercolumnregistry .,instances can Be obtained From a @link rulercolumnregistry .,[0 0 0 1 1 0 0],Class has 15 samples (Target 100)
most tuning parameters are based on this url.,most Tuning parameters are Based on this url.,[0 0 0 1 1 0 0],Class has 15 samples (Target 100)
most tuning parameters are based on this url.,most tune Parameters Are Based on this url.,[0 0 0 1 1 0 0],Class has 15 samples (Target 100)
"we use a qmc method to approximate the integral i int s f x dx ,","We use a qmc method to approximate the intact i int s f x dx ,",[0 0 0 1 1 0 0],Class has 15 samples (Target 100)
https github^com facebook rocksdb wiki setup options and basic tuning,https github^com facebook rocksdb wiki setup alternative and basic tuning,[0 0 0 1 1 0 0],Class has 15 samples (Target 100)
p one may optimize compare intensive operations by overriding,p One may optimize comparability intensive surgery by overturn,[0 0 0 1 1 0 0],Class has 15 samples (Target 100)
this class is instantiated by the fsnamesystem.,this class is instantiate by the Fsnamesystem.,[0 0 0 1 1 0 0],Class has 15 samples (Target 100)
instances can be obtained from a @link rulercolumnregistry .,instances can be prevail from a @link rulercolumnregistry .,[0 0 0 1 1 0 0],Class has 15 samples (Target 100)
"we use a qmc method to approximate the integral i int s f x dx ,","we use a qmc method to approximate The integral i int s f x dx ,",[0 0 0 1 1 0 0],Class has 15 samples (Target 100)
most tuning parameters are based on this url.,near Tuning parameters are based on this url.,[0 0 0 1 1 0 0],Class has 15 samples (Target 100)
instances can be obtained from a @link rulercolumnregistry .,instance Can be hold from a @link rulercolumnregistry .,[0 0 0 1 1 0 0],Class has 15 samples (Target 100)
see the makefile for more,see The makefile for More,[0 0 0 1 1 0 0],Class has 15 samples (Target 100)
static utility methods are,static Utility methods are,[0 0 0 1 1 0 0],Class has 15 samples (Target 100)
"in this example,","In this example,",[0 0 0 1 1 0 0],Class has 15 samples (Target 100)
instances can be obtained from a @link rulercolumnregistry .,instances can be hold from a @link rulercolumnregistry .,[0 0 0 1 1 0 0],Class has 15 samples (Target 100)
https github^com facebook rocksdb wiki setup options and basic tuning,HTTP github^com Facebook rocksdb Wiki setup options and canonic tuning,[0 0 0 1 1 0 0],Class has 15 samples (Target 100)
static utility methods are,static utility method are,[0 0 0 1 1 0 0],Class has 15 samples (Target 100)
most tuning parameters are based on this url.,most Tuning parameter are based On this url.,[0 0 0 1 1 0 0],Class has 15 samples (Target 100)
https github^com facebook rocksdb wiki setup options and basic tuning,https github^com facebook rocksdb wiki setup selection and staple tuning,[0 0 0 1 1 0 0],Class has 15 samples (Target 100)
most tuning parameters are based on this url.,Most tuning parameters are based On This url.,[0 0 0 1 1 0 0],Class has 15 samples (Target 100)
most tuning parameters are based on this url.,about tuning parameter are based on this url.,[0 0 0 1 1 0 0],Class has 15 samples (Target 100)
https github^com facebook rocksdb blob master include rocksdb options^h,https github^com facebook rocksdb Blob master include rocksdb options^h,[0 0 0 1 1 0 0],Class has 15 samples (Target 100)
see the makefile for more,see The makefile for more,[0 0 0 1 1 0 0],Class has 15 samples (Target 100)
p one may optimize compare intensive operations by overriding,p One may optimise compare intensive procedure by overriding,[0 0 0 1 1 0 0],Class has 15 samples (Target 100)
p one may optimize compare intensive operations by overriding,p One may optimise compare intensifier operations by override,[0 0 0 1 1 0 0],Class has 15 samples (Target 100)
p one may optimize compare intensive operations by overriding,p one may optimise compare intensifier operations by overriding,[0 0 0 1 1 0 0],Class has 15 samples (Target 100)
this class is instantiated by the fsnamesystem.,this class is instantiate by the fsnamesystem.,[0 0 0 1 1 0 0],Class has 15 samples (Target 100)
p one may optimize compare intensive operations by overriding,p one may optimize comparability intensive procedure by overriding,[0 0 0 1 1 0 0],Class has 15 samples (Target 100)
p one may optimize compare intensive operations by overriding,p one may optimise compare intensive operations By overriding,[0 0 0 1 1 0 0],Class has 15 samples (Target 100)
most tuning parameters are based on this url.,most tune parameters are found on this url.,[0 0 0 1 1 0 0],Class has 15 samples (Target 100)
"some bandwidth and to improve clients responsiveness with loads of data, in","some bandwidth and to Improve clients responsiveness with gobs of data, in",[1 0 1 0 0 0 0],Class has 13 samples (Target 100)
vscrolltable is a flowpanel having two widgets in it tablehead component,vscrolltable Is a flowpanel having two whatsis in it tablehead component,[1 0 1 0 0 0 0],Class has 13 samples (Target 100)
consume all outputs and put them in dev null.,consume all outturn And put them in dev null.,[1 0 1 0 0 0 0],Class has 13 samples (Target 100)
this program generates a random namespace structure with the following,this program get a random namespace structure with The following,[1 0 1 0 0 0 0],Class has 13 samples (Target 100)
"all the submitted futures, and statistics about how far the futures are","all the submitted futures, And statistics astir how far the futures are",[1 0 1 0 0 0 0],Class has 13 samples (Target 100)
a delegation token identifier that is specific to hdfs.,A delegation token identifier that is Specific to hdfs.,[1 0 1 0 0 0 0],Class has 13 samples (Target 100)
this program generates a random namespace structure with the following,this programme generates a Random namespace structure with the Following,[1 0 1 0 0 0 0],Class has 13 samples (Target 100)
consume all outputs and put them in dev null.,Consume all outputs And put them in dev null.,[1 0 1 0 0 0 0],Class has 13 samples (Target 100)
lru cache with a configurable maximum cache size and access order.,lru cache with a configurable utmost cache sizing and access order.,[1 0 1 0 0 0 0],Class has 13 samples (Target 100)
a delegation token identifier that is specific to hdfs.,A delegation token identifier that Is specific to hdfs.,[1 0 1 0 0 0 0],Class has 13 samples (Target 100)
this program generates a random namespace structure with the following,This programme Generates a random namespace construction with the followers,[1 0 1 0 0 0 0],Class has 13 samples (Target 100)
"by a g, selecting appropriate tests by matching them against specified features.","by A g, Selecting appropriate tests by matching them against define features.",[1 0 1 0 0 0 0],Class has 13 samples (Target 100)
test addblockop is written and read correctly,test addblockop is Written and read correctly,[1 0 1 0 0 0 0],Class has 13 samples (Target 100)
"some bandwidth and to improve clients responsiveness with loads of data, in","some bandwidth and To improve clients responsiveness with lashings of data, in",[1 0 1 0 0 0 0],Class has 13 samples (Target 100)
"by a g, selecting appropriate tests by matching them against specified features.","by A g, selecting allow tests by matching them against specify Features.",[1 0 1 0 0 0 0],Class has 13 samples (Target 100)
"some bandwidth and to improve clients responsiveness with loads of data, in","some bandwidth and to better clients responsiveness With loads Of data, in",[1 0 1 0 0 0 0],Class has 13 samples (Target 100)
"some bandwidth and to improve clients responsiveness with loads of data, in","Some bandwidth And to improve node reactivity with stacks Of data, in",[1 0 1 0 0 0 0],Class has 13 samples (Target 100)
test addblockop is written and read correctly,examination addblockop is Written and read correctly,[1 0 1 0 0 0 0],Class has 13 samples (Target 100)
scrollpanel contains vscrolltablebody object which handles content.,scrollpanel control vscrolltablebody target which handles content.,[1 0 1 0 0 0 0],Class has 13 samples (Target 100)
a delegation token identifier that is specific to hdfs.,a relegation token identifier that is specific To hdfs.,[1 0 1 0 0 0 0],Class has 13 samples (Target 100)
consume all outputs and put them in dev null.,eat all yield and put them in dev null.,[1 0 1 0 0 0 0],Class has 13 samples (Target 100)
test addblockop is written and read correctly,test addblockop is Written and Read Correctly,[1 0 1 0 0 0 0],Class has 13 samples (Target 100)
scrollpanel contains vscrolltablebody object which handles content.,scrollpanel contains Vscrolltablebody Object which handles content.,[1 0 1 0 0 0 0],Class has 13 samples (Target 100)
vscrolltable is a flowpanel having two widgets in it tablehead component,vscrolltable is a flowpanel own two widgets in it Tablehead component,[1 0 1 0 0 0 0],Class has 13 samples (Target 100)
"all the submitted futures, and statistics about how far the futures are","all the submitted futures, and statistics astir how Far the futurity are",[1 0 1 0 0 0 0],Class has 13 samples (Target 100)
lru cache with a configurable maximum cache size and access order.,lru cache with a configurable maximum cache size And access order.,[1 0 1 0 0 0 0],Class has 13 samples (Target 100)
test addblockop is written and read correctly,test addblockop is written and read right,[1 0 1 0 0 0 0],Class has 13 samples (Target 100)
lru cache with a configurable maximum cache size and access order.,lru hoard with a configurable maximum cache sizing and access order.,[1 0 1 0 0 0 0],Class has 13 samples (Target 100)
this program generates a random namespace structure with the following,this program generates a random namespace structure with the Following,[1 0 1 0 0 0 0],Class has 13 samples (Target 100)
scrollpanel contains vscrolltablebody object which handles content.,Scrollpanel contains vscrolltablebody object which wield content.,[1 0 1 0 0 0 0],Class has 13 samples (Target 100)
scrollpanel contains vscrolltablebody object which handles content.,scrollpanel contains vscrolltablebody aim which handles content.,[1 0 1 0 0 0 0],Class has 13 samples (Target 100)
lru cache with a configurable maximum cache size and access order.,lru stash with a configurable uttermost Cache sizing And access order.,[1 0 1 0 0 0 0],Class has 13 samples (Target 100)
lru cache with a configurable maximum cache size and access order.,lru stash with a configurable maximum cache sizing and access order.,[1 0 1 0 0 0 0],Class has 13 samples (Target 100)
test that we can start several and run with namenodes on the same minicluster,Test that we can part Several And run with namenodes on the same minicluster,[1 0 1 0 0 0 0],Class has 13 samples (Target 100)
@link ui#addwindow window .,@link Ui#addwindow window .,[1 0 1 0 0 0 0],Class has 13 samples (Target 100)
"by a g, selecting appropriate tests by matching them against specified features.","by a g, take appropriate tests by Matching them against specified features.",[1 0 1 0 0 0 0],Class has 13 samples (Target 100)
test that we can start several and run with namenodes on the same minicluster,screen That we can Start several and run with namenodes on The same Minicluster,[1 0 1 0 0 0 0],Class has 13 samples (Target 100)
a delegation token identifier that is specific to hdfs.,a delegacy token identifier That is specific to Hdfs.,[1 0 1 0 0 0 0],Class has 13 samples (Target 100)
"some bandwidth and to improve clients responsiveness with loads of data, in","around bandwidth and to ameliorate clients reactivity with loads of data, in",[1 0 1 0 0 0 0],Class has 13 samples (Target 100)
test addblockop is written and read correctly,test addblockop is spell And read right,[1 0 1 0 0 0 0],Class has 13 samples (Target 100)
consume all outputs and put them in dev null.,consume all production and put them in dev null.,[1 0 1 0 0 0 0],Class has 13 samples (Target 100)
lru cache with a configurable maximum cache size and access order.,lru stash with a configurable maximum stash size and access order.,[1 0 1 0 0 0 0],Class has 13 samples (Target 100)
a delegation token identifier that is specific to hdfs.,a delegating token identifier that is specific to hdfs.,[1 0 1 0 0 0 0],Class has 13 samples (Target 100)
"some bandwidth and to improve clients responsiveness with loads of data, in","some bandwidth and to improve clients responsiveness with Loads of data, in",[1 0 1 0 0 0 0],Class has 13 samples (Target 100)
this program generates a random namespace structure with the following,this syllabus generates a random namespace structure with the following,[1 0 1 0 0 0 0],Class has 13 samples (Target 100)
a delegation token identifier that is specific to hdfs.,a delegation keepsake identifier that Is specific to hdfs.,[1 0 1 0 0 0 0],Class has 13 samples (Target 100)
this program generates a random namespace structure with the following,This program mother a random namespace structure with the following,[1 0 1 0 0 0 0],Class has 13 samples (Target 100)
a delegation token identifier that is specific to hdfs.,a delegation token identifier that is Specific to hdfs.,[1 0 1 0 0 0 0],Class has 13 samples (Target 100)
a delegation token identifier that is specific to hdfs.,a delegation relic identifier that is Specific to hdfs.,[1 0 1 0 0 0 0],Class has 13 samples (Target 100)
@link ui#addwindow window .,@link ui#addwindow windowpane .,[1 0 1 0 0 0 0],Class has 13 samples (Target 100)
vscrolltablebody to use the exact same space as non rendered rows would use.,vscrolltablebody To use the demand same space as non Rendered rows would Use.,[1 0 1 0 0 0 0],Class has 13 samples (Target 100)
vscrolltablebody to use the exact same space as non rendered rows would use.,vscrolltablebody to use the exact same infinite As Non rendered quarrel would use.,[1 0 1 0 0 0 0],Class has 13 samples (Target 100)
"all the submitted futures, and statistics about how far the futures are","all the submitted futures, and statistics most How far the futures are",[1 0 1 0 0 0 0],Class has 13 samples (Target 100)
"all the submitted futures, and statistics about how far the futures are","all the submitted futures, and statistic astir how far the futures are",[1 0 1 0 0 0 0],Class has 13 samples (Target 100)
a delegation token identifier that is specific to hdfs.,a delegation token Identifier that is specific to hdfs.,[1 0 1 0 0 0 0],Class has 13 samples (Target 100)
this program generates a random namespace structure with the following,this platform generates a random namespace structure with the following,[1 0 1 0 0 0 0],Class has 13 samples (Target 100)
scrollpanel contains vscrolltablebody object which handles content.,Scrollpanel contains vscrolltablebody object which Handles content.,[1 0 1 0 0 0 0],Class has 13 samples (Target 100)
"some bandwidth and to improve clients responsiveness with loads of data, in","some bandwidth and To better clients Responsiveness with loads of data, in",[1 0 1 0 0 0 0],Class has 13 samples (Target 100)
"by a g, selecting appropriate tests by matching them against specified features.","by a g, selecting appropriate tests by matching them against specified Features.",[1 0 1 0 0 0 0],Class has 13 samples (Target 100)
"all the submitted futures, and statistics about how far the futures are","all the submitted futures, and statistic about how far The futures are",[1 0 1 0 0 0 0],Class has 13 samples (Target 100)
"some bandwidth and to improve clients responsiveness with loads of data, in","roughly bandwidth and to improve Clients responsiveness with loads of data, in",[1 0 1 0 0 0 0],Class has 13 samples (Target 100)
vscrolltable is a flowpanel having two widgets in it tablehead component,vscrolltable is a flowpanel suffer two widgets in It tablehead portion,[1 0 1 0 0 0 0],Class has 13 samples (Target 100)
this program generates a random namespace structure with the following,this program generates a random namespace Structure with the adopt,[1 0 1 0 0 0 0],Class has 13 samples (Target 100)
test addblockop is written and read correctly,Test addblockop Is written and read correctly,[1 0 1 0 0 0 0],Class has 13 samples (Target 100)
vscrolltable is a flowpanel having two widgets in it tablehead component,vscrolltable is A flowpanel having two widgets in it tablehead factor,[1 0 1 0 0 0 0],Class has 13 samples (Target 100)
test that we can start several and run with namenodes on the same minicluster,quiz that we can start several and run with namenodes on the same minicluster,[1 0 1 0 0 0 0],Class has 13 samples (Target 100)
vscrolltablebody to use the exact same space as non rendered rows would use.,vscrolltablebody to Use the exact same space as Non rendered rows would use.,[1 0 1 0 0 0 0],Class has 13 samples (Target 100)
scrollpanel contains vscrolltablebody object which handles content.,scrollpanel control vscrolltablebody object Which Handles content.,[1 0 1 0 0 0 0],Class has 13 samples (Target 100)
"some bandwidth and to improve clients responsiveness with loads of data, in","Some bandwidth And to meliorate clients responsiveness with loads of data, in",[1 0 1 0 0 0 0],Class has 13 samples (Target 100)
a delegation token identifier that is specific to hdfs.,a delegation keepsake identifier That Is Specific to hdfs.,[1 0 1 0 0 0 0],Class has 13 samples (Target 100)
"by a g, selecting appropriate tests by matching them against specified features.","by a g, take appropriate trial by twin them against set features.",[1 0 1 0 0 0 0],Class has 13 samples (Target 100)
test that we can start several and run with namenodes on the same minicluster,prove that we can start several and run with namenodes On The same minicluster,[1 0 1 0 0 0 0],Class has 13 samples (Target 100)
"all the submitted futures, and statistics about how far the futures are","all the submitted futures, and statistic about how far the future are",[1 0 1 0 0 0 0],Class has 13 samples (Target 100)
a delegation token identifier that is specific to hdfs.,A relegating token identifier that is specific to hdfs.,[1 0 1 0 0 0 0],Class has 13 samples (Target 100)
"some bandwidth and to improve clients responsiveness with loads of data, in","Some bandwidth and to ameliorate clients reactivity with loading of data, in",[1 0 1 0 0 0 0],Class has 13 samples (Target 100)
"some bandwidth and to improve clients responsiveness with loads of data, in","around bandwidth and to meliorate guest Responsiveness with loads of data, in",[1 0 1 0 0 0 0],Class has 13 samples (Target 100)
test addblockop is written and read correctly,test addblockop is written and Read Correctly,[1 0 1 0 0 0 0],Class has 13 samples (Target 100)
vscrolltable is a flowpanel having two widgets in it tablehead component,vscrolltable is a flowpanel having two widgets In it tablehead component,[1 0 1 0 0 0 0],Class has 13 samples (Target 100)
a delegation token identifier that is specific to hdfs.,a delegation keepsake identifier That is specific to hdfs.,[1 0 1 0 0 0 0],Class has 13 samples (Target 100)
vscrolltable is a flowpanel having two widgets in it tablehead component,vscrolltable Is a Flowpanel give two widgets in it tablehead component,[1 0 1 0 0 0 0],Class has 13 samples (Target 100)
"all the submitted futures, and statistics about how far the futures are","all the submitted futures, and statistic about how far the futures are",[1 0 1 0 0 0 0],Class has 13 samples (Target 100)
consume all outputs and put them in dev null.,consume all yield and put them In dev null.,[1 0 1 0 0 0 0],Class has 13 samples (Target 100)
vscrolltable is a flowpanel having two widgets in it tablehead component,vscrolltable is a flowpanel accept two widgets in it tablehead component,[1 0 1 0 0 0 0],Class has 13 samples (Target 100)
test that we can start several and run with namenodes on the same minicluster,run that we can depart various and run with namenodes on the Saame minicluster,[1 0 1 0 0 0 0],Class has 13 samples (Target 100)
"all the submitted futures, and statistics about how far the futures are","all the submit futures, and statistics about how far The futures are",[1 0 1 0 0 0 0],Class has 13 samples (Target 100)
"by a g, selecting appropriate tests by matching them against specified features.","by a g, selecting appropriate tests by agree them against narrow features.",[1 0 1 0 0 0 0],Class has 13 samples (Target 100)
scrollpanel contains vscrolltablebody object which handles content.,scrollpanel contains vscrolltablebody objective which handles content.,[1 0 1 0 0 0 0],Class has 13 samples (Target 100)
this class is just to replace a category reference in org^eclipse.cdt^ui that we exclude because we do not bring in the org^eclipse.cdt^managedbuild.ui plug in.,This class is just to replace a category Reference in org^eclipse.cdt^ui that we exclude because we do not convey in the org^eclipse.cdt^managedbuild.ui ballyhoo in.,[1 0 0 0 0 0 1],Class has 8 samples (Target 100)
this class is just to replace a category reference in org^eclipse.cdt^ui that we exclude because we do not bring in the org^eclipse.cdt^managedbuild.ui plug in.,this class is just to replace a class reference In org^eclipse.cdt^ui that we bar because we do not bring In the org^eclipse.cdt^managedbuild.ui punch in.,[1 0 0 0 0 0 1],Class has 8 samples (Target 100)
this abstract class is for monitoring health of timeline storage.,this abstraction class is for monitoring wellness Of timeline storage.,[1 0 0 0 0 0 1],Class has 8 samples (Target 100)
find these files and hence short circuit aborttask.,find These files and hence suddenly lap aborttask.,[1 0 0 0 0 0 1],Class has 8 samples (Target 100)
this abstract class is for monitoring health of timeline storage.,This abstraction class is for monitoring health of timeline storage.,[1 0 0 0 0 0 1],Class has 8 samples (Target 100)
this class represents queue user resource usage info for a given partition,this class Represents queue exploiter resource Usage information for a given partition,[1 0 0 0 0 0 1],Class has 8 samples (Target 100)
utility for sampling and computing cpu usage.,utility for Sampling and computing cpu usage.,[1 0 0 0 0 0 1],Class has 8 samples (Target 100)
utils functions to help block functions.,utils functions To help block functions.,[1 0 0 0 0 0 1],Class has 8 samples (Target 100)
utility for sampling and computing cpu usage.,utility for Sampling and figure cpu usage.,[1 0 0 0 0 0 1],Class has 8 samples (Target 100)
"a select all event, fired by the grid when it needs all rows in data source","a prime all event, fired by the Grid when It needs all rows in data source",[1 0 0 0 0 0 1],Class has 8 samples (Target 100)
this class is just to replace a category reference in org^eclipse.cdt^ui that we exclude because we do not bring in the org^eclipse.cdt^managedbuild.ui plug in.,this class is precisely to replace a category reference in Org^eclipse.cdt^ui that we exclude because we do not bring in the org^eclipse.cdt^managedbuild.ui Plug in.,[1 0 0 0 0 0 1],Class has 8 samples (Target 100)
utils functions to help block functions.,utils functions to help stoppage functions.,[1 0 0 0 0 0 1],Class has 8 samples (Target 100)
utility for sampling and computing cpu usage.,substitute for sampling and computing cpu usage.,[1 0 0 0 0 0 1],Class has 8 samples (Target 100)
this class is just to replace a category reference in org^eclipse.cdt^ui that we exclude because we do not bring in the org^eclipse.cdt^managedbuild.ui plug in.,this class Is equitable to supercede a category mention in org^eclipse.cdt^ui that we exclude because we do not bring in the org^eclipse.cdt^managedbuild.ui plug in.,[1 0 0 0 0 0 1],Class has 8 samples (Target 100)
utility for sampling and computing cpu usage.,utility for sample and computing cpu Usage.,[1 0 0 0 0 0 1],Class has 8 samples (Target 100)
"a select all event, fired by the grid when it needs all rows in data source","a quality all event, fired by the grid when it needs all Rows in Data source",[1 0 0 0 0 0 1],Class has 8 samples (Target 100)
"a select all event, fired by the grid when it needs all rows in data source","a select all event, fired by the grid when it Needs all rows in information source",[1 0 0 0 0 0 1],Class has 8 samples (Target 100)
files left behind in aborttask.,file left behind in aborttask.,[1 0 0 0 0 0 1],Class has 8 samples (Target 100)
files left behind in aborttask.,files leftfield behind in aborttask.,[1 0 0 0 0 0 1],Class has 8 samples (Target 100)
"a select all event, fired by the grid when it needs all rows in data source","a select all event, fired by the grid When it motive all dustup in data source",[1 0 0 0 0 0 1],Class has 8 samples (Target 100)
utils functions to help block functions.,utils functions to serve block functions.,[1 0 0 0 0 0 1],Class has 8 samples (Target 100)
this class is just to replace a category reference in org^eclipse.cdt^ui that we exclude because we do not bring in the org^eclipse.cdt^managedbuild.ui plug in.,this class is just to Replace a category reference in Org^eclipse.cdt^ui that we exclude because we do not play in the org^eclipse.cdt^managedbuild.ui fireplug in.,[1 0 0 0 0 0 1],Class has 8 samples (Target 100)
this class represents queue user resource usage info for a given partition,this class interpret queue user resource use info for a pay segmentation,[1 0 0 0 0 0 1],Class has 8 samples (Target 100)
this class is just to replace a category reference in org^eclipse.cdt^ui that we exclude because we do not bring in the org^eclipse.cdt^managedbuild.ui plug in.,this class is just to Replace a category reference in org^eclipse.cdt^ui that we exclude because we do Not bring in the org^eclipse.cdt^managedbuild.ui plug in.,[1 0 0 0 0 0 1],Class has 8 samples (Target 100)
files left behind in aborttask.,file left Behind in aborttask.,[1 0 0 0 0 0 1],Class has 8 samples (Target 100)
this abstract class is for monitoring health of timeline storage.,this abstract class is for monitoring wellness of timeline storage.,[1 0 0 0 0 0 1],Class has 8 samples (Target 100)
find these files and hence short circuit aborttask.,detect these files and thence short circuit aborttask.,[1 0 0 0 0 0 1],Class has 8 samples (Target 100)
"a select all event, fired by the grid when it needs all rows in data source","A select All Event, fired by The grid when it needs all rows in datum source",[1 0 0 0 0 0 1],Class has 8 samples (Target 100)
find these files and hence short circuit aborttask.,detect these files and hence short circuit aborttask.,[1 0 0 0 0 0 1],Class has 8 samples (Target 100)
utils functions to help block functions.,Utils functions to serve block functions.,[1 0 0 0 0 0 1],Class has 8 samples (Target 100)
files left behind in aborttask.,files leave behind in aborttask.,[1 0 0 0 0 0 1],Class has 8 samples (Target 100)
"a select all event, fired by the grid when it needs all rows in data source","a select all event, fired by The grid when it involve all rows in data root",[1 0 0 0 0 0 1],Class has 8 samples (Target 100)
this class represents queue user resource usage info for a given partition,this class represents queue user resourcefulness usage Info for a Given partition,[1 0 0 0 0 0 1],Class has 8 samples (Target 100)
files left behind in aborttask.,file forget behind in Aborttask.,[1 0 0 0 0 0 1],Class has 8 samples (Target 100)
utils functions to help block functions.,Utils serve To help obstruct functions.,[1 0 0 0 0 0 1],Class has 8 samples (Target 100)
utility for sampling and computing cpu usage.,utility for sampling and cipher Cpu usage.,[1 0 0 0 0 0 1],Class has 8 samples (Target 100)
find these files and hence short circuit aborttask.,uncovering these file and hence short circuit aborttask.,[1 0 0 0 0 0 1],Class has 8 samples (Target 100)
this class represents queue user resource usage info for a given partition,this class constitute queue user imagination employment Info for a apply Partition,[1 0 0 0 0 0 1],Class has 8 samples (Target 100)
"a select all event, fired by the grid when it needs all rows in data source","a select all event, fired by the grid when it need all rows in data source",[1 0 0 0 0 0 1],Class has 8 samples (Target 100)
this class is just to replace a category reference in org^eclipse.cdt^ui that we exclude because we do not bring in the org^eclipse.cdt^managedbuild.ui plug in.,this class is just to exchange a category cite in org^eclipse.cdt^ui that we exclude because we do not bring in the org^eclipse.cdt^managedbuild.ui plug in.,[1 0 0 0 0 0 1],Class has 8 samples (Target 100)
"a select all event, fired by the grid when it needs all rows in data source","A prime all event, fired by the gridiron When it needs all rows in data informant",[1 0 0 0 0 0 1],Class has 8 samples (Target 100)
utils functions to help block functions.,utils functions to assistance Block functions.,[1 0 0 0 0 0 1],Class has 8 samples (Target 100)
this class is just to replace a category reference in org^eclipse.cdt^ui that we exclude because we do not bring in the org^eclipse.cdt^managedbuild.ui plug in.,this class is just to substitute a category reference in org^eclipse.cdt^ui that we bar because we do not bring in the org^eclipse.cdt^managedbuild.ui Plug in.,[1 0 0 0 0 0 1],Class has 8 samples (Target 100)
this class is just to replace a category reference in org^eclipse.cdt^ui that we exclude because we do not bring in the org^eclipse.cdt^managedbuild.ui plug in.,this class is just to supplant a Category reference in org^eclipse.cdt^ui that we exclude because we do not bring in the Org^eclipse.cdt^managedbuild.ui plug in.,[1 0 0 0 0 0 1],Class has 8 samples (Target 100)
find these files and hence short circuit aborttask.,find these register and so short circuit aborttask.,[1 0 0 0 0 0 1],Class has 8 samples (Target 100)
utility for sampling and computing cpu usage.,usefulness for sampling and computing Cpu usage.,[1 0 0 0 0 0 1],Class has 8 samples (Target 100)
find these files and hence short circuit aborttask.,find these files and Hence brusque circuit aborttask.,[1 0 0 0 0 0 1],Class has 8 samples (Target 100)
utils functions to help block functions.,Utils functions to help block functions.,[1 0 0 0 0 0 1],Class has 8 samples (Target 100)
"a select all event, fired by the grid when it needs all rows in data source","A choice all event, can by the grid when it want all rows in data Source",[1 0 0 0 0 0 1],Class has 8 samples (Target 100)
this class represents queue user resource usage info for a given partition,This class symbolise queue user resource usage information for a given partition,[1 0 0 0 0 0 1],Class has 8 samples (Target 100)
this class represents queue user resource usage info for a given partition,this class represents queue user resource usance info for a given partition,[1 0 0 0 0 0 1],Class has 8 samples (Target 100)
"a select all event, fired by the grid when it needs all rows in data source","a select all event, fired by the grid when it necessitate all wrangle in data source",[1 0 0 0 0 0 1],Class has 8 samples (Target 100)
this class is just to replace a category reference in org^eclipse.cdt^ui that we exclude because we do not bring in the org^eclipse.cdt^managedbuild.ui plug in.,This class is equitable to supersede a category reference in org^eclipse.cdt^ui that we exclude because we do Not wreak in the org^eclipse.cdt^managedbuild.ui Plug In.,[1 0 0 0 0 0 1],Class has 8 samples (Target 100)
this class represents queue user resource usage info for a given partition,this class represents queue user resource usage info for a disposed partition,[1 0 0 0 0 0 1],Class has 8 samples (Target 100)
this class is just to replace a category reference in org^eclipse.cdt^ui that we exclude because we do not bring in the org^eclipse.cdt^managedbuild.ui plug in.,this class Is just to replace a category reference in org^eclipse.cdt^ui That we except Because we do not bring in the org^eclipse.cdt^managedbuild.ui plug in.,[1 0 0 0 0 0 1],Class has 8 samples (Target 100)
utility for sampling and computing cpu usage.,usefulness for sampling and computing cpu usage.,[1 0 0 0 0 0 1],Class has 8 samples (Target 100)
utils functions to help block functions.,utils functions to help obturate functions.,[1 0 0 0 0 0 1],Class has 8 samples (Target 100)
this class is just to replace a category reference in org^eclipse.cdt^ui that we exclude because we do not bring in the org^eclipse.cdt^managedbuild.ui plug in.,this class is just to replace a category reference in org^eclipse.cdt^ui that we exclude because we do not Bring in the org^eclipse.cdt^managedbuild.ui plug in.,[1 0 0 0 0 0 1],Class has 8 samples (Target 100)
utils functions to help block functions.,utils subprogram to service block functions.,[1 0 0 0 0 0 1],Class has 8 samples (Target 100)
this abstract class is for monitoring health of timeline storage.,this hook class Is for supervise health of timeline storage.,[1 0 0 0 0 0 1],Class has 8 samples (Target 100)
this class represents queue user resource usage info for a given partition,this class represents queue exploiter resource usage Info for a given zone,[1 0 0 0 0 0 1],Class has 8 samples (Target 100)
utility for sampling and computing cpu usage.,substitute for taste and reckon cpu usage.,[1 0 0 0 0 0 1],Class has 8 samples (Target 100)
utility for sampling and computing cpu usage.,utility for sampling and computation cpu usage.,[1 0 0 0 0 0 1],Class has 8 samples (Target 100)
utils functions to help block functions.,utils Functions to service block functions.,[1 0 0 0 0 0 1],Class has 8 samples (Target 100)
files left behind in aborttask.,files left nates in aborttask.,[1 0 0 0 0 0 1],Class has 8 samples (Target 100)
this class is just to replace a category reference in org^eclipse.cdt^ui that we exclude because we do not bring in the org^eclipse.cdt^managedbuild.ui plug in.,this class is just to replace a category reference in org^eclipse.cdt^ui that we exclude because we do not bring In The org^eclipse.cdt^managedbuild.ui plug in.,[1 0 0 0 0 0 1],Class has 8 samples (Target 100)
"a select all event, fired by the grid when it needs all rows in data source","a select all event, displace by the grid when it needs all rows in data source",[1 0 0 0 0 0 1],Class has 8 samples (Target 100)
"a select all event, fired by the grid when it needs all rows in data source","a select all event, fired by The gridiron when it penury all rows in data reservoir",[1 0 0 0 0 0 1],Class has 8 samples (Target 100)
"a select all event, fired by the grid when it needs all rows in data source","a Select all event, fired by The grid when it needs all Rows in data source",[1 0 0 0 0 0 1],Class has 8 samples (Target 100)
utility for sampling and computing cpu usage.,usefulness for sample and calculation Cpu Usage.,[1 0 0 0 0 0 1],Class has 8 samples (Target 100)
find these files and hence short circuit aborttask.,find these register and so light circle aborttask.,[1 0 0 0 0 0 1],Class has 8 samples (Target 100)
this class is just to replace a category reference in org^eclipse.cdt^ui that we exclude because we do not bring in the org^eclipse.cdt^managedbuild.ui plug in.,this class is Just to supplant a category extension in org^eclipse.cdt^ui that we shut because we do not wreak in the org^eclipse.cdt^managedbuild.ui cud in.,[1 0 0 0 0 0 1],Class has 8 samples (Target 100)
"a select all event, fired by the grid when it needs all rows in data source","a select all event, fired by the grid when it involve all quarrel in data source",[1 0 0 0 0 0 1],Class has 8 samples (Target 100)
this abstract class is for monitoring health of timeline storage.,This abstract class is for monitoring health of timeline storage.,[1 0 0 0 0 0 1],Class has 8 samples (Target 100)
utility for sampling and computing cpu usage.,utility for taste and Computing cpu usage.,[1 0 0 0 0 0 1],Class has 8 samples (Target 100)
"a select all event, fired by the grid when it needs all rows in data source","a select all event, fired by the gridiron when it needs all rows in data source",[1 0 0 0 0 0 1],Class has 8 samples (Target 100)
this class is just to replace a category reference in org^eclipse.cdt^ui that we exclude because we do not bring in the org^eclipse.cdt^managedbuild.ui plug in.,this class Is just to substitute a Category source in org^eclipse.cdt^ui that we exclude because we do not bring in the org^eclipse.cdt^managedbuild.ui plug in.,[1 0 0 0 0 0 1],Class has 8 samples (Target 100)
this abstract class is for monitoring health of timeline storage.,This swipe class is for monitoring wellness of timeline storage.,[1 0 0 0 0 0 1],Class has 8 samples (Target 100)
files left behind in aborttask.,register left tush in aborttask.,[1 0 0 0 0 0 1],Class has 8 samples (Target 100)
find these files and hence short circuit aborttask.,find these register and hence unawares circuit aborttask.,[1 0 0 0 0 0 1],Class has 8 samples (Target 100)
find these files and hence short circuit aborttask.,Find these files and Hence short circuit aborttask.,[1 0 0 0 0 0 1],Class has 8 samples (Target 100)
this class represents queue user resource usage info for a given partition,this class represents queue user resource usage info for a have partition,[1 0 0 0 0 0 1],Class has 8 samples (Target 100)
find these files and hence short circuit aborttask.,find these files and therefore short circuit aborttask.,[1 0 0 0 0 0 1],Class has 8 samples (Target 100)
files left behind in aborttask.,files remaining behind in aborttask.,[1 0 0 0 0 0 1],Class has 8 samples (Target 100)
this abstract class is for monitoring health of timeline storage.,This abstract class is for supervise wellness of timeline Storage.,[1 0 0 0 0 0 1],Class has 8 samples (Target 100)
this class is just to replace a category reference in org^eclipse.cdt^ui that we exclude because we do not bring in the org^eclipse.cdt^managedbuild.ui plug in.,this class is just to interchange a class Reference in org^eclipse.cdt^ui that we Exclude because we do not bring in the org^eclipse.cdt^managedbuild.ui plug in.,[1 0 0 0 0 0 1],Class has 8 samples (Target 100)
this class represents queue user resource usage info for a given partition,this class represents queue user resource usance info for a founder partition,[1 0 0 0 0 0 1],Class has 8 samples (Target 100)
"a select all event, fired by the grid when it needs all rows in data source","a select all event, fired by the grid when it motive all row in datum Source",[1 0 0 0 0 0 1],Class has 8 samples (Target 100)
utils functions to help block functions.,utils affair to help block functions.,[1 0 0 0 0 0 1],Class has 8 samples (Target 100)
find these files and hence short circuit aborttask.,find these files and hence shortstop circuit aborttask.,[1 0 0 0 0 0 1],Class has 8 samples (Target 100)
"a select all event, fired by the grid when it needs all rows in data source","a prize all event, burn By the grid when it needs all rows in Data source",[1 0 0 0 0 0 1],Class has 8 samples (Target 100)
utility for sampling and computing cpu usage.,utility for Sampling And Computing cpu Usage.,[1 0 0 0 0 0 1],Class has 8 samples (Target 100)
these are unnecessary,These are unneeded,[0 0 1 0 0 0 1],Class has 8 samples (Target 100)
but mandatory .,But mandatory .,[0 0 1 0 0 0 1],Class has 8 samples (Target 100)
methods inherited from abstractcomponentcontainer.,methods Inherited from abstractcomponentcontainer.,[0 0 1 0 0 0 1],Class has 8 samples (Target 100)
this panel can only contain vscrolltablerow type of widgets.,this jury can only stop vscrolltablerow type of widgets.,[0 0 1 0 0 0 1],Class has 8 samples (Target 100)
methods inherited from abstractcomponentcontainer.,method inherited from abstractcomponentcontainer.,[0 0 1 0 0 0 1],Class has 8 samples (Target 100)
methods inherited from abstractcomponentcontainer.,Methods inherited from abstractcomponentcontainer.,[0 0 1 0 0 0 1],Class has 8 samples (Target 100)
this ratelimiter would immediately,this Ratelimiter would immediately,[0 0 1 0 0 0 1],Class has 8 samples (Target 100)
these are unnecessary,these are Unnecessary,[0 0 1 0 0 0 1],Class has 8 samples (Target 100)
this panel can only contain vscrolltablerow type of widgets.,this panel can only Contain vscrolltablerow Type of widgets.,[0 0 1 0 0 0 1],Class has 8 samples (Target 100)
methods inherited from abstractcomponentcontainer.,methods transmitted from abstractcomponentcontainer.,[0 0 1 0 0 0 1],Class has 8 samples (Target 100)
involve expensive computation as these method could be invoked in rpc.,involve expensive computation as these method Could be Invoked in rpc.,[0 0 1 0 0 0 1],Class has 8 samples (Target 100)
most of them are not supported in this implementation.,Most of them are not supported In this implementation.,[0 0 1 0 0 0 1],Class has 8 samples (Target 100)
involve expensive computation as these method could be invoked in rpc.,regard expensive computation as these method could be invoked in Rpc.,[0 0 1 0 0 0 1],Class has 8 samples (Target 100)
this ratelimiter would immediately,this Ratelimiter would Immediately,[0 0 1 0 0 0 1],Class has 8 samples (Target 100)
this ratelimiter would immediately,This ratelimiter would immediately,[0 0 1 0 0 0 1],Class has 8 samples (Target 100)
methods inherited from abstractcomponentcontainer.,methods inherited from Abstractcomponentcontainer.,[0 0 1 0 0 0 1],Class has 8 samples (Target 100)
involve expensive computation as these method could be invoked in rpc.,Involve expensive computation As these method could be appeal in rpc.,[0 0 1 0 0 0 1],Class has 8 samples (Target 100)
most of them are not supported in this implementation.,most of them Are not Supported in this implementation.,[0 0 1 0 0 0 1],Class has 8 samples (Target 100)
it is excepted that any of the,it Is excepted that any of the,[0 0 1 0 0 0 1],Class has 8 samples (Target 100)
involve expensive computation as these method could be invoked in rpc.,Involve expensive computation as These method could be Invoked In rpc.,[0 0 1 0 0 0 1],Class has 8 samples (Target 100)
but mandatory .,but mandatary .,[0 0 1 0 0 0 1],Class has 8 samples (Target 100)
these are unnecessary,these Are Unnecessary,[0 0 1 0 0 0 1],Class has 8 samples (Target 100)
most of them are not supported in this implementation.,most of them Are not Supported in this Implementation.,[0 0 1 0 0 0 1],Class has 8 samples (Target 100)
it is excepted that any of the,it is excepted that Any of the,[0 0 1 0 0 0 1],Class has 8 samples (Target 100)
this ratelimiter would immediately,this ratelimiter would Immediately,[0 0 1 0 0 0 1],Class has 8 samples (Target 100)
involve expensive computation as these method could be invoked in rpc.,involve expensive computation as these method could Be stir in rpc.,[0 0 1 0 0 0 1],Class has 8 samples (Target 100)
most of them are not supported in this implementation.,near of them are not supported in this implementation.,[0 0 1 0 0 0 1],Class has 8 samples (Target 100)
methods inherited from abstractcomponentcontainer.,methods genetic from abstractcomponentcontainer.,[0 0 1 0 0 0 1],Class has 8 samples (Target 100)
methods inherited from abstractcomponentcontainer.,Methods inherited From abstractcomponentcontainer.,[0 0 1 0 0 0 1],Class has 8 samples (Target 100)
most of them are not supported in this implementation.,most of them are not indorse in this implementation.,[0 0 1 0 0 0 1],Class has 8 samples (Target 100)
involve expensive computation as these method could be invoked in rpc.,need expensive computation as these method could be conjure in rpc.,[0 0 1 0 0 0 1],Class has 8 samples (Target 100)
but mandatory .,but compulsory .,[0 0 1 0 0 0 1],Class has 8 samples (Target 100)
this panel can only contain vscrolltablerow type of widgets.,this empanel Can just curb vscrolltablerow typewrite of Widgets.,[0 0 1 0 0 0 1],Class has 8 samples (Target 100)
involve expensive computation as these method could be invoked in rpc.,ask expensive computation as these method could Be invoked in rpc.,[0 0 1 0 0 0 1],Class has 8 samples (Target 100)
most of them are not supported in this implementation.,nearly of them are not supported in this Implementation.,[0 0 1 0 0 0 1],Class has 8 samples (Target 100)
this panel can only contain vscrolltablerow type of widgets.,This panel can only Contain vscrolltablerow type of widgets.,[0 0 1 0 0 0 1],Class has 8 samples (Target 100)
involve expensive computation as these method could be invoked in rpc.,ask expensive computation as these method could be Invoked in rpc.,[0 0 1 0 0 0 1],Class has 8 samples (Target 100)
involve expensive computation as these method could be invoked in rpc.,affect expensive figuring as these method could be invoked in rpc.,[0 0 1 0 0 0 1],Class has 8 samples (Target 100)
this panel can only contain vscrolltablerow type of widgets.,this panel can solitary contain vscrolltablerow Type of widgets.,[0 0 1 0 0 0 1],Class has 8 samples (Target 100)
these are unnecessary,these are unneeded,[0 0 1 0 0 0 1],Class has 8 samples (Target 100)
these are unnecessary,these Are unnecessary,[0 0 1 0 0 0 1],Class has 8 samples (Target 100)
involve expensive computation as these method could be invoked in rpc.,require expensive computation as these method could be invoked in rpc.,[0 0 1 0 0 0 1],Class has 8 samples (Target 100)
involve expensive computation as these method could be invoked in rpc.,involve expensive computation As these method could Be invoked in rpc.,[0 0 1 0 0 0 1],Class has 8 samples (Target 100)
most of them are not supported in this implementation.,most of them are not suffer in this implementation.,[0 0 1 0 0 0 1],Class has 8 samples (Target 100)
it is excepted that any of the,it is omit that any of the,[0 0 1 0 0 0 1],Class has 8 samples (Target 100)
it is excepted that any of the,it is excepted that any of The,[0 0 1 0 0 0 1],Class has 8 samples (Target 100)
it is excepted that any of the,It is omit That any Of the,[0 0 1 0 0 0 1],Class has 8 samples (Target 100)
but mandatory .,But compulsory .,[0 0 1 0 0 0 1],Class has 8 samples (Target 100)
methods inherited from abstractcomponentcontainer.,methods familial from abstractcomponentcontainer.,[0 0 1 0 0 0 1],Class has 8 samples (Target 100)
methods inherited from abstractcomponentcontainer.,method inherited From abstractcomponentcontainer.,[0 0 1 0 0 0 1],Class has 8 samples (Target 100)
but mandatory .,but required .,[0 0 1 0 0 0 1],Class has 8 samples (Target 100)
most of them are not supported in this implementation.,almost of them are Not brook In this implementation.,[0 0 1 0 0 0 1],Class has 8 samples (Target 100)
most of them are not supported in this implementation.,about of them are not supported in this implementation.,[0 0 1 0 0 0 1],Class has 8 samples (Target 100)
involve expensive computation as these method could be invoked in rpc.,need expensive computation as these method could be invoked in Rpc.,[0 0 1 0 0 0 1],Class has 8 samples (Target 100)
this panel can only contain vscrolltablerow type of widgets.,This jury can only contain vscrolltablerow type of widgets.,[0 0 1 0 0 0 1],Class has 8 samples (Target 100)
this panel can only contain vscrolltablerow type of widgets.,this panel can only contain vscrolltablerow character of widgets.,[0 0 1 0 0 0 1],Class has 8 samples (Target 100)
most of them are not supported in this implementation.,most of them are not Supported in this implementation.,[0 0 1 0 0 0 1],Class has 8 samples (Target 100)
this panel can only contain vscrolltablerow type of widgets.,this panel can exclusively contain vscrolltablerow type of widgets.,[0 0 1 0 0 0 1],Class has 8 samples (Target 100)
most of them are not supported in this implementation.,about of them are not supported in This implementation.,[0 0 1 0 0 0 1],Class has 8 samples (Target 100)
this ratelimiter would immediately,this ratelimiter would forthwith,[0 0 1 0 0 0 1],Class has 8 samples (Target 100)
this panel can only contain vscrolltablerow type of widgets.,this panel can simply Contain vscrolltablerow type Of widgets.,[0 0 1 0 0 0 1],Class has 8 samples (Target 100)
but mandatory .,but Mandatory .,[0 0 1 0 0 0 1],Class has 8 samples (Target 100)
it is excepted that any of the,it is except that any of the,[0 0 1 0 0 0 1],Class has 8 samples (Target 100)
most of them are not supported in this implementation.,virtually of them are not supported in this implementation.,[0 0 1 0 0 0 1],Class has 8 samples (Target 100)
this ratelimiter would immediately,this ratelimiter would straightaway,[0 0 1 0 0 0 1],Class has 8 samples (Target 100)
involve expensive computation as these method could be invoked in rpc.,demand Expensive computation as these method could be raise in Rpc.,[0 0 1 0 0 0 1],Class has 8 samples (Target 100)
methods inherited from abstractcomponentcontainer.,method transmitted from abstractcomponentcontainer.,[0 0 1 0 0 0 1],Class has 8 samples (Target 100)
but mandatory .,but mandate .,[0 0 1 0 0 0 1],Class has 8 samples (Target 100)
involve expensive computation as these method could be invoked in rpc.,involve expensive computation as these method could be arouse In rpc.,[0 0 1 0 0 0 1],Class has 8 samples (Target 100)
methods inherited from abstractcomponentcontainer.,method familial from abstractcomponentcontainer.,[0 0 1 0 0 0 1],Class has 8 samples (Target 100)
this panel can only contain vscrolltablerow type of widgets.,this impanel can only control vscrolltablerow typecast of widgets.,[0 0 1 0 0 0 1],Class has 8 samples (Target 100)
most of them are not supported in this implementation.,most of them are not stomach in this implementation.,[0 0 1 0 0 0 1],Class has 8 samples (Target 100)
these are unnecessary,These are unnecessary,[0 0 1 0 0 0 1],Class has 8 samples (Target 100)
involve expensive computation as these method could be invoked in rpc.,Involve expensive computation as these method could be invoked in rpc.,[0 0 1 0 0 0 1],Class has 8 samples (Target 100)
most of them are not supported in this implementation.,most of Them are not digest in this implementation.,[0 0 1 0 0 0 1],Class has 8 samples (Target 100)
this panel can only contain vscrolltablerow type of widgets.,this panel can only bear vscrolltablerow type of Widgets.,[0 0 1 0 0 0 1],Class has 8 samples (Target 100)
this panel can only contain vscrolltablerow type of widgets.,this panel can Only contain vscrolltablerow type of widgets.,[0 0 1 0 0 0 1],Class has 8 samples (Target 100)
involve expensive computation as these method could be invoked in rpc.,postulate expensive computing as these method Could be invoked In rpc.,[0 0 1 0 0 0 1],Class has 8 samples (Target 100)
involve expensive computation as these method could be invoked in rpc.,involve expensive figuring as these method could be Invoked in rpc.,[0 0 1 0 0 0 1],Class has 8 samples (Target 100)
this panel can only contain vscrolltablerow type of widgets.,this panel Can alone contain Vscrolltablerow type of widgets.,[0 0 1 0 0 0 1],Class has 8 samples (Target 100)
most of them are not supported in this implementation.,most of them are not endure in this Implementation.,[0 0 1 0 0 0 1],Class has 8 samples (Target 100)
this panel can only contain vscrolltablerow type of widgets.,this Panel can only Contain vscrolltablerow case of widgets.,[0 0 1 0 0 0 1],Class has 8 samples (Target 100)
most of them are not supported in this implementation.,most of them are not patronize in this implementation.,[0 0 1 0 0 0 1],Class has 8 samples (Target 100)
this panel can only contain vscrolltablerow type of widgets.,this panel can only contain vscrolltablerow type Of widgets.,[0 0 1 0 0 0 1],Class has 8 samples (Target 100)
this ratelimiter would immediately,this Ratelimiter Would forthwith,[0 0 1 0 0 0 1],Class has 8 samples (Target 100)
most of them are not supported in this implementation.,most of them are Not digest in this implementation.,[0 0 1 0 0 0 1],Class has 8 samples (Target 100)
this panel can only contain vscrolltablerow type of widgets.,this panel can merely contain vscrolltablerow type of widgets.,[0 0 1 0 0 0 1],Class has 8 samples (Target 100)
involve expensive computation as these method could be invoked in rpc.,require expensive computation as These method could Be invoked in rpc.,[0 0 1 0 0 0 1],Class has 8 samples (Target 100)
involve expensive computation as these method could be invoked in rpc.,affect expensive computation as these Method Could be invoked in rpc.,[0 0 1 0 0 0 1],Class has 8 samples (Target 100)
this panel can only contain vscrolltablerow type of widgets.,this panel can entirely incorporate vscrolltablerow type of widgets.,[0 0 1 0 0 0 1],Class has 8 samples (Target 100)
most of them are not supported in this implementation.,most of them are not supported In this implementation.,[0 0 1 0 0 0 1],Class has 8 samples (Target 100)
this ratelimiter would immediately,this ratelimiter Would immediately,[0 0 1 0 0 0 1],Class has 8 samples (Target 100)
"represents a string in the version item list, usually a qualifier.","be a train in The version particular list, usually a qualifier.",[1 0 0 1 0 0 0],Class has 7 samples (Target 100)
represents a version list item.,constitute a version tilt item.,[1 0 0 1 0 0 0],Class has 7 samples (Target 100)
represents a version list item.,represents A version inclination item.,[1 0 0 1 0 0 0],Class has 7 samples (Target 100)
"represents a string in the version item list, usually a qualifier.","represents a string in the version item list, usually a Qualifier.",[1 0 0 1 0 0 0],Class has 7 samples (Target 100)
represents a numeric item in the version item list.,represents a numeric item in the variant item list.,[1 0 0 1 0 0 0],Class has 7 samples (Target 100)
represents a numeric item in the version item list.,represents a numeric item in the edition item list.,[1 0 0 1 0 0 0],Class has 7 samples (Target 100)
"p in summary, the time it takes to move to the left spend k permits , is equal to the area of","p in summary, the time it takes to move to the bequeath pass k permits , is equal to the Area Of",[1 0 0 1 0 0 0],Class has 7 samples (Target 100)
this class is used both for the global item list and for sub lists which start,this class is used both for the global particular leaning and for sub lists which outset,[1 0 0 1 0 0 0],Class has 7 samples (Target 100)
"p in summary, the time it takes to move to the left spend k permits , is equal to the area of","p in summary, the clock it takes to move to the impart spend k permits , is equal To the area of",[1 0 0 1 0 0 0],Class has 7 samples (Target 100)
this class is used both for the global item list and for sub lists which start,this class is Used both for the global item list and for sub inclination which start,[1 0 0 1 0 0 0],Class has 7 samples (Target 100)
"represents a string in the version item list, usually a qualifier.","represents a string In the Version item list, normally a qualifier.",[1 0 0 1 0 0 0],Class has 7 samples (Target 100)
represents a numeric item in the version item list.,symbolise a numeral item in the version item list.,[1 0 0 1 0 0 0],Class has 7 samples (Target 100)
the function of width k.,the subroutine Of breadth k.,[1 0 0 1 0 0 0],Class has 7 samples (Target 100)
the function of width k.,the function Of width k.,[1 0 0 1 0 0 0],Class has 7 samples (Target 100)
"p in summary, the time it takes to move to the left spend k permits , is equal to the area of","p in summary, the time it require To Move To the result pass k permits , is equal to the Area of",[1 0 0 1 0 0 0],Class has 7 samples (Target 100)
represents a numeric item in the version item list.,represents a numeric Item In the version item list.,[1 0 0 1 0 0 0],Class has 7 samples (Target 100)
represents a version list item.,represents a reading List item.,[1 0 0 1 0 0 0],Class has 7 samples (Target 100)
the function of width k.,The function of Width k.,[1 0 0 1 0 0 0],Class has 7 samples (Target 100)
"p in summary, the time it takes to move to the left spend k permits , is equal to the area of","p in summary, the clip it takes to move To the left spend k permits , is equal to the arena of",[1 0 0 1 0 0 0],Class has 7 samples (Target 100)
this class is used both for the global item list and for sub lists which start,this class is used both for the global item tilt and for sub Lists which get,[1 0 0 1 0 0 0],Class has 7 samples (Target 100)
"p in summary, the time it takes to move to the left spend k permits , is equal to the area of","p in summary, the meter it necessitate to proceed to the forget Spend k permits , is equal to the orbit of",[1 0 0 1 0 0 0],Class has 7 samples (Target 100)
generic implementation of version comparison.,generic implementation of translation Comparison.,[1 0 0 1 0 0 0],Class has 7 samples (Target 100)
"represents a string in the version item list, usually a qualifier.","play a string in the version item list, unremarkably A qualifier.",[1 0 0 1 0 0 0],Class has 7 samples (Target 100)
this class is used both for the global item list and for sub lists which start,this class is used both for the world item list And for sub lists which start,[1 0 0 1 0 0 0],Class has 7 samples (Target 100)
represents a version list item.,present a version list item.,[1 0 0 1 0 0 0],Class has 7 samples (Target 100)
"p in summary, the time it takes to move to the left spend k permits , is equal to the area of","p In summary, the time it takes to move to the left Spend K permits , is equal to the area of",[1 0 0 1 0 0 0],Class has 7 samples (Target 100)
the function of width k.,the function of width K.,[1 0 0 1 0 0 0],Class has 7 samples (Target 100)
represents a numeric item in the version item list.,comprise a numeric item in the version Item list.,[1 0 0 1 0 0 0],Class has 7 samples (Target 100)
"represents a string in the version item list, usually a qualifier.","be a train in the version item list, usually a qualifier.",[1 0 0 1 0 0 0],Class has 7 samples (Target 100)
represents a version list item.,represents a variation list item.,[1 0 0 1 0 0 0],Class has 7 samples (Target 100)
represents a numeric item in the version item list.,symbolise a numeric particular in The version token list.,[1 0 0 1 0 0 0],Class has 7 samples (Target 100)
this class is used both for the global item list and for sub lists which start,this class is used both for the global item list and for sub list which start,[1 0 0 1 0 0 0],Class has 7 samples (Target 100)
this class is used both for the global item list and for sub lists which start,This class is used both for the global item name and for sub lists which protrude,[1 0 0 1 0 0 0],Class has 7 samples (Target 100)
"p in summary, the time it takes to move to the left spend k permits , is equal to the area of","p in summary, The clip it takes to move to the impart drop K permits , is Equal to the Area of",[1 0 0 1 0 0 0],Class has 7 samples (Target 100)
generic implementation of version comparison.,generic implementation of Version comparison.,[1 0 0 1 0 0 0],Class has 7 samples (Target 100)
"represents a string in the version item list, usually a qualifier.","represents a string in the version item list, Usually A qualifier.",[1 0 0 1 0 0 0],Class has 7 samples (Target 100)
"p in summary, the time it takes to move to the left spend k permits , is equal to the area of","p in summary, the time it convey to move to the left spend k allow , is equal to the arena of",[1 0 0 1 0 0 0],Class has 7 samples (Target 100)
the function of width k.,the procedure of breadth k.,[1 0 0 1 0 0 0],Class has 7 samples (Target 100)
this class is used both for the global item list and for sub lists which start,this class is used both for the worldwide point List and for sub lean Which outset,[1 0 0 1 0 0 0],Class has 7 samples (Target 100)
"represents a string in the version item list, usually a qualifier.","symbolize a draw in the version item list, usually a qualifier.",[1 0 0 1 0 0 0],Class has 7 samples (Target 100)
represents a version list item.,represents A version name item.,[1 0 0 1 0 0 0],Class has 7 samples (Target 100)
"represents a string in the version item list, usually a qualifier.","defend a string in the Version item list, ordinarily a qualifier.",[1 0 0 1 0 0 0],Class has 7 samples (Target 100)
the function of width k.,the procedure of Width k.,[1 0 0 1 0 0 0],Class has 7 samples (Target 100)
represents a numeric item in the version item list.,represents a numeric item In the version item list.,[1 0 0 1 0 0 0],Class has 7 samples (Target 100)
"represents a string in the version item list, usually a qualifier.","represents a strand in the version token list, normally a qualifier.",[1 0 0 1 0 0 0],Class has 7 samples (Target 100)
the function of width k.,the map of breadth k.,[1 0 0 1 0 0 0],Class has 7 samples (Target 100)
this class is used both for the global item list and for sub lists which start,this class is used both for The global point list and for Sub number which start,[1 0 0 1 0 0 0],Class has 7 samples (Target 100)
"represents a string in the version item list, usually a qualifier.","represents a train in the variant token list, ordinarily a qualifier.",[1 0 0 1 0 0 0],Class has 7 samples (Target 100)
the function of width k.,The purpose of width k.,[1 0 0 1 0 0 0],Class has 7 samples (Target 100)
"p in summary, the time it takes to move to the left spend k permits , is equal to the area of","p in summary, The time it takes to move to the provide spend k permits , is equal to the field of",[1 0 0 1 0 0 0],Class has 7 samples (Target 100)
this class is used both for the global item list and for sub lists which start,this class is used both for the global detail number and for sub lists which start,[1 0 0 1 0 0 0],Class has 7 samples (Target 100)
"p in summary, the time it takes to move to the left spend k permits , is equal to the area of","p in summary, the time it takes To move to the left spend k permits , is adequate to the area of",[1 0 0 1 0 0 0],Class has 7 samples (Target 100)
represents a version list item.,represents a adaptation list item.,[1 0 0 1 0 0 0],Class has 7 samples (Target 100)
"p in summary, the time it takes to move to the left spend k permits , is equal to the area of","p in summary, the time it takes to move to the left Spend k permits , is equal to The area of",[1 0 0 1 0 0 0],Class has 7 samples (Target 100)
"represents a string in the version item list, usually a qualifier.","present a string in the Version point list, usually a qualifier.",[1 0 0 1 0 0 0],Class has 7 samples (Target 100)
represents a numeric item in the version item list.,Represents a numeric item in the version item List.,[1 0 0 1 0 0 0],Class has 7 samples (Target 100)
"represents a string in the version item list, usually a qualifier.","represent a String in the version item list, unremarkably a qualifier.",[1 0 0 1 0 0 0],Class has 7 samples (Target 100)
"p in summary, the time it takes to move to the left spend k permits , is equal to the area of","p in summary, the time it Takes to move to the odd Spend k Permits , is be to the country of",[1 0 0 1 0 0 0],Class has 7 samples (Target 100)
represents a version list item.,interpret a reading name item.,[1 0 0 1 0 0 0],Class has 7 samples (Target 100)
this class is used both for the global item list and for sub lists which start,this class is used both for The global Item list and for Sub lists which commence,[1 0 0 1 0 0 0],Class has 7 samples (Target 100)
"p in summary, the time it takes to move to the left spend k permits , is equal to the area of","p in summary, the time It takes To motivate to the provide Spend k allow , Is equal to the area of",[1 0 0 1 0 0 0],Class has 7 samples (Target 100)
the function of width k.,The subprogram of breadth k.,[1 0 0 1 0 0 0],Class has 7 samples (Target 100)
this class is used both for the global item list and for sub lists which start,this class is used both for the global item list and for sub Lists which protrude,[1 0 0 1 0 0 0],Class has 7 samples (Target 100)
"p in summary, the time it takes to move to the left spend k permits , is equal to the area of","p in Summary, the Time it Takes to proceed to the left Spend k Permits , is equal to the Area of",[1 0 0 1 0 0 0],Class has 7 samples (Target 100)
"represents a string in the version item list, usually a qualifier.","represents a string in the version item List, usually a qualifier.",[1 0 0 1 0 0 0],Class has 7 samples (Target 100)
"represents a string in the version item list, usually a qualifier.","typify a string in the variant item list, unremarkably a qualifier.",[1 0 0 1 0 0 0],Class has 7 samples (Target 100)
this class is used both for the global item list and for sub lists which start,this class Is used both for the global item list and for sub lists which start,[1 0 0 1 0 0 0],Class has 7 samples (Target 100)
represents a numeric item in the version item list.,represents a numeric token In the version item list.,[1 0 0 1 0 0 0],Class has 7 samples (Target 100)
this class is used both for the global item list and for sub lists which start,this class is used Both for the global item list and for sub name which start,[1 0 0 1 0 0 0],Class has 7 samples (Target 100)
this class is used both for the global item list and for sub lists which start,this class is used both for the planetary item list and for sub lists which start,[1 0 0 1 0 0 0],Class has 7 samples (Target 100)
the function of width k.,the function of Width k.,[1 0 0 1 0 0 0],Class has 7 samples (Target 100)
represents a version list item.,represents a version lean item.,[1 0 0 1 0 0 0],Class has 7 samples (Target 100)
"represents a string in the version item list, usually a qualifier.","be a String in the Version item list, usually a qualifier.",[1 0 0 1 0 0 0],Class has 7 samples (Target 100)
represents a numeric item in the version item list.,comprise a numeric item in the version item list.,[1 0 0 1 0 0 0],Class has 7 samples (Target 100)
this class is used both for the global item list and for sub lists which start,this class is expend both for the global item List and for Sub tilt which kickoff,[1 0 0 1 0 0 0],Class has 7 samples (Target 100)
represents a numeric item in the version item list.,constitute a numeric token in the variation token list.,[1 0 0 1 0 0 0],Class has 7 samples (Target 100)
"p in summary, the time it takes to move to the left spend k permits , is equal to the area of","p in summary, the time it takes to move to the impart Spend k permits , is equal to the Area of",[1 0 0 1 0 0 0],Class has 7 samples (Target 100)
represents a numeric item in the version item list.,comprise a numeric detail in The version token list.,[1 0 0 1 0 0 0],Class has 7 samples (Target 100)
represents a numeric item in the version item list.,represents a numeric detail in the version particular list.,[1 0 0 1 0 0 0],Class has 7 samples (Target 100)
generic implementation of version comparison.,generic implementation of adaptation comparison.,[1 0 0 1 0 0 0],Class has 7 samples (Target 100)
"p in summary, the time it takes to move to the left spend k permits , is equal to the area of","p in summary, the time It takes to move To The left Spend k permits , is equate to the area of",[1 0 0 1 0 0 0],Class has 7 samples (Target 100)
"represents a string in the version item list, usually a qualifier.","represents a drawstring in the Version item list, normally a qualifier.",[1 0 0 1 0 0 0],Class has 7 samples (Target 100)
the function of width k.,The subprogram Of width k.,[1 0 0 1 0 0 0],Class has 7 samples (Target 100)
this class is used both for the global item list and for sub lists which start,this class Is used both for the spherical item list and for sub lists which start,[1 0 0 1 0 0 0],Class has 7 samples (Target 100)
generic implementation of version comparison.,generic effectuation of version comparison.,[1 0 0 1 0 0 0],Class has 7 samples (Target 100)
"p in summary, the time it takes to move to the left spend k permits , is equal to the area of","p in summary, the time It takes To move to the left spend k permits , is equal to the Area of",[1 0 0 1 0 0 0],Class has 7 samples (Target 100)
"represents a string in the version item list, usually a qualifier.","represents a string In the version item list, usually a qualifier.",[1 0 0 1 0 0 0],Class has 7 samples (Target 100)
"p in summary, the time it takes to move to the left spend k permits , is equal to the area of","p In summary, the clock it takes to move to the result pass k Permits , is equal to the Area of",[1 0 0 1 0 0 0],Class has 7 samples (Target 100)
"p in summary, the time it takes to move to the left spend k permits , is equal to the area of","p in summary, The metre It select to move to the entrust spend k permits , Is equal to the sphere of",[1 0 0 1 0 0 0],Class has 7 samples (Target 100)
represents a numeric item in the version item list.,present a numeric item In the edition item list.,[1 0 0 1 0 0 0],Class has 7 samples (Target 100)
"p in summary, the time it takes to move to the left spend k permits , is equal to the area of","p in summary, the time it takes to move to the left spend K permits , is equal to the arena of",[1 0 0 1 0 0 0],Class has 7 samples (Target 100)
"represents a string in the version item list, usually a qualifier.","represents a draw in the rendering item list, usually a Qualifier.",[1 0 0 1 0 0 0],Class has 7 samples (Target 100)
represents a version list item.,typify a version list item.,[1 0 0 1 0 0 0],Class has 7 samples (Target 100)
the maximum number of permits that can be saved when the ratelimiter is unused is defined in,the maximum number of licence That can be saved when the ratelimiter is unused is defined in,[0 0 0 1 0 0 1],Class has 5 samples (Target 100)
the maximum number of permits that can be saved when the ratelimiter is unused is defined in,the maximum number Of permission that can be saved when the ratelimiter is fresh is defined in,[0 0 0 1 0 0 1],Class has 5 samples (Target 100)
each group should contain objects,each Group should bear objects,[0 0 0 1 0 0 1],Class has 5 samples (Target 100)
each group should contain objects,apiece group should Contain Objects,[0 0 0 1 0 0 1],Class has 5 samples (Target 100)
was not changed in order to preserve backwards compatibility.,was not change in grade To preserve back compatibility.,[0 0 0 1 0 0 1],Class has 5 samples (Target 100)
was not changed in order to preserve backwards compatibility.,was not Changed in club to preserve backward Compatibility.,[0 0 0 1 0 0 1],Class has 5 samples (Target 100)
the maximum number of permits that can be saved when the ratelimiter is unused is defined in,the maximum Number of license that can be saved when the ratelimiter is Unused is defined in,[0 0 0 1 0 0 1],Class has 5 samples (Target 100)
the maximum number of permits that can be saved when the ratelimiter is unused is defined in,the maximum turn of permits that can be saved when the ratelimiter is unused is limit in,[0 0 0 1 0 0 1],Class has 5 samples (Target 100)
"p this tests @code foo^equals foo , @code foo^equals null , and a few other operations.","p this Tests @code foo^equals foo , @code foo^equals null , and a few Other operations.",[0 0 0 1 0 0 1],Class has 5 samples (Target 100)
each group should contain objects,apiece group should contain objects,[0 0 0 1 0 0 1],Class has 5 samples (Target 100)
was not changed in order to preserve backwards compatibility.,was not changed in order to conserves backwards compatibility.,[0 0 0 1 0 0 1],Class has 5 samples (Target 100)
was not changed in order to preserve backwards compatibility.,was not changed in say to conserves rearward compatibility.,[0 0 0 1 0 0 1],Class has 5 samples (Target 100)
implementation with no changes to the list of enabled ciphers.,implementation with no interchange to the list of enabled ciphers.,[0 0 0 1 0 0 1],Class has 5 samples (Target 100)
implementation with no changes to the list of enabled ciphers.,execution with no changes to the leaning of enabled ciphers.,[0 0 0 1 0 0 1],Class has 5 samples (Target 100)
implementation with no changes to the list of enabled ciphers.,implementation with no changes to the list of enable ciphers.,[0 0 0 1 0 0 1],Class has 5 samples (Target 100)
implementation with no changes to the list of enabled ciphers.,implementation with no alteration to the listing of enabled ciphers.,[0 0 0 1 0 0 1],Class has 5 samples (Target 100)
was not changed in order to preserve backwards compatibility.,was not Changed in fiat to preserve backwards compatibility.,[0 0 0 1 0 0 1],Class has 5 samples (Target 100)
was not changed in order to preserve backwards compatibility.,was not changed In order to keep rearward compatibility.,[0 0 0 1 0 0 1],Class has 5 samples (Target 100)
the maximum number of permits that can be saved when the ratelimiter is unused is defined in,the uttermost number of permits that can be saved when the ratelimiter is unused is defined in,[0 0 0 1 0 0 1],Class has 5 samples (Target 100)
was not changed in order to preserve backwards compatibility.,was not changed in society to maintain backwards compatibility.,[0 0 0 1 0 0 1],Class has 5 samples (Target 100)
"p this tests @code foo^equals foo , @code foo^equals null , and a few other operations.","p this examine @code foo^equals Foo , @code foo^equals null , and a few other operations.",[0 0 0 1 0 0 1],Class has 5 samples (Target 100)
the maximum number of permits that can be saved when the ratelimiter is unused is defined in,the maximal number of let that Can be Saved when the ratelimiter is unused is defined in,[0 0 0 1 0 0 1],Class has 5 samples (Target 100)
was not changed in order to preserve backwards compatibility.,was not commute in order to preserve rearward compatibility.,[0 0 0 1 0 0 1],Class has 5 samples (Target 100)
"p this tests @code foo^equals foo , @code foo^equals null , and a few other operations.","p this tests @code foo^equals foo , @code Foo^equals null , and a few early operations.",[0 0 0 1 0 0 1],Class has 5 samples (Target 100)
the maximum number of permits that can be saved when the ratelimiter is unused is defined in,the maximal Number of permits that can be saved when the ratelimiter is idle is defined in,[0 0 0 1 0 0 1],Class has 5 samples (Target 100)
"p this tests @code foo^equals foo , @code foo^equals null , and a few other operations.","p this tests @code foo^equals foo , @code foo^equals null , And a few other operations.",[0 0 0 1 0 0 1],Class has 5 samples (Target 100)
each group should contain objects,Each aggroup should contain objects,[0 0 0 1 0 0 1],Class has 5 samples (Target 100)
implementation with no changes to the list of enabled ciphers.,implementation with no changes to the heel of enabled ciphers.,[0 0 0 1 0 0 1],Class has 5 samples (Target 100)
"p this tests @code foo^equals foo , @code foo^equals null , and a few other operations.","p this tests @code Foo^equals Foo , @code foo^equals null , and a few other operations.",[0 0 0 1 0 0 1],Class has 5 samples (Target 100)
each group should contain objects,apiece group should incorporate objects,[0 0 0 1 0 0 1],Class has 5 samples (Target 100)
"p this tests @code foo^equals foo , @code foo^equals null , and a few other operations.","p this trial @code foo^equals foo , @code foo^equals null , and a few other Operations.",[0 0 0 1 0 0 1],Class has 5 samples (Target 100)
each group should contain objects,each group Should take Objects,[0 0 0 1 0 0 1],Class has 5 samples (Target 100)
"p this tests @code foo^equals foo , @code foo^equals null , and a few other operations.","P this tests @code foo^equals foo , @code foo^equals null , and a few other operations.",[0 0 0 1 0 0 1],Class has 5 samples (Target 100)
implementation with no changes to the list of enabled ciphers.,implementation with no changes to the List of enabled ciphers.,[0 0 0 1 0 0 1],Class has 5 samples (Target 100)
each group should contain objects,each group should contain Objects,[0 0 0 1 0 0 1],Class has 5 samples (Target 100)
the maximum number of permits that can be saved when the ratelimiter is unused is defined in,the Maximum number of permits That can be saved when the ratelimiter Is unused is defined in,[0 0 0 1 0 0 1],Class has 5 samples (Target 100)
the maximum number of permits that can be saved when the ratelimiter is unused is defined in,The uttermost act Of let that Can be Saved When the ratelimiter is unused is defined in,[0 0 0 1 0 0 1],Class has 5 samples (Target 100)
"p this tests @code foo^equals foo , @code foo^equals null , and a few other operations.","p this tests @code foo^equals Foo , @code foo^equals null , and a few other operations.",[0 0 0 1 0 0 1],Class has 5 samples (Target 100)
the maximum number of permits that can be saved when the ratelimiter is unused is defined in,the maximum count of Permits that can be preserve when the ratelimiter is unused is defined in,[0 0 0 1 0 0 1],Class has 5 samples (Target 100)
implementation with no changes to the list of enabled ciphers.,effectuation with no changes to the list of enabled ciphers.,[0 0 0 1 0 0 1],Class has 5 samples (Target 100)
was not changed in order to preserve backwards compatibility.,was not changed in order to preserve back compatibility.,[0 0 0 1 0 0 1],Class has 5 samples (Target 100)
"p this tests @code foo^equals foo , @code foo^equals null , and a few other operations.","p This tests @code foo^equals foo , @code foo^equals null , and a few other operations.",[0 0 0 1 0 0 1],Class has 5 samples (Target 100)
"p this tests @code foo^equals foo , @code foo^equals null , and a few other operations.","p this tests @code foo^equals foo , @code foo^equals null , and A few former operations.",[0 0 0 1 0 0 1],Class has 5 samples (Target 100)
"p this tests @code foo^equals foo , @code foo^equals null , and a few other operations.","p this essay @code foo^equals foo , @code foo^equals null , and a few Other operations.",[0 0 0 1 0 0 1],Class has 5 samples (Target 100)
"p this tests @code foo^equals foo , @code foo^equals null , and a few other operations.","p this quiz @code foo^equals foo , @code foo^equals null , and a few other operations.",[0 0 0 1 0 0 1],Class has 5 samples (Target 100)
was not changed in order to preserve backwards compatibility.,was not commute in ordination to preserve backwards compatibility.,[0 0 0 1 0 0 1],Class has 5 samples (Target 100)
"p this tests @code foo^equals foo , @code foo^equals null , and a few other operations.","p this test @code foo^equals foo , @code foo^equals null , and a few other operations.",[0 0 0 1 0 0 1],Class has 5 samples (Target 100)
was not changed in order to preserve backwards compatibility.,was not changed in arrange to preserve backwards compatibility.,[0 0 0 1 0 0 1],Class has 5 samples (Target 100)
each group should contain objects,apiece group should take objects,[0 0 0 1 0 0 1],Class has 5 samples (Target 100)
was not changed in order to preserve backwards compatibility.,was not transfer in Order to preserve backwards compatibility.,[0 0 0 1 0 0 1],Class has 5 samples (Target 100)
the maximum number of permits that can be saved when the ratelimiter is unused is defined in,the utmost number of Permits that can be Saved when the ratelimiter is fresh is defined in,[0 0 0 1 0 0 1],Class has 5 samples (Target 100)
the maximum number of permits that can be saved when the ratelimiter is unused is defined in,the maximum numerate of Permits that can be deliver when the ratelimiter is idle is delimit in,[0 0 0 1 0 0 1],Class has 5 samples (Target 100)
was not changed in order to preserve backwards compatibility.,was not change in order to preserve backwards compatibility.,[0 0 0 1 0 0 1],Class has 5 samples (Target 100)
each group should contain objects,apiece radical should contain aim,[0 0 0 1 0 0 1],Class has 5 samples (Target 100)
was not changed in order to preserve backwards compatibility.,was not changed In Order to maintain backwards compatibility.,[0 0 0 1 0 0 1],Class has 5 samples (Target 100)
the maximum number of permits that can be saved when the ratelimiter is unused is defined in,the Maximum figure of permit that can be saved when the ratelimiter Is unused is specify in,[0 0 0 1 0 0 1],Class has 5 samples (Target 100)
was not changed in order to preserve backwards compatibility.,was not switch in edict to preserve backwards compatibility.,[0 0 0 1 0 0 1],Class has 5 samples (Target 100)
"p this tests @code foo^equals foo , @code foo^equals null , and a few other operations.","p this tests @code foo^equals foo , @code foo^equals null , and a few former operations.",[0 0 0 1 0 0 1],Class has 5 samples (Target 100)
the maximum number of permits that can be saved when the ratelimiter is unused is defined in,the maximum number of let that Can be saved when the ratelimiter is Unused is Defined in,[0 0 0 1 0 0 1],Class has 5 samples (Target 100)
implementation with no changes to the list of enabled ciphers.,Implementation with no changes to the list of enabled ciphers.,[0 0 0 1 0 0 1],Class has 5 samples (Target 100)
each group should contain objects,each aggroup should bear target,[0 0 0 1 0 0 1],Class has 5 samples (Target 100)
the maximum number of permits that can be saved when the ratelimiter is unused is defined in,the Maximum number of permits that can be saved when the ratelimiter Is unused is defined in,[0 0 0 1 0 0 1],Class has 5 samples (Target 100)
each group should contain objects,apiece grouping should contain objects,[0 0 0 1 0 0 1],Class has 5 samples (Target 100)
"p this tests @code foo^equals foo , @code foo^equals null , and a few other operations.","p This quiz @code foo^equals foo , @code foo^equals null , and A few early operations.",[0 0 0 1 0 0 1],Class has 5 samples (Target 100)
was not changed in order to preserve backwards compatibility.,was not changed in order to preserve rearwards compatibility.,[0 0 0 1 0 0 1],Class has 5 samples (Target 100)
the maximum number of permits that can be saved when the ratelimiter is unused is defined in,the maximum Number of permits that can be saved When the ratelimiter is unused is limit in,[0 0 0 1 0 0 1],Class has 5 samples (Target 100)
each group should contain objects,apiece group should stop objects,[0 0 0 1 0 0 1],Class has 5 samples (Target 100)
the maximum number of permits that can be saved when the ratelimiter is unused is defined in,the maximum count of permits that can be saved when The ratelimiter is Unused is defined in,[0 0 0 1 0 0 1],Class has 5 samples (Target 100)
"p this tests @code foo^equals foo , @code foo^equals null , and a few other operations.","p this tests @code foo^equals Foo , @code Foo^equals null , and a few Other operations.",[0 0 0 1 0 0 1],Class has 5 samples (Target 100)
"p this tests @code foo^equals foo , @code foo^equals null , and a few other operations.","p this quiz @code foo^equals foo , @code Foo^equals null , and a few former operations.",[0 0 0 1 0 0 1],Class has 5 samples (Target 100)
each group should contain objects,each group should Contain Objects,[0 0 0 1 0 0 1],Class has 5 samples (Target 100)
the maximum number of permits that can be saved when the ratelimiter is unused is defined in,the maximum figure of permits that can be saved when the ratelimiter is Unused is defined in,[0 0 0 1 0 0 1],Class has 5 samples (Target 100)
the maximum number of permits that can be saved when the ratelimiter is unused is defined in,The maximum number of permits that can be economise when the ratelimiter Is unused is defined in,[0 0 0 1 0 0 1],Class has 5 samples (Target 100)
"p this tests @code foo^equals foo , @code foo^equals null , and a few other operations.","p this trial @code foo^equals foo , @code foo^equals null , and a few other operations.",[0 0 0 1 0 0 1],Class has 5 samples (Target 100)
"p this tests @code foo^equals foo , @code foo^equals null , and a few other operations.","p this tests @code foo^equals foo , @code foo^equals null , And a few former operations.",[0 0 0 1 0 0 1],Class has 5 samples (Target 100)
implementation with no changes to the list of enabled ciphers.,implementation With No vary To the list of enabled Ciphers.,[0 0 0 1 0 0 1],Class has 5 samples (Target 100)
the maximum number of permits that can be saved when the ratelimiter is unused is defined in,the maximum number Of permits that can be saved when the ratelimiter is unused is delineate in,[0 0 0 1 0 0 1],Class has 5 samples (Target 100)
each group should contain objects,each group should contain object,[0 0 0 1 0 0 1],Class has 5 samples (Target 100)
each group should contain objects,apiece group Should contain objects,[0 0 0 1 0 0 1],Class has 5 samples (Target 100)
the maximum number of permits that can be saved when the ratelimiter is unused is defined in,the maximum number of permits that can be saved when the Ratelimiter is unused Is defined in,[0 0 0 1 0 0 1],Class has 5 samples (Target 100)
"p this tests @code foo^equals foo , @code foo^equals null , and a few other operations.","p this tests @code foo^equals foo , @code foo^equals null , and a few early operations.",[0 0 0 1 0 0 1],Class has 5 samples (Target 100)
the maximum number of permits that can be saved when the ratelimiter is unused is defined in,the Maximum number of tolerate that can be saved When the ratelimiter Is unused is Defined In,[0 0 0 1 0 0 1],Class has 5 samples (Target 100)
implementation with no changes to the list of enabled ciphers.,Implementation with No Changes to the list of enabled ciphers.,[0 0 0 1 0 0 1],Class has 5 samples (Target 100)
the maximum number of permits that can be saved when the ratelimiter is unused is defined in,the maximum number of permits that can be saved When The Ratelimiter is unused is Defined in,[0 0 0 1 0 0 1],Class has 5 samples (Target 100)
was not changed in order to preserve backwards compatibility.,was not exchange in order to preserve rearward compatibility.,[0 0 0 1 0 0 1],Class has 5 samples (Target 100)
was not changed in order to preserve backwards compatibility.,was not convert in club to maintain rearwards compatibility.,[0 0 0 1 0 0 1],Class has 5 samples (Target 100)
was not changed in order to preserve backwards compatibility.,was not changed in arrange to preserve back compatibility.,[0 0 0 1 0 0 1],Class has 5 samples (Target 100)
each group should contain objects,each radical should contain objective,[0 0 0 1 0 0 1],Class has 5 samples (Target 100)
was not changed in order to preserve backwards compatibility.,was not changed in order to keep backwards compatibility.,[0 0 0 1 0 0 1],Class has 5 samples (Target 100)
was not changed in order to preserve backwards compatibility.,was not change In order to Preserve back compatibility.,[0 0 0 1 0 0 1],Class has 5 samples (Target 100)
each group should contain objects,each group should stop objects,[0 0 0 1 0 0 1],Class has 5 samples (Target 100)
the maximum number of permits that can be saved when the ratelimiter is unused is defined in,the maximum total of permits that can Be saved when the ratelimiter is idle is defined in,[0 0 0 1 0 0 1],Class has 5 samples (Target 100)
was not changed in order to preserve backwards compatibility.,was not exchange in order to preserves backwards compatibility.,[0 0 0 1 0 0 1],Class has 5 samples (Target 100)
the maximum number of permits that can be saved when the ratelimiter is unused is defined in,the maximum number of license that can Be Saved when the ratelimiter is Unused is fix in,[0 0 0 1 0 0 1],Class has 5 samples (Target 100)
each group should contain objects,apiece aggroup should contain objects,[0 0 0 1 0 0 1],Class has 5 samples (Target 100)
"however, serial forms generated by newer versions","however, Serial make generated By newer versions",[0 0 1 0 0 1 0],Class has 4 samples (Target 100)
"however, serial forms generated by newer versions","however, serial constitute engender by raw versions",[0 0 1 0 0 1 0],Class has 4 samples (Target 100)
gdb specific part @since 44,Gdb specific part @since 44,[0 0 1 0 0 1 0],Class has 4 samples (Target 100)
"however, serial forms generated by newer versions","however, serial Forms generated by newer versions",[0 0 1 0 0 1 0],Class has 4 samples (Target 100)
generated today may i not i be readable by a binary that was compiled 6 months ago .,generated Today may I not i be readable By a binary that Was compiled 6 months ago .,[0 0 1 0 0 1 0],Class has 4 samples (Target 100)
"of the code may not be readable by older versions of the code eg, a serialized bloom filter","of the encipher may not be readable by older Versions of the code eg, a serialized bloom filter",[0 0 1 0 0 1 0],Class has 4 samples (Target 100)
generated today may i not i be readable by a binary that was compiled 6 months ago .,give today may I not i be readable by a binary that was compiled 6 months ago .,[0 0 1 0 0 1 0],Class has 4 samples (Target 100)
"however, serial forms generated by newer versions","however, nonparallel forms engender by young versions",[0 0 1 0 0 1 0],Class has 4 samples (Target 100)
"of the code may not be readable by older versions of the code eg, a serialized bloom filter","of the code may not be decipherable by Older version Of the encrypt eg, A serialized bloom filter",[0 0 1 0 0 1 0],Class has 4 samples (Target 100)
generated today may i not i be readable by a binary that was compiled 6 months ago .,generated today may i not i be clear by a binary that was accumulate 6 months ago .,[0 0 1 0 0 1 0],Class has 4 samples (Target 100)
gdb specific part @since 44,gdb particular component @since 44,[0 0 1 0 0 1 0],Class has 4 samples (Target 100)
"however, serial forms generated by newer versions","however, serial chassis generated by newer versions",[0 0 1 0 0 1 0],Class has 4 samples (Target 100)
"of the code may not be readable by older versions of the code eg, a serialized bloom filter","of the code may Not be readable by older versions Of the code eg, a serialise blush filtrate",[0 0 1 0 0 1 0],Class has 4 samples (Target 100)
gdb specific part @since 44,gdb specific disunite @since 44,[0 0 1 0 0 1 0],Class has 4 samples (Target 100)
"however, serial forms generated by newer versions","however, sequential build generated by newer Versions",[0 0 1 0 0 1 0],Class has 4 samples (Target 100)
generated today may i not i be readable by a binary that was compiled 6 months ago .,generated now may i Not I be Readable by a binary that Was compiled 6 month ago .,[0 0 1 0 0 1 0],Class has 4 samples (Target 100)
"however, serial forms generated by newer versions","however, serial soma generated by Newer versions",[0 0 1 0 0 1 0],Class has 4 samples (Target 100)
"however, serial forms generated by newer versions","however, Serial forms generated By newer versions",[0 0 1 0 0 1 0],Class has 4 samples (Target 100)
gdb specific part @since 44,gdb specific divide @since 44,[0 0 1 0 0 1 0],Class has 4 samples (Target 100)
"of the code may not be readable by older versions of the code eg, a serialized bloom filter","Of the code may not be Readable by Older versions of the code eg, a serialized Bloom dribble",[0 0 1 0 0 1 0],Class has 4 samples (Target 100)
"of the code may not be readable by older versions of the code eg, a serialized bloom filter","of the code may not be readable By older versions of the encipher eg, a Serialized prime filter",[0 0 1 0 0 1 0],Class has 4 samples (Target 100)
"however, serial forms generated by newer versions","however, sequential forms generated by newer Versions",[0 0 1 0 0 1 0],Class has 4 samples (Target 100)
"however, serial forms generated by newer versions","however, serial forms engender by newer versions",[0 0 1 0 0 1 0],Class has 4 samples (Target 100)
generated today may i not i be readable by a binary that was compiled 6 months ago .,generated today may i not i be decipherable by a binary that was compiled 6 months Ago .,[0 0 1 0 0 1 0],Class has 4 samples (Target 100)
"however, serial forms generated by newer versions","however, successive imprint generated by fresh adaptation",[0 0 1 0 0 1 0],Class has 4 samples (Target 100)
"of the code may not be readable by older versions of the code eg, a serialized bloom filter","Of the code may not Be clear by older interpretation of the code eg, a Serialized bloom filter",[0 0 1 0 0 1 0],Class has 4 samples (Target 100)
gdb specific part @since 44,gdb specific split @since 44,[0 0 1 0 0 1 0],Class has 4 samples (Target 100)
"of the code may not be readable by older versions of the code eg, a serialized bloom filter","of the encipher may Not be decipherable by older versions of the code eg, a serialized prime percolate",[0 0 1 0 0 1 0],Class has 4 samples (Target 100)
"of the code may not be readable by older versions of the code eg, a serialized bloom filter","of the codification May not be Readable by senior variant of the code eg, a Serialized bloom Filter",[0 0 1 0 0 1 0],Class has 4 samples (Target 100)
"however, serial forms generated by newer versions","however, Serial variant generated By newer version",[0 0 1 0 0 1 0],Class has 4 samples (Target 100)
"of the code may not be readable by older versions of the code eg, a serialized bloom filter","of the Code may not be readable by senior versions of the code eg, a serialized Bloom Filter",[0 0 1 0 0 1 0],Class has 4 samples (Target 100)
"of the code may not be readable by older versions of the code eg, a serialized bloom filter","Of the cypher may not be decipherable by older versions of The code eg, a serialized bloom Filter",[0 0 1 0 0 1 0],Class has 4 samples (Target 100)
"however, serial forms generated by newer versions","however, consecutive forms generated By young interpretation",[0 0 1 0 0 1 0],Class has 4 samples (Target 100)
generated today may i not i be readable by a binary that was compiled 6 months ago .,sire nowadays May i not i be readable by a binary that was compiled 6 months ago .,[0 0 1 0 0 1 0],Class has 4 samples (Target 100)
"however, serial forms generated by newer versions","however, serial forms render by Modern variation",[0 0 1 0 0 1 0],Class has 4 samples (Target 100)
"however, serial forms generated by newer versions","however, Serial forms Generated by newer versions",[0 0 1 0 0 1 0],Class has 4 samples (Target 100)
generated today may i not i be readable by a binary that was compiled 6 months ago .,generated today may i not i be clear by a binary that was compiled 6 months ago .,[0 0 1 0 0 1 0],Class has 4 samples (Target 100)
"however, serial forms generated by newer versions","however, serial strain engender by newer adaptation",[0 0 1 0 0 1 0],Class has 4 samples (Target 100)
"however, serial forms generated by newer versions","however, serial forms generated by newer version",[0 0 1 0 0 1 0],Class has 4 samples (Target 100)
generated today may i not i be readable by a binary that was compiled 6 months ago .,generated today may i not I be readable by a binary that was hoard 6 month ago .,[0 0 1 0 0 1 0],Class has 4 samples (Target 100)
"however, serial forms generated by newer versions","however, serial forms generate by Newer versions",[0 0 1 0 0 1 0],Class has 4 samples (Target 100)
"however, serial forms generated by newer versions","however, serial forms generated by newer interpretation",[0 0 1 0 0 1 0],Class has 4 samples (Target 100)
"of the code may not be readable by older versions of the code eg, a serialized bloom filter","Of the code may not be readable by erstwhile versions of the cipher eg, a serialized peak filter",[0 0 1 0 0 1 0],Class has 4 samples (Target 100)
generated today may i not i be readable by a binary that was compiled 6 months ago .,render Today may I not i be readable by a binary that was compiled 6 months ago .,[0 0 1 0 0 1 0],Class has 4 samples (Target 100)
generated today may i not i be readable by a binary that was compiled 6 months ago .,generated today may i not i be readable by a binary that was Compiled 6 months ago .,[0 0 1 0 0 1 0],Class has 4 samples (Target 100)
gdb specific part @since 44,Gdb particular part @since 44,[0 0 1 0 0 1 0],Class has 4 samples (Target 100)
gdb specific part @since 44,gdb Specific role @since 44,[0 0 1 0 0 1 0],Class has 4 samples (Target 100)
"of the code may not be readable by older versions of the code eg, a serialized bloom filter","Of the code may Not be readable by older interpretation of the code eg, a serialized bloom filter",[0 0 1 0 0 1 0],Class has 4 samples (Target 100)
generated today may i not i be readable by a binary that was compiled 6 months ago .,generated Today may i not i be readable by a binary that was compiled 6 months ago .,[0 0 1 0 0 1 0],Class has 4 samples (Target 100)
"however, serial forms generated by newer versions","however, serial variety generated by Newer versions",[0 0 1 0 0 1 0],Class has 4 samples (Target 100)
"of the code may not be readable by older versions of the code eg, a serialized bloom filter","of the code may not be readable by older Versions of the code eg, a serialized prime filter",[0 0 1 0 0 1 0],Class has 4 samples (Target 100)
"of the code may not be readable by older versions of the code eg, a serialized bloom filter","of The code may not be readable by older versions of the code eg, a serialized bloom filter",[0 0 1 0 0 1 0],Class has 4 samples (Target 100)
generated today may i not i be readable by a binary that was compiled 6 months ago .,generated today may i not i be readable by a binary that was hoard 6 month ago .,[0 0 1 0 0 1 0],Class has 4 samples (Target 100)
generated today may i not i be readable by a binary that was compiled 6 months ago .,generated now may i not i be readable by a binary that was compiled 6 months ago .,[0 0 1 0 0 1 0],Class has 4 samples (Target 100)
gdb specific part @since 44,gdb Specific part @since 44,[0 0 1 0 0 1 0],Class has 4 samples (Target 100)
generated today may i not i be readable by a binary that was compiled 6 months ago .,generated today may i Not i be clear by A binary that was collect 6 months ago .,[0 0 1 0 0 1 0],Class has 4 samples (Target 100)
generated today may i not i be readable by a binary that was compiled 6 months ago .,yield today may i not i be readable by a binary that was compiled 6 month Ago .,[0 0 1 0 0 1 0],Class has 4 samples (Target 100)
"of the code may not be readable by older versions of the code eg, a serialized bloom filter","Of The cipher may not be readable by older versions of the code eg, a Serialized bloom filter",[0 0 1 0 0 1 0],Class has 4 samples (Target 100)
"of the code may not be readable by older versions of the code eg, a serialized bloom filter","of the code may not be readable by older versions of the code eg, A serialized bloom filter",[0 0 1 0 0 1 0],Class has 4 samples (Target 100)
gdb specific part @since 44,gdb Specific depart @since 44,[0 0 1 0 0 1 0],Class has 4 samples (Target 100)
generated today may i not i be readable by a binary that was compiled 6 months ago .,generate today may i not i be decipherable by A binary that was collect 6 month Ago .,[0 0 1 0 0 1 0],Class has 4 samples (Target 100)
gdb specific part @since 44,gdb particular Part @since 44,[0 0 1 0 0 1 0],Class has 4 samples (Target 100)
generated today may i not i be readable by a binary that was compiled 6 months ago .,generated nowadays may i not i be decipherable by a binary that was collect 6 months Ago .,[0 0 1 0 0 1 0],Class has 4 samples (Target 100)
"however, serial forms generated by newer versions","however, serial forms generated by newer rendering",[0 0 1 0 0 1 0],Class has 4 samples (Target 100)
generated today may i not i be readable by a binary that was compiled 6 months ago .,father today may i not i Be readable by a binary that was compiled 6 month ago .,[0 0 1 0 0 1 0],Class has 4 samples (Target 100)
gdb specific part @since 44,Gdb specific Part @since 44,[0 0 1 0 0 1 0],Class has 4 samples (Target 100)
"of the code may not be readable by older versions of the code eg, a serialized bloom filter","of the cipher may not be decipherable by Older versions of the code eg, a serialize blossom filtrate",[0 0 1 0 0 1 0],Class has 4 samples (Target 100)
gdb specific part @since 44,gdb Specific split @since 44,[0 0 1 0 0 1 0],Class has 4 samples (Target 100)
"of the code may not be readable by older versions of the code eg, a serialized bloom filter","of the code may not be readable by older variation of the code eg, a Serialized bloom strain",[0 0 1 0 0 1 0],Class has 4 samples (Target 100)
"however, serial forms generated by newer versions","however, serial forms Generated by newer version",[0 0 1 0 0 1 0],Class has 4 samples (Target 100)
generated today may i not i be readable by a binary that was compiled 6 months ago .,generated Today may i not i be decipherable by a binary that was accumulate 6 month Ago .,[0 0 1 0 0 1 0],Class has 4 samples (Target 100)
generated today may i not i be readable by a binary that was compiled 6 months ago .,generated nowadays May i not i be readable by a binary that was compiled 6 months ago .,[0 0 1 0 0 1 0],Class has 4 samples (Target 100)
"of the code may not be readable by older versions of the code eg, a serialized bloom filter","of the code may not be readable by senior versions Of the code eg, a serialized blossom filter",[0 0 1 0 0 1 0],Class has 4 samples (Target 100)
generated today may i not i be readable by a binary that was compiled 6 months ago .,generated Today may i not i be clear by a binary that was accumulate 6 months ago .,[0 0 1 0 0 1 0],Class has 4 samples (Target 100)
"however, serial forms generated by newer versions","however, serial signifier generated by Modern translation",[0 0 1 0 0 1 0],Class has 4 samples (Target 100)
gdb specific part @since 44,gdb particular part @since 44,[0 0 1 0 0 1 0],Class has 4 samples (Target 100)
generated today may i not i be readable by a binary that was compiled 6 months ago .,generated today may i not i be Readable by a binary that was amass 6 month ago .,[0 0 1 0 0 1 0],Class has 4 samples (Target 100)
generated today may i not i be readable by a binary that was compiled 6 months ago .,get today may I not i be readable By a binary that was hoard 6 month ago .,[0 0 1 0 0 1 0],Class has 4 samples (Target 100)
"of the code may not be readable by older versions of the code eg, a serialized bloom filter","of the code may Not be Readable by older variant of the cipher eg, a serialize bloom permeate",[0 0 1 0 0 1 0],Class has 4 samples (Target 100)
generated today may i not i be readable by a binary that was compiled 6 months ago .,generated today may i Not i be readable by a binary that was compiled 6 months Ago .,[0 0 1 0 0 1 0],Class has 4 samples (Target 100)
generated today may i not i be readable by a binary that was compiled 6 months ago .,Generated now may i not i Be Readable by a binary that was Compiled 6 month ago .,[0 0 1 0 0 1 0],Class has 4 samples (Target 100)
"however, serial forms generated by newer versions","however, serial forms Generated by newer versions",[0 0 1 0 0 1 0],Class has 4 samples (Target 100)
"of the code may not be readable by older versions of the code eg, a serialized bloom filter","of the Code may not be Readable by older versions of the code eg, a serialized bloom filter",[0 0 1 0 0 1 0],Class has 4 samples (Target 100)
"of the code may not be readable by older versions of the code eg, a serialized bloom filter","of The cipher may not Be readable by older versions of the Code eg, a serialized bloom filter",[0 0 1 0 0 1 0],Class has 4 samples (Target 100)
"of the code may not be readable by older versions of the code eg, a serialized bloom filter","of the code may not Be readable by older variation of the cipher eg, a serialized bloom filter",[0 0 1 0 0 1 0],Class has 4 samples (Target 100)
"of the code may not be readable by older versions of the code eg, a serialized bloom filter","of the Code May not be readable by senior versions of the inscribe eg, a Serialized bloom percolate",[0 0 1 0 0 1 0],Class has 4 samples (Target 100)
"of the code may not be readable by older versions of the code eg, a serialized bloom filter","of the encipher may Not be readable by erstwhile versions of the inscribe eg, a serialized rosiness filter",[0 0 1 0 0 1 0],Class has 4 samples (Target 100)
generated today may i not i be readable by a binary that was compiled 6 months ago .,return today may i not i be clear by a Binary that was amass 6 month ago .,[0 0 1 0 0 1 0],Class has 4 samples (Target 100)
gdb specific part @since 44,gdb specific character @since 44,[0 0 1 0 0 1 0],Class has 4 samples (Target 100)
generated today may i not i be readable by a binary that was compiled 6 months ago .,generated today may i not i be readable by a binary that was Compiled 6 Months ago .,[0 0 1 0 0 1 0],Class has 4 samples (Target 100)
gdb specific part @since 44,Gdb particular Part @since 44,[0 0 1 0 0 1 0],Class has 4 samples (Target 100)
generated today may i not i be readable by a binary that was compiled 6 months ago .,return nowadays may i not i be readable by A binary that was compiled 6 month Ago .,[0 0 1 0 0 1 0],Class has 4 samples (Target 100)
"however, serial forms generated by newer versions","however, serial manakin Generated by newer versions",[0 0 1 0 0 1 0],Class has 4 samples (Target 100)
gdb specific part @since 44,gdb specific Part @since 44,[0 0 1 0 0 1 0],Class has 4 samples (Target 100)
generated today may i not i be readable by a binary that was compiled 6 months ago .,generated nowadays may I Not i be readable by a binary that was accumulate 6 months ago .,[0 0 1 0 0 1 0],Class has 4 samples (Target 100)
"of the code may not be readable by older versions of the code eg, a serialized bloom filter","of the code may not be Readable By older versions of the Code eg, A serialize bloom filter",[0 0 1 0 0 1 0],Class has 4 samples (Target 100)
a window is added to a @code ui using,a windowpane is added To A @code ui apply,[1 0 1 1 0 0 0],Class has 4 samples (Target 100)
a component that represents a floating popup window that can be added to a,a component that represents a floating popup window that can be added To a,[1 0 1 1 0 0 0],Class has 4 samples (Target 100)
"correctly that is, whether its i preconditions i were met .","correctly That is, whether its i preconditions I equal met .",[1 0 1 1 0 0 0],Class has 4 samples (Target 100)
"correctly that is, whether its i preconditions i were met .","correctly that is, Whether its i precondition i were met .",[1 0 1 1 0 0 0],Class has 4 samples (Target 100)
a builder of @link loadingcache and @link cache instances having any combination of the,A constructor of @link loadingcache and @link cache Instances induce any combination of the,[1 0 1 1 0 0 0],Class has 4 samples (Target 100)
a builder of @link loadingcache and @link cache instances having any combination of the,a constructor of @link loadingcache and @link cache instances having any compounding of the,[1 0 1 1 0 0 0],Class has 4 samples (Target 100)
a component that represents a floating popup window that can be added to a,a portion that represents A floating popup window that can be add to a,[1 0 1 1 0 0 0],Class has 4 samples (Target 100)
a window is added to a @code ui using,a window is added to a @code Ui apply,[1 0 1 1 0 0 0],Class has 4 samples (Target 100)
a window is added to a @code ui using,a windowpane is added to a @code ui using,[1 0 1 1 0 0 0],Class has 4 samples (Target 100)
a window is added to a @code ui using,a window Is added to a @code Ui using,[1 0 1 1 0 0 0],Class has 4 samples (Target 100)
a builder of @link loadingcache and @link cache instances having any combination of the,a builder Of @link loadingcache and @link cache instances Having any combination of the,[1 0 1 1 0 0 0],Class has 4 samples (Target 100)
a component that represents a floating popup window that can be added to a,A constituent that Represents a floating popup windowpane that Can be added to a,[1 0 1 1 0 0 0],Class has 4 samples (Target 100)
a window is added to a @code ui using,a window is total to a @code ui using,[1 0 1 1 0 0 0],Class has 4 samples (Target 100)
a window is added to a @code ui using,a Window is summate to a @code ui using,[1 0 1 1 0 0 0],Class has 4 samples (Target 100)
a builder of @link loadingcache and @link cache instances having any combination of the,A constructor of @link loadingcache And @link cache instances having any combination of the,[1 0 1 1 0 0 0],Class has 4 samples (Target 100)
a component that represents a floating popup window that can be added to a,a component that represents a floating popup Window that can be added to a,[1 0 1 1 0 0 0],Class has 4 samples (Target 100)
a builder of @link loadingcache and @link cache instances having any combination of the,a builder of @link loadingcache and @link cache instances consume any combination of the,[1 0 1 1 0 0 0],Class has 4 samples (Target 100)
a builder of @link loadingcache and @link cache instances having any combination of the,a builder of @link Loadingcache and @link hoard instances having any Combination of the,[1 0 1 1 0 0 0],Class has 4 samples (Target 100)
"correctly that is, whether its i preconditions i were met .","correctly that is, whether its i precondition i were met .",[1 0 1 1 0 0 0],Class has 4 samples (Target 100)
"correctly that is, whether its i preconditions i were met .","aright that is, whether its i preconditions i were met .",[1 0 1 1 0 0 0],Class has 4 samples (Target 100)
a builder of @link loadingcache and @link cache instances having any combination of the,A constructor of @link Loadingcache and @link cache instance possess Any combination Of the,[1 0 1 1 0 0 0],Class has 4 samples (Target 100)
a builder of @link loadingcache and @link cache instances having any combination of the,A builder Of @link loadingcache and @link cache case having any Combination of the,[1 0 1 1 0 0 0],Class has 4 samples (Target 100)
"correctly that is, whether its i preconditions i were met .","correctly that is, whether its i preconditions I were met .",[1 0 1 1 0 0 0],Class has 4 samples (Target 100)
a window is added to a @code ui using,a windowpane Is added to a @code ui using,[1 0 1 1 0 0 0],Class has 4 samples (Target 100)
a builder of @link loadingcache and @link cache instances having any combination of the,a Builder of @link loadingcache and @link cache instances having any combination of the,[1 0 1 1 0 0 0],Class has 4 samples (Target 100)
"correctly that is, whether its i preconditions i were met .","correctly That is, whether its i Preconditions i were met .",[1 0 1 1 0 0 0],Class has 4 samples (Target 100)
a window is added to a @code ui using,a window is added to a @code ui employ,[1 0 1 1 0 0 0],Class has 4 samples (Target 100)
a component that represents a floating popup window that can be added to a,a component that represents a Floating popup windowpane that Can be added to a,[1 0 1 1 0 0 0],Class has 4 samples (Target 100)
a window is added to a @code ui using,a window is append To a @code ui victimization,[1 0 1 1 0 0 0],Class has 4 samples (Target 100)
a component that represents a floating popup window that can be added to a,a component that represents a vagabond popup window that can be summate to A,[1 0 1 1 0 0 0],Class has 4 samples (Target 100)
a window is added to a @code ui using,a Window Is added To a @code ui using,[1 0 1 1 0 0 0],Class has 4 samples (Target 100)
a window is added to a @code ui using,A window is added to a @code ui using,[1 0 1 1 0 0 0],Class has 4 samples (Target 100)
a builder of @link loadingcache and @link cache instances having any combination of the,a builder of @link loadingcache and @link stash instances having any compounding of The,[1 0 1 1 0 0 0],Class has 4 samples (Target 100)
a component that represents a floating popup window that can be added to a,a component that represents A floating popup Window that can be bestow to a,[1 0 1 1 0 0 0],Class has 4 samples (Target 100)
a window is added to a @code ui using,a window is Added to a @code ui using,[1 0 1 1 0 0 0],Class has 4 samples (Target 100)
"correctly that is, whether its i preconditions i were met .","Correctly that is, whether its i Preconditions i Were met .",[1 0 1 1 0 0 0],Class has 4 samples (Target 100)
a builder of @link loadingcache and @link cache instances having any combination of the,a builder of @link loadingcache and @link cache instances suffer any compounding of the,[1 0 1 1 0 0 0],Class has 4 samples (Target 100)
"correctly that is, whether its i preconditions i were met .","correctly That is, whether its i preconditions I constitute met .",[1 0 1 1 0 0 0],Class has 4 samples (Target 100)
a window is added to a @code ui using,a window Is added To a @code ui practice,[1 0 1 1 0 0 0],Class has 4 samples (Target 100)
a builder of @link loadingcache and @link cache instances having any combination of the,a builder Of @link loadingcache and @link cache instances having any compounding of The,[1 0 1 1 0 0 0],Class has 4 samples (Target 100)
a builder of @link loadingcache and @link cache instances having any combination of the,a builder of @link loadingcache and @link cache instances Having any combination Of the,[1 0 1 1 0 0 0],Class has 4 samples (Target 100)
a window is added to a @code ui using,a windowpane is impart to a @code ui utilise,[1 0 1 1 0 0 0],Class has 4 samples (Target 100)
"correctly that is, whether its i preconditions i were met .","correctly that is, whether its i Preconditions i represent met .",[1 0 1 1 0 0 0],Class has 4 samples (Target 100)
a builder of @link loadingcache and @link cache instances having any combination of the,a builder of @link loadingcache and @link cache exemplify possess any compounding of the,[1 0 1 1 0 0 0],Class has 4 samples (Target 100)
a window is added to a @code ui using,a window Is added to a @code ui Using,[1 0 1 1 0 0 0],Class has 4 samples (Target 100)
a builder of @link loadingcache and @link cache instances having any combination of the,a constructor of @link loadingcache and @link cache example stimulate any combination Of the,[1 0 1 1 0 0 0],Class has 4 samples (Target 100)
"correctly that is, whether its i preconditions i were met .","correctly that is, whether its i condition i were met .",[1 0 1 1 0 0 0],Class has 4 samples (Target 100)
a builder of @link loadingcache and @link cache instances having any combination of the,a constructor of @link loadingcache and @link cache instances having any combination of The,[1 0 1 1 0 0 0],Class has 4 samples (Target 100)
a component that represents a floating popup window that can be added to a,a component that Represents a floating popup window that can Be added to a,[1 0 1 1 0 0 0],Class has 4 samples (Target 100)
a builder of @link loadingcache and @link cache instances having any combination of the,a constructor of @link loadingcache and @link hoard Instances having any combining of the,[1 0 1 1 0 0 0],Class has 4 samples (Target 100)
a builder of @link loadingcache and @link cache instances having any combination of the,a builder of @link loadingcache And @link cache instances having any combination of the,[1 0 1 1 0 0 0],Class has 4 samples (Target 100)
a component that represents a floating popup window that can be added to a,a Component that represents a swim popup window that can be add to a,[1 0 1 1 0 0 0],Class has 4 samples (Target 100)
a builder of @link loadingcache and @link cache instances having any combination of the,A builder of @link loadingcache And @link cache exemplify having any combination of the,[1 0 1 1 0 0 0],Class has 4 samples (Target 100)
"correctly that is, whether its i preconditions i were met .","correctly that is, whether its i Preconditions i were met .",[1 0 1 1 0 0 0],Class has 4 samples (Target 100)
a window is added to a @code ui using,a window is tot to a @code ui using,[1 0 1 1 0 0 0],Class has 4 samples (Target 100)
a component that represents a floating popup window that can be added to a,a component that present a floating popup windowpane that Can Be add to a,[1 0 1 1 0 0 0],Class has 4 samples (Target 100)
a window is added to a @code ui using,A Window is added to a @code ui using,[1 0 1 1 0 0 0],Class has 4 samples (Target 100)
a window is added to a @code ui using,A window Is impart to a @code ui using,[1 0 1 1 0 0 0],Class has 4 samples (Target 100)
a window is added to a @code ui using,A window is lend to a @code ui expend,[1 0 1 1 0 0 0],Class has 4 samples (Target 100)
"correctly that is, whether its i preconditions i were met .","right that is, whether its i preconditions i were met .",[1 0 1 1 0 0 0],Class has 4 samples (Target 100)
a component that represents a floating popup window that can be added to a,a component that Represents a floating popup window That Can be added to a,[1 0 1 1 0 0 0],Class has 4 samples (Target 100)
a component that represents a floating popup window that can be added to a,A component that represents a floating popup window that can be Added to a,[1 0 1 1 0 0 0],Class has 4 samples (Target 100)
a component that represents a floating popup window that can be added to a,a component that represents a float Popup window that can be added to a,[1 0 1 1 0 0 0],Class has 4 samples (Target 100)
a builder of @link loadingcache and @link cache instances having any combination of the,a Builder of @link loadingcache and @link cache instances having any compounding of the,[1 0 1 1 0 0 0],Class has 4 samples (Target 100)
a component that represents a floating popup window that can be added to a,a component that represents a floating Popup windowpane that can be added to a,[1 0 1 1 0 0 0],Class has 4 samples (Target 100)
a component that represents a floating popup window that can be added to a,a component that comprise A vagabond popup window that Can Be add to a,[1 0 1 1 0 0 0],Class has 4 samples (Target 100)
a builder of @link loadingcache and @link cache instances having any combination of the,a builder Of @link loadingcache and @link cache Instances Having any combination of the,[1 0 1 1 0 0 0],Class has 4 samples (Target 100)
a component that represents a floating popup window that can be added to a,A component That play a blow popup window that can be added to a,[1 0 1 1 0 0 0],Class has 4 samples (Target 100)
"correctly that is, whether its i preconditions i were met .","correctly that is, whether its I preconditions i were Met .",[1 0 1 1 0 0 0],Class has 4 samples (Target 100)
a builder of @link loadingcache and @link cache instances having any combination of the,a builder of @link Loadingcache And @link cache instances having any combination of the,[1 0 1 1 0 0 0],Class has 4 samples (Target 100)
"correctly that is, whether its i preconditions i were met .","correctly that is, whether its i preconditions i constitute met .",[1 0 1 1 0 0 0],Class has 4 samples (Target 100)
a component that represents a floating popup window that can be added to a,a component that represents a aimless popup windowpane that can be added to a,[1 0 1 1 0 0 0],Class has 4 samples (Target 100)
a window is added to a @code ui using,a window is add to a @code ui using,[1 0 1 1 0 0 0],Class has 4 samples (Target 100)
a window is added to a @code ui using,A window is supply to a @code ui victimization,[1 0 1 1 0 0 0],Class has 4 samples (Target 100)
a component that represents a floating popup window that can be added to a,a component That interpret a Floating popup window that can be contribute to a,[1 0 1 1 0 0 0],Class has 4 samples (Target 100)
a builder of @link loadingcache and @link cache instances having any combination of the,a constructor Of @link loadingcache and @link cache example having any combination of the,[1 0 1 1 0 0 0],Class has 4 samples (Target 100)
a component that represents a floating popup window that can be added to a,a Component that represents a floating Popup Window that can be tally to a,[1 0 1 1 0 0 0],Class has 4 samples (Target 100)
a window is added to a @code ui using,a window is add To a @code ui using,[1 0 1 1 0 0 0],Class has 4 samples (Target 100)
a window is added to a @code ui using,a Window is added to A @code ui Using,[1 0 1 1 0 0 0],Class has 4 samples (Target 100)
"correctly that is, whether its i preconditions i were met .","correctly That is, whether its i condition i were met .",[1 0 1 1 0 0 0],Class has 4 samples (Target 100)
a builder of @link loadingcache and @link cache instances having any combination of the,A builder of @link loadingcache and @link Cache instances having any compounding of the,[1 0 1 1 0 0 0],Class has 4 samples (Target 100)
a component that represents a floating popup window that can be added to a,a component that represents A floating popup Window that can be added to A,[1 0 1 1 0 0 0],Class has 4 samples (Target 100)
a builder of @link loadingcache and @link cache instances having any combination of the,A builder of @link loadingcache and @link cache instances having any combination of the,[1 0 1 1 0 0 0],Class has 4 samples (Target 100)
"correctly that is, whether its i preconditions i were met .","correctly That is, whether its i preconditions i were met .",[1 0 1 1 0 0 0],Class has 4 samples (Target 100)
a window is added to a @code ui using,A window is append to a @code ui using,[1 0 1 1 0 0 0],Class has 4 samples (Target 100)
a component that represents a floating popup window that can be added to a,a component that represents a aimless popup window That can be added to A,[1 0 1 1 0 0 0],Class has 4 samples (Target 100)
a builder of @link loadingcache and @link cache instances having any combination of the,a builder of @link loadingcache and @link cache exemplify having any Combination of the,[1 0 1 1 0 0 0],Class has 4 samples (Target 100)
a builder of @link loadingcache and @link cache instances having any combination of the,a builder of @link loadingcache and @link cache instances Having any combination of the,[1 0 1 1 0 0 0],Class has 4 samples (Target 100)
"correctly that is, whether its i preconditions i were met .","correctly that is, whether its i Preconditions i were Met .",[1 0 1 1 0 0 0],Class has 4 samples (Target 100)
a builder of @link loadingcache and @link cache instances having any combination of the,a constructor of @link loadingcache and @link Cache instances having any Combination of the,[1 0 1 1 0 0 0],Class has 4 samples (Target 100)
a component that represents a floating popup window that can be added to a,a portion that represent a floating popup window that can be added to a,[1 0 1 1 0 0 0],Class has 4 samples (Target 100)
a component that represents a floating popup window that can be added to a,a part that be a floating popup windowpane that can be added to a,[1 0 1 1 0 0 0],Class has 4 samples (Target 100)
"correctly that is, whether its i preconditions i were met .","aright that Is, whether its i preconditions i were met .",[1 0 1 1 0 0 0],Class has 4 samples (Target 100)
"correctly that is, whether its i preconditions i were met .","correctly that is, whether its i preconditions I were Met .",[1 0 1 1 0 0 0],Class has 4 samples (Target 100)
"correctly that is, whether its i preconditions i were met .","correctly that is, whether its I precondition I were met .",[1 0 1 1 0 0 0],Class has 4 samples (Target 100)
"correctly that is, whether its i preconditions i were met .","right that is, whether its i preconditions i were Met .",[1 0 1 1 0 0 0],Class has 4 samples (Target 100)
what if the ratelimiter was unused for a long period of,what if the ratelimiter was fresh for a Long period of,[0 0 1 1 0 0 1],Class has 3 samples (Target 100)
"overflow, depending on the real world consequences of not using the expected rate.","Overflow, depending on the real world consequences of not using the expected rate.",[0 0 1 1 0 0 1],Class has 3 samples (Target 100)
what if the ratelimiter was unused for a long period of,what if the ratelimiter was fresh for a long period of,[0 0 1 1 0 0 1],Class has 3 samples (Target 100)
"overflow, depending on the real world consequences of not using the expected rate.","overflow, Depending on the real world outcome of not victimization the Expected rate.",[0 0 1 1 0 0 1],Class has 3 samples (Target 100)
it is important to realize that such a ratelimiter has a very superficial memory of the past,it is significant to realize that such a ratelimiter has a Very trivial remembering of the Past,[0 0 1 1 0 0 1],Class has 3 samples (Target 100)
what if the ratelimiter was unused for a long period of,what if the ratelimiter was unused for a long period Of,[0 0 1 1 0 0 1],Class has 3 samples (Target 100)
it is important to realize that such a ratelimiter has a very superficial memory of the past,it is authoritative to realize that such a ratelimiter has a rattling superficial memory of the past,[0 0 1 1 0 0 1],Class has 3 samples (Target 100)
what if the ratelimiter was unused for a long period of,what if the Ratelimiter was unused for a long menstruum of,[0 0 1 1 0 0 1],Class has 3 samples (Target 100)
it is important to realize that such a ratelimiter has a very superficial memory of the past,it is significant to realize that such a ratelimiter has a very Superficial memory of the Past,[0 0 1 1 0 0 1],Class has 3 samples (Target 100)
it is important to realize that such a ratelimiter has a very superficial memory of the past,it is important to realize That such A ratelimiter has A very superficial memory of the past,[0 0 1 1 0 0 1],Class has 3 samples (Target 100)
it is important to realize that such a ratelimiter has a very superficial memory of the past,it is important to Realize that such a ratelimiter has a very trivial Memory of The past,[0 0 1 1 0 0 1],Class has 3 samples (Target 100)
it is important to realize that such a ratelimiter has a very superficial memory of the past,it is Important to realize that such a ratelimiter has a real Superficial memory of The by,[0 0 1 1 0 0 1],Class has 3 samples (Target 100)
"overflow, depending on the real world consequences of not using the expected rate.","overflow, count on the literal worldwide consequences of not using the expected rate.",[0 0 1 1 0 0 1],Class has 3 samples (Target 100)
"overflow, depending on the real world consequences of not using the expected rate.","Overflow, depending On the Real World Consequences of not using the expected rate.",[0 0 1 1 0 0 1],Class has 3 samples (Target 100)
"overflow, depending on the real world consequences of not using the expected rate.","overflow, count on the Real world consequences of not using the expected Rate.",[0 0 1 1 0 0 1],Class has 3 samples (Target 100)
"overflow, depending on the real world consequences of not using the expected rate.","overflow, look on the real reality consequences of not victimization the expected rate.",[0 0 1 1 0 0 1],Class has 3 samples (Target 100)
it is important to realize that such a ratelimiter has a very superficial memory of the past,it is crucial to realize That Such a ratelimiter Has a rattling trivial storage of the preceding,[0 0 1 1 0 0 1],Class has 3 samples (Target 100)
it is important to realize that such a ratelimiter has a very superficial memory of the past,it is important to realize That such a ratelimiter has a very superficial memory of The yesteryear,[0 0 1 1 0 0 1],Class has 3 samples (Target 100)
it is important to realize that such a ratelimiter has a very superficial memory of the past,It is important to gain that such a ratelimiter has a very superficial retention of the past,[0 0 1 1 0 0 1],Class has 3 samples (Target 100)
"overflow, depending on the real world consequences of not using the expected rate.","overflow, depending on the real world outcome of not using the expected rate.",[0 0 1 1 0 0 1],Class has 3 samples (Target 100)
"overflow, depending on the real world consequences of not using the expected rate.","overflow, Depending on the real earth consequences of not using The expected rate.",[0 0 1 1 0 0 1],Class has 3 samples (Target 100)
"overflow, depending on the real world consequences of not using the expected rate.","overflow, depending on the real public consequence of not expend the expected rate.",[0 0 1 1 0 0 1],Class has 3 samples (Target 100)
it is important to realize that such a ratelimiter has a very superficial memory of the past,It is Important to realize that such a ratelimiter has a Very superficial memory of the yesteryear,[0 0 1 1 0 0 1],Class has 3 samples (Target 100)
what if the ratelimiter was unused for a long period of,what if the Ratelimiter was unused for a foresighted period of,[0 0 1 1 0 0 1],Class has 3 samples (Target 100)
what if the ratelimiter was unused for a long period of,what if the ratelimiter was unused for a long menstruum of,[0 0 1 1 0 0 1],Class has 3 samples (Target 100)
what if the ratelimiter was unused for a long period of,what if the ratelimiter Was unused for a long menstruation of,[0 0 1 1 0 0 1],Class has 3 samples (Target 100)
it is important to realize that such a ratelimiter has a very superficial memory of the past,it is authoritative to substantiate that such a ratelimiter has a very Superficial Memory of the past,[0 0 1 1 0 0 1],Class has 3 samples (Target 100)
it is important to realize that such a ratelimiter has a very superficial memory of the past,it is important to clear that such a ratelimiter has a very superficial memory of the past,[0 0 1 1 0 0 1],Class has 3 samples (Target 100)
it is important to realize that such a ratelimiter has a very superficial memory of the past,it is important To realize that such a ratelimiter Has a very superficial retentiveness of the by,[0 0 1 1 0 0 1],Class has 3 samples (Target 100)
"overflow, depending on the real world consequences of not using the expected rate.","Overflow, look on the real world issue of not expend the anticipate rate.",[0 0 1 1 0 0 1],Class has 3 samples (Target 100)
it is important to realize that such a ratelimiter has a very superficial memory of the past,it is significant to realize that such a ratelimiter has A very superficial memory of the past,[0 0 1 1 0 0 1],Class has 3 samples (Target 100)
it is important to realize that such a ratelimiter has a very superficial memory of the past,It is Important to realize that such a ratelimiter has a very trivial memory of the past,[0 0 1 1 0 0 1],Class has 3 samples (Target 100)
"overflow, depending on the real world consequences of not using the expected rate.","overflow, Depending on the real world consequences of not utilize the ask rate.",[0 0 1 1 0 0 1],Class has 3 samples (Target 100)
"overflow, depending on the real world consequences of not using the expected rate.","overflow, count on the real creation consequences of Not using the expected rate.",[0 0 1 1 0 0 1],Class has 3 samples (Target 100)
what if the ratelimiter was unused for a long period of,what if the ratelimiter was unused for a farseeing period of,[0 0 1 1 0 0 1],Class has 3 samples (Target 100)
what if the ratelimiter was unused for a long period of,what if the ratelimiter was idle for a yearn stop of,[0 0 1 1 0 0 1],Class has 3 samples (Target 100)
"overflow, depending on the real world consequences of not using the expected rate.","overflow, bet On the rattling world issue Of not expend the expected Rate.",[0 0 1 1 0 0 1],Class has 3 samples (Target 100)
what if the ratelimiter was unused for a long period of,what if the ratelimiter was unused for a Long period of,[0 0 1 1 0 0 1],Class has 3 samples (Target 100)
"overflow, depending on the real world consequences of not using the expected rate.","overflow, depending on the real worldwide consequences of not using the expected rate.",[0 0 1 1 0 0 1],Class has 3 samples (Target 100)
"overflow, depending on the real world consequences of not using the expected rate.","overflow, depending on the real world consequences of not using the Expected Rate.",[0 0 1 1 0 0 1],Class has 3 samples (Target 100)
what if the ratelimiter was unused for a long period of,what if the ratelimiter was unused for a foresightful period Of,[0 0 1 1 0 0 1],Class has 3 samples (Target 100)
"overflow, depending on the real world consequences of not using the expected rate.","overflow, depending on the real world moment Of not using the expected rate.",[0 0 1 1 0 0 1],Class has 3 samples (Target 100)
"overflow, depending on the real world consequences of not using the expected rate.","overflow, depend on the real world Consequences Of not using the wait Rate.",[0 0 1 1 0 0 1],Class has 3 samples (Target 100)
"overflow, depending on the real world consequences of not using the expected rate.","overflow, depending on the real World consequences of not using the expected rate.",[0 0 1 1 0 0 1],Class has 3 samples (Target 100)
"overflow, depending on the real world consequences of not using the expected rate.","overflow, depend on the Real world consequences of not using the gestate rate.",[0 0 1 1 0 0 1],Class has 3 samples (Target 100)
"overflow, depending on the real world consequences of not using the expected rate.","overflow, depending on the real world consequences of not using the bear rate.",[0 0 1 1 0 0 1],Class has 3 samples (Target 100)
it is important to realize that such a ratelimiter has a very superficial memory of the past,it is crucial to realize that such a ratelimiter has A very superficial storage of The past,[0 0 1 1 0 0 1],Class has 3 samples (Target 100)
what if the ratelimiter was unused for a long period of,what if The ratelimiter was idle for a long period of,[0 0 1 1 0 0 1],Class has 3 samples (Target 100)
it is important to realize that such a ratelimiter has a very superficial memory of the past,it is significant to realize that such a ratelimiter Has a very superficial memory of the past,[0 0 1 1 0 0 1],Class has 3 samples (Target 100)
it is important to realize that such a ratelimiter has a very superficial memory of the past,it is important to realize that such a ratelimiter has A very superficial Memory of the past,[0 0 1 1 0 0 1],Class has 3 samples (Target 100)
what if the ratelimiter was unused for a long period of,what if the ratelimiter was Unused for a long period of,[0 0 1 1 0 0 1],Class has 3 samples (Target 100)
it is important to realize that such a ratelimiter has a very superficial memory of the past,it is authoritative to realize that such a ratelimiter Has a very superficial store of the past,[0 0 1 1 0 0 1],Class has 3 samples (Target 100)
it is important to realize that such a ratelimiter has a very superficial memory of the past,it is important to realize that such a ratelimiter has a very superficial memory of The Past,[0 0 1 1 0 0 1],Class has 3 samples (Target 100)
what if the ratelimiter was unused for a long period of,what if the Ratelimiter was unused for a long Period of,[0 0 1 1 0 0 1],Class has 3 samples (Target 100)
"overflow, depending on the real world consequences of not using the expected rate.","Overflow, depending on the real World import of not using the expected rate.",[0 0 1 1 0 0 1],Class has 3 samples (Target 100)
it is important to realize that such a ratelimiter has a very superficial memory of the past,it is Important to realize That Such a ratelimiter has a very superficial memory of the past,[0 0 1 1 0 0 1],Class has 3 samples (Target 100)
what if the ratelimiter was unused for a long period of,what if the ratelimiter was fresh for a longsighted stop Of,[0 0 1 1 0 0 1],Class has 3 samples (Target 100)
it is important to realize that such a ratelimiter has a very superficial memory of the past,it Is important to understand that such a ratelimiter has A very superficial memory of the past,[0 0 1 1 0 0 1],Class has 3 samples (Target 100)
it is important to realize that such a ratelimiter has a very superficial memory of the past,it is important to realize that such a ratelimiter Has a identical trivial memory of the past,[0 0 1 1 0 0 1],Class has 3 samples (Target 100)
it is important to realize that such a ratelimiter has a very superficial memory of the past,it is authoritative to actualise that such a ratelimiter has a very superficial memory of the Past,[0 0 1 1 0 0 1],Class has 3 samples (Target 100)
"overflow, depending on the real world consequences of not using the expected rate.","overflow, depending on the real world consequence of not utilize the expected rate.",[0 0 1 1 0 0 1],Class has 3 samples (Target 100)
it is important to realize that such a ratelimiter has a very superficial memory of the past,it Is important To earn that such a ratelimiter has a very superficial memory of the Past,[0 0 1 1 0 0 1],Class has 3 samples (Target 100)
it is important to realize that such a ratelimiter has a very superficial memory of the past,it is significant to actualize that Such a ratelimiter Has a selfsame Superficial memory of the past,[0 0 1 1 0 0 1],Class has 3 samples (Target 100)
"overflow, depending on the real world consequences of not using the expected rate.","overflow, depending on the real mankind effect of not using the expected Rate.",[0 0 1 1 0 0 1],Class has 3 samples (Target 100)
it is important to realize that such a ratelimiter has a very superficial memory of the past,it is important to realize That Such a ratelimiter has a very trivial memory of the preceding,[0 0 1 1 0 0 1],Class has 3 samples (Target 100)
what if the ratelimiter was unused for a long period of,what if the ratelimiter was unused for a tenacious period of,[0 0 1 1 0 0 1],Class has 3 samples (Target 100)
it is important to realize that such a ratelimiter has a very superficial memory of the past,It is important To recognize that such a Ratelimiter has a very superficial Memory of the past,[0 0 1 1 0 0 1],Class has 3 samples (Target 100)
what if the ratelimiter was unused for a long period of,what if the ratelimiter was unused for A long period of,[0 0 1 1 0 0 1],Class has 3 samples (Target 100)
it is important to realize that such a ratelimiter has a very superficial memory of the past,it Is Important to realize that such a ratelimiter has a very superficial Memory of the past,[0 0 1 1 0 0 1],Class has 3 samples (Target 100)
what if the ratelimiter was unused for a long period of,what if the ratelimiter was fresh for A Long period Of,[0 0 1 1 0 0 1],Class has 3 samples (Target 100)
it is important to realize that such a ratelimiter has a very superficial memory of the past,it is important to realize that Such A ratelimiter has a real Superficial memory of the past,[0 0 1 1 0 0 1],Class has 3 samples (Target 100)
what if the ratelimiter was unused for a long period of,what if the ratelimiter was fresh for a foresighted period of,[0 0 1 1 0 0 1],Class has 3 samples (Target 100)
"overflow, depending on the real world consequences of not using the expected rate.","overflow, depending on the veridical world consequences Of not using the look rate.",[0 0 1 1 0 0 1],Class has 3 samples (Target 100)
"overflow, depending on the real world consequences of not using the expected rate.","overflow, Depending on the Real world aftermath of not using the expected rate.",[0 0 1 1 0 0 1],Class has 3 samples (Target 100)
"overflow, depending on the real world consequences of not using the expected rate.","overflow, depending on the real public consequences of not expend the expected rate.",[0 0 1 1 0 0 1],Class has 3 samples (Target 100)
"overflow, depending on the real world consequences of not using the expected rate.","Overflow, depending on the real populace consequences Of not using the expected rate.",[0 0 1 1 0 0 1],Class has 3 samples (Target 100)
what if the ratelimiter was unused for a long period of,what if The ratelimiter was fresh for a long point of,[0 0 1 1 0 0 1],Class has 3 samples (Target 100)
what if the ratelimiter was unused for a long period of,what if the ratelimiter was idle for a long flow of,[0 0 1 1 0 0 1],Class has 3 samples (Target 100)
it is important to realize that such a ratelimiter has a very superficial memory of the past,it is significant to realize that such a ratelimiter has a very trivial memory of the yesteryear,[0 0 1 1 0 0 1],Class has 3 samples (Target 100)
"overflow, depending on the real world consequences of not using the expected rate.","overflow, depending on The existent world Consequences of Not using the Expected rate.",[0 0 1 1 0 0 1],Class has 3 samples (Target 100)
it is important to realize that such a ratelimiter has a very superficial memory of the past,it is important to see that Such a ratelimiter has a Very superficial memory of the past,[0 0 1 1 0 0 1],Class has 3 samples (Target 100)
"overflow, depending on the real world consequences of not using the expected rate.","overflow, depending on the real world consequences of not victimisation the expected rate.",[0 0 1 1 0 0 1],Class has 3 samples (Target 100)
it is important to realize that such a ratelimiter has a very superficial memory of the past,it is authoritative to realize that such A ratelimiter has a very superficial Memory of the past,[0 0 1 1 0 0 1],Class has 3 samples (Target 100)
what if the ratelimiter was unused for a long period of,what if the Ratelimiter was unused for a long menses Of,[0 0 1 1 0 0 1],Class has 3 samples (Target 100)
it is important to realize that such a ratelimiter has a very superficial memory of the past,It is important to Realize that such a ratelimiter has a very trivial memory of the by,[0 0 1 1 0 0 1],Class has 3 samples (Target 100)
it is important to realize that such a ratelimiter has a very superficial memory of the past,it is authoritative to Realize that such A ratelimiter has a Very superficial memory of the yesteryear,[0 0 1 1 0 0 1],Class has 3 samples (Target 100)
"overflow, depending on the real world consequences of not using the expected rate.","overflow, reckon on the real world consequences of not using the Expected rate.",[0 0 1 1 0 0 1],Class has 3 samples (Target 100)
"overflow, depending on the real world consequences of not using the expected rate.","overflow, Depending on the veridical Earth consequences of not expend the expected rate.",[0 0 1 1 0 0 1],Class has 3 samples (Target 100)
"overflow, depending on the real world consequences of not using the expected rate.","overflow, look on the real world consequences of not using The expected rate.",[0 0 1 1 0 0 1],Class has 3 samples (Target 100)
it is important to realize that such a ratelimiter has a very superficial memory of the past,it is authoritative to realize that such a ratelimiter Has a very trivial memory of the by,[0 0 1 1 0 0 1],Class has 3 samples (Target 100)
"overflow, depending on the real world consequences of not using the expected rate.","overflow, depending on the real world consequences of not using the anticipate rate.",[0 0 1 1 0 0 1],Class has 3 samples (Target 100)
it is important to realize that such a ratelimiter has a very superficial memory of the past,it Is important to realize that such a ratelimiter has a very superficial memory of the past,[0 0 1 1 0 0 1],Class has 3 samples (Target 100)
"overflow, depending on the real world consequences of not using the expected rate.","overflow, depending On the real world consequences of Not Using the expected Rate.",[0 0 1 1 0 0 1],Class has 3 samples (Target 100)
it is important to realize that such a ratelimiter has a very superficial memory of the past,it is Important to Realize that Such A ratelimiter has a Very superficial store of the past,[0 0 1 1 0 0 1],Class has 3 samples (Target 100)
it is important to realize that such a ratelimiter has a very superficial memory of the past,it is significant to realize that such a ratelimiter has a very trivial store of the past,[0 0 1 1 0 0 1],Class has 3 samples (Target 100)
what if the ratelimiter was unused for a long period of,what if the Ratelimiter was unused for a long period of,[0 0 1 1 0 0 1],Class has 3 samples (Target 100)
what if the ratelimiter was unused for a long period of,what if the ratelimiter was unused for a long stop of,[0 0 1 1 0 0 1],Class has 3 samples (Target 100)
to define alternate,to define surrogate,[0 0 1 1 1 0 0],Class has 2 samples (Target 100)
preconditions a .,precondition a .,[0 0 1 1 1 0 0],Class has 2 samples (Target 100)
preconditions a .,Preconditions a .,[0 0 1 1 1 0 0],Class has 2 samples (Target 100)
preconditions a .,condition a .,[0 0 1 1 1 0 0],Class has 2 samples (Target 100)
preconditions a .,preconditions A .,[0 0 1 1 1 0 0],Class has 2 samples (Target 100)
to define alternate,to define tack,[0 0 1 1 1 0 0],Class has 2 samples (Target 100)
preconditions a .,presumption a .,[0 0 1 1 1 0 0],Class has 2 samples (Target 100)
to define alternate,to Define alternate,[0 0 1 1 1 0 0],Class has 2 samples (Target 100)
to define alternate,to delineate alternate,[0 0 1 1 1 0 0],Class has 2 samples (Target 100)
to define alternate,to limit alternate,[0 0 1 1 1 0 0],Class has 2 samples (Target 100)
preconditions a .,stipulation a .,[0 0 1 1 1 0 0],Class has 2 samples (Target 100)
to define alternate,To Define alternate,[0 0 1 1 1 0 0],Class has 2 samples (Target 100)
preconditions a .,given a .,[0 0 1 1 1 0 0],Class has 2 samples (Target 100)
to define alternate,To define jump,[0 0 1 1 1 0 0],Class has 2 samples (Target 100)
to define alternate,to delimitate alternate,[0 0 1 1 1 0 0],Class has 2 samples (Target 100)
to define alternate,to delimit switch,[0 0 1 1 1 0 0],Class has 2 samples (Target 100)
to define alternate,to define alternating,[0 0 1 1 1 0 0],Class has 2 samples (Target 100)
to define alternate,to determine switch,[0 0 1 1 1 0 0],Class has 2 samples (Target 100)
to define alternate,to define replacement,[0 0 1 1 1 0 0],Class has 2 samples (Target 100)
to define alternate,to define jump,[0 0 1 1 1 0 0],Class has 2 samples (Target 100)
to define alternate,to define Alternate,[0 0 1 1 1 0 0],Class has 2 samples (Target 100)
preconditions a .,presumption A .,[0 0 1 1 1 0 0],Class has 2 samples (Target 100)
to define alternate,to delimit tack,[0 0 1 1 1 0 0],Class has 2 samples (Target 100)
preconditions a .,Preconditions A .,[0 0 1 1 1 0 0],Class has 2 samples (Target 100)
to define alternate,to set Alternate,[0 0 1 1 1 0 0],Class has 2 samples (Target 100)
to define alternate,to define alternative,[0 0 1 1 1 0 0],Class has 2 samples (Target 100)
to define alternate,to define interchange,[0 0 1 1 1 0 0],Class has 2 samples (Target 100)
to define alternate,to determine alternate,[0 0 1 1 1 0 0],Class has 2 samples (Target 100)
to define alternate,to define switch,[0 0 1 1 1 0 0],Class has 2 samples (Target 100)
to define alternate,to fix alternate,[0 0 1 1 1 0 0],Class has 2 samples (Target 100)
to define alternate,to define understudy,[0 0 1 1 1 0 0],Class has 2 samples (Target 100)
to define alternate,To define alternate,[0 0 1 1 1 0 0],Class has 2 samples (Target 100)
to define alternate,to set alternate,[0 0 1 1 1 0 0],Class has 2 samples (Target 100)
to define alternate,to delimit alternate,[0 0 1 1 1 0 0],Class has 2 samples (Target 100)
to define alternate,to Define interchange,[0 0 1 1 1 0 0],Class has 2 samples (Target 100)
to define alternate,To delimit alternate,[0 0 1 1 1 0 0],Class has 2 samples (Target 100)
to define alternate,to define flip,[0 0 1 1 1 0 0],Class has 2 samples (Target 100)
to define alternate,to specify alternate,[0 0 1 1 1 0 0],Class has 2 samples (Target 100)
to define alternate,To define Alternate,[0 0 1 1 1 0 0],Class has 2 samples (Target 100)
to define alternate,to fix flip,[0 0 1 1 1 0 0],Class has 2 samples (Target 100)
to define alternate,to Define surrogate,[0 0 1 1 1 0 0],Class has 2 samples (Target 100)
to define alternate,to Define alternating,[0 0 1 1 1 0 0],Class has 2 samples (Target 100)
to define alternate,To limit alternate,[0 0 1 1 1 0 0],Class has 2 samples (Target 100)
to define alternate,to delimitate Alternate,[0 0 1 1 1 0 0],Class has 2 samples (Target 100)
preconditions a .,stipulation A .,[0 0 1 1 1 0 0],Class has 2 samples (Target 100)
to define alternate,to specify jump,[0 0 1 1 1 0 0],Class has 2 samples (Target 100)
to define alternate,to delineate tack,[0 0 1 1 1 0 0],Class has 2 samples (Target 100)
to define alternate,To limit Alternate,[0 0 1 1 1 0 0],Class has 2 samples (Target 100)
to define alternate,to Define Alternate,[0 0 1 1 1 0 0],Class has 2 samples (Target 100)
to define alternate,to set alternative,[0 0 1 1 1 0 0],Class has 2 samples (Target 100)
to define alternate,to set switch,[0 0 1 1 1 0 0],Class has 2 samples (Target 100)
to define alternate,to define substitute,[0 0 1 1 1 0 0],Class has 2 samples (Target 100)
to define alternate,To define flip,[0 0 1 1 1 0 0],Class has 2 samples (Target 100)
to define alternate,to delimit Alternate,[0 0 1 1 1 0 0],Class has 2 samples (Target 100)
to define alternate,to specify substitute,[0 0 1 1 1 0 0],Class has 2 samples (Target 100)
to define alternate,to delimitate flip,[0 0 1 1 1 0 0],Class has 2 samples (Target 100)
to define alternate,to set tack,[0 0 1 1 1 0 0],Class has 2 samples (Target 100)
to define alternate,to Define tack,[0 0 1 1 1 0 0],Class has 2 samples (Target 100)
to define alternate,to Define switch,[0 0 1 1 1 0 0],Class has 2 samples (Target 100)
to define alternate,to Define flip,[0 0 1 1 1 0 0],Class has 2 samples (Target 100)
to define alternate,to fix Alternate,[0 0 1 1 1 0 0],Class has 2 samples (Target 100)
to define alternate,to set understudy,[0 0 1 1 1 0 0],Class has 2 samples (Target 100)
to define alternate,To fix alternate,[0 0 1 1 1 0 0],Class has 2 samples (Target 100)
to define alternate,To delimitate alternating,[0 0 1 1 1 0 0],Class has 2 samples (Target 100)
to define alternate,To define surrogate,[0 0 1 1 1 0 0],Class has 2 samples (Target 100)
to define alternate,To delimitate alternate,[0 0 1 1 1 0 0],Class has 2 samples (Target 100)
to define alternate,to specify flip,[0 0 1 1 1 0 0],Class has 2 samples (Target 100)
"@deprecated as of 80, replaced by @link valueprovider , @link setter , see","@deprecated as of 80, interchange by @link Valueprovider , @link setter , see",[0 0 0 0 1 1 0],Class has 2 samples (Target 100)
@deprecated replaced by @link includefilecontentprovider,@deprecated Replaced by @link includefilecontentprovider,[0 0 0 0 1 1 0],Class has 2 samples (Target 100)
@deprecated replaced by @link includefilecontentprovider,@deprecated interchange by @link includefilecontentprovider,[0 0 0 0 1 1 0],Class has 2 samples (Target 100)
"@deprecated as of 80, replaced by @link valueprovider , @link setter , see","@deprecated as of 80, replaced by @link valueprovider , @link typesetter , see",[0 0 0 0 1 1 0],Class has 2 samples (Target 100)
@deprecated replaced by @link includefilecontentprovider,@deprecated replace by @link includefilecontentprovider,[0 0 0 0 1 1 0],Class has 2 samples (Target 100)
"@deprecated as of 80, replaced by @link valueprovider , @link setter , see","@deprecated as of 80, replaced By @link valueprovider , @link setter , see",[0 0 0 0 1 1 0],Class has 2 samples (Target 100)
@deprecated replaced by @link includefilecontentprovider,@deprecated replaced By @link includefilecontentprovider,[0 0 0 0 1 1 0],Class has 2 samples (Target 100)
"@deprecated as of 80, replaced by @link valueprovider , @link setter , see","@deprecated as of 80, supplant by @link valueprovider , @link setter , see",[0 0 0 0 1 1 0],Class has 2 samples (Target 100)
"@deprecated as of 80, replaced by @link valueprovider , @link setter , see","@deprecated as of 80, replaced by @link valueprovider , @link setter , See",[0 0 0 0 1 1 0],Class has 2 samples (Target 100)
"@deprecated as of 80, replaced by @link valueprovider , @link setter , see","@deprecated as of 80, Replaced by @link valueprovider , @link setter , see",[0 0 0 0 1 1 0],Class has 2 samples (Target 100)
@deprecated replaced by @link includefilecontentprovider,@deprecated supersede by @link includefilecontentprovider,[0 0 0 0 1 1 0],Class has 2 samples (Target 100)
"@deprecated as of 80, replaced by @link valueprovider , @link setter , see","@deprecated as of 80, replaced By @link valueprovider , @link Setter , see",[0 0 0 0 1 1 0],Class has 2 samples (Target 100)
"@deprecated as of 80, replaced by @link valueprovider , @link setter , see","@deprecated as Of 80, replaced by @link valueprovider , @link setter , see",[0 0 0 0 1 1 0],Class has 2 samples (Target 100)
@deprecated replaced by @link includefilecontentprovider,@deprecated substitute by @link includefilecontentprovider,[0 0 0 0 1 1 0],Class has 2 samples (Target 100)
"@deprecated as of 80, replaced by @link valueprovider , @link setter , see","@deprecated as of 80, replaced by @link valueprovider , @link Setter , see",[0 0 0 0 1 1 0],Class has 2 samples (Target 100)
"@deprecated as of 80, replaced by @link valueprovider , @link setter , see","@deprecated as of 80, replaced by @link valueprovider , @link typographer , see",[0 0 0 0 1 1 0],Class has 2 samples (Target 100)
"@deprecated as of 80, replaced by @link valueprovider , @link setter , see","@deprecated as Of 80, supercede By @link valueprovider , @link typographer , see",[0 0 0 0 1 1 0],Class has 2 samples (Target 100)
"@deprecated as of 80, replaced by @link valueprovider , @link setter , see","@deprecated as of 80, replaced by @link valueprovider , @link compositor , see",[0 0 0 0 1 1 0],Class has 2 samples (Target 100)
"@deprecated as of 80, replaced by @link valueprovider , @link setter , see","@deprecated as of 80, supercede by @link valueprovider , @link typographer , see",[0 0 0 0 1 1 0],Class has 2 samples (Target 100)
"@deprecated as of 80, replaced by @link valueprovider , @link setter , see","@deprecated as Of 80, supercede by @link valueprovider , @link setter , see",[0 0 0 0 1 1 0],Class has 2 samples (Target 100)
"@deprecated as of 80, replaced by @link valueprovider , @link setter , see","@deprecated as of 80, Replaced by @link valueprovider , @link compositor , see",[0 0 0 0 1 1 0],Class has 2 samples (Target 100)
@deprecated replaced by @link includefilecontentprovider,@deprecated supersede By @link includefilecontentprovider,[0 0 0 0 1 1 0],Class has 2 samples (Target 100)
"@deprecated as of 80, replaced by @link valueprovider , @link setter , see","@deprecated as Of 80, replaced by @link valueprovider , @link typographer , See",[0 0 0 0 1 1 0],Class has 2 samples (Target 100)
@deprecated replaced by @link includefilecontentprovider,@deprecated substitute by @link Includefilecontentprovider,[0 0 0 0 1 1 0],Class has 2 samples (Target 100)
"@deprecated as of 80, replaced by @link valueprovider , @link setter , see","@deprecated as of 80, replaced by @link Valueprovider , @link Setter , see",[0 0 0 0 1 1 0],Class has 2 samples (Target 100)
"@deprecated as of 80, replaced by @link valueprovider , @link setter , see","@deprecated as of 80, supersede by @link valueprovider , @link setter , see",[0 0 0 0 1 1 0],Class has 2 samples (Target 100)
"@deprecated as of 80, replaced by @link valueprovider , @link setter , see","@deprecated As of 80, replaced by @link valueprovider , @link setter , see",[0 0 0 0 1 1 0],Class has 2 samples (Target 100)
"@deprecated as of 80, replaced by @link valueprovider , @link setter , see","@deprecated As of 80, replaced by @link valueprovider , @link compositor , see",[0 0 0 0 1 1 0],Class has 2 samples (Target 100)
@deprecated replaced by @link includefilecontentprovider,@deprecated supplant by @link includefilecontentprovider,[0 0 0 0 1 1 0],Class has 2 samples (Target 100)
"@deprecated as of 80, replaced by @link valueprovider , @link setter , see","@deprecated as Of 80, replaced By @link valueprovider , @link setter , see",[0 0 0 0 1 1 0],Class has 2 samples (Target 100)
"@deprecated as of 80, replaced by @link valueprovider , @link setter , see","@deprecated as of 80, replace by @link valueprovider , @link setter , see",[0 0 0 0 1 1 0],Class has 2 samples (Target 100)
@deprecated replaced by @link includefilecontentprovider,@deprecated exchange by @link includefilecontentprovider,[0 0 0 0 1 1 0],Class has 2 samples (Target 100)
"@deprecated as of 80, replaced by @link valueprovider , @link setter , see","@deprecated as of 80, interchange by @link valueprovider , @link setter , see",[0 0 0 0 1 1 0],Class has 2 samples (Target 100)
"@deprecated as of 80, replaced by @link valueprovider , @link setter , see","@deprecated as of 80, replaced by @link Valueprovider , @link setter , see",[0 0 0 0 1 1 0],Class has 2 samples (Target 100)
"@deprecated as of 80, replaced by @link valueprovider , @link setter , see","@deprecated as of 80, exchange by @link valueprovider , @link compositor , see",[0 0 0 0 1 1 0],Class has 2 samples (Target 100)
@deprecated replaced by @link includefilecontentprovider,@deprecated Replaced By @link includefilecontentprovider,[0 0 0 0 1 1 0],Class has 2 samples (Target 100)
@deprecated replaced by @link includefilecontentprovider,@deprecated replaced by @link Includefilecontentprovider,[0 0 0 0 1 1 0],Class has 2 samples (Target 100)
"@deprecated as of 80, replaced by @link valueprovider , @link setter , see","@deprecated as of 80, replaced By @link valueprovider , @link typographer , see",[0 0 0 0 1 1 0],Class has 2 samples (Target 100)
@deprecated replaced by @link includefilecontentprovider,@deprecated replace By @link includefilecontentprovider,[0 0 0 0 1 1 0],Class has 2 samples (Target 100)
"@deprecated as of 80, replaced by @link valueprovider , @link setter , see","@deprecated as of 80, supplant By @link valueprovider , @link setter , see",[0 0 0 0 1 1 0],Class has 2 samples (Target 100)
"@deprecated as of 80, replaced by @link valueprovider , @link setter , see","@deprecated as of 80, replaced by @link valueprovider , @link typesetter , See",[0 0 0 0 1 1 0],Class has 2 samples (Target 100)
"@deprecated as of 80, replaced by @link valueprovider , @link setter , see","@deprecated as of 80, Replaced by @link valueprovider , @link typographer , see",[0 0 0 0 1 1 0],Class has 2 samples (Target 100)
"@deprecated as of 80, replaced by @link valueprovider , @link setter , see","@deprecated As of 80, substitute by @link valueprovider , @link typographer , see",[0 0 0 0 1 1 0],Class has 2 samples (Target 100)
@deprecated replaced by @link includefilecontentprovider,@deprecated supercede By @link includefilecontentprovider,[0 0 0 0 1 1 0],Class has 2 samples (Target 100)
"@deprecated as of 80, replaced by @link valueprovider , @link setter , see","@deprecated as of 80, supersede by @link valueprovider , @link Setter , see",[0 0 0 0 1 1 0],Class has 2 samples (Target 100)
"@deprecated as of 80, replaced by @link valueprovider , @link setter , see","@deprecated as Of 80, replaced by @link valueprovider , @link typesetter , see",[0 0 0 0 1 1 0],Class has 2 samples (Target 100)
@deprecated replaced by @link includefilecontentprovider,@deprecated Replaced by @link Includefilecontentprovider,[0 0 0 0 1 1 0],Class has 2 samples (Target 100)
"@deprecated as of 80, replaced by @link valueprovider , @link setter , see","@deprecated as Of 80, replace by @link valueprovider , @link compositor , see",[0 0 0 0 1 1 0],Class has 2 samples (Target 100)
"@deprecated as of 80, replaced by @link valueprovider , @link setter , see","@deprecated as of 80, interchange by @link valueprovider , @link typesetter , see",[0 0 0 0 1 1 0],Class has 2 samples (Target 100)
"@deprecated as of 80, replaced by @link valueprovider , @link setter , see","@deprecated As of 80, replaced by @link valueprovider , @link setter , See",[0 0 0 0 1 1 0],Class has 2 samples (Target 100)
"@deprecated as of 80, replaced by @link valueprovider , @link setter , see","@deprecated as of 80, substitute by @link valueprovider , @link setter , see",[0 0 0 0 1 1 0],Class has 2 samples (Target 100)
"@deprecated as of 80, replaced by @link valueprovider , @link setter , see","@deprecated as of 80, supersede by @link valueprovider , @link setter , See",[0 0 0 0 1 1 0],Class has 2 samples (Target 100)
"@deprecated as of 80, replaced by @link valueprovider , @link setter , see","@deprecated as of 80, replaced by @link Valueprovider , @link typesetter , see",[0 0 0 0 1 1 0],Class has 2 samples (Target 100)
"@deprecated as of 80, replaced by @link valueprovider , @link setter , see","@deprecated as of 80, replace by @link valueprovider , @link Setter , see",[0 0 0 0 1 1 0],Class has 2 samples (Target 100)
"@deprecated as of 80, replaced by @link valueprovider , @link setter , see","@deprecated as of 80, substitute by @link Valueprovider , @link Setter , see",[0 0 0 0 1 1 0],Class has 2 samples (Target 100)
"@deprecated as of 80, replaced by @link valueprovider , @link setter , see","@deprecated as Of 80, replaced by @link valueprovider , @link setter , See",[0 0 0 0 1 1 0],Class has 2 samples (Target 100)
@deprecated replaced by @link includefilecontentprovider,@deprecated supercede by @link includefilecontentprovider,[0 0 0 0 1 1 0],Class has 2 samples (Target 100)
@deprecated replaced by @link includefilecontentprovider,@deprecated interchange by @link Includefilecontentprovider,[0 0 0 0 1 1 0],Class has 2 samples (Target 100)
"@deprecated as of 80, replaced by @link valueprovider , @link setter , see","@deprecated as of 80, Replaced by @link Valueprovider , @link setter , see",[0 0 0 0 1 1 0],Class has 2 samples (Target 100)
"@deprecated as of 80, replaced by @link valueprovider , @link setter , see","@deprecated As of 80, replaced by @link valueprovider , @link typographer , See",[0 0 0 0 1 1 0],Class has 2 samples (Target 100)
"@deprecated as of 80, replaced by @link valueprovider , @link setter , see","@deprecated As Of 80, replaced by @link valueprovider , @link typographer , see",[0 0 0 0 1 1 0],Class has 2 samples (Target 100)
"@deprecated as of 80, replaced by @link valueprovider , @link setter , see","@deprecated as of 80, exchange by @link valueprovider , @link Setter , see",[0 0 0 0 1 1 0],Class has 2 samples (Target 100)
"@deprecated as of 80, replaced by @link valueprovider , @link setter , see","@deprecated as Of 80, replace by @link valueprovider , @link typesetter , see",[0 0 0 0 1 1 0],Class has 2 samples (Target 100)
"@deprecated as of 80, replaced by @link valueprovider , @link setter , see","@deprecated as of 80, supercede by @link Valueprovider , @link setter , see",[0 0 0 0 1 1 0],Class has 2 samples (Target 100)
"@deprecated as of 80, replaced by @link valueprovider , @link setter , see","@deprecated As of 80, replaced by @link valueprovider , @link typesetter , see",[0 0 0 0 1 1 0],Class has 2 samples (Target 100)
@deprecated replaced by @link includefilecontentprovider,@deprecated exchange by @link Includefilecontentprovider,[0 0 0 0 1 1 0],Class has 2 samples (Target 100)
"@deprecated as of 80, replaced by @link valueprovider , @link setter , see","@deprecated as of 80, supersede by @link valueprovider , @link compositor , see",[0 0 0 0 1 1 0],Class has 2 samples (Target 100)
"@deprecated as of 80, replaced by @link valueprovider , @link setter , see","@deprecated as Of 80, Replaced by @link valueprovider , @link setter , see",[0 0 0 0 1 1 0],Class has 2 samples (Target 100)
"@deprecated as of 80, replaced by @link valueprovider , @link setter , see","@deprecated As of 80, replaced by @link valueprovider , @link compositor , See",[0 0 0 0 1 1 0],Class has 2 samples (Target 100)
"@deprecated as of 80, replaced by @link valueprovider , @link setter , see","@deprecated as Of 80, replaced By @link valueprovider , @link typographer , see",[0 0 0 0 1 1 0],Class has 2 samples (Target 100)
"@deprecated as of 80, replaced by @link valueprovider , @link setter , see","@deprecated as Of 80, interchange by @link valueprovider , @link Setter , see",[0 0 0 0 1 1 0],Class has 2 samples (Target 100)
"@deprecated as of 80, replaced by @link valueprovider , @link setter , see","@deprecated as of 80, supersede By @link valueprovider , @link setter , see",[0 0 0 0 1 1 0],Class has 2 samples (Target 100)
@deprecated replaced by @link includefilecontentprovider,@deprecated replaced By @link Includefilecontentprovider,[0 0 0 0 1 1 0],Class has 2 samples (Target 100)
"@deprecated as of 80, replaced by @link valueprovider , @link setter , see","@deprecated As of 80, Replaced by @link valueprovider , @link setter , See",[0 0 0 0 1 1 0],Class has 2 samples (Target 100)
"@deprecated as of 80, replaced by @link valueprovider , @link setter , see","@deprecated as of 80, interchange by @link valueprovider , @link typographer , See",[0 0 0 0 1 1 0],Class has 2 samples (Target 100)
"@deprecated as of 80, replaced by @link valueprovider , @link setter , see","@deprecated as of 80, exchange by @link valueprovider , @link setter , see",[0 0 0 0 1 1 0],Class has 2 samples (Target 100)
"@deprecated as of 80, replaced by @link valueprovider , @link setter , see","@deprecated As of 80, Replaced by @link valueprovider , @link typesetter , see",[0 0 0 0 1 1 0],Class has 2 samples (Target 100)
"@deprecated as of 80, replaced by @link valueprovider , @link setter , see","@deprecated as Of 80, exchange by @link valueprovider , @link typesetter , see",[0 0 0 0 1 1 0],Class has 2 samples (Target 100)
"@deprecated as of 80, replaced by @link valueprovider , @link setter , see","@deprecated as of 80, replaced by @link Valueprovider , @link typographer , See",[0 0 0 0 1 1 0],Class has 2 samples (Target 100)
"@deprecated as of 80, replaced by @link valueprovider , @link setter , see","@deprecated as of 80, supercede by @link valueprovider , @link setter , see",[0 0 0 0 1 1 0],Class has 2 samples (Target 100)
"@deprecated as of 80, replaced by @link valueprovider , @link setter , see","@deprecated as of 80, exchange by @link Valueprovider , @link setter , see",[0 0 0 0 1 1 0],Class has 2 samples (Target 100)
"@deprecated as of 80, replaced by @link valueprovider , @link setter , see","@deprecated as Of 80, replaced By @link valueprovider , @link Setter , see",[0 0 0 0 1 1 0],Class has 2 samples (Target 100)
"@deprecated as of 80, replaced by @link valueprovider , @link setter , see","@deprecated as of 80, supersede by @link Valueprovider , @link setter , see",[0 0 0 0 1 1 0],Class has 2 samples (Target 100)
"@deprecated as of 80, replaced by @link valueprovider , @link setter , see","@deprecated as of 80, replaced by @link valueprovider , @link Setter , See",[0 0 0 0 1 1 0],Class has 2 samples (Target 100)
"@deprecated as of 80, replaced by @link valueprovider , @link setter , see","@deprecated as of 80, substitute by @link valueprovider , @link typographer , see",[0 0 0 0 1 1 0],Class has 2 samples (Target 100)
"@deprecated as of 80, replaced by @link valueprovider , @link setter , see","@deprecated as of 80, replaced by @link valueprovider , @link typographer , See",[0 0 0 0 1 1 0],Class has 2 samples (Target 100)
"@deprecated as of 80, replaced by @link valueprovider , @link setter , see","@deprecated As Of 80, replaced by @link valueprovider , @link setter , see",[0 0 0 0 1 1 0],Class has 2 samples (Target 100)
"@deprecated as of 80, replaced by @link valueprovider , @link setter , see","@deprecated as of 80, supplant By @link Valueprovider , @link compositor , see",[0 0 0 0 1 1 0],Class has 2 samples (Target 100)
@deprecated replaced by @link includefilecontentprovider,@deprecated exchange By @link includefilecontentprovider,[0 0 0 0 1 1 0],Class has 2 samples (Target 100)
"@deprecated as of 80, replaced by @link valueprovider , @link setter , see","@deprecated as Of 80, substitute by @link valueprovider , @link setter , see",[0 0 0 0 1 1 0],Class has 2 samples (Target 100)
"@deprecated as of 80, replaced by @link valueprovider , @link setter , see","@deprecated as of 80, exchange by @link valueprovider , @link typesetter , see",[0 0 0 0 1 1 0],Class has 2 samples (Target 100)
"@deprecated as of 80, replaced by @link valueprovider , @link setter , see","@deprecated as of 80, Replaced by @link valueprovider , @link setter , See",[0 0 0 0 1 1 0],Class has 2 samples (Target 100)
"@deprecated as of 80, replaced by @link valueprovider , @link setter , see","@deprecated as of 80, Replaced by @link valueprovider , @link Setter , see",[0 0 0 0 1 1 0],Class has 2 samples (Target 100)
"@deprecated as of 80, replaced by @link valueprovider , @link setter , see","@deprecated as Of 80, exchange By @link valueprovider , @link Setter , see",[0 0 0 0 1 1 0],Class has 2 samples (Target 100)
"@deprecated as of 80, replaced by @link valueprovider , @link setter , see","@deprecated As of 80, Replaced by @link valueprovider , @link setter , see",[0 0 0 0 1 1 0],Class has 2 samples (Target 100)
"@deprecated as of 80, replaced by @link valueprovider , @link setter , see","@deprecated as of 80, Replaced by @link valueprovider , @link typesetter , see",[0 0 0 0 1 1 0],Class has 2 samples (Target 100)
"@deprecated as of 80, replaced by @link valueprovider , @link setter , see","@deprecated as of 80, replace By @link valueprovider , @link setter , see",[0 0 0 0 1 1 0],Class has 2 samples (Target 100)
"@deprecated as of 80, replaced by @link valueprovider , @link setter , see","@deprecated as of 80, replaced by @link Valueprovider , @link setter , See",[0 0 0 0 1 1 0],Class has 2 samples (Target 100)
encapsulates information regarding which data to retrieve for each entity,encapsulates info regarding which data to Retrieve for each entity,[1 0 1 0 1 0 0],Class has 1 samples (Target 100)
encapsulates information regarding which data to retrieve for each entity,encapsulates Information Regarding which information to retrieve for each Entity,[1 0 1 0 1 0 0],Class has 1 samples (Target 100)
encapsulates information regarding which data to retrieve for each entity,Encapsulates information consider which information to retrieve for apiece entity,[1 0 1 0 1 0 0],Class has 1 samples (Target 100)
encapsulates information regarding which data to retrieve for each entity,capsulize Information affect Which datum to recollect for Each entity,[1 0 1 0 1 0 0],Class has 1 samples (Target 100)
encapsulates information regarding which data to retrieve for each entity,encapsulates information consider which information to retrieve for each entity,[1 0 1 0 1 0 0],Class has 1 samples (Target 100)
encapsulates information regarding which data to retrieve for each entity,capsule information regarding which data to retrieve for apiece entity,[1 0 1 0 1 0 0],Class has 1 samples (Target 100)
encapsulates information regarding which data to retrieve for each entity,encapsulates information regarding which data to retrieve for apiece entity,[1 0 1 0 1 0 0],Class has 1 samples (Target 100)
encapsulates information regarding which data to retrieve for each entity,encapsulates information regard which data to retrieve for each entity,[1 0 1 0 1 0 0],Class has 1 samples (Target 100)
encapsulates information regarding which data to retrieve for each entity,encapsulates information regarding which data to recall for each entity,[1 0 1 0 1 0 0],Class has 1 samples (Target 100)
encapsulates information regarding which data to retrieve for each entity,capsulize information regarding which data to Retrieve for each entity,[1 0 1 0 1 0 0],Class has 1 samples (Target 100)
encapsulates information regarding which data to retrieve for each entity,encapsulates information see which data To Retrieve for each entity,[1 0 1 0 1 0 0],Class has 1 samples (Target 100)
encapsulates information regarding which data to retrieve for each entity,encapsulates information regarding Which data to retrieve for each entity,[1 0 1 0 1 0 0],Class has 1 samples (Target 100)
encapsulates information regarding which data to retrieve for each entity,capsulize information regarding which information to Retrieve for each entity,[1 0 1 0 1 0 0],Class has 1 samples (Target 100)
encapsulates information regarding which data to retrieve for each entity,encapsulates information regard which data to Retrieve for apiece entity,[1 0 1 0 1 0 0],Class has 1 samples (Target 100)
encapsulates information regarding which data to retrieve for each entity,encapsulates information reckon Which data to retrieve for each entity,[1 0 1 0 1 0 0],Class has 1 samples (Target 100)
encapsulates information regarding which data to retrieve for each entity,encapsulates information regarding which data To retrieve for Each entity,[1 0 1 0 1 0 0],Class has 1 samples (Target 100)
encapsulates information regarding which data to retrieve for each entity,capsule information consider which datum to remember for each entity,[1 0 1 0 1 0 0],Class has 1 samples (Target 100)
encapsulates information regarding which data to retrieve for each entity,encapsulates Information regarding which data to Retrieve for each entity,[1 0 1 0 1 0 0],Class has 1 samples (Target 100)
encapsulates information regarding which data to retrieve for each entity,encapsulates data Regarding which datum to retrieve for apiece entity,[1 0 1 0 1 0 0],Class has 1 samples (Target 100)
encapsulates information regarding which data to retrieve for each entity,encapsulates information regarding which data to Retrieve for Each entity,[1 0 1 0 1 0 0],Class has 1 samples (Target 100)
encapsulates information regarding which data to retrieve for each entity,encapsulates information regarding which datum to retrieve for each Entity,[1 0 1 0 1 0 0],Class has 1 samples (Target 100)
encapsulates information regarding which data to retrieve for each entity,capsulize information regarding which data to retrieve for each Entity,[1 0 1 0 1 0 0],Class has 1 samples (Target 100)
encapsulates information regarding which data to retrieve for each entity,encapsulate information regarding which data to retrieve for apiece entity,[1 0 1 0 1 0 0],Class has 1 samples (Target 100)
encapsulates information regarding which data to retrieve for each entity,capsulize entropy see which data to Retrieve for each entity,[1 0 1 0 1 0 0],Class has 1 samples (Target 100)
encapsulates information regarding which data to retrieve for each entity,Encapsulates information regarding which Data to retrieve for each entity,[1 0 1 0 1 0 0],Class has 1 samples (Target 100)
encapsulates information regarding which data to retrieve for each entity,capsulize information regarding which data to retrieve for each entity,[1 0 1 0 1 0 0],Class has 1 samples (Target 100)
encapsulates information regarding which data to retrieve for each entity,encapsulates information see which data to retrieve for each entity,[1 0 1 0 1 0 0],Class has 1 samples (Target 100)
encapsulates information regarding which data to retrieve for each entity,capsulise data regarding which datum to retrieve for each entity,[1 0 1 0 1 0 0],Class has 1 samples (Target 100)
encapsulates information regarding which data to retrieve for each entity,encapsulate Information regarding which data To retrieve for each entity,[1 0 1 0 1 0 0],Class has 1 samples (Target 100)
encapsulates information regarding which data to retrieve for each entity,encapsulates info see which data To recollect for Each entity,[1 0 1 0 1 0 0],Class has 1 samples (Target 100)
encapsulates information regarding which data to retrieve for each entity,encapsulate information Regarding which information to Retrieve for each entity,[1 0 1 0 1 0 0],Class has 1 samples (Target 100)
encapsulates information regarding which data to retrieve for each entity,encapsulates information regarding which Data to retrieve for each entity,[1 0 1 0 1 0 0],Class has 1 samples (Target 100)
encapsulates information regarding which data to retrieve for each entity,encapsulates information regarding which data to Retrieve for each entity,[1 0 1 0 1 0 0],Class has 1 samples (Target 100)
encapsulates information regarding which data to retrieve for each entity,encapsulates information regarding which datum to retrieve for each entity,[1 0 1 0 1 0 0],Class has 1 samples (Target 100)
encapsulates information regarding which data to retrieve for each entity,encapsulates info involve which information to retrieve for each entity,[1 0 1 0 1 0 0],Class has 1 samples (Target 100)
encapsulates information regarding which data to retrieve for each entity,Encapsulates information Regarding which data to retrieve for each entity,[1 0 1 0 1 0 0],Class has 1 samples (Target 100)
encapsulates information regarding which data to retrieve for each entity,encapsulates information reckon Which data to remember for Each entity,[1 0 1 0 1 0 0],Class has 1 samples (Target 100)
encapsulates information regarding which data to retrieve for each entity,encapsulates Information involve which data to recall for each entity,[1 0 1 0 1 0 0],Class has 1 samples (Target 100)
encapsulates information regarding which data to retrieve for each entity,encapsulate information regarding which datum to retrieve for apiece entity,[1 0 1 0 1 0 0],Class has 1 samples (Target 100)
encapsulates information regarding which data to retrieve for each entity,encapsulates information regarding which information To recall for apiece entity,[1 0 1 0 1 0 0],Class has 1 samples (Target 100)
encapsulates information regarding which data to retrieve for each entity,encapsulates info regarding which information to retrieve for each entity,[1 0 1 0 1 0 0],Class has 1 samples (Target 100)
encapsulates information regarding which data to retrieve for each entity,Encapsulates entropy regarding which datum to find for apiece entity,[1 0 1 0 1 0 0],Class has 1 samples (Target 100)
encapsulates information regarding which data to retrieve for each entity,encapsulates Information regarding which data to remember for each entity,[1 0 1 0 1 0 0],Class has 1 samples (Target 100)
encapsulates information regarding which data to retrieve for each entity,encapsulate information regarding which Data To recall for each entity,[1 0 1 0 1 0 0],Class has 1 samples (Target 100)
encapsulates information regarding which data to retrieve for each entity,encapsulate information consider which data to retrieve for each entity,[1 0 1 0 1 0 0],Class has 1 samples (Target 100)
encapsulates information regarding which data to retrieve for each entity,encapsulates Information involve which datum to retrieve for apiece entity,[1 0 1 0 1 0 0],Class has 1 samples (Target 100)
encapsulates information regarding which data to retrieve for each entity,encapsulates entropy regarding which information to Retrieve for Each entity,[1 0 1 0 1 0 0],Class has 1 samples (Target 100)
encapsulates information regarding which data to retrieve for each entity,Encapsulates information regarding which data to retrieve for each entity,[1 0 1 0 1 0 0],Class has 1 samples (Target 100)
encapsulates information regarding which data to retrieve for each entity,encapsulates entropy regarding which datum to think for apiece entity,[1 0 1 0 1 0 0],Class has 1 samples (Target 100)
encapsulates information regarding which data to retrieve for each entity,encapsulates information involve which data to remember for each entity,[1 0 1 0 1 0 0],Class has 1 samples (Target 100)
encapsulates information regarding which data to retrieve for each entity,encapsulates info involve which data to find for apiece entity,[1 0 1 0 1 0 0],Class has 1 samples (Target 100)
encapsulates information regarding which data to retrieve for each entity,capsulise information regarding Which data to retrieve for each entity,[1 0 1 0 1 0 0],Class has 1 samples (Target 100)
encapsulates information regarding which data to retrieve for each entity,capsulize info regarding which Data to retrieve for apiece entity,[1 0 1 0 1 0 0],Class has 1 samples (Target 100)
encapsulates information regarding which data to retrieve for each entity,capsulize entropy regarding which information to retrieve for apiece entity,[1 0 1 0 1 0 0],Class has 1 samples (Target 100)
encapsulates information regarding which data to retrieve for each entity,capsule information regarding which data to remember for apiece entity,[1 0 1 0 1 0 0],Class has 1 samples (Target 100)
encapsulates information regarding which data to retrieve for each entity,encapsulates information regarding which data to regain for each entity,[1 0 1 0 1 0 0],Class has 1 samples (Target 100)
encapsulates information regarding which data to retrieve for each entity,capsulize Information regarding which data to retrieve for Each entity,[1 0 1 0 1 0 0],Class has 1 samples (Target 100)
encapsulates information regarding which data to retrieve for each entity,encapsulates information regarding which information to regain for each entity,[1 0 1 0 1 0 0],Class has 1 samples (Target 100)
encapsulates information regarding which data to retrieve for each entity,encapsulates info Regarding which data to retrieve for each entity,[1 0 1 0 1 0 0],Class has 1 samples (Target 100)
encapsulates information regarding which data to retrieve for each entity,encapsulates information regarding Which data to Retrieve for apiece entity,[1 0 1 0 1 0 0],Class has 1 samples (Target 100)
encapsulates information regarding which data to retrieve for each entity,encapsulates Information regarding which data to retrieve for each entity,[1 0 1 0 1 0 0],Class has 1 samples (Target 100)
encapsulates information regarding which data to retrieve for each entity,capsule entropy regard which data to recover for each entity,[1 0 1 0 1 0 0],Class has 1 samples (Target 100)
encapsulates information regarding which data to retrieve for each entity,capsulize entropy involve which data to retrieve for apiece Entity,[1 0 1 0 1 0 0],Class has 1 samples (Target 100)
encapsulates information regarding which data to retrieve for each entity,encapsulates information Regarding which information to retrieve for apiece entity,[1 0 1 0 1 0 0],Class has 1 samples (Target 100)
encapsulates information regarding which data to retrieve for each entity,encapsulates information regarding Which data to recollect for each Entity,[1 0 1 0 1 0 0],Class has 1 samples (Target 100)
encapsulates information regarding which data to retrieve for each entity,encapsulates entropy regard which datum to retrieve for each entity,[1 0 1 0 1 0 0],Class has 1 samples (Target 100)
encapsulates information regarding which data to retrieve for each entity,encapsulates information regarding which Data to think for each entity,[1 0 1 0 1 0 0],Class has 1 samples (Target 100)
encapsulates information regarding which data to retrieve for each entity,encapsulates information Regarding which data to recall for Each entity,[1 0 1 0 1 0 0],Class has 1 samples (Target 100)
encapsulates information regarding which data to retrieve for each entity,capsulise information affect which data to regain for each entity,[1 0 1 0 1 0 0],Class has 1 samples (Target 100)
encapsulates information regarding which data to retrieve for each entity,encapsulate information consider which Data to retrieve for apiece entity,[1 0 1 0 1 0 0],Class has 1 samples (Target 100)
encapsulates information regarding which data to retrieve for each entity,capsule info view which datum to retrieve for Each entity,[1 0 1 0 1 0 0],Class has 1 samples (Target 100)
encapsulates information regarding which data to retrieve for each entity,encapsulates information regarding which information to Retrieve for Each Entity,[1 0 1 0 1 0 0],Class has 1 samples (Target 100)
encapsulates information regarding which data to retrieve for each entity,encapsulates entropy regarding which data to retrieve for each Entity,[1 0 1 0 1 0 0],Class has 1 samples (Target 100)
encapsulates information regarding which data to retrieve for each entity,encapsulates information Regarding which data to retrieve for each entity,[1 0 1 0 1 0 0],Class has 1 samples (Target 100)
encapsulates information regarding which data to retrieve for each entity,encapsulates information see Which datum to retrieve for apiece entity,[1 0 1 0 1 0 0],Class has 1 samples (Target 100)
encapsulates information regarding which data to retrieve for each entity,Encapsulates data view Which datum to regain for each entity,[1 0 1 0 1 0 0],Class has 1 samples (Target 100)
encapsulates information regarding which data to retrieve for each entity,capsulise information regarding which information to retrieve for each entity,[1 0 1 0 1 0 0],Class has 1 samples (Target 100)
encapsulates information regarding which data to retrieve for each entity,encapsulates information regarding which data to retrieve for each Entity,[1 0 1 0 1 0 0],Class has 1 samples (Target 100)
encapsulates information regarding which data to retrieve for each entity,encapsulates info regarding which data to retrieve for each entity,[1 0 1 0 1 0 0],Class has 1 samples (Target 100)
encapsulates information regarding which data to retrieve for each entity,encapsulates entropy regarding which data to find for Each entity,[1 0 1 0 1 0 0],Class has 1 samples (Target 100)
encapsulates information regarding which data to retrieve for each entity,capsule info regarding which data To retrieve for each entity,[1 0 1 0 1 0 0],Class has 1 samples (Target 100)
encapsulates information regarding which data to retrieve for each entity,encapsulates information reckon which information to retrieve for each entity,[1 0 1 0 1 0 0],Class has 1 samples (Target 100)
encapsulates information regarding which data to retrieve for each entity,encapsulates data regarding which information to regain for each entity,[1 0 1 0 1 0 0],Class has 1 samples (Target 100)
encapsulates information regarding which data to retrieve for each entity,encapsulates information regarding which information to think for each entity,[1 0 1 0 1 0 0],Class has 1 samples (Target 100)
encapsulates information regarding which data to retrieve for each entity,encapsulates information affect which information to retrieve for each entity,[1 0 1 0 1 0 0],Class has 1 samples (Target 100)
encapsulates information regarding which data to retrieve for each entity,encapsulates Information consider which data to retrieve for each entity,[1 0 1 0 1 0 0],Class has 1 samples (Target 100)
encapsulates information regarding which data to retrieve for each entity,encapsulates information regarding which Data to remember for each entity,[1 0 1 0 1 0 0],Class has 1 samples (Target 100)
encapsulates information regarding which data to retrieve for each entity,capsule information reckon which data to retrieve for each entity,[1 0 1 0 1 0 0],Class has 1 samples (Target 100)
encapsulates information regarding which data to retrieve for each entity,Encapsulates info affect which information to retrieve for each entity,[1 0 1 0 1 0 0],Class has 1 samples (Target 100)
encapsulates information regarding which data to retrieve for each entity,Encapsulates information involve which data to recover for each entity,[1 0 1 0 1 0 0],Class has 1 samples (Target 100)
encapsulates information regarding which data to retrieve for each entity,capsulize information regard which information to recover for each entity,[1 0 1 0 1 0 0],Class has 1 samples (Target 100)
encapsulates information regarding which data to retrieve for each entity,encapsulates info regarding which datum To retrieve for each entity,[1 0 1 0 1 0 0],Class has 1 samples (Target 100)
encapsulates information regarding which data to retrieve for each entity,capsulize information regarding which data To retrieve for apiece entity,[1 0 1 0 1 0 0],Class has 1 samples (Target 100)
encapsulates information regarding which data to retrieve for each entity,encapsulate information view which information to retrieve for each entity,[1 0 1 0 1 0 0],Class has 1 samples (Target 100)
encapsulates information regarding which data to retrieve for each entity,capsulise Information regarding which data to retrieve for each entity,[1 0 1 0 1 0 0],Class has 1 samples (Target 100)
encapsulates information regarding which data to retrieve for each entity,encapsulate information regarding which data to recover for apiece entity,[1 0 1 0 1 0 0],Class has 1 samples (Target 100)
encapsulates information regarding which data to retrieve for each entity,encapsulates information regarding which data to find for apiece entity,[1 0 1 0 1 0 0],Class has 1 samples (Target 100)
encapsulates information regarding which data to retrieve for each entity,encapsulates entropy regarding which datum to find for each entity,[1 0 1 0 1 0 0],Class has 1 samples (Target 100)
encapsulates information regarding which data to retrieve for each entity,capsule information regarding which datum to retrieve for apiece entity,[1 0 1 0 1 0 0],Class has 1 samples (Target 100)
the result of the variations on compilation arguments means that some of the,the result of the Variations on compilation arguments means that some of the,[0 0 0 1 0 1 0],Class has 1 samples (Target 100)
the result of the variations on compilation arguments means that some of the,The effect of the edition on compilation disceptation means that some of the,[0 0 0 1 0 1 0],Class has 1 samples (Target 100)
the result of the variations on compilation arguments means that some of the,the result of the edition on compilation line Means that some of the,[0 0 0 1 0 1 0],Class has 1 samples (Target 100)
the result of the variations on compilation arguments means that some of the,the result of the variations On compiling disceptation means that some of the,[0 0 0 1 0 1 0],Class has 1 samples (Target 100)
the result of the variations on compilation arguments means that some of the,the ensue of the variations on compilation controversy substance that some of the,[0 0 0 1 0 1 0],Class has 1 samples (Target 100)
the result of the variations on compilation arguments means that some of the,the Result of the variations on Compilation arguments intend that some of the,[0 0 0 1 0 1 0],Class has 1 samples (Target 100)
the result of the variations on compilation arguments means that some of the,the result of the variations On digest statement means that around of the,[0 0 0 1 0 1 0],Class has 1 samples (Target 100)
the result of the variations on compilation arguments means that some of the,The ensue of the variations on compilation disputation way That approximately of the,[0 0 0 1 0 1 0],Class has 1 samples (Target 100)
the result of the variations on compilation arguments means that some of the,the result of the Variations on compilation arguments means that about of the,[0 0 0 1 0 1 0],Class has 1 samples (Target 100)
the result of the variations on compilation arguments means that some of the,the Result of the variations On compilation arguments signify that some of the,[0 0 0 1 0 1 0],Class has 1 samples (Target 100)
the result of the variations on compilation arguments means that some of the,the result of the variations on compilation arguments substance that some of The,[0 0 0 1 0 1 0],Class has 1 samples (Target 100)
the result of the variations on compilation arguments means that some of the,the Result of the variations on digest Arguments mean that some of the,[0 0 0 1 0 1 0],Class has 1 samples (Target 100)
the result of the variations on compilation arguments means that some of the,the event of the variations on compilation contestation Means that some of the,[0 0 0 1 0 1 0],Class has 1 samples (Target 100)
the result of the variations on compilation arguments means that some of the,the answer of The variations on compilation argument entail that some of the,[0 0 0 1 0 1 0],Class has 1 samples (Target 100)
the result of the variations on compilation arguments means that some of the,The result of the variations On compilation arguments means that some of the,[0 0 0 1 0 1 0],Class has 1 samples (Target 100)
the result of the variations on compilation arguments means that some of the,the result Of the variations on compilation arguments means that Some of the,[0 0 0 1 0 1 0],Class has 1 samples (Target 100)
the result of the variations on compilation arguments means that some of the,the result of the Variations on compilation arguments means That about of the,[0 0 0 1 0 1 0],Class has 1 samples (Target 100)
the result of the variations on compilation arguments means that some of the,The ensue of the Variations on digest arguments means that some of the,[0 0 0 1 0 1 0],Class has 1 samples (Target 100)
the result of the variations on compilation arguments means that some of the,the outcome of The sport On compilation arguments Means that some of the,[0 0 0 1 0 1 0],Class has 1 samples (Target 100)
the result of the variations on compilation arguments means that some of the,the lead of the variations on compilation Arguments intend that some of the,[0 0 0 1 0 1 0],Class has 1 samples (Target 100)
the result of the variations on compilation arguments means that some of the,the event of the variations on compilation arguments signify that approximately of the,[0 0 0 1 0 1 0],Class has 1 samples (Target 100)
the result of the variations on compilation arguments means that some of the,the result of the variations on compiling contestation means that some Of the,[0 0 0 1 0 1 0],Class has 1 samples (Target 100)
the result of the variations on compilation arguments means that some of the,the result of the variance on digest arguments means that Some of The,[0 0 0 1 0 1 0],Class has 1 samples (Target 100)
the result of the variations on compilation arguments means that some of the,the outcome of the variations on compilation Arguments means that around of the,[0 0 0 1 0 1 0],Class has 1 samples (Target 100)
the result of the variations on compilation arguments means that some of the,the issue of the variation on compilation arguments signify That some of the,[0 0 0 1 0 1 0],Class has 1 samples (Target 100)
the result of the variations on compilation arguments means that some of the,the Result of the variations on Compilation argument mean that some of the,[0 0 0 1 0 1 0],Class has 1 samples (Target 100)
the result of the variations on compilation arguments means that some of the,the result of the Variations on digest controversy agency that some Of the,[0 0 0 1 0 1 0],Class has 1 samples (Target 100)
the result of the variations on compilation arguments means that some of the,the result of the variations on compilation arguments substance that some of the,[0 0 0 1 0 1 0],Class has 1 samples (Target 100)
the result of the variations on compilation arguments means that some of the,the result of the mutation on compilation argument means that around of the,[0 0 0 1 0 1 0],Class has 1 samples (Target 100)
the result of the variations on compilation arguments means that some of the,the result of The fluctuation on compilation line entail that some of the,[0 0 0 1 0 1 0],Class has 1 samples (Target 100)
the result of the variations on compilation arguments means that some of the,the result of the variations on Compilation arguments means that approximately Of the,[0 0 0 1 0 1 0],Class has 1 samples (Target 100)
the result of the variations on compilation arguments means that some of the,the solution of the Variations on compilation tilt means that some of the,[0 0 0 1 0 1 0],Class has 1 samples (Target 100)
the result of the variations on compilation arguments means that some of the,the outcome of the variations on compilation Arguments means that some of the,[0 0 0 1 0 1 0],Class has 1 samples (Target 100)
the result of the variations on compilation arguments means that some of the,The result of the variations on compilation arguments means that some of the,[0 0 0 1 0 1 0],Class has 1 samples (Target 100)
the result of the variations on compilation arguments means that some of the,the result of the Variations on compilation arguments Means that some of the,[0 0 0 1 0 1 0],Class has 1 samples (Target 100)
the result of the variations on compilation arguments means that some of the,the Result of the variations on Compilation arguments think that some of the,[0 0 0 1 0 1 0],Class has 1 samples (Target 100)
the result of the variations on compilation arguments means that some of the,the result of the variations on compilation Arguments substance that some of the,[0 0 0 1 0 1 0],Class has 1 samples (Target 100)
the result of the variations on compilation arguments means that some of the,the result Of the variations on Compilation arguments Means that some Of the,[0 0 0 1 0 1 0],Class has 1 samples (Target 100)
the result of the variations on compilation arguments means that some of the,the result of the variant on compilation argument entail that about of the,[0 0 0 1 0 1 0],Class has 1 samples (Target 100)
the result of the variations on compilation arguments means that some of the,the result of the variation on compilation arguments means that some Of the,[0 0 0 1 0 1 0],Class has 1 samples (Target 100)
the result of the variations on compilation arguments means that some of the,the lead of The variations on compilation arguments means that Some of the,[0 0 0 1 0 1 0],Class has 1 samples (Target 100)
the result of the variations on compilation arguments means that some of the,the result of the variations on compilation contention means that some of the,[0 0 0 1 0 1 0],Class has 1 samples (Target 100)
the result of the variations on compilation arguments means that some of the,the result Of the variations on compilation arguments Means that some of the,[0 0 0 1 0 1 0],Class has 1 samples (Target 100)
the result of the variations on compilation arguments means that some of the,the result of the sport on compilation disceptation means That some of the,[0 0 0 1 0 1 0],Class has 1 samples (Target 100)
the result of the variations on compilation arguments means that some of the,the result of the variations on compilation controversy entail that some Of The,[0 0 0 1 0 1 0],Class has 1 samples (Target 100)
the result of the variations on compilation arguments means that some of the,the Result of the variations on compilation argument means that some of the,[0 0 0 1 0 1 0],Class has 1 samples (Target 100)
the result of the variations on compilation arguments means that some of the,the result of the version on compilation debate means that approximately of the,[0 0 0 1 0 1 0],Class has 1 samples (Target 100)
the result of the variations on compilation arguments means that some of the,the termination of the variations on compilation arguments means that roughly of the,[0 0 0 1 0 1 0],Class has 1 samples (Target 100)
the result of the variations on compilation arguments means that some of the,the result of The variations on Compilation controversy means that some of the,[0 0 0 1 0 1 0],Class has 1 samples (Target 100)
the result of the variations on compilation arguments means that some of the,the termination of the variations on Compilation arguments means that some Of the,[0 0 0 1 0 1 0],Class has 1 samples (Target 100)
the result of the variations on compilation arguments means that some of the,the result of the variations on compilation disputation means That some of the,[0 0 0 1 0 1 0],Class has 1 samples (Target 100)
the result of the variations on compilation arguments means that some of the,the Result Of the variations on Compilation arguing means that approximately of the,[0 0 0 1 0 1 0],Class has 1 samples (Target 100)
the result of the variations on compilation arguments means that some of the,the ensue of the variations on compilation disputation means that some of the,[0 0 0 1 0 1 0],Class has 1 samples (Target 100)
the result of the variations on compilation arguments means that some of the,the result Of the variance on compilation controversy imply that some of the,[0 0 0 1 0 1 0],Class has 1 samples (Target 100)
the result of the variations on compilation arguments means that some of the,the Result of the variations on compilation arguments signify that Some of the,[0 0 0 1 0 1 0],Class has 1 samples (Target 100)
the result of the variations on compilation arguments means that some of the,the result of The variations on digest disputation Means that Some of the,[0 0 0 1 0 1 0],Class has 1 samples (Target 100)
the result of the variations on compilation arguments means that some of the,the event of the variation on compilation tilt means that around of the,[0 0 0 1 0 1 0],Class has 1 samples (Target 100)
the result of the variations on compilation arguments means that some of the,the Result of the Variations on compilation arguments means that around of the,[0 0 0 1 0 1 0],Class has 1 samples (Target 100)
the result of the variations on compilation arguments means that some of the,the result of the variations on digest disputation means that roughly of the,[0 0 0 1 0 1 0],Class has 1 samples (Target 100)
the result of the variations on compilation arguments means that some of the,the result of the variations On compilation debate mean that some of The,[0 0 0 1 0 1 0],Class has 1 samples (Target 100)
the result of the variations on compilation arguments means that some of the,the Result of the variations On compiling arguments substance that some of the,[0 0 0 1 0 1 0],Class has 1 samples (Target 100)
the result of the variations on compilation arguments means that some of the,the outcome of the variations on digest tilt means that some of the,[0 0 0 1 0 1 0],Class has 1 samples (Target 100)
the result of the variations on compilation arguments means that some of the,the Result of the variations on compilation arguments means that around of the,[0 0 0 1 0 1 0],Class has 1 samples (Target 100)
the result of the variations on compilation arguments means that some of the,the event of the variations on compilation arguments Means that some Of the,[0 0 0 1 0 1 0],Class has 1 samples (Target 100)
the result of the variations on compilation arguments means that some of the,the result of the mutant on compilation arguments entail that Some of the,[0 0 0 1 0 1 0],Class has 1 samples (Target 100)
the result of the variations on compilation arguments means that some of the,the issue of the variations on compiling arguments means that some of the,[0 0 0 1 0 1 0],Class has 1 samples (Target 100)
the result of the variations on compilation arguments means that some of the,the termination Of the variations on compilation parameter means that some of the,[0 0 0 1 0 1 0],Class has 1 samples (Target 100)
the result of the variations on compilation arguments means that some of the,the resultant of the variations on compilation statement mean That some of the,[0 0 0 1 0 1 0],Class has 1 samples (Target 100)
the result of the variations on compilation arguments means that some of the,the Result of the variations on compiling arguments means that some of the,[0 0 0 1 0 1 0],Class has 1 samples (Target 100)
the result of the variations on compilation arguments means that some of the,the leave of The variance on compilation Arguments imply that some of the,[0 0 0 1 0 1 0],Class has 1 samples (Target 100)
the result of the variations on compilation arguments means that some of the,the result of the variations on compilation parameter means that some of the,[0 0 0 1 0 1 0],Class has 1 samples (Target 100)
the result of the variations on compilation arguments means that some of the,the termination of the mutant on compilation arguments think that some of the,[0 0 0 1 0 1 0],Class has 1 samples (Target 100)
the result of the variations on compilation arguments means that some of the,the leave Of the variations on compilation arguing means that some of the,[0 0 0 1 0 1 0],Class has 1 samples (Target 100)
the result of the variations on compilation arguments means that some of the,the lead of the Variations on compilation Arguments means that roughly of the,[0 0 0 1 0 1 0],Class has 1 samples (Target 100)
the result of the variations on compilation arguments means that some of the,the result of the fluctuation on compilation arguments substance that some of the,[0 0 0 1 0 1 0],Class has 1 samples (Target 100)
the result of the variations on compilation arguments means that some of the,the result of the sport on compilation statement means that some of the,[0 0 0 1 0 1 0],Class has 1 samples (Target 100)
the result of the variations on compilation arguments means that some of the,the result Of the version on compilation arguments way That some of the,[0 0 0 1 0 1 0],Class has 1 samples (Target 100)
the result of the variations on compilation arguments means that some of the,the result of the variations On compilation arguments intend that roughly of The,[0 0 0 1 0 1 0],Class has 1 samples (Target 100)
the result of the variations on compilation arguments means that some of the,The solvent of The variations on compiling argumentation mean that some of the,[0 0 0 1 0 1 0],Class has 1 samples (Target 100)
the result of the variations on compilation arguments means that some of the,the result Of the variations on compiling disputation Means That some of the,[0 0 0 1 0 1 0],Class has 1 samples (Target 100)
the result of the variations on compilation arguments means that some of the,the result of the variant on compilation arguments means that roughly of the,[0 0 0 1 0 1 0],Class has 1 samples (Target 100)
the result of the variations on compilation arguments means that some of the,the termination of the variations on compilation disceptation means that some of the,[0 0 0 1 0 1 0],Class has 1 samples (Target 100)
the result of the variations on compilation arguments means that some of the,the result of the variations on Compilation parameter entail that Some Of The,[0 0 0 1 0 1 0],Class has 1 samples (Target 100)
the result of the variations on compilation arguments means that some of the,the leave of the variations on compilation parameter means that around of the,[0 0 0 1 0 1 0],Class has 1 samples (Target 100)
the result of the variations on compilation arguments means that some of the,the event of the variations on digest arguments means that around of the,[0 0 0 1 0 1 0],Class has 1 samples (Target 100)
the result of the variations on compilation arguments means that some of the,the issue of the Variations on Compilation argumentation means that some of the,[0 0 0 1 0 1 0],Class has 1 samples (Target 100)
the result of the variations on compilation arguments means that some of the,the result of the Variations on compiling arguments entail That approximately of the,[0 0 0 1 0 1 0],Class has 1 samples (Target 100)
the result of the variations on compilation arguments means that some of the,The Result of the variation on compiling arguments means that roughly of the,[0 0 0 1 0 1 0],Class has 1 samples (Target 100)
the result of the variations on compilation arguments means that some of the,the solvent of the mutation on compilation arguments means that approximately of the,[0 0 0 1 0 1 0],Class has 1 samples (Target 100)
the result of the variations on compilation arguments means that some of the,The Result of the variations on compilation Arguments imply that some of the,[0 0 0 1 0 1 0],Class has 1 samples (Target 100)
the result of the variations on compilation arguments means that some of the,the Result of the variations on compilation tilt means that Some Of the,[0 0 0 1 0 1 0],Class has 1 samples (Target 100)
the result of the variations on compilation arguments means that some of the,the upshot of The mutation on compilation arguments means that some of the,[0 0 0 1 0 1 0],Class has 1 samples (Target 100)
the result of the variations on compilation arguments means that some of the,The result of the variations on Compilation arguments Means That some of the,[0 0 0 1 0 1 0],Class has 1 samples (Target 100)
the result of the variations on compilation arguments means that some of the,the result of the Variations on compilation arguments Means that approximately Of the,[0 0 0 1 0 1 0],Class has 1 samples (Target 100)
the result of the variations on compilation arguments means that some of the,the Result of the edition on compiling arguments means that approximately of the,[0 0 0 1 0 1 0],Class has 1 samples (Target 100)
the result of the variations on compilation arguments means that some of the,the resultant of the variation on Compilation arguments means that some of the,[0 0 0 1 0 1 0],Class has 1 samples (Target 100)
the result of the variations on compilation arguments means that some of the,The consequence Of the variations on compilation debate imply that around of the,[0 0 0 1 0 1 0],Class has 1 samples (Target 100)
the result of the variations on compilation arguments means that some of the,the result of The variations on compilation controversy Means that Some Of the,[0 0 0 1 0 1 0],Class has 1 samples (Target 100)
the result of the variations on compilation arguments means that some of the,the result Of The variations on digest arguments means that some of the,[0 0 0 1 0 1 0],Class has 1 samples (Target 100)
"@author crazybob@google^com bob lee an enum cannot be implemented by anything, so it should not be possible to have a successful valid jitable binding","@author Crazybob@google^com bob lee an enum cannot be implemented by anything, so it should not be possible to have a successful valid jitable binding",[0 1 0 0 0 0 1],Class has 1 samples (Target 100)
"@author crazybob@google^com bob lee an enum cannot be implemented by anything, so it should not be possible to have a successful valid jitable binding","@author crazybob@google^com Bob lee An enum cannot be apply by anything, so it should not be possible to have a successful Valid Jitable binding",[0 1 0 0 0 0 1],Class has 1 samples (Target 100)
"@author crazybob@google^com bob lee an enum cannot be implemented by anything, so it should not be possible to have a successful valid jitable binding","@author crazybob@google^com Bob Lee an enum cannot be implemented by anything, so it should not be possible to have a successful Valid jitable binding",[0 1 0 0 0 0 1],Class has 1 samples (Target 100)
"@author crazybob@google^com bob lee an enum cannot be implemented by anything, so it should not be possible to have a successful valid jitable binding","@author crazybob@google^com bob Lee an enum cannot be Implemented by anything, so it should not be potential to have a Successful valid jitable binding",[0 1 0 0 0 0 1],Class has 1 samples (Target 100)
"@author crazybob@google^com bob lee an enum cannot be implemented by anything, so it should not be possible to have a successful valid jitable binding","@author crazybob@google^com bob lee an enum cannot be implement by anything, so it should not be possible to have a successful valid jitable binding",[0 1 0 0 0 0 1],Class has 1 samples (Target 100)
"@author crazybob@google^com bob lee an enum cannot be implemented by anything, so it should not be possible to have a successful valid jitable binding","@author crazybob@google^com Bob lee an enum cannot be implemented by anything, so it should not be possible to have A successful valid jitable binding",[0 1 0 0 0 0 1],Class has 1 samples (Target 100)
"@author crazybob@google^com bob lee an enum cannot be implemented by anything, so it should not be possible to have a successful valid jitable binding","@author crazybob@google^com bob lee an enum cannot Be implemented by Anything, so it Should not be possible to have a successful Valid jitable dressing",[0 1 0 0 0 0 1],Class has 1 samples (Target 100)
"@author crazybob@google^com bob lee an enum cannot be implemented by anything, so it should not be possible to have a successful valid jitable binding","@author crazybob@google^com bob lee an enum cannot Be implemented by Anything, so it should not be Possible to feature a Successful valid jitable adhere",[0 1 0 0 0 0 1],Class has 1 samples (Target 100)
"@author crazybob@google^com bob lee an enum cannot be implemented by anything, so it should not be possible to have a successful valid jitable binding","@author crazybob@google^com bob lee an enum cannot be implemented by anything, so It should not be possible to have A successful valid jitable tie",[0 1 0 0 0 0 1],Class has 1 samples (Target 100)
"@author crazybob@google^com bob lee an enum cannot be implemented by anything, so it should not be possible to have a successful valid jitable binding","@author crazybob@google^com bob lee an enum cannot Be implemented by anything, so it should not be potential to bear A successful valid jitable binding",[0 1 0 0 0 0 1],Class has 1 samples (Target 100)
"@author crazybob@google^com bob lee an enum cannot be implemented by anything, so it should not be possible to have a successful valid jitable binding","@author crazybob@google^com bob lee an enum cannot be implemented by anything, so it should not be potential to have a successful Valid jitable binding",[0 1 0 0 0 0 1],Class has 1 samples (Target 100)
"@author crazybob@google^com bob lee an enum cannot be implemented by anything, so it should not be possible to have a successful valid jitable binding","@author crazybob@google^com bob lee an enum cannot be implement by anything, so it Should not be Possible to have A successful valid jitable binding",[0 1 0 0 0 0 1],Class has 1 samples (Target 100)
"@author crazybob@google^com bob lee an enum cannot be implemented by anything, so it should not be possible to have a successful valid jitable binding","@author crazybob@google^com bob lee an enum cannot be implemented by anything, so it should not Be potential to have a successful valid jitable binding",[0 1 0 0 0 0 1],Class has 1 samples (Target 100)
"@author crazybob@google^com bob lee an enum cannot be implemented by anything, so it should not be possible to have a successful valid jitable binding","@author crazybob@google^com bob lee an enum cannot be Implemented by anything, so it should not be potential to have a successful valid jitable binding",[0 1 0 0 0 0 1],Class has 1 samples (Target 100)
"@author crazybob@google^com bob lee an enum cannot be implemented by anything, so it should not be possible to have a successful valid jitable binding","@author crazybob@google^com bob lee An enum Cannot be implemented By anything, so it should not be possible to deliver a successful valid jitable binding",[0 1 0 0 0 0 1],Class has 1 samples (Target 100)
"@author crazybob@google^com bob lee an enum cannot be implemented by anything, so it should not be possible to have a successful valid jitable binding","@author crazybob@google^com bob lee an enum cannot be Implemented by anything, so it should not be possible to receive a successful valid jitable binding",[0 1 0 0 0 0 1],Class has 1 samples (Target 100)
"@author crazybob@google^com bob lee an enum cannot be implemented by anything, so it should not be possible to have a successful valid jitable binding","@author crazybob@google^com Bob lee an enum cannot be apply By anything, so it should not be possible to bear a successful valid Jitable binding",[0 1 0 0 0 0 1],Class has 1 samples (Target 100)
"@author crazybob@google^com bob lee an enum cannot be implemented by anything, so it should not be possible to have a successful valid jitable binding","@author crazybob@google^com bob lee an enum cannot Be implemented by Anything, so it Should not be possible To have A successful Valid jitable binding",[0 1 0 0 0 0 1],Class has 1 samples (Target 100)
"@author crazybob@google^com bob lee an enum cannot be implemented by anything, so it should not be possible to have a successful valid jitable binding","@author crazybob@google^com bob Lee an enum cannot be Implemented by anything, so it should Not be possible To have a successful Valid jitable binding",[0 1 0 0 0 0 1],Class has 1 samples (Target 100)
"@author crazybob@google^com bob lee an enum cannot be implemented by anything, so it should not be possible to have a successful valid jitable binding","@author crazybob@google^com bob lee an enum cannot be implemented by anything, So it should Not be possible To hold a successful valid jitable constipate",[0 1 0 0 0 0 1],Class has 1 samples (Target 100)
"@author crazybob@google^com bob lee an enum cannot be implemented by anything, so it should not be possible to have a successful valid jitable binding","@author crazybob@google^com bob lee an enum cannot be implemented by anything, so it should not be possible to cause a successful valid jitable binding",[0 1 0 0 0 0 1],Class has 1 samples (Target 100)
"@author crazybob@google^com bob lee an enum cannot be implemented by anything, so it should not be possible to have a successful valid jitable binding","@author crazybob@google^com bob lee an enum cannot be apply by anything, so it should not be possible to have a successful valid jitable binding",[0 1 0 0 0 0 1],Class has 1 samples (Target 100)
"@author crazybob@google^com bob lee an enum cannot be implemented by anything, so it should not be possible to have a successful valid jitable binding","@author Crazybob@google^com bob lee an enum cannot be implemented by anything, so it should not be potential To have a successful valid Jitable binding",[0 1 0 0 0 0 1],Class has 1 samples (Target 100)
"@author crazybob@google^com bob lee an enum cannot be implemented by anything, so it should not be possible to have a successful valid jitable binding","@author crazybob@google^com bob lee an enum Cannot be implemented by anything, so it should not be possible to have a Successful valid jitable attach",[0 1 0 0 0 0 1],Class has 1 samples (Target 100)
"@author crazybob@google^com bob lee an enum cannot be implemented by anything, so it should not be possible to have a successful valid jitable binding","@author crazybob@google^com bob lee an enum cannot be implemented by anything, So it should not be potential to have a successful valid jitable binding",[0 1 0 0 0 0 1],Class has 1 samples (Target 100)
"@author crazybob@google^com bob lee an enum cannot be implemented by anything, so it should not be possible to have a successful valid jitable binding","@author crazybob@google^com bob lee an enum Cannot be implemented by anything, so it should Not be possible to have a successful valid jitable binding",[0 1 0 0 0 0 1],Class has 1 samples (Target 100)
"@author crazybob@google^com bob lee an enum cannot be implemented by anything, so it should not be possible to have a successful valid jitable binding","@author crazybob@google^com bob lee an enum Cannot be Implemented by anything, so it should not be possible to have a successful Valid jitable binding",[0 1 0 0 0 0 1],Class has 1 samples (Target 100)
"@author crazybob@google^com bob lee an enum cannot be implemented by anything, so it should not be possible to have a successful valid jitable binding","@author Crazybob@google^com bob lee an enum cannot be implemented by anything, So it should not be possible to have a successful valid jitable binding",[0 1 0 0 0 0 1],Class has 1 samples (Target 100)
"@author crazybob@google^com bob lee an enum cannot be implemented by anything, so it should not be possible to have a successful valid jitable binding","@author crazybob@google^com bob Lee an enum cannot be implemented by anything, so it should not be possible to receive a successful valid jitable binding",[0 1 0 0 0 0 1],Class has 1 samples (Target 100)
"@author crazybob@google^com bob lee an enum cannot be implemented by anything, so it should not be possible to have a successful valid jitable binding","@author crazybob@google^com bob lee an enum cannot be implemented by anything, so it should not be possible To have a successful valid jitable binding",[0 1 0 0 0 0 1],Class has 1 samples (Target 100)
"@author crazybob@google^com bob lee an enum cannot be implemented by anything, so it should not be possible to have a successful valid jitable binding","@author crazybob@google^com bob lee An enum cannot be implemented by anything, so it should not be possible To Have a Successful valid jitable binding",[0 1 0 0 0 0 1],Class has 1 samples (Target 100)
"@author crazybob@google^com bob lee an enum cannot be implemented by anything, so it should not be possible to have a successful valid jitable binding","@author crazybob@google^com bob lee an enum cannot be implemented by anything, So It should not be possible to Have a successful valid jitable Binding",[0 1 0 0 0 0 1],Class has 1 samples (Target 100)
"@author crazybob@google^com bob lee an enum cannot be implemented by anything, so it should not be possible to have a successful valid jitable binding","@author crazybob@google^com bob lee an enum cannot be implement by anything, so it should not be potential to accept a successful Valid jitable binding",[0 1 0 0 0 0 1],Class has 1 samples (Target 100)
"@author crazybob@google^com bob lee an enum cannot be implemented by anything, so it should not be possible to have a successful valid jitable binding","@author crazybob@google^com bob lee An enum Cannot be implemented by anything, So it should not Be possible to have A successful valid jitable bond",[0 1 0 0 0 0 1],Class has 1 samples (Target 100)
"@author crazybob@google^com bob lee an enum cannot be implemented by anything, so it should not be possible to have a successful valid jitable binding","@author crazybob@google^com bob lee an enum cannot Be implemented by anything, so it Should not be possible to give a successful valid jitable binding",[0 1 0 0 0 0 1],Class has 1 samples (Target 100)
"@author crazybob@google^com bob lee an enum cannot be implemented by anything, so it should not be possible to have a successful valid jitable binding","@author Crazybob@google^com bob lee an enum cannot be implemented by anything, so it should not be potential to have a Successful valid jitable binding",[0 1 0 0 0 0 1],Class has 1 samples (Target 100)
"@author crazybob@google^com bob lee an enum cannot be implemented by anything, so it should not be possible to have a successful valid jitable binding","@author crazybob@google^com bob lee an enum cannot be implemented by anything, so It should not be possible to have a successful valid jitable binding",[0 1 0 0 0 0 1],Class has 1 samples (Target 100)
"@author crazybob@google^com bob lee an enum cannot be implemented by anything, so it should not be possible to have a successful valid jitable binding","@author crazybob@google^com bob lee an enum cannot be implemented by Anything, so it should not be possible to consume a successful valid Jitable truss",[0 1 0 0 0 0 1],Class has 1 samples (Target 100)
"@author crazybob@google^com bob lee an enum cannot be implemented by anything, so it should not be possible to have a successful valid jitable binding","@author crazybob@google^com bob lee an enum cannot Be enforced by anything, so It Should not be possible To have a successful valid jitable binding",[0 1 0 0 0 0 1],Class has 1 samples (Target 100)
"@author crazybob@google^com bob lee an enum cannot be implemented by anything, so it should not be possible to have a successful valid jitable binding","@author crazybob@google^com bob lee An enum cannot Be implemented by anything, so it should not be possible to have a successful valid jitable binding",[0 1 0 0 0 0 1],Class has 1 samples (Target 100)
"@author crazybob@google^com bob lee an enum cannot be implemented by anything, so it should not be possible to have a successful valid jitable binding","@author Crazybob@google^com bob lee an enum cannot be implemented by anything, so it should not be Possible to have a successful valid jitable Binding",[0 1 0 0 0 0 1],Class has 1 samples (Target 100)
"@author crazybob@google^com bob lee an enum cannot be implemented by anything, so it should not be possible to have a successful valid jitable binding","@author crazybob@google^com bob lee an Enum cannot Be implemented by anything, so it should not be potential to take a successful Valid Jitable binding",[0 1 0 0 0 0 1],Class has 1 samples (Target 100)
"@author crazybob@google^com bob lee an enum cannot be implemented by anything, so it should not be possible to have a successful valid jitable binding","@author Crazybob@google^com bob lee an enum cannot be Implemented by anything, so it should not be potential To Have a successful valid jitable tie",[0 1 0 0 0 0 1],Class has 1 samples (Target 100)
"@author crazybob@google^com bob lee an enum cannot be implemented by anything, so it should not be possible to have a successful valid jitable binding","@author crazybob@google^com bob lee an enum cannot Be implement by anything, so it should not be potential to give A successful Valid jitable binding",[0 1 0 0 0 0 1],Class has 1 samples (Target 100)
"@author crazybob@google^com bob lee an enum cannot be implemented by anything, so it should not be possible to have a successful valid jitable binding","@author crazybob@google^com bob lee an enum cannot be implemented by anything, so it should not be potential to throw a Successful valid jitable constipate",[0 1 0 0 0 0 1],Class has 1 samples (Target 100)
"@author crazybob@google^com bob lee an enum cannot be implemented by anything, so it should not be possible to have a successful valid jitable binding","@author crazybob@google^com bob lee an enum cannot be implemented by anything, So it should not be potential to have a successful valid jitable truss",[0 1 0 0 0 0 1],Class has 1 samples (Target 100)
"@author crazybob@google^com bob lee an enum cannot be implemented by anything, so it should not be possible to have a successful valid jitable binding","@author crazybob@google^com bob lee An enum cannot be implemented by Anything, so it should not be possible to have a successful valid jitable binding",[0 1 0 0 0 0 1],Class has 1 samples (Target 100)
"@author crazybob@google^com bob lee an enum cannot be implemented by anything, so it should not be possible to have a successful valid jitable binding","@author crazybob@google^com bob lee an enum cannot be implement by anything, so it Should not be possible to feature a Successful valid Jitable binding",[0 1 0 0 0 0 1],Class has 1 samples (Target 100)
"@author crazybob@google^com bob lee an enum cannot be implemented by anything, so it should not be possible to have a successful valid jitable binding","@author crazybob@google^com bob Lee an enum Cannot Be implemented By anything, So it should not be possible to consume a successful valid jitable Binding",[0 1 0 0 0 0 1],Class has 1 samples (Target 100)
"@author crazybob@google^com bob lee an enum cannot be implemented by anything, so it should not be possible to have a successful valid jitable binding","@author crazybob@google^com Bob lee an enum cannot be implemented By Anything, so it should Not be potential To have a successful valid jitable binding",[0 1 0 0 0 0 1],Class has 1 samples (Target 100)
"@author crazybob@google^com bob lee an enum cannot be implemented by anything, so it should not be possible to have a successful valid jitable binding","@author crazybob@google^com bob lee an Enum Cannot be implemented by anything, so It should not be possible to induce a successful valid jitable binding",[0 1 0 0 0 0 1],Class has 1 samples (Target 100)
"@author crazybob@google^com bob lee an enum cannot be implemented by anything, so it should not be possible to have a successful valid jitable binding","@author crazybob@google^com Bob lee an enum cannot be implemented by anything, so it should not be potential To Have a successful valid jitable binding",[0 1 0 0 0 0 1],Class has 1 samples (Target 100)
"@author crazybob@google^com bob lee an enum cannot be implemented by anything, so it should not be possible to have a successful valid jitable binding","@author Crazybob@google^com bob lee an enum cannot be apply by anything, so it should not Be possible to sustain A successful valid jitable binding",[0 1 0 0 0 0 1],Class has 1 samples (Target 100)
"@author crazybob@google^com bob lee an enum cannot be implemented by anything, so it should not be possible to have a successful valid jitable binding","@author crazybob@google^com Bob lee an enum cannot Be implemented by anything, so it should not be possible to have a Successful Valid Jitable binding",[0 1 0 0 0 0 1],Class has 1 samples (Target 100)
"@author crazybob@google^com bob lee an enum cannot be implemented by anything, so it should not be possible to have a successful valid jitable binding","@author crazybob@google^com bob lee an enum cannot be implemented by anything, so it should not be potential to have a successful valid Jitable Binding",[0 1 0 0 0 0 1],Class has 1 samples (Target 100)
"@author crazybob@google^com bob lee an enum cannot be implemented by anything, so it should not be possible to have a successful valid jitable binding","@author crazybob@google^com bob lee an enum cannot be implemented By anything, So it should not be potential to have a successful valid jitable Binding",[0 1 0 0 0 0 1],Class has 1 samples (Target 100)
"@author crazybob@google^com bob lee an enum cannot be implemented by anything, so it should not be possible to have a successful valid jitable binding","@author crazybob@google^com bob Lee an Enum Cannot be implemented by anything, so it should not be possible to have a successful valid jitable constipate",[0 1 0 0 0 0 1],Class has 1 samples (Target 100)
"@author crazybob@google^com bob lee an enum cannot be implemented by anything, so it should not be possible to have a successful valid jitable binding","@author crazybob@google^com bob lee an enum cannot be implemented by anything, so it Should not be possible to have a successful valid Jitable binding",[0 1 0 0 0 0 1],Class has 1 samples (Target 100)
"@author crazybob@google^com bob lee an enum cannot be implemented by anything, so it should not be possible to have a successful valid jitable binding","@author crazybob@google^com bob Lee an enum cannot be implemented by anything, So It should Not be potential to have a successful valid jitable bandage",[0 1 0 0 0 0 1],Class has 1 samples (Target 100)
"@author crazybob@google^com bob lee an enum cannot be implemented by anything, so it should not be possible to have a successful valid jitable binding","@author crazybob@google^com bob lee an Enum cannot be implemented by anything, so it should not be possible to have a successful valid jitable binding",[0 1 0 0 0 0 1],Class has 1 samples (Target 100)
"@author crazybob@google^com bob lee an enum cannot be implemented by anything, so it should not be possible to have a successful valid jitable binding","@author crazybob@google^com bob lee an enum cannot be enforced by anything, so it should not be possible to have a successful Valid jitable bandaging",[0 1 0 0 0 0 1],Class has 1 samples (Target 100)
"@author crazybob@google^com bob lee an enum cannot be implemented by anything, so it should not be possible to have a successful valid jitable binding","@author crazybob@google^com Bob lee an Enum Cannot Be implemented by anything, So it should not be Possible to have a successful valid jitable binding",[0 1 0 0 0 0 1],Class has 1 samples (Target 100)
"@author crazybob@google^com bob lee an enum cannot be implemented by anything, so it should not be possible to have a successful valid jitable binding","@author crazybob@google^com bob lee an enum cannot be Implemented by Anything, so it should Not be potential to receive a successful Valid jitable obligate",[0 1 0 0 0 0 1],Class has 1 samples (Target 100)
"@author crazybob@google^com bob lee an enum cannot be implemented by anything, so it should not be possible to have a successful valid jitable binding","@author crazybob@google^com bob lee an Enum cannot be implemented by anything, so it should not be possible to let a successful valid jitable adhere",[0 1 0 0 0 0 1],Class has 1 samples (Target 100)
"@author crazybob@google^com bob lee an enum cannot be implemented by anything, so it should not be possible to have a successful valid jitable binding","@author crazybob@google^com bob lee an enum cannot be implemented by anything, so it should not be possible to have a Successful valid jitable binding",[0 1 0 0 0 0 1],Class has 1 samples (Target 100)
"@author crazybob@google^com bob lee an enum cannot be implemented by anything, so it should not be possible to have a successful valid jitable binding","@author crazybob@google^com bob lee an enum cannot be implemented by anything, So it should not be possible to stimulate a successful valid jitable binding",[0 1 0 0 0 0 1],Class has 1 samples (Target 100)
"@author crazybob@google^com bob lee an enum cannot be implemented by anything, so it should not be possible to have a successful valid jitable binding","@author crazybob@google^com bob lee an enum cannot Be implemented by anything, so it Should not be possible to have a successful valid jitable cover",[0 1 0 0 0 0 1],Class has 1 samples (Target 100)
"@author crazybob@google^com bob lee an enum cannot be implemented by anything, so it should not be possible to have a successful valid jitable binding","@author crazybob@google^com bob lee an enum Cannot be implemented by anything, so it should not be possible to Have a successful valid jitable adhere",[0 1 0 0 0 0 1],Class has 1 samples (Target 100)
"@author crazybob@google^com bob lee an enum cannot be implemented by anything, so it should not be possible to have a successful valid jitable binding","@author crazybob@google^com bob Lee An enum cannot be implemented By anything, so it should not be possible to have A successful valid jitable Binding",[0 1 0 0 0 0 1],Class has 1 samples (Target 100)
"@author crazybob@google^com bob lee an enum cannot be implemented by anything, so it should not be possible to have a successful valid jitable binding","@author crazybob@google^com bob Lee an enum cannot be Implemented by anything, so it should not be possible to have a Successful valid Jitable binding",[0 1 0 0 0 0 1],Class has 1 samples (Target 100)
"@author crazybob@google^com bob lee an enum cannot be implemented by anything, so it should not be possible to have a successful valid jitable binding","@author Crazybob@google^com bob lee an Enum cannot be implemented by anything, so it should not be possible to Have a successful valid jitable binding",[0 1 0 0 0 0 1],Class has 1 samples (Target 100)
"@author crazybob@google^com bob lee an enum cannot be implemented by anything, so it should not be possible to have a successful valid jitable binding","@author crazybob@google^com bob lee An enum cannot be Implemented by anything, so it should not be possible To have a successful valid jitable binding",[0 1 0 0 0 0 1],Class has 1 samples (Target 100)
"@author crazybob@google^com bob lee an enum cannot be implemented by anything, so it should not be possible to have a successful valid jitable binding","@author crazybob@google^com bob lee an enum cannot be implemented by anything, so it should not be possible to Have a successful valid jitable Binding",[0 1 0 0 0 0 1],Class has 1 samples (Target 100)
"@author crazybob@google^com bob lee an enum cannot be implemented by anything, so it should not be possible to have a successful valid jitable binding","@author crazybob@google^com bob lee An enum cannot be implemented by anything, so it should not be possible to have a successful valid jitable binding",[0 1 0 0 0 0 1],Class has 1 samples (Target 100)
"@author crazybob@google^com bob lee an enum cannot be implemented by anything, so it should not be possible to have a successful valid jitable binding","@author Crazybob@google^com bob lee an enum cannot be implemented by anything, so it Should not be possible to give a successful valid jitable bind",[0 1 0 0 0 0 1],Class has 1 samples (Target 100)
"@author crazybob@google^com bob lee an enum cannot be implemented by anything, so it should not be possible to have a successful valid jitable binding","@author crazybob@google^com Bob lee an enum cannot be enforced by anything, so it Should not be possible to receive a successful valid jitable back",[0 1 0 0 0 0 1],Class has 1 samples (Target 100)
"@author crazybob@google^com bob lee an enum cannot be implemented by anything, so it should not be possible to have a successful valid jitable binding","@author crazybob@google^com bob lee an enum cannot be implemented by anything, so it should Not be possible to induce a successful valid jitable binding",[0 1 0 0 0 0 1],Class has 1 samples (Target 100)
"@author crazybob@google^com bob lee an enum cannot be implemented by anything, so it should not be possible to have a successful valid jitable binding","@author crazybob@google^com bob lee an enum cannot be implemented By anything, so it should not be possible to have a Successful valid jitable adhere",[0 1 0 0 0 0 1],Class has 1 samples (Target 100)
"@author crazybob@google^com bob lee an enum cannot be implemented by anything, so it should not be possible to have a successful valid jitable binding","@author crazybob@google^com bob lee an enum cannot be enforced by anything, so it should not be potential to get a successful valid jitable binding",[0 1 0 0 0 0 1],Class has 1 samples (Target 100)
"@author crazybob@google^com bob lee an enum cannot be implemented by anything, so it should not be possible to have a successful valid jitable binding","@author crazybob@google^com bob lee an enum cannot be implemented by Anything, So it should not be potential to have a successful valid jitable binding",[0 1 0 0 0 0 1],Class has 1 samples (Target 100)
"@author crazybob@google^com bob lee an enum cannot be implemented by anything, so it should not be possible to have a successful valid jitable binding","@author crazybob@google^com bob lee an enum cannot be implemented by Anything, so it Should not be potential to let a successful valid jitable binding",[0 1 0 0 0 0 1],Class has 1 samples (Target 100)
"@author crazybob@google^com bob lee an enum cannot be implemented by anything, so it should not be possible to have a successful valid jitable binding","@author crazybob@google^com Bob lee an enum cannot be implemented by anything, so it should not be Possible to have a successful valid jitable Binding",[0 1 0 0 0 0 1],Class has 1 samples (Target 100)
"@author crazybob@google^com bob lee an enum cannot be implemented by anything, so it should not be possible to have a successful valid jitable binding","@author crazybob@google^com Bob lee An Enum cannot Be implemented by anything, so it should not be possible To have a successful valid jitable binding",[0 1 0 0 0 0 1],Class has 1 samples (Target 100)
"@author crazybob@google^com bob lee an enum cannot be implemented by anything, so it should not be possible to have a successful valid jitable binding","@author crazybob@google^com bob lee an enum Cannot be enforce by Anything, so it should not be possible to Have a successful valid jitable Binding",[0 1 0 0 0 0 1],Class has 1 samples (Target 100)
"@author crazybob@google^com bob lee an enum cannot be implemented by anything, so it should not be possible to have a successful valid jitable binding","@author crazybob@google^com bob lee an enum cannot Be enforced by anything, so It should not be possible to have a successful valid jitable cover",[0 1 0 0 0 0 1],Class has 1 samples (Target 100)
"@author crazybob@google^com bob lee an enum cannot be implemented by anything, so it should not be possible to have a successful valid jitable binding","@author crazybob@google^com bob lee an enum cannot be apply by anything, so it should not be possible to have a successful valid jitable hold",[0 1 0 0 0 0 1],Class has 1 samples (Target 100)
"@author crazybob@google^com bob lee an enum cannot be implemented by anything, so it should not be possible to have a successful valid jitable binding","@author crazybob@google^com Bob lee an Enum cannot be implemented by anything, so it should not be possible To ingest a successful Valid jitable binding",[0 1 0 0 0 0 1],Class has 1 samples (Target 100)
"@author crazybob@google^com bob lee an enum cannot be implemented by anything, so it should not be possible to have a successful valid jitable binding","@author crazybob@google^com bob lee an enum cannot be implemented By Anything, so it should not be possible to make a successful valid jitable attach",[0 1 0 0 0 0 1],Class has 1 samples (Target 100)
"@author crazybob@google^com bob lee an enum cannot be implemented by anything, so it should not be possible to have a successful valid jitable binding","@author crazybob@google^com bob lee an enum cannot be implemented by Anything, so It should not be potential To have a successful valid jitable binding",[0 1 0 0 0 0 1],Class has 1 samples (Target 100)
"@author crazybob@google^com bob lee an enum cannot be implemented by anything, so it should not be possible to have a successful valid jitable binding","@author crazybob@google^com bob lee an enum cannot be implemented by anything, so it should not be possible To consume a successful valid jitable binding",[0 1 0 0 0 0 1],Class has 1 samples (Target 100)
"@author crazybob@google^com bob lee an enum cannot be implemented by anything, so it should not be possible to have a successful valid jitable binding","@author crazybob@google^com bob lee an enum cannot be implement by anything, so it should not be possible to make A successful valid jitable truss",[0 1 0 0 0 0 1],Class has 1 samples (Target 100)
"@author crazybob@google^com bob lee an enum cannot be implemented by anything, so it should not be possible to have a successful valid jitable binding","@author crazybob@google^com bob lee an enum cannot be enforce by Anything, so it Should Not be possible to have a Successful valid jitable Binding",[0 1 0 0 0 0 1],Class has 1 samples (Target 100)
"@author crazybob@google^com bob lee an enum cannot be implemented by anything, so it should not be possible to have a successful valid jitable binding","@author crazybob@google^com bob Lee an enum cannot be apply by Anything, so it Should not be possible to have a successful valid jitable obligate",[0 1 0 0 0 0 1],Class has 1 samples (Target 100)
"@author crazybob@google^com bob lee an enum cannot be implemented by anything, so it should not be possible to have a successful valid jitable binding","@author crazybob@google^com bob lee an enum cannot Be enforce by anything, so it Should not be potential to have a successful valid Jitable binding",[0 1 0 0 0 0 1],Class has 1 samples (Target 100)
"@author crazybob@google^com bob lee an enum cannot be implemented by anything, so it should not be possible to have a successful valid jitable binding","@author Crazybob@google^com bob lee an enum cannot Be apply by anything, so it should not be potential to have A successful valid jitable binding",[0 1 0 0 0 0 1],Class has 1 samples (Target 100)
"@author crazybob@google^com bob lee an enum cannot be implemented by anything, so it should not be possible to have a successful valid jitable binding","@author crazybob@google^com bob lee an enum cannot be apply by anything, so it should not be potential to have a successful Valid jitable binding",[0 1 0 0 0 0 1],Class has 1 samples (Target 100)
"@author crazybob@google^com bob lee an enum cannot be implemented by anything, so it should not be possible to have a successful valid jitable binding","@author crazybob@google^com bob lee an enum Cannot be implemented by anything, so it should Not be possible To have a successful valid jitable binding",[0 1 0 0 0 0 1],Class has 1 samples (Target 100)
"@author crazybob@google^com bob lee an enum cannot be implemented by anything, so it should not be possible to have a successful valid jitable binding","@author crazybob@google^com Bob lee an enum cannot be enforce by anything, so it should not Be potential to have a successful valid jitable binding",[0 1 0 0 0 0 1],Class has 1 samples (Target 100)
"@author crazybob@google^com bob lee an enum cannot be implemented by anything, so it should not be possible to have a successful valid jitable binding","@author crazybob@google^com bob lee an enum cannot be implemented by anything, so it should not be possible to have a successful valid jitable constipate",[0 1 0 0 0 0 1],Class has 1 samples (Target 100)
delegate used by @link designcontext to determine whether container data,delegate used by @link Designcontext to determine whether container Data,[1 0 0 0 1 0 1],Class has 1 samples (Target 100)
delegate used by @link designcontext to determine whether container data,delegate used by @link designcontext to determine whether container datum,[1 0 0 0 1 0 1],Class has 1 samples (Target 100)
delegate used by @link designcontext to determine whether container data,assign used By @link designcontext To see whether container data,[1 0 0 0 1 0 1],Class has 1 samples (Target 100)
delegate used by @link designcontext to determine whether container data,delegate used By @link designcontext to determine Whether container data,[1 0 0 0 1 0 1],Class has 1 samples (Target 100)
delegate used by @link designcontext to determine whether container data,assign used by @link Designcontext to determine whether container data,[1 0 0 0 1 0 1],Class has 1 samples (Target 100)
delegate used by @link designcontext to determine whether container data,delegate used by @link designcontext to Determine whether container data,[1 0 0 0 1 0 1],Class has 1 samples (Target 100)
delegate used by @link designcontext to determine whether container data,designate Used by @link designcontext to learn Whether Container datum,[1 0 0 0 1 0 1],Class has 1 samples (Target 100)
delegate used by @link designcontext to determine whether container data,delegate used by @link designcontext to see whether container data,[1 0 0 0 1 0 1],Class has 1 samples (Target 100)
delegate used by @link designcontext to determine whether container data,delegate Used by @link designcontext To determine whether Container data,[1 0 0 0 1 0 1],Class has 1 samples (Target 100)
delegate used by @link designcontext to determine whether container data,depute used by @link designcontext to Determine whether container data,[1 0 0 0 1 0 1],Class has 1 samples (Target 100)
delegate used by @link designcontext to determine whether container data,assign used by @link designcontext to determine whether container data,[1 0 0 0 1 0 1],Class has 1 samples (Target 100)
delegate used by @link designcontext to determine whether container data,delegate used by @link designcontext to check whether container data,[1 0 0 0 1 0 1],Class has 1 samples (Target 100)
delegate used by @link designcontext to determine whether container data,delegate used by @link Designcontext to determine whether container information,[1 0 0 0 1 0 1],Class has 1 samples (Target 100)
delegate used by @link designcontext to determine whether container data,depute used by @link designcontext to determine Whether container data,[1 0 0 0 1 0 1],Class has 1 samples (Target 100)
delegate used by @link designcontext to determine whether container data,delegate used by @link designcontext to settle whether container data,[1 0 0 0 1 0 1],Class has 1 samples (Target 100)
delegate used by @link designcontext to determine whether container data,delegate used by @link designcontext to determine Whether container Data,[1 0 0 0 1 0 1],Class has 1 samples (Target 100)
delegate used by @link designcontext to determine whether container data,delegate used by @link designcontext to determine whether container information,[1 0 0 0 1 0 1],Class has 1 samples (Target 100)
delegate used by @link designcontext to determine whether container data,delegate used by @link Designcontext to determine whether container data,[1 0 0 0 1 0 1],Class has 1 samples (Target 100)
delegate used by @link designcontext to determine whether container data,delegate used By @link designcontext to Determine whether container data,[1 0 0 0 1 0 1],Class has 1 samples (Target 100)
delegate used by @link designcontext to determine whether container data,delegate used by @link designcontext to determine Whether container data,[1 0 0 0 1 0 1],Class has 1 samples (Target 100)
delegate used by @link designcontext to determine whether container data,designate used by @link designcontext to determine whether container data,[1 0 0 0 1 0 1],Class has 1 samples (Target 100)
delegate used by @link designcontext to determine whether container data,Delegate used by @link designcontext to determine whether container data,[1 0 0 0 1 0 1],Class has 1 samples (Target 100)
delegate used by @link designcontext to determine whether container data,Delegate victimised by @link Designcontext to determine Whether container data,[1 0 0 0 1 0 1],Class has 1 samples (Target 100)
delegate used by @link designcontext to determine whether container data,delegate used by @link Designcontext to determine whether Container datum,[1 0 0 0 1 0 1],Class has 1 samples (Target 100)
delegate used by @link designcontext to determine whether container data,delegate practice by @link designcontext to limit whether container data,[1 0 0 0 1 0 1],Class has 1 samples (Target 100)
delegate used by @link designcontext to determine whether container data,designate used by @link designcontext to watch whether container information,[1 0 0 0 1 0 1],Class has 1 samples (Target 100)
delegate used by @link designcontext to determine whether container data,designate Used by @link designcontext to determine whether container data,[1 0 0 0 1 0 1],Class has 1 samples (Target 100)
delegate used by @link designcontext to determine whether container data,delegate habituate by @link designcontext to Determine whether container data,[1 0 0 0 1 0 1],Class has 1 samples (Target 100)
delegate used by @link designcontext to determine whether container data,delegate secondhand by @link designcontext to determine whether container datum,[1 0 0 0 1 0 1],Class has 1 samples (Target 100)
delegate used by @link designcontext to determine whether container data,delegate habituate by @link designcontext to determine whether container data,[1 0 0 0 1 0 1],Class has 1 samples (Target 100)
delegate used by @link designcontext to determine whether container data,delegate used by @link designcontext to watch whether container data,[1 0 0 0 1 0 1],Class has 1 samples (Target 100)
delegate used by @link designcontext to determine whether container data,delegate secondhand by @link designcontext to determine whether container data,[1 0 0 0 1 0 1],Class has 1 samples (Target 100)
delegate used by @link designcontext to determine whether container data,assign used by @link designcontext to see whether container datum,[1 0 0 0 1 0 1],Class has 1 samples (Target 100)
delegate used by @link designcontext to determine whether container data,delegate habituate by @link designcontext to limit whether container data,[1 0 0 0 1 0 1],Class has 1 samples (Target 100)
delegate used by @link designcontext to determine whether container data,designate used by @link designcontext to determine whether Container data,[1 0 0 0 1 0 1],Class has 1 samples (Target 100)
delegate used by @link designcontext to determine whether container data,delegate exploited by @link designcontext to determine whether Container data,[1 0 0 0 1 0 1],Class has 1 samples (Target 100)
delegate used by @link designcontext to determine whether container data,Delegate used by @link designcontext to Determine whether container datum,[1 0 0 0 1 0 1],Class has 1 samples (Target 100)
delegate used by @link designcontext to determine whether container data,delegate victimized by @link designcontext to determine Whether container datum,[1 0 0 0 1 0 1],Class has 1 samples (Target 100)
delegate used by @link designcontext to determine whether container data,delegate secondhand by @link Designcontext to determine whether Container information,[1 0 0 0 1 0 1],Class has 1 samples (Target 100)
delegate used by @link designcontext to determine whether container data,designate used by @link designcontext to define whether Container Data,[1 0 0 0 1 0 1],Class has 1 samples (Target 100)
delegate used by @link designcontext to determine whether container data,delegate used by @link designcontext To determine Whether container datum,[1 0 0 0 1 0 1],Class has 1 samples (Target 100)
delegate used by @link designcontext to determine whether container data,assign used by @link designcontext to shape whether Container data,[1 0 0 0 1 0 1],Class has 1 samples (Target 100)
delegate used by @link designcontext to determine whether container data,assign apply by @link designcontext to determine whether container data,[1 0 0 0 1 0 1],Class has 1 samples (Target 100)
delegate used by @link designcontext to determine whether container data,depute used by @link designcontext to see whether container data,[1 0 0 0 1 0 1],Class has 1 samples (Target 100)
delegate used by @link designcontext to determine whether container data,depute utilise by @link designcontext To see whether container datum,[1 0 0 0 1 0 1],Class has 1 samples (Target 100)
delegate used by @link designcontext to determine whether container data,delegate utilise by @link designcontext To determine whether container data,[1 0 0 0 1 0 1],Class has 1 samples (Target 100)
delegate used by @link designcontext to determine whether container data,delegate Used by @link designcontext to determine whether container information,[1 0 0 0 1 0 1],Class has 1 samples (Target 100)
delegate used by @link designcontext to determine whether container data,depute used by @link Designcontext to decide whether container data,[1 0 0 0 1 0 1],Class has 1 samples (Target 100)
delegate used by @link designcontext to determine whether container data,delegate Used by @link designcontext to Determine whether container datum,[1 0 0 0 1 0 1],Class has 1 samples (Target 100)
delegate used by @link designcontext to determine whether container data,assign victimized by @link designcontext to watch whether container data,[1 0 0 0 1 0 1],Class has 1 samples (Target 100)
delegate used by @link designcontext to determine whether container data,Delegate employ by @link designcontext to shape whether container data,[1 0 0 0 1 0 1],Class has 1 samples (Target 100)
delegate used by @link designcontext to determine whether container data,Delegate utilize by @link designcontext to determine whether container data,[1 0 0 0 1 0 1],Class has 1 samples (Target 100)
delegate used by @link designcontext to determine whether container data,assign used by @link designcontext to Determine whether Container data,[1 0 0 0 1 0 1],Class has 1 samples (Target 100)
delegate used by @link designcontext to determine whether container data,Delegate apply by @link designcontext to fix whether container datum,[1 0 0 0 1 0 1],Class has 1 samples (Target 100)
delegate used by @link designcontext to determine whether container data,depute used by @link designcontext to determine whether Container data,[1 0 0 0 1 0 1],Class has 1 samples (Target 100)
delegate used by @link designcontext to determine whether container data,designate used by @link designcontext to Determine whether container data,[1 0 0 0 1 0 1],Class has 1 samples (Target 100)
delegate used by @link designcontext to determine whether container data,delegate victimised by @link Designcontext to determine whether container information,[1 0 0 0 1 0 1],Class has 1 samples (Target 100)
delegate used by @link designcontext to determine whether container data,delegate Used By @link designcontext to determine whether Container data,[1 0 0 0 1 0 1],Class has 1 samples (Target 100)
delegate used by @link designcontext to determine whether container data,assign habituate by @link designcontext to Determine Whether container data,[1 0 0 0 1 0 1],Class has 1 samples (Target 100)
delegate used by @link designcontext to determine whether container data,depute habituate by @link designcontext to mold whether container data,[1 0 0 0 1 0 1],Class has 1 samples (Target 100)
delegate used by @link designcontext to determine whether container data,delegate utilise by @link designcontext to determine whether container datum,[1 0 0 0 1 0 1],Class has 1 samples (Target 100)
delegate used by @link designcontext to determine whether container data,delegate used by @link designcontext to regulate whether container data,[1 0 0 0 1 0 1],Class has 1 samples (Target 100)
delegate used by @link designcontext to determine whether container data,delegate used by @link designcontext to specify whether container data,[1 0 0 0 1 0 1],Class has 1 samples (Target 100)
delegate used by @link designcontext to determine whether container data,depute used by @link designcontext to determine whether container data,[1 0 0 0 1 0 1],Class has 1 samples (Target 100)
delegate used by @link designcontext to determine whether container data,assign used by @link Designcontext to determine whether Container data,[1 0 0 0 1 0 1],Class has 1 samples (Target 100)
delegate used by @link designcontext to determine whether container data,delegate use by @link designcontext to determine whether container datum,[1 0 0 0 1 0 1],Class has 1 samples (Target 100)
delegate used by @link designcontext to determine whether container data,delegate utilise by @link designcontext to Determine whether container data,[1 0 0 0 1 0 1],Class has 1 samples (Target 100)
delegate used by @link designcontext to determine whether container data,delegate used by @link designcontext to limit whether container data,[1 0 0 0 1 0 1],Class has 1 samples (Target 100)
delegate used by @link designcontext to determine whether container data,delegate utilize By @link designcontext to check whether container data,[1 0 0 0 1 0 1],Class has 1 samples (Target 100)
delegate used by @link designcontext to determine whether container data,delegate used by @link designcontext to determine Whether container datum,[1 0 0 0 1 0 1],Class has 1 samples (Target 100)
delegate used by @link designcontext to determine whether container data,designate Used by @link designcontext to determine whether container datum,[1 0 0 0 1 0 1],Class has 1 samples (Target 100)
delegate used by @link designcontext to determine whether container data,delegate expend By @link designcontext to Determine whether container datum,[1 0 0 0 1 0 1],Class has 1 samples (Target 100)
delegate used by @link designcontext to determine whether container data,Delegate used by @link designcontext to see whether container data,[1 0 0 0 1 0 1],Class has 1 samples (Target 100)
delegate used by @link designcontext to determine whether container data,Delegate employ by @link designcontext To determine whether container data,[1 0 0 0 1 0 1],Class has 1 samples (Target 100)
delegate used by @link designcontext to determine whether container data,delegate Used by @link designcontext to determine whether container data,[1 0 0 0 1 0 1],Class has 1 samples (Target 100)
delegate used by @link designcontext to determine whether container data,delegate used by @link designcontext to define whether container Data,[1 0 0 0 1 0 1],Class has 1 samples (Target 100)
delegate used by @link designcontext to determine whether container data,Delegate Used by @link designcontext to limit whether container Data,[1 0 0 0 1 0 1],Class has 1 samples (Target 100)
delegate used by @link designcontext to determine whether container data,designate used by @link designcontext To Determine whether container data,[1 0 0 0 1 0 1],Class has 1 samples (Target 100)
delegate used by @link designcontext to determine whether container data,delegate expend By @link designcontext to determine Whether Container datum,[1 0 0 0 1 0 1],Class has 1 samples (Target 100)
delegate used by @link designcontext to determine whether container data,assign used By @link designcontext to Determine whether container data,[1 0 0 0 1 0 1],Class has 1 samples (Target 100)
delegate used by @link designcontext to determine whether container data,delegate Used By @link designcontext to determine whether container data,[1 0 0 0 1 0 1],Class has 1 samples (Target 100)
delegate used by @link designcontext to determine whether container data,delegate utilize by @link designcontext To Determine Whether container Data,[1 0 0 0 1 0 1],Class has 1 samples (Target 100)
delegate used by @link designcontext to determine whether container data,delegate used by @link designcontext To influence whether container data,[1 0 0 0 1 0 1],Class has 1 samples (Target 100)
delegate used by @link designcontext to determine whether container data,delegate expend by @link designcontext to watch whether container Data,[1 0 0 0 1 0 1],Class has 1 samples (Target 100)
delegate used by @link designcontext to determine whether container data,Delegate habituate By @link designcontext to determine whether container data,[1 0 0 0 1 0 1],Class has 1 samples (Target 100)
delegate used by @link designcontext to determine whether container data,delegate used by @link designcontext To determine whether container information,[1 0 0 0 1 0 1],Class has 1 samples (Target 100)
delegate used by @link designcontext to determine whether container data,delegate used By @link designcontext To determine whether container data,[1 0 0 0 1 0 1],Class has 1 samples (Target 100)
delegate used by @link designcontext to determine whether container data,designate used by @link designcontext to determine whether container information,[1 0 0 0 1 0 1],Class has 1 samples (Target 100)
delegate used by @link designcontext to determine whether container data,delegate used By @link designcontext to determine whether container data,[1 0 0 0 1 0 1],Class has 1 samples (Target 100)
delegate used by @link designcontext to determine whether container data,depute expend by @link designcontext to determine whether container Data,[1 0 0 0 1 0 1],Class has 1 samples (Target 100)
delegate used by @link designcontext to determine whether container data,depute habituate by @link designcontext to fix whether container data,[1 0 0 0 1 0 1],Class has 1 samples (Target 100)
delegate used by @link designcontext to determine whether container data,depute utilise by @link designcontext to determine whether container datum,[1 0 0 0 1 0 1],Class has 1 samples (Target 100)
delegate used by @link designcontext to determine whether container data,delegate Used by @link designcontext to decide whether container data,[1 0 0 0 1 0 1],Class has 1 samples (Target 100)
delegate used by @link designcontext to determine whether container data,designate used by @link designcontext to ascertain whether container data,[1 0 0 0 1 0 1],Class has 1 samples (Target 100)
delegate used by @link designcontext to determine whether container data,delegate utilize by @link designcontext to determine whether container data,[1 0 0 0 1 0 1],Class has 1 samples (Target 100)
delegate used by @link designcontext to determine whether container data,Delegate used by @link designcontext to determine whether container datum,[1 0 0 0 1 0 1],Class has 1 samples (Target 100)
delegate used by @link designcontext to determine whether container data,depute apply By @link designcontext to determine whether container information,[1 0 0 0 1 0 1],Class has 1 samples (Target 100)
delegate used by @link designcontext to determine whether container data,delegate victimized by @link designcontext to determine whether container datum,[1 0 0 0 1 0 1],Class has 1 samples (Target 100)
delegate used by @link designcontext to determine whether container data,delegate practice by @link designcontext to determine whether container data,[1 0 0 0 1 0 1],Class has 1 samples (Target 100)
this way we can use seamlessly traditional scrollbars and scrolling to fetch,this way we can use seamlessly Traditional scrollbars and scroll To bring,[1 0 1 0 0 0 1],Class has 1 samples (Target 100)
this way we can use seamlessly traditional scrollbars and scrolling to fetch,This way we can use seamlessly traditional scrollbars and scrolling to get,[1 0 1 0 0 0 1],Class has 1 samples (Target 100)
this way we can use seamlessly traditional scrollbars and scrolling to fetch,this way we can use Seamlessly traditional scrollbars and scrolling To bring,[1 0 1 0 0 0 1],Class has 1 samples (Target 100)
this way we can use seamlessly traditional scrollbars and scrolling to fetch,this way we Can Use seamlessly traditional scrollbars and scroll to fetch,[1 0 1 0 0 0 1],Class has 1 samples (Target 100)
this way we can use seamlessly traditional scrollbars and scrolling to fetch,This way we can use seamlessly traditional scrollbars and scrolling to fetch,[1 0 1 0 0 0 1],Class has 1 samples (Target 100)
this way we can use seamlessly traditional scrollbars and scrolling to fetch,this Way we can use seamlessly traditional scrollbars and scrolling to fetch,[1 0 1 0 0 0 1],Class has 1 samples (Target 100)
this way we can use seamlessly traditional scrollbars and scrolling to fetch,this way we Can Use seamlessly traditional scrollbars and scrolling to convey,[1 0 1 0 0 0 1],Class has 1 samples (Target 100)
this way we can use seamlessly traditional scrollbars and scrolling to fetch,this Way we can use seamlessly traditional scrollbars and scrolling To bring,[1 0 1 0 0 0 1],Class has 1 samples (Target 100)
this way we can use seamlessly traditional scrollbars and scrolling to fetch,this way we can Use seamlessly traditional scrollbars and scrolling to fetch,[1 0 1 0 0 0 1],Class has 1 samples (Target 100)
this way we can use seamlessly traditional scrollbars and scrolling to fetch,this way we Can use Seamlessly traditional Scrollbars and scrolling to convey,[1 0 1 0 0 0 1],Class has 1 samples (Target 100)
this way we can use seamlessly traditional scrollbars and scrolling to fetch,this way We can use seamlessly traditional scrollbars and scrolling to fetch,[1 0 1 0 0 0 1],Class has 1 samples (Target 100)
this way we can use seamlessly traditional scrollbars and scrolling to fetch,this way we can use seamlessly traditional scrollbars and scroll to fetch,[1 0 1 0 0 0 1],Class has 1 samples (Target 100)
this way we can use seamlessly traditional scrollbars and scrolling to fetch,this way we can use seamlessly Traditional scrollbars and scroll to convey,[1 0 1 0 0 0 1],Class has 1 samples (Target 100)
this way we can use seamlessly traditional scrollbars and scrolling to fetch,this way we can use seamlessly traditional scrollbars and scrolling to get,[1 0 1 0 0 0 1],Class has 1 samples (Target 100)
this way we can use seamlessly traditional scrollbars and scrolling to fetch,this way we can use seamlessly traditional scrollbars and scroll To fetch,[1 0 1 0 0 0 1],Class has 1 samples (Target 100)
this way we can use seamlessly traditional scrollbars and scrolling to fetch,this way we Can use seamlessly traditional scrollbars and scrolling to convey,[1 0 1 0 0 0 1],Class has 1 samples (Target 100)
this way we can use seamlessly traditional scrollbars and scrolling to fetch,this Way we can use seamlessly traditional scrollbars and scroll to fetch,[1 0 1 0 0 0 1],Class has 1 samples (Target 100)
this way we can use seamlessly traditional scrollbars and scrolling to fetch,this way we can use seamlessly traditional scrollbars and scroll to Fetch,[1 0 1 0 0 0 1],Class has 1 samples (Target 100)
this way we can use seamlessly traditional scrollbars and scrolling to fetch,this way we can use seamlessly traditional scrollbars And scrolling To fetch,[1 0 1 0 0 0 1],Class has 1 samples (Target 100)
this way we can use seamlessly traditional scrollbars and scrolling to fetch,this way We can use seamlessly traditional scrollbars and scrolling to bring,[1 0 1 0 0 0 1],Class has 1 samples (Target 100)
this way we can use seamlessly traditional scrollbars and scrolling to fetch,this way we can use seamlessly traditional scrollbars and scrolling To fetch,[1 0 1 0 0 0 1],Class has 1 samples (Target 100)
this way we can use seamlessly traditional scrollbars and scrolling to fetch,this way we can use seamlessly traditional scrollbars and scrolling To Fetch,[1 0 1 0 0 0 1],Class has 1 samples (Target 100)
this way we can use seamlessly traditional scrollbars and scrolling to fetch,this way we Can use seamlessly Traditional scrollbars and scroll to fetch,[1 0 1 0 0 0 1],Class has 1 samples (Target 100)
this way we can use seamlessly traditional scrollbars and scrolling to fetch,this way we can use seamlessly traditional scrollbars and scrolling to Fetch,[1 0 1 0 0 0 1],Class has 1 samples (Target 100)
this way we can use seamlessly traditional scrollbars and scrolling to fetch,this way we can use seamlessly traditional scrollbars and scroll to get,[1 0 1 0 0 0 1],Class has 1 samples (Target 100)
this way we can use seamlessly traditional scrollbars and scrolling to fetch,this Way we can use seamlessly traditional Scrollbars and scrolling to fetch,[1 0 1 0 0 0 1],Class has 1 samples (Target 100)
this way we can use seamlessly traditional scrollbars and scrolling to fetch,this way we can use seamlessly traditional scrollbars And scroll to convey,[1 0 1 0 0 0 1],Class has 1 samples (Target 100)
this way we can use seamlessly traditional scrollbars and scrolling to fetch,this way we can Use seamlessly traditional scrollbars and scroll to Fetch,[1 0 1 0 0 0 1],Class has 1 samples (Target 100)
this way we can use seamlessly traditional scrollbars and scrolling to fetch,this way we can use seamlessly Traditional scrollbars and scrolling to get,[1 0 1 0 0 0 1],Class has 1 samples (Target 100)
this way we can use seamlessly traditional scrollbars and scrolling to fetch,this way we can use seamlessly traditional scrollbars and scroll to convey,[1 0 1 0 0 0 1],Class has 1 samples (Target 100)
this way we can use seamlessly traditional scrollbars and scrolling to fetch,this Way we can use seamlessly traditional Scrollbars and scrolling to get,[1 0 1 0 0 0 1],Class has 1 samples (Target 100)
this way we can use seamlessly traditional scrollbars and scrolling to fetch,this way we can use seamlessly traditional scrollbars and scrolling to convey,[1 0 1 0 0 0 1],Class has 1 samples (Target 100)
this way we can use seamlessly traditional scrollbars and scrolling to fetch,this Way we can use seamlessly traditional scrollbars and scrolling to bring,[1 0 1 0 0 0 1],Class has 1 samples (Target 100)
this way we can use seamlessly traditional scrollbars and scrolling to fetch,This Way We can use seamlessly traditional scrollbars and scrolling to Fetch,[1 0 1 0 0 0 1],Class has 1 samples (Target 100)
this way we can use seamlessly traditional scrollbars and scrolling to fetch,this way We Can use seamlessly traditional scrollbars and scrolling to fetch,[1 0 1 0 0 0 1],Class has 1 samples (Target 100)
this way we can use seamlessly traditional scrollbars and scrolling to fetch,this way we can use Seamlessly traditional scrollbars And scrolling to get,[1 0 1 0 0 0 1],Class has 1 samples (Target 100)
this way we can use seamlessly traditional scrollbars and scrolling to fetch,this way we can Use seamlessly traditional scrollbars And scrolling to fetch,[1 0 1 0 0 0 1],Class has 1 samples (Target 100)
this way we can use seamlessly traditional scrollbars and scrolling to fetch,This way We can use seamlessly traditional scrollbars and scroll to fetch,[1 0 1 0 0 0 1],Class has 1 samples (Target 100)
this way we can use seamlessly traditional scrollbars and scrolling to fetch,This way we can Use Seamlessly traditional Scrollbars and scrolling to fetch,[1 0 1 0 0 0 1],Class has 1 samples (Target 100)
this way we can use seamlessly traditional scrollbars and scrolling to fetch,this way We can use seamlessly traditional scrollbars and scrolling To fetch,[1 0 1 0 0 0 1],Class has 1 samples (Target 100)
this way we can use seamlessly traditional scrollbars and scrolling to fetch,This way we can use seamlessly traditional scrollbars and scroll to convey,[1 0 1 0 0 0 1],Class has 1 samples (Target 100)
this way we can use seamlessly traditional scrollbars and scrolling to fetch,this way we can use seamlessly traditional scrollbars and scrolling to bring,[1 0 1 0 0 0 1],Class has 1 samples (Target 100)
this way we can use seamlessly traditional scrollbars and scrolling to fetch,this way We can use seamlessly traditional scrollbars and scrolling to Fetch,[1 0 1 0 0 0 1],Class has 1 samples (Target 100)
this way we can use seamlessly traditional scrollbars and scrolling to fetch,this way we can Use seamlessly traditional scrollbars and Scrolling to fetch,[1 0 1 0 0 0 1],Class has 1 samples (Target 100)
this way we can use seamlessly traditional scrollbars and scrolling to fetch,this way We can use seamlessly traditional scrollbars and scrolling to get,[1 0 1 0 0 0 1],Class has 1 samples (Target 100)
this way we can use seamlessly traditional scrollbars and scrolling to fetch,this way we can Use seamlessly traditional scrollbars and scrolling to Fetch,[1 0 1 0 0 0 1],Class has 1 samples (Target 100)
this way we can use seamlessly traditional scrollbars and scrolling to fetch,this way we can Use seamlessly traditional scrollbars and scrolling to bring,[1 0 1 0 0 0 1],Class has 1 samples (Target 100)
this way we can use seamlessly traditional scrollbars and scrolling to fetch,This way we can use Seamlessly traditional scrollbars and scroll to fetch,[1 0 1 0 0 0 1],Class has 1 samples (Target 100)
this way we can use seamlessly traditional scrollbars and scrolling to fetch,this way We can Use Seamlessly traditional scrollbars and scroll to fetch,[1 0 1 0 0 0 1],Class has 1 samples (Target 100)
this way we can use seamlessly traditional scrollbars and scrolling to fetch,this way we can use seamlessly Traditional scrollbars and scrolling to fetch,[1 0 1 0 0 0 1],Class has 1 samples (Target 100)
this way we can use seamlessly traditional scrollbars and scrolling to fetch,this way we can use Seamlessly traditional scrollbars and scrolling To fetch,[1 0 1 0 0 0 1],Class has 1 samples (Target 100)
this way we can use seamlessly traditional scrollbars and scrolling to fetch,this Way we can use Seamlessly traditional scrollbars and scrolling to bring,[1 0 1 0 0 0 1],Class has 1 samples (Target 100)
this way we can use seamlessly traditional scrollbars and scrolling to fetch,this way we can use seamlessly traditional scrollbars And scrolling to fetch,[1 0 1 0 0 0 1],Class has 1 samples (Target 100)
this way we can use seamlessly traditional scrollbars and scrolling to fetch,this way we can Use seamlessly traditional scrollbars and scrolling To fetch,[1 0 1 0 0 0 1],Class has 1 samples (Target 100)
this way we can use seamlessly traditional scrollbars and scrolling to fetch,this way we Can use seamlessly traditional scrollbars and scrolling to fetch,[1 0 1 0 0 0 1],Class has 1 samples (Target 100)
this way we can use seamlessly traditional scrollbars and scrolling to fetch,this Way We can use seamlessly traditional Scrollbars and scrolling to fetch,[1 0 1 0 0 0 1],Class has 1 samples (Target 100)
this way we can use seamlessly traditional scrollbars and scrolling to fetch,this way we can use seamlessly traditional Scrollbars and scroll To fetch,[1 0 1 0 0 0 1],Class has 1 samples (Target 100)
this way we can use seamlessly traditional scrollbars and scrolling to fetch,this Way we can use seamlessly traditional scrollbars and scrolling To fetch,[1 0 1 0 0 0 1],Class has 1 samples (Target 100)
this way we can use seamlessly traditional scrollbars and scrolling to fetch,this way we can use Seamlessly traditional scrollbars and scroll to fetch,[1 0 1 0 0 0 1],Class has 1 samples (Target 100)
this way we can use seamlessly traditional scrollbars and scrolling to fetch,this way we can use seamlessly traditional Scrollbars and scrolling to fetch,[1 0 1 0 0 0 1],Class has 1 samples (Target 100)
this way we can use seamlessly traditional scrollbars and scrolling to fetch,This way we can use seamlessly traditional scrollbars And scroll to fetch,[1 0 1 0 0 0 1],Class has 1 samples (Target 100)
this way we can use seamlessly traditional scrollbars and scrolling to fetch,this way we can use Seamlessly traditional scrollbars and scroll To fetch,[1 0 1 0 0 0 1],Class has 1 samples (Target 100)
this way we can use seamlessly traditional scrollbars and scrolling to fetch,this way we can use seamlessly traditional scrollbars and Scrolling to fetch,[1 0 1 0 0 0 1],Class has 1 samples (Target 100)
this way we can use seamlessly traditional scrollbars and scrolling to fetch,this way we Can use seamlessly traditional scrollbars And scrolling to get,[1 0 1 0 0 0 1],Class has 1 samples (Target 100)
this way we can use seamlessly traditional scrollbars and scrolling to fetch,this way we can Use Seamlessly traditional scrollbars and scrolling to fetch,[1 0 1 0 0 0 1],Class has 1 samples (Target 100)
this way we can use seamlessly traditional scrollbars and scrolling to fetch,this way We can use Seamlessly traditional scrollbars and scrolling to fetch,[1 0 1 0 0 0 1],Class has 1 samples (Target 100)
this way we can use seamlessly traditional scrollbars and scrolling to fetch,this way we can Use seamlessly traditional scrollbars and scroll to fetch,[1 0 1 0 0 0 1],Class has 1 samples (Target 100)
this way we can use seamlessly traditional scrollbars and scrolling to fetch,this Way we can use seamlessly traditional scrollbars and Scrolling to fetch,[1 0 1 0 0 0 1],Class has 1 samples (Target 100)
this way we can use seamlessly traditional scrollbars and scrolling to fetch,this way we can use seamlessly traditional scrollbars and scroll to bring,[1 0 1 0 0 0 1],Class has 1 samples (Target 100)
this way we can use seamlessly traditional scrollbars and scrolling to fetch,this Way we Can Use seamlessly Traditional Scrollbars and scrolling to convey,[1 0 1 0 0 0 1],Class has 1 samples (Target 100)
this way we can use seamlessly traditional scrollbars and scrolling to fetch,this way we can use seamlessly Traditional scrollbars and scrolling to bring,[1 0 1 0 0 0 1],Class has 1 samples (Target 100)
this way we can use seamlessly traditional scrollbars and scrolling to fetch,this way we Can Use seamlessly traditional scrollbars and scrolling to fetch,[1 0 1 0 0 0 1],Class has 1 samples (Target 100)
this way we can use seamlessly traditional scrollbars and scrolling to fetch,this way We can Use seamlessly traditional scrollbars and scrolling to convey,[1 0 1 0 0 0 1],Class has 1 samples (Target 100)
this way we can use seamlessly traditional scrollbars and scrolling to fetch,this way We can use seamlessly Traditional scrollbars and scrolling to fetch,[1 0 1 0 0 0 1],Class has 1 samples (Target 100)
this way we can use seamlessly traditional scrollbars and scrolling to fetch,this way we can use seamlessly traditional Scrollbars and scroll to fetch,[1 0 1 0 0 0 1],Class has 1 samples (Target 100)
this way we can use seamlessly traditional scrollbars and scrolling to fetch,this way we can use seamlessly traditional scrollbars And scroll to Fetch,[1 0 1 0 0 0 1],Class has 1 samples (Target 100)
this way we can use seamlessly traditional scrollbars and scrolling to fetch,this Way we can Use seamlessly Traditional scrollbars and Scrolling to fetch,[1 0 1 0 0 0 1],Class has 1 samples (Target 100)
this way we can use seamlessly traditional scrollbars and scrolling to fetch,This Way we can Use seamlessly traditional scrollbars and scrolling to get,[1 0 1 0 0 0 1],Class has 1 samples (Target 100)
this way we can use seamlessly traditional scrollbars and scrolling to fetch,This way We can use seamlessly Traditional Scrollbars And scroll to fetch,[1 0 1 0 0 0 1],Class has 1 samples (Target 100)
this way we can use seamlessly traditional scrollbars and scrolling to fetch,this Way We can use seamlessly traditional scrollbars and scroll to fetch,[1 0 1 0 0 0 1],Class has 1 samples (Target 100)
this way we can use seamlessly traditional scrollbars and scrolling to fetch,This way we Can use seamlessly traditional scrollbars and scrolling to fetch,[1 0 1 0 0 0 1],Class has 1 samples (Target 100)
this way we can use seamlessly traditional scrollbars and scrolling to fetch,this way we can use Seamlessly traditional scrollbars and scrolling to fetch,[1 0 1 0 0 0 1],Class has 1 samples (Target 100)
this way we can use seamlessly traditional scrollbars and scrolling to fetch,this Way we Can use seamlessly traditional scrollbars and scroll to fetch,[1 0 1 0 0 0 1],Class has 1 samples (Target 100)
this way we can use seamlessly traditional scrollbars and scrolling to fetch,this way we Can use Seamlessly traditional scrollbars and scrolling to fetch,[1 0 1 0 0 0 1],Class has 1 samples (Target 100)
this way we can use seamlessly traditional scrollbars and scrolling to fetch,this way we can use seamlessly traditional scrollbars And scrolling to bring,[1 0 1 0 0 0 1],Class has 1 samples (Target 100)
this way we can use seamlessly traditional scrollbars and scrolling to fetch,this way we can use seamlessly traditional scrollbars and scroll To convey,[1 0 1 0 0 0 1],Class has 1 samples (Target 100)
this way we can use seamlessly traditional scrollbars and scrolling to fetch,this way we can use Seamlessly traditional scrollbars and scroll to bring,[1 0 1 0 0 0 1],Class has 1 samples (Target 100)
this way we can use seamlessly traditional scrollbars and scrolling to fetch,this way we can use Seamlessly traditional scrollbars and scrolling to Fetch,[1 0 1 0 0 0 1],Class has 1 samples (Target 100)
this way we can use seamlessly traditional scrollbars and scrolling to fetch,this way we can use Seamlessly traditional scrollbars And scrolling to fetch,[1 0 1 0 0 0 1],Class has 1 samples (Target 100)
this way we can use seamlessly traditional scrollbars and scrolling to fetch,This Way We Can use seamlessly traditional scrollbars and scroll to fetch,[1 0 1 0 0 0 1],Class has 1 samples (Target 100)
this way we can use seamlessly traditional scrollbars and scrolling to fetch,this way we can use Seamlessly traditional scrollbars and Scrolling to fetch,[1 0 1 0 0 0 1],Class has 1 samples (Target 100)
this way we can use seamlessly traditional scrollbars and scrolling to fetch,This way we can use seamlessly traditional scrollbars and scroll to fetch,[1 0 1 0 0 0 1],Class has 1 samples (Target 100)
this way we can use seamlessly traditional scrollbars and scrolling to fetch,This way we can use seamlessly traditional scrollbars and scrolling To bring,[1 0 1 0 0 0 1],Class has 1 samples (Target 100)
this way we can use seamlessly traditional scrollbars and scrolling to fetch,this way we can Use seamlessly Traditional scrollbars and scroll to fetch,[1 0 1 0 0 0 1],Class has 1 samples (Target 100)
this way we can use seamlessly traditional scrollbars and scrolling to fetch,this way We Can use seamlessly traditional scrollbars And scrolling to fetch,[1 0 1 0 0 0 1],Class has 1 samples (Target 100)
this way we can use seamlessly traditional scrollbars and scrolling to fetch,this way We can use seamlessly traditional scrollbars and scroll to fetch,[1 0 1 0 0 0 1],Class has 1 samples (Target 100)
this way we can use seamlessly traditional scrollbars and scrolling to fetch,this way we can use seamlessly traditional Scrollbars and scrolling to Fetch,[1 0 1 0 0 0 1],Class has 1 samples (Target 100)
this way we can use seamlessly traditional scrollbars and scrolling to fetch,this way we can use seamlessly traditional Scrollbars And scrolling to get,[1 0 1 0 0 0 1],Class has 1 samples (Target 100)
this way we can use seamlessly traditional scrollbars and scrolling to fetch,this way we Can Use seamlessly traditional scrollbars and scroll To fetch,[1 0 1 0 0 0 1],Class has 1 samples (Target 100)
