index,labels,comment_sentence,comment_clean,combo,combo_clean,f_length,f_word_count,f_starts_verb
0,"[0, 0, 1, 0, 0, 0]",relative anchor takes an arbitrary element as a reference an compute its position based on properties of that element.,relative anchor take arbitrary element reference compute position based property element,relative anchor takes an arbitrary element as a reference an compute its position based on properties of that element. | BlAnchorRelativeToElement,relative anchor take arbitrary element reference compute position based property element | blanchorrelativetoelement,118,19,0
1,"[0, 0, 0, 1, 0, 0]",i am a simple arrow like arrowhead.,simple arrow like arrowhead,i am a simple arrow like arrowhead. | BlArrowheadSimpleArrow,simple arrow like arrowhead | blarrowheadsimplearrow,35,7,0
2,"[0, 0, 0, 1, 0, 0]",both my size and arrow length depend on the curve width.,size arrow length depend curve width,both my size and arrow length depend on the curve width. | BlArrowheadSimpleArrow,size arrow length depend curve width | blarrowheadsimplearrow,56,11,0
3,"[0, 0, 0, 0, 1, 0]",it is possible hovewer to customize a length fraction how long should be the outer arrow compared to the length of the side of a nose triangle.,possible hovewer customize length fraction long outer arrow compared length side nose triangle,it is possible hovewer to customize a length fraction how long should be the outer arrow compared to the length of the side of a nose triangle. | BlArrowheadSimpleArrow,possible hovewer customize length fraction long outer arrow compared length side nose triangle | blarrowheadsimplearrow,143,27,0
4,"[0, 0, 0, 1, 0, 0]",i am a triangular arrow head.,triangular arrow head,i am a triangular arrow head. | BlArrowheadTriangle,triangular arrow head | blarrowheadtriangle,29,6,0
5,"[1, 0, 0, 0, 0, 0]",it is possible to have a border around triangle by specifying a border width of a triangle arrowhead.,possible border around triangle specifying border width triangle arrowhead,it is possible to have a border around triangle by specifying a border width of a triangle arrowhead. | BlArrowheadTriangle,possible border around triangle specifying border width triangle arrowhead | blarrowheadtriangle,101,18,0
6,"[0, 0, 1, 0, 0, 0]",for solid arrowhead make background paint be the same as border paint.,solid arrowhead make background paint border paint,for solid arrowhead make background paint be the same as border paint. | BlArrowheadTriangle,solid arrowhead make background paint border paint | blarrowheadtriangle,70,12,0
7,"[0, 1, 0, 0, 0, 0]",blchicken open,blchicken open,blchicken open | BlChicken,blchicken open | blchicken,14,2,0
8,"[0, 0, 1, 0, 0, 0]",i provide a data structure independent api for adding and removing children.,provide data structure independent api adding removing child,i provide a data structure independent api for adding and removing children. | BlChildrenCollection,provide data structure independent api adding removing child | blchildrencollection,76,12,0
9,"[0, 0, 1, 0, 0, 0]",i allow elements to optimize working with children for different scenarious.,allow element optimize working child different scenarious,i allow elements to optimize working with children for different scenarious. | BlChildrenCollection,allow element optimize working child different scenarious | blchildrencollection,76,11,0
10,"[0, 0, 1, 0, 0, 0]","a rope uses a balanced binary tree to support fast adding, removing and accessing, with the disadvantage of taking more memory.",rope us balanced binary tree support fast adding removing accessing disadvantage taking memory,"a rope uses a balanced binary tree to support fast adding, removing and accessing, with the disadvantage of taking more memory. | BlChildrenCollection",rope us balanced binary tree support fast adding removing accessing disadvantage taking memory | blchildrencollection,127,21,0
11,"[0, 0, 1, 0, 0, 0]",i capture a subset of children from a class blelement instance.,capture subset child class blelement instance,i capture a subset of children from a class blelement instance. | BlChildrenSubset,capture subset child class blelement instance | blchildrensubset,63,11,0
12,"[0, 0, 0, 1, 0, 0]",i am an abstract class.,abstract class,i am an abstract class. | BlChildrenSubset,abstract class | blchildrensubset,23,5,0
13,"[0, 0, 1, 0, 0, 0]",i exist to explicitly capture and combine various ways of filtering and iterating over children.,exist explicitly capture combine various way filtering iterating child,i exist to explicitly capture and combine various ways of filtering and iterating over children. | BlChildrenSubset,exist explicitly capture combine various way filtering iterating child | blchildrensubset,96,15,0
14,"[0, 0, 0, 0, 1, 0]",i do not enforce a lazy api.,enforce lazy api,i do not enforce a lazy api. | BlChildrenSubset,enforce lazy api | blchildrensubset,28,7,0
15,"[0, 0, 0, 0, 1, 0]",instances of me are created by calling the factory method method blchildrensubset class #on on a subclass with an instance of class blchildren as parameter.,instance created calling factory method method blchildrensubset class subclass instance class blchildren parameter,instances of me are created by calling the factory method method blchildrensubset class #on on a subclass with an instance of class blchildren as parameter. | BlChildrenSubset,instance created calling factory method method blchildrensubset class subclass instance class blchildren parameter | blchildrensubset,156,25,1
16,"[1, 0, 0, 0, 0, 0]",implementation details,implementation detail,implementation details | BlChildrenSubset,implementation detail | blchildrensubset,22,2,0
17,"[1, 0, 1, 0, 0, 0]",the click event is fired when a pointing device button a mouse s primary button is pressed and released on a single element.,click event fired pointing device button mouse primary button pressed released single element,the click event is fired when a pointing device button a mouse s primary button is pressed and released on a single element. | BlClickEvent,click event fired pointing device button mouse primary button pressed released single element | blclickevent,124,23,0
18,"[1, 0, 0, 0, 0, 0]",the order of fired events,order fired event,the order of fired events | BlClickEvent,order fired event | blclickevent,25,5,0
19,"[1, 0, 0, 0, 0, 0]",mouse up,mouse,mouse up | BlClickEvent,mouse | blclickevent,8,2,0
20,"[0, 0, 1, 0, 0, 0]",this class contains tests,class contains test,this class contains tests | BlCompulsoryCombinationTest,class contains test | blcompulsorycombinationtest,25,4,1
21,"[1, 0, 0, 0, 0, 0]",setting factor to 10f produces an upside down y x^2 parabola.,setting factor f produce upside x parabola,setting factor to 10f produces an upside down y x^2 parabola. | BlDecelerateInterpolator,setting factor f produce upside x parabola | bldecelerateinterpolator,61,11,1
22,"[1, 0, 0, 0, 0, 0]",my formula is,formula,my formula is | BlDecelerateInterpolator,formula | bldecelerateinterpolator,13,3,0
23,"[0, 1, 0, 0, 0, 0]",here you can see how to configure a fire and check a click event on a child element,see configure fire check click event child element,here you can see how to configure a fire and check a click event on a child element | BlDevScripterClickStep,see configure fire check click event child element | bldevscripterclickstep,83,18,0
24,"[0, 0, 1, 0, 0, 0]",drag delegate provides drag items when a visual element lifts.,drag delegate provides drag item visual element lift,drag delegate provides drag items when a visual element lifts. | BlDragDelegate,drag delegate provides drag item visual element lift | bldragdelegate,62,10,0
25,"[0, 0, 1, 0, 0, 0]",drag gesture fails if there are no drag items,drag gesture fails drag item,drag gesture fails if there are no drag items | BlDragDelegate,drag gesture fails drag item | bldragdelegate,45,9,0
26,"[0, 0, 1, 0, 0, 0]",i contain examples of element bounds api,contain example element bound api,i contain examples of element bounds api | BlElementBoundsExamples,contain example element bound api | blelementboundsexamples,40,7,0
27,"[0, 0, 1, 1, 0, 0]",i am dynamic element transformation in the sense that my transformation matrix may actually depend on some element properties such as #extent or #position.,dynamic element transformation sense transformation matrix may actually depend element property extent position,i am dynamic element transformation in the sense that my transformation matrix may actually depend on some element properties such as #extent or #position. | BlElementDynamicTransformation,dynamic element transformation sense transformation matrix may actually depend element property extent position | blelementdynamictransformation,155,24,0
28,"[1, 0, 0, 0, 0, 0]",it means that matrix computation is performed only when requested taking owner element into account.,mean matrix computation performed requested taking owner element account,it means that matrix computation is performed only when requested taking owner element into account. | BlElementDynamicTransformation,mean matrix computation performed requested taking owner element account | blelementdynamictransformation,100,15,0
29,"[0, 0, 0, 1, 0, 0]",i am the abstract root class for effects.,abstract root class effect,i am the abstract root class for effects. | BlElementEffect,abstract root class effect | blelementeffect,41,8,0
30,"[0, 0, 1, 0, 0, 0]",i define the default drawing strategy before & after .,define default drawing strategy,i define the default drawing strategy before & after . | BlElementEffect,define default drawing strategy | blelementeffect,54,10,0
31,"[0, 0, 1, 0, 0, 0]",i can influence the bounds of my owner used to clip my owner .,influence bound owner used clip owner,i can influence the bounds of my owner used to clip my owner . | BlElementEffect,influence bound owner used clip owner | blelementeffect,62,14,0
32,"[0, 0, 1, 0, 0, 0]",i contain examples of position change logging functionality,contain example position change logging functionality,i contain examples of position change logging functionality | BlElementPositionChangeTest,contain example position change logging functionality | blelementpositionchangetest,59,8,0
33,"[0, 0, 0, 0, 0, 1]",is sent by an element after it is removed from the parent.,sent element removed parent,is sent by an element after it is removed from the parent. | BlElementRemovedEvent,sent element removed parent | blelementremovedevent,58,12,1
34,"[0, 1, 0, 0, 0, 0]",child when blelementremovedevent do self inform removed from parent .,child blelementremovedevent self inform removed parent,child when blelementremovedevent do self inform removed from parent . | BlElementRemovedEvent,child blelementremovedevent self inform removed parent | blelementremovedevent,69,10,0
35,"[0, 1, 0, 0, 0, 0]",parent blelement new.,parent blelement new,parent blelement new. | BlElementRemovedEvent,parent blelement new | blelementremovedevent,21,3,0
36,"[0, 1, 0, 0, 0, 0]",parent addchild child.,parent addchild child,parent addchild child. | BlElementRemovedEvent,parent addchild child | blelementremovedevent,22,3,0
37,"[0, 0, 1, 1, 0, 0]",i am an example of a custom non element event target that can be nicely integrated in bloc infrastructure,example custom non element event target nicely integrated bloc infrastructure,i am an example of a custom non element event target that can be nicely integrated in bloc infrastructure | BlExampleCustomEventTarget,example custom non element event target nicely integrated bloc infrastructure | blexamplecustomeventtarget,105,19,0
38,"[0, 0, 1, 1, 0, 0]",i am an element with a broken onlayout method that throws error subscriptoutofbounds,element broken onlayout method throw error subscriptoutofbounds,i am an element with a broken onlayout method that throws error subscriptoutofbounds | BlExampleElementWithBrokenOnLayout,element broken onlayout method throw error subscriptoutofbounds | blexampleelementwithbrokenonlayout,84,13,0
39,"[0, 0, 1, 0, 0, 0]",i contain experimental examples that only work in manually prepared laboratory environments.,contain experimental example work manually prepared laboratory environment,i contain experimental examples that only work in manually prepared laboratory environments. | BlExperimentalExamples,contain experimental example work manually prepared laboratory environment | blexperimentalexamples,92,12,0
40,"[0, 1, 0, 0, 0, 0]",1 inspect run example,inspect run example,1 inspect run example | BlFocusExamples,inspect run example | blfocusexamples,21,4,0
41,"[0, 1, 0, 0, 0, 0]",2 click one any cell to give it a focus blue border should appear,click one cell give focus blue border appear,2 click one any cell to give it a focus blue border should appear | BlFocusExamples,click one cell give focus blue border appear | blfocusexamples,65,14,0
42,"[0, 0, 1, 0, 0, 1]",the geometry is used to define the geometry to be drawn and the interaction area.,geometry used define geometry drawn interaction area,the geometry is used to define the geometry to be drawn and the interaction area. | BlGeometry,geometry used define geometry drawn interaction area | blgeometry,81,15,0
43,"[0, 0, 1, 1, 0, 1]",i am an event listener that listens anchor moved event send by anchor,event listener listens anchor moved event send anchor,i am an event listener that listens anchor moved event send by anchor | BlGeometryAnchorListener,event listener listens anchor moved event send anchor | blgeometryanchorlistener,69,13,0
44,"[0, 0, 1, 0, 0, 0]",i am sent when anchor s position changed,sent anchor position changed,i am sent when anchor s position changed | BlGeometryAnchorMoved,sent anchor position changed | blgeometryanchormoved,40,8,0
45,"[0, 0, 1, 1, 0, 0]",i am a root class of geometry elements elements driven by geometry anchors.,root class geometry element element driven geometry anchor,i am a root class of geometry elements elements driven by geometry anchors. | BlGeometryElement,root class geometry element element driven geometry anchor | blgeometryelement,75,13,0
46,"[1, 0, 0, 0, 0, 0]",a grid consists of cells that are separated by invisible lines.,grid consists cell separated invisible line,a grid consists of cells that are separated by invisible lines. | BlGridLayout,grid consists cell separated invisible line | blgridlayout,63,11,0
47,"[1, 0, 0, 0, 0, 0]","indices lie in closed interval 1, n 1 .",index lie closed interval n,"indices lie in closed interval 1, n 1 . | BlGridLayout",index lie closed interval n | blgridlayout,39,9,1
48,"[1, 0, 0, 0, 0, 0]","grid layout supports fitcontent, matchparent and exact resizing mode of the owner.",grid layout support fitcontent matchparent exact resizing mode owner,"grid layout supports fitcontent, matchparent and exact resizing mode of the owner. | BlGridLayout",grid layout support fitcontent matchparent exact resizing mode owner | blgridlayout,82,12,0
49,"[1, 0, 0, 0, 0, 0]",children are allowed to have fitcontent and exact resizing modes.,child allowed fitcontent exact resizing mode,children are allowed to have fitcontent and exact resizing modes. | BlGridLayout,child allowed fitcontent exact resizing mode | blgridlayout,65,10,0
50,"[1, 0, 0, 0, 0, 0]",because child s matchparent does not make sense in case of grid users should use #fill to declare that child should take all available cell s space.,child matchparent make sense case grid user use fill declare child take available cell space,because child s matchparent does not make sense in case of grid users should use #fill to declare that child should take all available cell s space. | BlGridLayout,child matchparent make sense case grid user use fill declare child take available cell space | blgridlayout,148,27,0
51,"[1, 0, 0, 0, 0, 0]",user can specify amount of columns or rows by sending columncount or rowcount to an instance of grid layout.,user specify amount column row sending columncount rowcount instance grid layout,user can specify amount of columns or rows by sending columncount or rowcount to an instance of grid layout. | BlGridLayout,user specify amount column row sending columncount rowcount instance grid layout | blgridlayout,108,19,0
52,"[0, 0, 0, 0, 1, 0]",public api and key messages,public api key message,public api and key messages | BlGridLayout,public api key message | blgridlayout,27,5,0
53,"[0, 0, 0, 0, 1, 0]","alignmargins bounds of each element are extended outwards, according to their margins, before the edges of the resulting rectangle are aligned.",alignmargins bound element extended outwards according margin edge resulting rectangle aligned,"alignmargins bounds of each element are extended outwards, according to their margins, before the edges of the resulting rectangle are aligned. | BlGridLayout",alignmargins bound element extended outwards according margin edge resulting rectangle aligned | blgridlayout,143,21,1
54,"[1, 0, 0, 0, 0, 0]",internal representation and key implementation points.,internal representation key implementation point,internal representation and key implementation points. | BlGridLayout,internal representation key implementation point | blgridlayout,54,6,0
55,"[0, 0, 1, 1, 0, 0]",i am a fallback host that is chosen if there are no other available and supported hosts.,fallback host chosen available supported host,i am a fallback host that is chosen if there are no other available and supported hosts. | BlHeadlessHost,fallback host chosen available supported host | blheadlesshost,88,17,0
56,"[0, 0, 0, 1, 0, 0]",i am the bloc main loop.,bloc main loop,i am the bloc main loop. | BlHostPulseLoop,bloc main loop | blhostpulseloop,24,6,0
57,"[1, 0, 0, 0, 0, 0]",this may be delayed if there are background processes wanting to run to ensure that background calculation of ui elements can complete .,may delayed background process wanting run ensure background calculation ui element complete,this may be delayed if there are background processes wanting to run to ensure that background calculation of ui elements can complete . | BlHostPulseLoop,may delayed background process wanting run ensure background calculation ui element complete | blhostpulseloop,136,23,1
58,"[0, 0, 0, 1, 0, 0]",i am a type of data source update command.,type data source update command,i am a type of data source update command. | BlInfiniteDataSourceCommandType,type data source update command | blinfinitedatasourcecommandtype,42,9,0
59,"[1, 0, 0, 0, 0, 0]",i suppose to be stateless and therefore immutable.,suppose stateless therefore immutable,i suppose to be stateless and therefore immutable. | BlInfiniteDataSourceCommandType,suppose stateless therefore immutable | blinfinitedatasourcecommandtype,50,8,0
60,"[0, 0, 0, 0, 0, 1]",sent by,sent,sent by | BlInfiniteDataSourceItemRangeMoved,sent | blinfinitedatasourceitemrangemoved,7,2,0
61,"[0, 1, 0, 0, 0, 0]","do event self inform item was moved from , event from asstring, to , event to asstring",event self inform item moved event asstring event asstring,"do event self inform item was moved from , event from asstring, to , event to asstring | BlInfiniteDataSourceItemRangeMoved",event self inform item moved event asstring event asstring | blinfinitedatasourceitemrangemoved,86,17,0
62,"[0, 0, 0, 1, 0, 1]",i am a data source of the collection of all classes in the image,data source collection class image,i am a data source of the collection of all classes in the image | BlInfiniteExampleClassesDataSource,data source collection class image | blinfiniteexampleclassesdatasource,64,14,0
63,"[0, 0, 1, 0, 0, 0]","i can be used, for example, to delay an action in a data set until currently running animations are complete.",used example delay action data set currently running animation complete,"i can be used, for example, to delay an action in a data set until currently running animations are complete. | BlInfiniteItemAnimationsFinished",used example delay action data set currently running animation complete | blinfiniteitemanimationsfinished,109,20,0
64,"[0, 0, 1, 0, 0, 1]",i am attached to a bloc element and define the visual structure of that bloc element.,attached bloc element define visual structure bloc element,i am attached to a bloc element and define the visual structure of that bloc element. | BlLayout,attached bloc element define visual structure bloc element | bllayout,85,16,0
65,"[1, 0, 0, 0, 0, 0]",layout constraints,layout constraint,layout constraints | BlLayout,layout constraint | bllayout,18,2,0
66,"[1, 0, 0, 0, 0, 0]",i support a set of attributes refered to as constraints in bloc which define the visual properties of the layout.,support set attribute refered constraint bloc define visual property layout,i support a set of attributes refered to as constraints in bloc which define the visual properties of the layout. | BlLayout,support set attribute refered constraint bloc define visual property layout | bllayout,113,20,0
67,"[1, 0, 0, 0, 0, 0]","each layout has a dedicated constraint objects, instance of class bllayoutcommonconstraints , that contain these common constraints.",layout dedicated constraint object instance class bllayoutcommonconstraints contain common constraint,"each layout has a dedicated constraint objects, instance of class bllayoutcommonconstraints , that contain these common constraints. | BlLayout",layout dedicated constraint object instance class bllayoutcommonconstraints contain common constraint | bllayout,132,17,0
68,"[1, 0, 0, 0, 0, 0]",each type of layout can further define its own specific constraints by creating a subclass of class bllayoutconstraints .,type layout define specific constraint creating subclass class bllayoutconstraints,each type of layout can further define its own specific constraints by creating a subclass of class bllayoutconstraints . | BlLayout,type layout define specific constraint creating subclass class bllayoutconstraints | bllayout,121,19,0
69,"[1, 0, 0, 0, 0, 0]",layout phase in a frame,layout phase frame,layout phase in a frame | BlLayout,layout phase frame | bllayout,23,5,0
70,"[1, 0, 0, 0, 0, 0]",layouting of elements is a phase executed by a space during every frame.,layouting element phase executed space every frame,layouting of elements is a phase executed by a space during every frame. | BlLayout,layouting element phase executed space every frame | bllayout,72,13,0
71,"[1, 0, 0, 0, 0, 0]","every frame, the space goes through several phases method blspaceframe #initializephases .",every frame space go several phase method blspaceframe initializephases,"every frame, the space goes through several phases method blspaceframe #initializephases . | BlLayout",every frame space go several phase method blspaceframe initializephases | bllayout,90,12,0
72,"[1, 0, 0, 0, 0, 0]",phases are modeled as subclasses of class blspaceframephase and are executed once per frame.,phase modeled subclass class blspaceframephase executed per frame,phases are modeled as subclasses of class blspaceframephase and are executed once per frame. | BlLayout,phase modeled subclass class blspaceframephase executed per frame | bllayout,92,14,1
73,"[1, 0, 0, 0, 0, 0]","one of them, class blspaceframelayoutphase , consists in layouting the elements contained in the space.",one class blspaceframelayoutphase consists layouting element contained space,"one of them, class blspaceframelayoutphase , consists in layouting the elements contained in the space. | BlLayout",one class blspaceframelayoutphase consists layouting element contained space | bllayout,103,15,0
74,"[1, 0, 0, 0, 0, 0]","this is done after events and tasks have been executed, but before the drawing phase.",done event task executed drawing phase,"this is done after events and tasks have been executed, but before the drawing phase. | BlLayout",done event task executed drawing phase | bllayout,85,15,1
75,"[1, 0, 0, 0, 0, 0]","layouting should to be executed during a frame when various properties like, width, height or position change in any element contained by the space.",layouting executed frame various property like width height position change element contained space,"layouting should to be executed during a frame when various properties like, width, height or position change in any element contained by the space. | BlLayout",layouting executed frame various property like width height position change element contained space | bllayout,148,24,0
76,"[1, 0, 0, 0, 0, 0]","however, an important aspect in bloc, is that when one of these properties changes, layouting is not performed immediately.",however important aspect bloc one property change layouting performed immediately,"however, an important aspect in bloc, is that when one of these properties changes, layouting is not performed immediately. | BlLayout",however important aspect bloc one property change layouting performed immediately | bllayout,123,19,0
77,"[1, 0, 0, 0, 0, 0]","instead, a layout request is issued by the element whose property changed using the message method blelement #requestlayout .",instead layout request issued element whose property changed using message method blelement requestlayout,"instead, a layout request is issued by the element whose property changed using the message method blelement #requestlayout . | BlLayout",instead layout request issued element whose property changed using message method blelement requestlayout | bllayout,125,19,0
78,"[1, 0, 0, 0, 0, 0]","this has the advantage that if no element request layout, this phase can be skipped.",advantage element request layout phase skipped,"this has the advantage that if no element request layout, this phase can be skipped. | BlLayout",advantage element request layout phase skipped | bllayout,84,15,1
79,"[1, 0, 0, 1, 0, 0]","hence, in bloc layout is not executed immediately after a property like the width of an element changes.",hence bloc layout executed immediately property like width element change,"hence, in bloc layout is not executed immediately after a property like the width of an element changes. | BlLayout",hence bloc layout executed immediately property like width element change | bllayout,104,18,0
80,"[1, 0, 0, 0, 0, 0]","that can be done using the messafe method blelement #forcelayout this should not be used outside of tests, as it bypasses the normal layouting system from bloc.",done using messafe method blelement forcelayout used outside test bypass normal layouting system bloc,"that can be done using the messafe method blelement #forcelayout this should not be used outside of tests, as it bypasses the normal layouting system from bloc. | BlLayout",done using messafe method blelement forcelayout used outside test bypass normal layouting system bloc | bllayout,160,27,0
81,"[1, 0, 0, 0, 0, 0]","however, often elements need to reach and perform actions, when for example their position or extent changes.",however often element need reach perform action example position extent change,"however, often elements need to reach and perform actions, when for example their position or extent changes. | BlLayout",however often element need reach perform action example position extent change | bllayout,109,17,0
82,"[1, 0, 0, 0, 0, 0]",they can react by requesting another layout.,react requesting another layout,they can react by requesting another layout. | BlLayout,react requesting another layout | bllayout,44,7,0
83,"[1, 0, 0, 0, 0, 0]",a tipical example is deadling with edges.,tipical example deadling edge,a tipical example is deadling with edges. | BlLayout,tipical example deadling edge | bllayout,41,7,0
84,"[1, 0, 0, 0, 0, 0]",an edge can be layouted only after the position of the elements that it connects is known.,edge layouted position element connects known,an edge can be layouted only after the position of the elements that it connects is known. | BlLayout,edge layouted position element connects known | bllayout,90,17,0
85,"[1, 0, 0, 0, 0, 0]","the space only allows layout requests during the layouting phase a limited number of times method blspace #computelayout to avoid blocking rendering due to infinite recursions caused by layout requests, or void spending too much time on layouts in a frame.",space allows layout request layouting phase limited number time method blspace computelayout avoid blocking rendering due infinite recursion caused layout request void spending much time layout frame,"the space only allows layout requests during the layouting phase a limited number of times method blspace #computelayout to avoid blocking rendering due to infinite recursions caused by layout requests, or void spending too much time on layouts in a frame. | BlLayout",space allows layout request layouting phase limited number time method blspace computelayout avoid blocking rendering due infinite recursion caused layout request void spending much time layout frame | bllayout,256,41,0
86,"[1, 0, 0, 0, 0, 0]",performing a layout,performing layout,performing a layout | BlLayout,performing layout | bllayout,19,3,0
87,"[1, 0, 0, 0, 0, 0]",performing the layout on an element consists in executing three main steps,performing layout element consists executing three main step,performing the layout on an element consists in executing three main steps | BlLayout,performing layout element consists executing three main step | bllayout,74,12,0
88,"[1, 0, 0, 0, 0, 0]",this is the first step when performing a layout on an element and consists in determening the measured bounds of that element.,first step performing layout element consists determening measured bound element,this is the first step when performing a layout on an element and consists in determening the measured bounds of that element. | BlLayout,first step performing layout element consists determening measured bound element | bllayout,126,22,1
89,"[1, 0, 0, 0, 0, 0]",by default class blelement delegates the measuring to its layout.,default class blelement delegate measuring layout,by default class blelement delegates the measuring to its layout. | BlLayout,default class blelement delegate measuring layout | bllayout,65,10,0
90,"[1, 0, 0, 0, 0, 0]",layouts should override method bllayout #measure with to implement the actual measuring.,layout override method bllayout measure implement actual measuring,layouts should override method bllayout #measure with to implement the actual measuring. | BlLayout,layout override method bllayout measure implement actual measuring | bllayout,88,12,1
91,"[1, 0, 0, 0, 0, 0]",normally layouts follow a top to bottom approach they measure the current element and then asks its children to do the measuring.,normally layout follow top bottom approach measure current element asks child measuring,normally layouts follow a top to bottom approach they measure the current element and then asks its children to do the measuring. | BlLayout,normally layout follow top bottom approach measure current element asks child measuring | bllayout,129,22,0
92,"[1, 0, 0, 0, 0, 0]",each element has real bounds blelement #bounds and measured bounds blelement #measuredbounds .,element real bound blelement bound measured bound blelement measuredbounds,each element has real bounds blelement #bounds and measured bounds blelement #measuredbounds . | BlLayout,element real bound blelement bound measured bound blelement measuredbounds | bllayout,94,13,0
93,"[1, 0, 0, 0, 0, 0]",the real bounds contain the actual position and extent of an element that users of that element should rely on.,real bound contain actual position extent element user element rely,the real bounds contain the actual position and extent of an element that users of that element should rely on. | BlLayout,real bound contain actual position extent element user element rely | bllayout,111,20,0
94,"[1, 0, 0, 0, 0, 0]",the measured bounds are used during layouting to hold the new extent of an element.,measured bound used layouting hold new extent element,the measured bounds are used during layouting to hold the new extent of an element. | BlLayout,measured bound used layouting hold new extent element | bllayout,83,15,0
95,"[1, 0, 0, 0, 0, 0]",the measuring phase changes only the extent in the measured bounds.,measuring phase change extent measured bound,the measuring phase changes only the extent in the measured bounds. | BlLayout,measuring phase change extent measured bound | bllayout,67,11,0
96,"[1, 0, 0, 0, 0, 0]",the measured bounds act like a temporary cache for the new bounds of an element.,measured bound act like temporary cache new bound element,the measured bounds act like a temporary cache for the new bounds of an element. | BlLayout,measured bound act like temporary cache new bound element | bllayout,80,15,0
97,"[1, 0, 0, 0, 0, 0]",they were introduced to avoid changing the real extent of element while layouting of children is still being performed.,introduced avoid changing real extent element layouting child still performed,they were introduced to avoid changing the real extent of element while layouting of children is still being performed. | BlLayout,introduced avoid changing real extent element layouting child still performed | bllayout,119,19,0
98,"[1, 0, 0, 0, 0, 0]",applying the layout,applying layout,applying the layout | BlLayout,applying layout | bllayout,19,3,0
99,"[1, 0, 0, 0, 0, 0]","space starts the measurement process from the root element after measurement it tell children to measure themselves, etc",space start measurement process root element measurement tell child measure etc,"space starts the measurement process from the root element after measurement it tell children to measure themselves, etc | BlLayout",space start measurement process root element measurement tell child measure etc | bllayout,120,18,0
100,"[1, 0, 0, 0, 0, 0]",measurement top to bottom though all the composition of elements.,measurement top bottom though composition element,measurement top to bottom though all the composition of elements. | BlLayout,measurement top bottom though composition element | bllayout,65,10,0
101,"[1, 0, 0, 0, 0, 0]",this step find the size of an element and sets measuredextent or position sometimes,step find size element set measuredextent position sometimes,this step find the size of an element and sets measuredextent or position sometimes | BlLayout,step find size element set measuredextent position sometimes | bllayout,83,14,1
102,"[1, 0, 0, 0, 0, 0]",space starts the layout step,space start layout step,space starts the layout step | BlLayout,space start layout step | bllayout,28,5,0
103,"[1, 0, 0, 0, 0, 0]",as we know the size of each child we compute the actual position for each child,know size child compute actual position child,as we know the size of each child we compute the actual position for each child | BlLayout,know size child compute actual position child | bllayout,79,16,1
104,"[1, 0, 0, 0, 0, 0]",elements announce events for position and extent changed,element announce event position extent changed,elements announce events for position and extent changed | BlLayout,element announce event position extent changed | bllayout,56,8,1
105,"[1, 0, 0, 0, 0, 0]",without event handlers the layout process is going to happen only once.,without event handler layout process going happen,without event handlers the layout process is going to happen only once. | BlLayout,without event handler layout process going happen | bllayout,71,12,0
106,"[1, 0, 0, 0, 0, 0]",for example when nodes change the position edges should be updated.,example node change position edge updated,for example when nodes change the position edges should be updated. | BlLayout,example node change position edge updated | bllayout,67,11,0
107,"[1, 0, 0, 0, 0, 0]",layout events,layout event,layout events | BlLayout,layout event | bllayout,13,2,0
108,"[1, 0, 0, 0, 1, 0]",i define an api of a layout.,define api layout,i define an api of a layout. | BlLayout,define api layout | bllayout,28,7,0
109,"[1, 0, 0, 0, 1, 0]",concrete implementations should focus on measure with and layout in,concrete implementation focus measure layout,concrete implementations should focus on measure with and layout in | BlLayout,concrete implementation focus measure layout | bllayout,67,10,0
110,"[1, 0, 0, 0, 0, 0]",my components are named according to mathematical convention,component named according mathematical convention,my components are named according to mathematical convention | BlMatrix2D,component named according mathematical convention | blmatrix,60,8,0
111,"[1, 0, 0, 0, 0, 0]",a21 a22 shx sy,shx sy,a21 a22 shx sy | BlMatrix2D,shx sy | blmatrix,14,4,0
112,"[1, 0, 0, 0, 0, 0]",for example in case of 2d matrix they are,example case matrix,for example in case of 2d matrix they are | BlMatrixDecomposition,example case matrix | blmatrixdecomposition,41,9,0
113,"[1, 0, 0, 0, 0, 0]",top left 2x2 minor of original matrix,top left x minor original matrix,top left 2x2 minor of original matrix | BlMatrixDecomposition,top left x minor original matrix | blmatrixdecomposition,37,7,0
114,"[0, 0, 0, 1, 0, 0]",i am an affine transformation that is directly defined by transformation matrix,affine transformation directly defined transformation matrix,i am an affine transformation that is directly defined by transformation matrix | BlMatrixTransformation,affine transformation directly defined transformation matrix | blmatrixtransformation,79,12,0
115,"[0, 0, 0, 1, 0, 0]",i represent a concrete implementation of unspecified measurement mode.,represent concrete implementation unspecified measurement mode,i represent a concrete implementation of unspecified measurement mode. | BlMeasurementUnspecifiedMode,represent concrete implementation unspecified measurement mode | blmeasurementunspecifiedmode,70,9,0
116,"[0, 0, 0, 1, 0, 0]",i am a host space created by blmorphichost.,host space created blmorphichost,i am a host space created by blmorphichost. | BlMorphicHostSpace,host space created blmorphichost | blmorphichostspace,43,8,0
117,"[0, 0, 0, 1, 0, 0]",i am a middle mouse button.,middle mouse button,i am a middle mouse button. | BlMouseMiddleButton,middle mouse button | blmousemiddlebutton,27,6,0
118,"[0, 0, 0, 0, 0, 1]",the mouse move event is fired when a pointing device usually a mouse is moved while over an element.,mouse move event fired pointing device usually mouse moved element,the mouse move event is fired when a pointing device usually a mouse is moved while over an element. | BlMouseMoveEvent,mouse move event fired pointing device usually mouse moved element | blmousemoveevent,100,19,0
119,"[0, 0, 0, 1, 0, 0]",i am an event processor.,event processor,i am an event processor. | BlMouseProcessor,event processor | blmouseprocessor,24,5,0
120,"[0, 0, 1, 1, 0, 0]",i am a virtual anchor that lays on a perpendicular to a line between two reference anchors.,virtual anchor lay perpendicular line two reference anchor,i am a virtual anchor that lays on a perpendicular to a line between two reference anchors. | BlPerpendicularFractionAnchor,virtual anchor lay perpendicular line two reference anchor | blperpendicularfractionanchor,91,17,0
121,"[1, 0, 0, 0, 0, 0]",the curvature distance from the line connecting reference anchors is defined as a fraction curvaturefraction of a length between anchors.,curvature distance line connecting reference anchor defined fraction curvaturefraction length anchor,the curvature distance from the line connecting reference anchors is defined as a fraction curvaturefraction of a length between anchors. | BlPerpendicularFractionAnchor,curvature distance line connecting reference anchor defined fraction curvaturefraction length anchor | blperpendicularfractionanchor,137,20,0
122,"[0, 1, 0, 0, 0, 0]","the goal of this tutorial is to create an element with an arrow like pointer in the middle of the top edge, as shown below",goal tutorial create element arrow like pointer middle top edge shown,"the goal of this tutorial is to create an element with an arrow like pointer in the middle of the top edge, as shown below | BlRectangleShapeWithArrowExplanation",goal tutorial create element arrow like pointer middle top edge shown | blrectangleshapewitharrowexplanation,122,25,0
123,"[0, 1, 0, 0, 0, 0]","even more compex would be to implement the support for positioning the arrow on different edges eg left, bottom or an ability to have multiple arrows on separate edges.",even compex would implement support positioning arrow different edge eg left bottom ability multiple arrow separate edge,"even more compex would be to implement the support for positioning the arrow on different edges eg left, bottom or an ability to have multiple arrows on separate edges. | BlRectangleShapeWithArrowExplanation",even compex would implement support positioning arrow different edge eg left bottom ability multiple arrow separate edge | blrectangleshapewitharrowexplanation,168,29,0
124,"[0, 1, 0, 0, 0, 0]",creating a rectangle shape,creating rectangle shape,creating a rectangle shape | BlRectangleShapeWithArrowExplanation,creating rectangle shape | blrectangleshapewitharrowexplanation,26,4,0
125,"[0, 1, 0, 0, 0, 0]",in order to give the arrow pointing up enough space we should move the top edge of the rectangle down by the length of the arrow.,order give arrow pointing enough space move top edge rectangle length arrow,in order to give the arrow pointing up enough space we should move the top edge of the rectangle down by the length of the arrow. | BlRectangleShapeWithArrowExplanation,order give arrow pointing enough space move top edge rectangle length arrow | blrectangleshapewitharrowexplanation,129,26,0
126,"[0, 1, 0, 0, 0, 0]",injecting a line inside of the top edge,injecting line inside top edge,injecting a line inside of the top edge | BlRectangleShapeWithArrowExplanation,injecting line inside top edge | blrectangleshapewitharrowexplanation,39,8,0
127,"[0, 1, 0, 0, 0, 0]",it can be done by sending method bllineshape #injectlineat length to the topedge .,done sending method bllineshape injectlineat length topedge,it can be done by sending method bllineshape #injectlineat length to the topedge . | BlRectangleShapeWithArrowExplanation,done sending method bllineshape injectlineat length topedge | blrectangleshapewitharrowexplanation,82,14,0
128,"[0, 1, 0, 0, 0, 0]",example blrectangleshapewitharrowexplanation #rectanglewithtopinjectedline previewshow #gtlivefor previewexpanded true previewheight 250,example blrectangleshapewitharrowexplanation rectanglewithtopinjectedline previewshow gtlivefor previewexpanded true previewheight,example blrectangleshapewitharrowexplanation #rectanglewithtopinjectedline previewshow #gtlivefor previewexpanded true previewheight 250 | BlRectangleShapeWithArrowExplanation,example blrectangleshapewitharrowexplanation rectanglewithtopinjectedline previewshow gtlivefor previewexpanded true previewheight | blrectangleshapewitharrowexplanation,136,9,0
129,"[0, 1, 0, 0, 0, 0]",we are almost ready to create a rectangular arrow.,almost ready create rectangular arrow,we are almost ready to create a rectangular arrow. | BlRectangleShapeWithArrowExplanation,almost ready create rectangular arrow | blrectangleshapewitharrowexplanation,50,9,0
130,"[0, 1, 0, 0, 0, 0]",we can do so by sending a method bllineshape #splitat to the now middle section of the topedge which was created by the previous line injection step,sending method bllineshape splitat middle section topedge created previous line injection step,we can do so by sending a method bllineshape #splitat to the now middle section of the topedge which was created by the previous line injection step | BlRectangleShapeWithArrowExplanation,sending method bllineshape splitat middle section topedge created previous line injection step | blrectangleshapewitharrowexplanation,148,27,0
131,"[0, 1, 0, 0, 0, 0]",example blrectangleshapewitharrowexplanation #rectanglewithtoppolylinesplitinhalf previewshow #gtlivefor previewexpanded true previewheight 250,example blrectangleshapewitharrowexplanation rectanglewithtoppolylinesplitinhalf previewshow gtlivefor previewexpanded true previewheight,example blrectangleshapewitharrowexplanation #rectanglewithtoppolylinesplitinhalf previewshow #gtlivefor previewexpanded true previewheight 250 | BlRectangleShapeWithArrowExplanation,example blrectangleshapewitharrowexplanation rectanglewithtoppolylinesplitinhalf previewshow gtlivefor previewexpanded true previewheight | blrectangleshapewitharrowexplanation,143,9,0
132,"[0, 1, 0, 0, 0, 0]",moving the top of the triangle,moving top triangle,moving the top of the triangle | BlRectangleShapeWithArrowExplanation,moving top triangle | blrectangleshapewitharrowexplanation,30,6,0
133,"[0, 1, 0, 0, 0, 0]",example blrectangleshapewitharrowexplanation #rectanglewithtoparrow previewshow #gtlivefor previewexpanded true previewheight 250,example blrectangleshapewitharrowexplanation rectanglewithtoparrow previewshow gtlivefor previewexpanded true previewheight,example blrectangleshapewitharrowexplanation #rectanglewithtoparrow previewshow #gtlivefor previewexpanded true previewheight 250 | BlRectangleShapeWithArrowExplanation,example blrectangleshapewitharrowexplanation rectanglewithtoparrow previewshow gtlivefor previewexpanded true previewheight | blrectangleshapewitharrowexplanation,129,9,0
134,"[0, 0, 1, 0, 0, 0]",i make sure that content element fits vertically within scalable element.,make sure content element fit vertically within scalable element,i make sure that content element fits vertically within scalable element. | BlScalableFitHeightStrategy,make sure content element fit vertically within scalable element | blscalablefitheightstrategy,73,11,0
135,"[0, 0, 1, 0, 0, 0]",i make sure that content element fits horizontally within scalable element.,make sure content element fit horizontally within scalable element,i make sure that content element fits horizontally within scalable element. | BlScalableFitWidthStrategy,make sure content element fit horizontally within scalable element | blscalablefitwidthstrategy,75,11,0
136,"[0, 0, 1, 0, 0, 0]",i contain examples of space related events,contain example space related event,i contain examples of space related events | BlSpaceEventExamples,contain example space related event | blspaceeventexamples,42,7,0
137,"[0, 0, 0, 1, 0, 0]",i represent a frame phase.,represent frame phase,i represent a frame phase. | BlSpaceFramePhase,represent frame phase | blspaceframephase,26,5,0
138,"[0, 0, 1, 0, 0, 0]",each phase knows about its start time and send a corresponding event once the phase is completed.,phase know start time send corresponding event phase completed,each phase knows about its start time and send a corresponding event once the phase is completed. | BlSpaceFramePhase,phase know start time send corresponding event phase completed | blspaceframephase,97,17,0
139,"[0, 0, 0, 1, 0, 0]",i am a copy of class blspartamozcanvasbuilder.,copy class blspartamozcanvasbuilder,i am a copy of class blspartamozcanvasbuilder. | BlSpartaMozSkiaCanvasBuilder,copy class blspartamozcanvasbuilder | blspartamozskiacanvasbuilder,46,7,0
140,"[0, 0, 0, 1, 0, 0]",i represent a text background attribute.,represent text background attribute,i represent a text background attribute. | BlTextBackgroundAttribute,represent text background attribute | bltextbackgroundattribute,40,6,0
141,"[0, 0, 1, 0, 0, 1]",i am used together with brtext and brtextstyler to style text.,used together brtext brtextstyler style text,i am used together with brtext and brtextstyler to style text. | BlTextBackgroundAttribute,used together brtext brtextstyler style text | bltextbackgroundattribute,62,11,0
142,"[0, 0, 0, 0, 1, 0]",paint set background paint,paint set background paint,paint set background paint | BlTextBackgroundAttribute,paint set background paint | bltextbackgroundattribute,26,4,0
143,"[0, 1, 0, 0, 0, 0]",text measurement strategies,text measurement strategy,text measurement strategies | BlTextElementMeasurementStrategyExamples,text measurement strategy | bltextelementmeasurementstrategyexamples,27,3,0
144,"[0, 0, 0, 0, 0, 1]","class bltextelement provides different text measurement strategies, each suitable for a specific use case.",class bltextelement provides different text measurement strategy suitable specific use case,"class bltextelement provides different text measurement strategies, each suitable for a specific use case. | BlTextElementMeasurementStrategyExamples",class bltextelement provides different text measurement strategy suitable specific use case | bltextelementmeasurementstrategyexamples,106,14,1
145,"[0, 1, 0, 0, 0, 1]","there is no perfect strategy, therefore understanding the differences between them is an important step in learning how to work with text in bloc.",perfect strategy therefore understanding difference important step learning work text bloc,"there is no perfect strategy, therefore understanding the differences between them is an important step in learning how to work with text in bloc. | BlTextElementMeasurementStrategyExamples",perfect strategy therefore understanding difference important step learning work text bloc | bltextelementmeasurementstrategyexamples,146,24,0
146,"[0, 1, 0, 0, 0, 0]",label measurement,label measurement,label measurement | BlTextElementMeasurementStrategyExamples,label measurement | bltextelementmeasurementstrategyexamples,17,2,0
147,"[0, 1, 0, 0, 0, 0]",it means that the height of the text is independent from the content.,mean height text independent content,it means that the height of the text is independent from the content. | BlTextElementMeasurementStrategyExamples,mean height text independent content | bltextelementmeasurementstrategyexamples,69,13,0
148,"[0, 1, 0, 0, 0, 0]",the width is given by the exact bounds of the element s text.,width given exact bound element text,the width is given by the exact bounds of the element s text. | BlTextElementMeasurementStrategyExamples,width given exact bound element text | bltextelementmeasurementstrategyexamples,61,13,0
149,"[0, 1, 0, 0, 0, 0]","please note, that since the width is precise and depends on the content, whitespace is not taken into account when computing the width of the text element.",please note since width precise depends content whitespace taken account computing width text element,"please note, that since the width is precise and depends on the content, whitespace is not taken into account when computing the width of the text element. | BlTextElementMeasurementStrategyExamples",please note since width precise depends content whitespace taken account computing width text element | bltextelementmeasurementstrategyexamples,155,27,0
150,"[0, 1, 0, 0, 0, 0]",editor measurement,editor measurement,editor measurement | BlTextElementMeasurementStrategyExamples,editor measurement | bltextelementmeasurementstrategyexamples,18,2,0
151,"[0, 1, 0, 0, 0, 0]",method bltextelement #editormeasurement,method bltextelement editormeasurement,method bltextelement #editormeasurement | BlTextElementMeasurementStrategyExamples,method bltextelement editormeasurement | bltextelementmeasurementstrategyexamples,39,3,0
152,"[0, 1, 0, 0, 0, 0]",example bltextelementmeasurementstrategyexamples #textelementwitheditormeasurement nocode previewshow #gtlivefor previewheight 100,example bltextelementmeasurementstrategyexamples textelementwitheditormeasurement nocode previewshow gtlivefor previewheight,example bltextelementmeasurementstrategyexamples #textelementwitheditormeasurement nocode previewshow #gtlivefor previewheight 100 | BlTextElementMeasurementStrategyExamples,example bltextelementmeasurementstrategyexamples textelementwitheditormeasurement nocode previewshow gtlivefor previewheight | bltextelementmeasurementstrategyexamples,130,8,0
153,"[0, 1, 0, 0, 0, 0]",precise measurement,precise measurement,precise measurement | BlTextElementMeasurementStrategyExamples,precise measurement | bltextelementmeasurementstrategyexamples,19,2,0
154,"[0, 1, 0, 0, 0, 0]",method bltextelement #tightmeasurement does exactly that and clips off any white space surrounding the text.,method bltextelement tightmeasurement exactly clip white space surrounding text,method bltextelement #tightmeasurement does exactly that and clips off any white space surrounding the text. | BlTextElementMeasurementStrategyExamples,method bltextelement tightmeasurement exactly clip white space surrounding text | bltextelementmeasurementstrategyexamples,108,15,0
155,"[0, 1, 0, 0, 0, 0]","it may be useful for displaying a short piece of a text, usually a word centered within a larger element.",may useful displaying short piece text usually word centered within larger element,"it may be useful for displaying a short piece of a text, usually a word centered within a larger element. | BlTextElementMeasurementStrategyExamples",may useful displaying short piece text usually word centered within larger element | bltextelementmeasurementstrategyexamples,105,20,0
156,"[0, 1, 0, 0, 0, 0]",example bltextelementmeasurementstrategyexamples #textelementwithtightmeasurement nocode previewshow #gtlivefor previewheight 75,example bltextelementmeasurementstrategyexamples textelementwithtightmeasurement nocode previewshow gtlivefor previewheight,example bltextelementmeasurementstrategyexamples #textelementwithtightmeasurement nocode previewshow #gtlivefor previewheight 75 | BlTextElementMeasurementStrategyExamples,example bltextelementmeasurementstrategyexamples textelementwithtightmeasurement nocode previewshow gtlivefor previewheight | bltextelementmeasurementstrategyexamples,128,8,0
157,"[0, 0, 1, 1, 1, 0]",i am an example of a custom stencil that creates a rounded rectangular element with cusomizable background color and corner radius,example custom stencil creates rounded rectangular element cusomizable background color corner radius,i am an example of a custom stencil that creates a rounded rectangular element with cusomizable background color and corner radius | BrExampleColoredElementStencil,example custom stencil creates rounded rectangular element cusomizable background color corner radius | brexamplecoloredelementstencil,130,21,0
158,"[0, 1, 0, 0, 0, 0]",in the example below we show all existing button styles,example show existing button style,in the example below we show all existing button styles | BrExamplesShowroom,example show existing button style | brexamplesshowroom,55,10,0
159,"[0, 1, 0, 0, 0, 0]","the following glamorous button reacts to various ui interaction events and changes its style according the state pressed, hovered",following glamorous button reacts various ui interaction event change style according state pressed hovered,"the following glamorous button reacts to various ui interaction events and changes its style according the state pressed, hovered | BrExamplesShowroom",following glamorous button reacts various ui interaction event change style according state pressed hovered | brexamplesshowroom,129,19,0
160,"[0, 1, 0, 0, 0, 0]",example brexamplesshowroom #glamorousbutton,example brexamplesshowroom glamorousbutton,example brexamplesshowroom #glamorousbutton | BrExamplesShowroom,example brexamplesshowroom glamorousbutton | brexamplesshowroom,43,3,0
161,"[0, 1, 0, 0, 0, 0]",button can also be disabled to prevent click events,button also disabled prevent click event,button can also be disabled to prevent click events | BrExamplesShowroom,button also disabled prevent click event | brexamplesshowroom,51,9,0
162,"[0, 1, 0, 0, 0, 0]",example brexamplesshowroom #glamorousdisabledbutton,example brexamplesshowroom glamorousdisabledbutton,example brexamplesshowroom #glamorousdisabledbutton | BrExamplesShowroom,example brexamplesshowroom glamorousdisabledbutton | brexamplesshowroom,51,3,0
163,"[0, 1, 0, 0, 0, 0]",labelled toggle,labelled toggle,labelled toggle | BrExamplesShowroom,labelled toggle | brexamplesshowroom,15,2,0
164,"[0, 1, 0, 0, 0, 0]",example brexamplesshowroom #materiallabeltoggle,example brexamplesshowroom materiallabeltoggle,example brexamplesshowroom #materiallabeltoggle | BrExamplesShowroom,example brexamplesshowroom materiallabeltoggle | brexamplesshowroom,47,3,0
165,"[0, 1, 0, 0, 0, 0]",we can compose label and icon looks to create a toggle button with both label and the icon.,compose label icon look create toggle button label icon,we can compose label and icon looks to create a toggle button with both label and the icon. | BrExamplesShowroom,compose label icon look create toggle button label icon | brexamplesshowroom,91,18,0
166,"[0, 1, 0, 0, 0, 0]",note that the order of looks defines the visual order of the label and icon,note order look defines visual order label icon,note that the order of looks defines the visual order of the label and icon | BrExamplesShowroom,note order look defines visual order label icon | brexamplesshowroom,75,15,0
167,"[0, 1, 0, 0, 0, 0]",example brexamplesshowroom #materialtoggle,example brexamplesshowroom materialtoggle,example brexamplesshowroom #materialtoggle | BrExamplesShowroom,example brexamplesshowroom materialtoggle | brexamplesshowroom,42,3,0
168,"[0, 1, 0, 0, 0, 0]",thus being said by swapping the label and icon look we can move the icon to the right from the label,thus said swapping label icon look move icon right label,thus being said by swapping the label and icon look we can move the icon to the right from the label | BrExamplesShowroom,thus said swapping label icon look move icon right label | brexamplesshowroom,100,21,1
169,"[0, 1, 0, 0, 0, 0]",example brexamplesshowroom #materialreversedtoggle,example brexamplesshowroom materialreversedtoggle,example brexamplesshowroom #materialreversedtoggle | BrExamplesShowroom,example brexamplesshowroom materialreversedtoggle | brexamplesshowroom,50,3,0
170,"[0, 1, 0, 0, 0, 0]",the content of each tab is defined with the help of a stencil.,content tab defined help stencil,the content of each tab is defined with the help of a stencil. | BrExamplesShowroom,content tab defined help stencil | brexamplesshowroom,62,13,0
171,"[0, 1, 0, 0, 0, 0]",example brexamplesshowroom #glamoroustoolbar,example brexamplesshowroom glamoroustoolbar,example brexamplesshowroom #glamoroustoolbar | BrExamplesShowroom,example brexamplesshowroom glamoroustoolbar | brexamplesshowroom,44,3,0
172,"[1, 0, 1, 0, 0, 0]",you can import new icons using method name brglamorousicons class #importiconsfromdirectory using the script below.,import new icon using method name brglamorousicons class importiconsfromdirectory using script,you can import new icons using method name brglamorousicons class #importiconsfromdirectory using the script below. | BrGlamorousIcons,import new icon using method name brglamorousicons class importiconsfromdirectory using script | brglamorousicons,115,15,0
173,"[0, 1, 1, 0, 0, 0]",it imports all png files and creates class methods with the same name.,import png file creates class method name,it imports all png files and creates class methods with the same name. | BrGlamorousIcons,import png file creates class method name | brglamorousicons,70,13,0
174,"[0, 1, 0, 0, 0, 0]",brglamorousicons importiconsfromdirectory .,brglamorousicons importiconsfromdirectory,brglamorousicons importiconsfromdirectory . | BrGlamorousIcons,brglamorousicons importiconsfromdirectory | brglamorousicons,43,3,1
175,"[0, 1, 0, 0, 0, 0]",gt icons asfilereference,gt icon asfilereference,gt icons asfilereference | BrGlamorousIcons,gt icon asfilereference | brglamorousicons,24,3,0
176,"[0, 0, 1, 0, 0, 0]",i define how widgets look.,define widget look,i define how widgets look. | BrLook,define widget look | brlook,26,5,0
177,"[0, 0, 1, 0, 0, 0]",i am sent by a look to request selection update from the view model,sent look request selection update view model,i am sent by a look to request selection update from the view model | BrSelectionRequest,sent look request selection update view model | brselectionrequest,67,14,0
178,"[0, 0, 0, 1, 0, 0]",the moldable editor,moldable editor,the moldable editor | BrTextEditor,moldable editor | brtexteditor,19,3,0
179,"[0, 0, 1, 1, 0, 0]",i am sent by the text editor element when an element playing a role of the cursor is removed from the editor,sent text editor element element playing role cursor removed editor,i am sent by the text editor element when an element playing a role of the cursor is removed from the editor | BrTextEditorCursorElementRemovedEvent,sent text editor element element playing role cursor removed editor | brtexteditorcursorelementremovedevent,108,22,0
180,"[0, 1, 0, 0, 0, 0]",show gtprintin,show gtprintin,show gtprintin | BrTextEditorExamples,show gtprintin | brtexteditorexamples,14,2,0
181,"[0, 1, 0, 0, 0, 0]",10 factorial,factorial,10 factorial | BrTextEditorExamples,factorial | brtexteditorexamples,12,2,0
182,"[0, 1, 0, 0, 0, 0]",example brtexteditorexamples #newtext,example brtexteditorexamples newtext,example brtexteditorexamples #newtext | BrTextEditorExamples,example brtexteditorexamples newtext | brtexteditorexamples,37,3,0
183,"[0, 1, 0, 0, 0, 0]","next, we build the editor",next build editor,"next, we build the editor | BrTextEditorExamples",next build editor | brtexteditorexamples,25,5,0
184,"[0, 1, 0, 0, 0, 0]",example brtexteditorexamples #neweditor,example brtexteditorexamples neweditor,example brtexteditorexamples #neweditor | BrTextEditorExamples,example brtexteditorexamples neweditor | brtexteditorexamples,39,3,0
185,"[0, 1, 0, 0, 0, 0]","then, we attach text to the enditor.",attach text enditor,"then, we attach text to the enditor. | BrTextEditorExamples",attach text enditor | brtexteditorexamples,36,7,0
186,"[0, 1, 0, 0, 0, 0]",example brtexteditorexamples #editor text,example brtexteditorexamples editor text,example brtexteditorexamples #editor text | BrTextEditorExamples,example brtexteditorexamples editor text | brtexteditorexamples,41,4,0
187,"[0, 1, 0, 0, 0, 0]","next, we create an editor element.",next create editor element,"next, we create an editor element. | BrTextEditorExamples",next create editor element | brtexteditorexamples,34,6,0
188,"[0, 1, 0, 0, 0, 0]","and finally, build everything together",finally build everything together,"and finally, build everything together | BrTextEditorExamples",finally build everything together | brtexteditorexamples,38,5,0
189,"[0, 1, 0, 0, 0, 0]",example brtexteditorexamples #element editortext show gtlivein,example brtexteditorexamples element editortext show gtlivein,example brtexteditorexamples #element editortext show gtlivein | BrTextEditorExamples,example brtexteditorexamples element editortext show gtlivein | brtexteditorexamples,62,6,0
190,"[0, 0, 1, 0, 0, 0]",i only allow letters,allow letter,i only allow letters | BrTextEditorLetterInputFilter,allow letter | brtexteditorletterinputfilter,20,4,0
191,"[0, 0, 1, 0, 0, 1]",i am used to record text selection intervals while user drags mouse over the text editor.,used record text selection interval user drag mouse text editor,i am used to record text selection intervals while user drags mouse over the text editor. | BrTextEditorSelectionRecorder,used record text selection interval user drag mouse text editor | brtexteditorselectionrecorder,89,16,0
192,"[0, 0, 1, 0, 0, 1]",additionally i play a role of a selection strategy to support single or multiple selection.,additionally play role selection strategy support single multiple selection,additionally i play a role of a selection strategy to support single or multiple selection. | BrTextEditorSelectionRecorder,additionally play role selection strategy support single multiple selection | brtexteditorselectionrecorder,91,15,0
193,"[0, 0, 1, 0, 1, 0]",i do the hard job of visually updating selection by requesting segment holders to partially update themselves,hard job visually updating selection requesting segment holder partially update,i do the hard job of visually updating selection by requesting segment holders to partially update themselves | BrTextEditorSelectionUpdateCommand,hard job visually updating selection requesting segment holder partially update | brtexteditorselectionupdatecommand,109,17,0
194,"[0, 0, 1, 0, 0, 0]",i hold all data relevant for an address,hold data relevant address,i hold all data relevant for an address | GtABAddress,hold data relevant address | gtabaddress,39,8,0
195,"[0, 0, 1, 0, 0, 1]",is sent by buttonattribute after button is created.,sent buttonattribute button created,is sent by buttonattribute after button is created. | GtConnectorButtonCreatedEvent,sent buttonattribute button created | gtconnectorbuttoncreatedevent,51,8,1
196,"[0, 0, 1, 0, 0, 1]",i allow connector to be notified and attach its own additional handlers to newly created button,allow connector notified attach additional handler newly created button,i allow connector to be notified and attach its own additional handlers to newly created button | GtConnectorButtonCreatedEvent,allow connector notified attach additional handler newly created button | gtconnectorbuttoncreatedevent,95,16,0
197,"[0, 0, 1, 0, 0, 0]",i create a filled circle arrow head with the border and background equal to the color of the curve,create filled circle arrow head border background equal color curve,i create a filled circle arrow head with the border and background equal to the color of the curve | GtDiagrammerArrowheadFilledCircleStencil,create filled circle arrow head border background equal color curve | gtdiagrammerarrowheadfilledcirclestencil,98,19,0
198,"[0, 0, 1, 0, 0, 0]",i create a filled triangle arrowhead,create filled triangle arrowhead,i create a filled triangle arrowhead | GtDiagrammerArrowheadFilledTriangleStencil,create filled triangle arrowhead | gtdiagrammerarrowheadfilledtrianglestencil,36,6,0
199,"[0, 0, 1, 0, 0, 0]",i am used to remove arrow heads,used remove arrow head,i am used to remove arrow heads | GtDiagrammerArrowheadNoneStencil,used remove arrow head | gtdiagrammerarrowheadnonestencil,31,7,0
200,"[0, 0, 1, 1, 0, 0]",i am a dummy tool that does nothing,dummy tool nothing,i am a dummy tool that does nothing | GtDiagrammerDummyTool,dummy tool nothing | gtdiagrammerdummytool,35,8,0
201,"[0, 0, 1, 0, 0, 1]",i display a list of editors of an object in a vertical list.,display list editor object vertical list,i display a list of editors of an object in a vertical list. | GtDiagrammerEditorList,display list editor object vertical list | gtdiagrammereditorlist,60,13,0
202,"[0, 0, 1, 0, 0, 1]",i fetch data from the diagrammer editor data source,fetch data diagrammer editor data source,i fetch data from the diagrammer editor data source | GtDiagrammerEditorList,fetch data diagrammer editor data source | gtdiagrammereditorlist,51,9,0
203,"[0, 0, 0, 1, 0, 0]",i am a scriptable toogle group to display a uniform collection of selectable values.,scriptable toogle group display uniform collection selectable value,i am a scriptable toogle group to display a uniform collection of selectable values. | GtDiagrammerPicker,scriptable toogle group display uniform collection selectable value | gtdiagrammerpicker,84,14,0
204,"[0, 1, 0, 0, 0, 0]",margin blinsets all 3,margin blinsets,margin blinsets all 3 | GtDiagrammerPicker,margin blinsets | gtdiagrammerpicker,21,4,0
205,"[0, 1, 0, 0, 0, 0]",picker constraintsdo c,picker constraintsdo c,picker constraintsdo c | GtDiagrammerPicker,picker constraintsdo c | gtdiagrammerpicker,22,3,0
206,"[0, 0, 1, 0, 0, 0]",i know how to extract the dependencies of a given example.,know extract dependency given example,i know how to extract the dependencies of a given example. | GtExampleDependenciesResolver,know extract dependency given example | gtexampledependenciesresolver,58,11,0
207,"[1, 0, 0, 0, 1, 0]",users should configure me with a #sourceclass .,user configure sourceclass,users should configure me with a #sourceclass . | GtExampleFactory,user configure sourceclass | gtexamplefactory,47,8,1
208,"[1, 0, 0, 0, 0, 0]","to create an example, a method defining an example is executed having a provider as a receiver.",create example method defining example executed provider receiver,"to create an example, a method defining an example is executed having a provider as a receiver. | GtExampleFactory",create example method defining example executed provider receiver | gtexamplefactory,95,17,0
209,"[1, 0, 0, 0, 0, 0]","if the method is defined on the instance side, the provider consists in a new instance of that class.",method defined instance side provider consists new instance class,"if the method is defined on the instance side, the provider consists in a new instance of that class. | GtExampleFactory",method defined instance side provider consists new instance class | gtexamplefactory,101,19,0
210,"[1, 0, 0, 0, 0, 0]",optionally users can configure the factory with an explicit provider.,optionally user configure factory explicit provider,optionally users can configure the factory with an explicit provider. | GtExampleFactory,optionally user configure factory explicit provider | gtexamplefactory,69,10,0
211,"[1, 1, 0, 0, 0, 0]",to initialize the subjects of an example i call #gtexamplesubjects on the provider object.,initialize subject example call gtexamplesubjects provider object,to initialize the subjects of an example i call #gtexamplesubjects on the provider object. | GtExampleFactory,initialize subject example call gtexamplesubjects provider object | gtexamplefactory,90,14,0
212,"[1, 1, 0, 0, 0, 0]",then i execute those methods with the example as a receiver and the pragma arguments.,execute method example receiver pragma argument,then i execute those methods with the example as a receiver and the pragma arguments. | GtExampleFactory,execute method example receiver pragma argument | gtexamplefactory,85,15,0
213,"[0, 0, 1, 0, 0, 0]",i indicate that the subject of an example is an object.,indicate subject example object,i indicate that the subject of an example is an object. | GtExampleInstanceSubject,indicate subject example object | gtexampleinstancesubject,55,11,0
214,"[0, 0, 0, 1, 0, 1]",i am the default subject of an example.,default subject example,i am the default subject of an example. | GtExampleInstanceSubject,default subject example | gtexampleinstancesubject,39,8,0
215,"[0, 1, 0, 0, 0, 0]","for example, evaluating an example is to be treated differently from a debugging scenario, or from a scenario to recorver static dependencies.",example evaluating example treated differently debugging scenario scenario recorver static dependency,"for example, evaluating an example is to be treated differently from a debugging scenario, or from a scenario to recorver static dependencies. | GtExampleProcessor",example evaluating example treated differently debugging scenario scenario recorver static dependency | gtexampleprocessor,142,22,0
216,"[0, 0, 1, 0, 0, 0]",i maintain a context that can be accessed from within the examples being processed during the execution of the processor.,maintain context accessed within example processed execution processor,i maintain a context that can be accessed from within the examples being processed during the execution of the processor. | GtExampleProcessor,maintain context accessed within example processed execution processor | gtexampleprocessor,121,20,0
217,"[0, 0, 0, 0, 1, 0]",#value execute the processor.,value execute processor,#value execute the processor. | GtExampleProcessor,value execute processor | gtexampleprocessor,29,4,0
218,"[0, 0, 0, 0, 1, 0]",#canprocess verifies if the processor can execute on the given example.,canprocess verifies processor execute given example,#canprocess verifies if the processor can execute on the given example. | GtExampleProcessor,canprocess verifies processor execute given example | gtexampleprocessor,71,11,1
219,"[0, 0, 0, 1, 0, 0]",this an implementation of a moen s tree layout algorithm.,implementation moen tree layout algorithm,this an implementation of a moen s tree layout algorithm. | GtGradAbstractTreeLayout,implementation moen tree layout algorithm | gtgradabstracttreelayout,57,10,1
220,"[1, 0, 0, 0, 0, 0]",it improved the older algorithm s ability to handle non uniform sized nodes.,improved older algorithm ability handle non uniform sized node,it improved the older algorithm s ability to handle non uniform sized nodes. | GtGradAbstractTreeLayout,improved older algorithm ability handle non uniform sized node | gtgradabstracttreelayout,76,13,0
221,"[1, 0, 0, 0, 0, 0]","to accomplish that, it uses shapes represented by polyline structures.",accomplish us shape represented polyline structure,"to accomplish that, it uses shapes represented by polyline structures. | GtGradAbstractTreeLayout",accomplish us shape represented polyline structure | gtgradabstracttreelayout,70,10,0
222,"[0, 0, 1, 0, 0, 0]","when merging contours, minimum horizontal vertical offsets at which siblings can be placed with resepct to their upper left sibling depending of the layout s orientation are calculated",merging contour minimum horizontal vertical offset sibling placed resepct upper left sibling depending layout orientation calculated,"when merging contours, minimum horizontal vertical offsets at which siblings can be placed with resepct to their upper left sibling depending of the layout s orientation are calculated | GtGradAbstractTreeLayout",merging contour minimum horizontal vertical offset sibling placed resepct upper left sibling depending layout orientation calculated | gtgradabstracttreelayout,184,28,0
223,"[0, 0, 1, 0, 0, 0]","once the bottom up traversal is finished, calculation of offsets is finished as well.",bottom traversal finished calculation offset finished well,"once the bottom up traversal is finished, calculation of offsets is finished as well. | GtGradAbstractTreeLayout",bottom traversal finished calculation offset finished well | gtgradabstracttreelayout,85,14,0
224,"[0, 0, 1, 0, 0, 0]","additionally, this implementation supports alignment of nodes top, center, bottom in case of the vertical layout and left, center, right in case of the horizontal layout .",additionally implementation support alignment node top center bottom case vertical layout left center right case horizontal layout,"additionally, this implementation supports alignment of nodes top, center, bottom in case of the vertical layout and left, center, right in case of the horizontal layout . | GtGradAbstractTreeLayout",additionally implementation support alignment node top center bottom case vertical layout left center right case horizontal layout | gtgradabstracttreelayout,171,27,0
225,"[0, 0, 1, 0, 0, 0]","this is done through calculation of differences in sizes of nodes compared to the largest nodes on the same level, as well as the differences in sizes of their parents compared to the largest nodes on the parent level.",done calculation difference size node compared largest node level well difference size parent compared largest node parent level,"this is done through calculation of differences in sizes of nodes compared to the largest nodes on the same level, as well as the differences in sizes of their parents compared to the largest nodes on the parent level. | GtGradAbstractTreeLayout",done calculation difference size node compared largest node level well difference size parent compared largest node parent level | gtgradabstracttreelayout,218,39,1
226,"[0, 0, 0, 0, 0, 1]",gtgradtreelayout is a superclass of gtgradhorizontaltreelayout and gtgradverticaltreelayout classes and contains generic tree layout methods and definitions of methods the two subclasses need to redefine.,gtgradtreelayout superclass gtgradhorizontaltreelayout gtgradverticaltreelayout class contains generic tree layout method definition method two subclass need redefine,gtgradtreelayout is a superclass of gtgradhorizontaltreelayout and gtgradverticaltreelayout classes and contains generic tree layout methods and definitions of methods the two subclasses need to redefine. | GtGradAbstractTreeLayout,gtgradtreelayout superclass gtgradhorizontaltreelayout gtgradverticaltreelayout class contains generic tree layout method definition method two subclass need redefine | gtgradabstracttreelayout,204,25,0
227,"[0, 0, 0, 0, 0, 1]","generally, the differences between the implementations of the hozitonal and vertical variants are really small, revolving around one using or setting the x and the other y coordinates.",generally difference implementation hozitonal vertical variant really small revolving around one using setting x coordinate,"generally, the differences between the implementations of the hozitonal and vertical variants are really small, revolving around one using or setting the x and the other y coordinates. | GtGradAbstractTreeLayout",generally difference implementation hozitonal vertical variant really small revolving around one using setting x coordinate | gtgradabstracttreelayout,184,28,0
228,"[0, 0, 1, 0, 0, 0]",i compute the smallest circle that encloses the specified array of circles.,compute smallest circle encloses specified array circle,i compute the smallest circle that encloses the specified array of circles. | GtGraphCircleEnclosure,compute smallest circle encloses specified array circle | gtgraphcircleenclosure,75,12,0
229,"[0, 0, 1, 0, 0, 0]",the enclosing circle is computed using the matou ek sharir welzl http www^inf.ethz^ch personal emo publfiles subexlinprog alg16 96^pdf algorithm.,enclosing circle computed using matou ek sharir welzl http www inf ethz ch personal emo publfiles subexlinprog alg pdf algorithm,the enclosing circle is computed using the matou ek sharir welzl http www^inf.ethz^ch personal emo publfiles subexlinprog alg16 96^pdf algorithm. | GtGraphCircleEnclosure,enclosing circle computed using matou ek sharir welzl http www inf ethz ch personal emo publfiles subexlinprog alg pdf algorithm | gtgraphcircleenclosure,145,20,0
230,"[0, 1, 0, 0, 0, 0]","and add circles one by one, starting with a larger one.",add circle one one starting larger one,"and add circles one by one, starting with a larger one. | GtGraphCircleEnclosure",add circle one one starting larger one | gtgraphcircleenclosure,55,11,0
231,"[0, 1, 0, 0, 0, 0]",a circle enclosure is represented by a cyan circle.,circle enclosure represented cyan circle,a circle enclosure is represented by a cyan circle. | GtGraphCircleEnclosure,circle enclosure represented cyan circle | gtgraphcircleenclosure,51,9,0
232,"[0, 1, 0, 0, 0, 0]",example gtgraphcircleenclosureexamples #enclosurewithonecircle previewshow #gtpreviewfor previewexpanded previewheight 300,example gtgraphcircleenclosureexamples enclosurewithonecircle previewshow gtpreviewfor previewexpanded previewheight,example gtgraphcircleenclosureexamples #enclosurewithonecircle previewshow #gtpreviewfor previewexpanded previewheight 300 | GtGraphCircleEnclosure,example gtgraphcircleenclosureexamples enclosurewithonecircle previewshow gtpreviewfor previewexpanded previewheight | gtgraphcircleenclosure,122,8,0
233,"[0, 1, 0, 0, 0, 0]",two circle enclosure is also a special case and can be derived directly by method gtgraphcircleenclosure class #enclosure and,two circle enclosure also special case derived directly method gtgraphcircleenclosure class enclosure,two circle enclosure is also a special case and can be derived directly by method gtgraphcircleenclosure class #enclosure and | GtGraphCircleEnclosure,two circle enclosure also special case derived directly method gtgraphcircleenclosure class enclosure | gtgraphcircleenclosure,125,19,0
234,"[0, 1, 0, 0, 0, 0]",example gtgraphcircleenclosureexamples #enclosurewithtwocircles previewshow #gtpreviewfor previewexpanded previewheight 300,example gtgraphcircleenclosureexamples enclosurewithtwocircles previewshow gtpreviewfor previewexpanded previewheight,example gtgraphcircleenclosureexamples #enclosurewithtwocircles previewshow #gtpreviewfor previewexpanded previewheight 300 | GtGraphCircleEnclosure,example gtgraphcircleenclosureexamples enclosurewithtwocircles previewshow gtpreviewfor previewexpanded previewheight | gtgraphcircleenclosure,123,8,0
235,"[0, 1, 0, 0, 0, 0]",three circle enclosure is a special case too.,three circle enclosure special case,three circle enclosure is a special case too. | GtGraphCircleEnclosure,three circle enclosure special case | gtgraphcircleenclosure,45,8,0
236,"[0, 1, 0, 0, 0, 0]",let s add the third circle to our enclosure to see the result,let add third circle enclosure see result,let s add the third circle to our enclosure to see the result | GtGraphCircleEnclosure,let add third circle enclosure see result | gtgraphcircleenclosure,61,13,0
237,"[0, 1, 0, 0, 0, 0]",example gtgraphcircleenclosureexamples #enclosurewiththreecircles previewshow #gtpreviewfor previewexpanded previewheight 300,example gtgraphcircleenclosureexamples enclosurewiththreecircles previewshow gtpreviewfor previewexpanded previewheight,example gtgraphcircleenclosureexamples #enclosurewiththreecircles previewshow #gtpreviewfor previewexpanded previewheight 300 | GtGraphCircleEnclosure,example gtgraphcircleenclosureexamples enclosurewiththreecircles previewshow gtpreviewfor previewexpanded previewheight | gtgraphcircleenclosure,125,8,0
238,"[0, 1, 0, 0, 0, 0]","starting with four circles, an enclosure should be computed recursively by building and updating a basis enclosure consisting of one to three circles method gtgraphcircleenclosure class #enclosureall .",starting four circle enclosure computed recursively building updating basis enclosure consisting one three circle method gtgraphcircleenclosure class enclosureall,"starting with four circles, an enclosure should be computed recursively by building and updating a basis enclosure consisting of one to three circles method gtgraphcircleenclosure class #enclosureall . | GtGraphCircleEnclosure",starting four circle enclosure computed recursively building updating basis enclosure consisting one three circle method gtgraphcircleenclosure class enclosureall | gtgraphcircleenclosure,201,28,0
239,"[0, 1, 0, 0, 0, 0]",example gtgraphcircleenclosureexamples #enclosurewithfourcircles previewshow #gtpreviewfor previewexpanded previewheight 300,example gtgraphcircleenclosureexamples enclosurewithfourcircles previewshow gtpreviewfor previewexpanded previewheight,example gtgraphcircleenclosureexamples #enclosurewithfourcircles previewshow #gtpreviewfor previewexpanded previewheight 300 | GtGraphCircleEnclosure,example gtgraphcircleenclosureexamples enclosurewithfourcircles previewshow gtpreviewfor previewexpanded previewheight | gtgraphcircleenclosure,124,8,0
240,"[0, 0, 0, 1, 0, 0]",a roforcebasedlayout is inspired from the code of d3.,roforcebasedlayout inspired code,a roforcebasedlayout is inspired from the code of d3. | GtGraphForceBasedLayout,roforcebasedlayout inspired code | gtgraphforcebasedlayout,53,9,0
241,"[0, 1, 0, 0, 0, 0]",this is an adapted extract from the paper squarified treemaps mentioned above.,adapted extract paper squarified treemaps mentioned,this is an adapted extract from the paper squarified treemaps mentioned above. | GtGraphTreemapSquarify,adapted extract paper squarified treemaps mentioned | gtgraphtreemapsquarify,78,12,1
242,"[0, 1, 0, 0, 0, 0]","suppose we have a rectangle with width example gtgraphtreemaplayoutexamples #squarifywithsevennodes label #width and height example gtgraphtreemaplayoutexamples #squarifywithsevennodes label #height , and furthermore suppose that this rectangle must be subdivided in seven rectangles with areas example gtgraphtreemaplayoutexamples #squarifywithsevennodes label #nodevalues .",suppose rectangle width example gtgraphtreemaplayoutexamples squarifywithsevennodes label width height example gtgraphtreemaplayoutexamples squarifywithsevennodes label height furthermore suppose rectangle must subdivided seven rectangle area example gtgraphtreemaplayoutexamples squarifywithsevennodes label nodevalues,"suppose we have a rectangle with width example gtgraphtreemaplayoutexamples #squarifywithsevennodes label #width and height example gtgraphtreemaplayoutexamples #squarifywithsevennodes label #height , and furthermore suppose that this rectangle must be subdivided in seven rectangles with areas example gtgraphtreemaplayoutexamples #squarifywithsevennodes label #nodevalues . | GtGraphTreemapSquarify",suppose rectangle width example gtgraphtreemaplayoutexamples squarifywithsevennodes label width height example gtgraphtreemaplayoutexamples squarifywithsevennodes label height furthermore suppose rectangle must subdivided seven rectangle area example gtgraphtreemaplayoutexamples squarifywithsevennodes label nodevalues | gtgraphtreemapsquarify,375,40,0
243,"[0, 1, 0, 0, 0, 0]",the area will be subdivided as follows,area subdivided follows,the area will be subdivided as follows | GtGraphTreemapSquarify,area subdivided follows | gtgraphtreemapsquarify,38,7,0
244,"[0, 1, 0, 0, 0, 0]",example gtgraphtreemaplayoutexamples #squarifywithsevennodes nocode codeexpanded false previewexpanded true previewshow #gtpreviewfor,example gtgraphtreemaplayoutexamples squarifywithsevennodes nocode codeexpanded false previewexpanded true previewshow gtpreviewfor,example gtgraphtreemaplayoutexamples #squarifywithsevennodes nocode codeexpanded false previewexpanded true previewshow #gtpreviewfor | GtGraphTreemapSquarify,example gtgraphtreemaplayoutexamples squarifywithsevennodes nocode codeexpanded false previewexpanded true previewshow gtpreviewfor | gtgraphtreemapsquarify,133,10,0
245,"[0, 1, 0, 0, 0, 0]",the first step of our algorithm is to split the initial rectangle.,first step algorithm split initial rectangle,the first step of our algorithm is to split the initial rectangle. | GtGraphTreemapSquarify,first step algorithm split initial rectangle | gtgraphtreemapsquarify,66,12,0
246,"[0, 1, 0, 0, 0, 0]","we choose for a horizontal subdivision, because the original rectangle is wider than high.",choose horizontal subdivision original rectangle wider high,"we choose for a horizontal subdivision, because the original rectangle is wider than high. | GtGraphTreemapSquarify",choose horizontal subdivision original rectangle wider high | gtgraphtreemapsquarify,90,14,0
247,"[0, 1, 0, 0, 0, 0]",the aspect ratio of this first rectangle is example gtgraphtreemaplayoutexamples #squarifywithsevennodesfirststep label #worstvaluerounded .,aspect ratio first rectangle example gtgraphtreemaplayoutexamples squarifywithsevennodesfirststep label worstvaluerounded,the aspect ratio of this first rectangle is example gtgraphtreemaplayoutexamples #squarifywithsevennodesfirststep label #worstvaluerounded . | GtGraphTreemapSquarify,aspect ratio first rectangle example gtgraphtreemaplayoutexamples squarifywithsevennodesfirststep label worstvaluerounded | gtgraphtreemapsquarify,140,14,0
248,"[0, 1, 0, 0, 0, 0]",example gtgraphtreemaplayoutexamples #squarifywithsevennodesfirststep previewexpanded true nocode,example gtgraphtreemaplayoutexamples squarifywithsevennodesfirststep previewexpanded true nocode,example gtgraphtreemaplayoutexamples #squarifywithsevennodesfirststep previewexpanded true nocode | GtGraphTreemapSquarify,example gtgraphtreemaplayoutexamples squarifywithsevennodesfirststep previewexpanded true nocode | gtgraphtreemapsquarify,97,6,0
249,"[0, 1, 0, 0, 0, 0]","next we add a second rectangle, above the first.",next add second rectangle first,"next we add a second rectangle, above the first. | GtGraphTreemapSquarify",next add second rectangle first | gtgraphtreemapsquarify,48,9,0
250,"[0, 1, 0, 0, 0, 0]",the worst aspect ratio improves to example gtgraphtreemaplayoutexamples #squarifywithsevennodessecondstep label #worstvaluerounded .,worst aspect ratio improves example gtgraphtreemaplayoutexamples squarifywithsevennodessecondstep label worstvaluerounded,the worst aspect ratio improves to example gtgraphtreemaplayoutexamples #squarifywithsevennodessecondstep label #worstvaluerounded . | GtGraphTreemapSquarify,worst aspect ratio improves example gtgraphtreemaplayoutexamples squarifywithsevennodessecondstep label worstvaluerounded | gtgraphtreemapsquarify,132,12,0
251,"[0, 1, 0, 0, 0, 0]",example gtgraphtreemaplayoutexamples #squarifywithsevennodessecondstep previewexpanded true nocode,example gtgraphtreemaplayoutexamples squarifywithsevennodessecondstep previewexpanded true nocode,example gtgraphtreemaplayoutexamples #squarifywithsevennodessecondstep previewexpanded true nocode | GtGraphTreemapSquarify,example gtgraphtreemaplayoutexamples squarifywithsevennodessecondstep previewexpanded true nocode | gtgraphtreemapsquarify,98,6,0
252,"[0, 1, 0, 0, 0, 0]","however, if we add the next area 4 above these original rectangles, the aspect ratio of this rectangle is example gtgraphtreemaplayoutexamples #squarifywithsevennodesthirdstep label #worstvaluerounded .",however add next area original rectangle aspect ratio rectangle example gtgraphtreemaplayoutexamples squarifywithsevennodesthirdstep label worstvaluerounded,"however, if we add the next area 4 above these original rectangles, the aspect ratio of this rectangle is example gtgraphtreemaplayoutexamples #squarifywithsevennodesthirdstep label #worstvaluerounded . | GtGraphTreemapSquarify",however add next area original rectangle aspect ratio rectangle example gtgraphtreemaplayoutexamples squarifywithsevennodesthirdstep label worstvaluerounded | gtgraphtreemapsquarify,202,25,0
253,"[0, 1, 0, 0, 0, 0]","therefore, we decide that we have reached an optimum for the left half in step two, and start processing the right half.",therefore decide reached optimum left half step two start processing right half,"therefore, we decide that we have reached an optimum for the left half in step two, and start processing the right half. | GtGraphTreemapSquarify",therefore decide reached optimum left half step two start processing right half | gtgraphtreemapsquarify,120,22,0
254,"[0, 1, 0, 0, 0, 0]","the initial subdivision we choose here is vertical, because the rectangle is higher than wider.",initial subdivision choose vertical rectangle higher wider,"the initial subdivision we choose here is vertical, because the rectangle is higher than wider. | GtGraphTreemapSquarify",initial subdivision choose vertical rectangle higher wider | gtgraphtreemapsquarify,95,15,0
255,"[0, 1, 0, 0, 0, 0]",example gtgraphtreemaplayoutexamples #squarifywithsevennodesfourthstep previewexpanded true nocode,example gtgraphtreemaplayoutexamples squarifywithsevennodesfourthstep previewexpanded true nocode,example gtgraphtreemaplayoutexamples #squarifywithsevennodesfourthstep previewexpanded true nocode | GtGraphTreemapSquarify,example gtgraphtreemaplayoutexamples squarifywithsevennodesfourthstep previewexpanded true nocode | gtgraphtreemapsquarify,98,6,0
256,"[0, 1, 0, 0, 0, 0]",the worst aspect ratio decreases from example gtgraphtreemaplayoutexamples #squarifywithsevennodesfourthstep label #worstvaluerounded to example gtgraphtreemaplayoutexamples #squarifywithsevennodesfifthstep label #worstvaluerounded,worst aspect ratio decrease example gtgraphtreemaplayoutexamples squarifywithsevennodesfourthstep label worstvaluerounded example gtgraphtreemaplayoutexamples squarifywithsevennodesfifthstep label worstvaluerounded,the worst aspect ratio decreases from example gtgraphtreemaplayoutexamples #squarifywithsevennodesfourthstep label #worstvaluerounded to example gtgraphtreemaplayoutexamples #squarifywithsevennodesfifthstep label #worstvaluerounded | GtGraphTreemapSquarify,worst aspect ratio decrease example gtgraphtreemaplayoutexamples squarifywithsevennodesfourthstep label worstvaluerounded example gtgraphtreemaplayoutexamples squarifywithsevennodesfifthstep label worstvaluerounded | gtgraphtreemapsquarify,231,17,0
257,"[0, 1, 0, 0, 0, 0]",addition of the next area 2 however does not improve the result as the worst aspect ratio increases from example gtgraphtreemaplayoutexamples #squarifywithsevennodesfifthstep label #worstvaluerounded to example gtgraphtreemaplayoutexamples #squarifywithsevennodessixthstep label #worstvaluerounded,addition next area however improve result worst aspect ratio increase example gtgraphtreemaplayoutexamples squarifywithsevennodesfifthstep label worstvaluerounded example gtgraphtreemaplayoutexamples squarifywithsevennodessixthstep label worstvaluerounded,addition of the next area 2 however does not improve the result as the worst aspect ratio increases from example gtgraphtreemaplayoutexamples #squarifywithsevennodesfifthstep label #worstvaluerounded to example gtgraphtreemaplayoutexamples #squarifywithsevennodessixthstep label #worstvaluerounded | GtGraphTreemapSquarify,addition next area however improve result worst aspect ratio increase example gtgraphtreemaplayoutexamples squarifywithsevennodesfifthstep label worstvaluerounded example gtgraphtreemaplayoutexamples squarifywithsevennodessixthstep label worstvaluerounded | gtgraphtreemapsquarify,297,30,0
258,"[0, 1, 0, 0, 0, 0]",example gtgraphtreemaplayoutexamples #squarifywithsevennodessixthstep previewexpanded true nocode,example gtgraphtreemaplayoutexamples squarifywithsevennodessixthstep previewexpanded true nocode,example gtgraphtreemaplayoutexamples #squarifywithsevennodessixthstep previewexpanded true nocode | GtGraphTreemapSquarify,example gtgraphtreemaplayoutexamples squarifywithsevennodessixthstep previewexpanded true nocode | gtgraphtreemapsquarify,97,6,0
259,"[0, 1, 0, 0, 0, 0]",so we reject the previous step and start to fill the right top partition,reject previous step start fill right top partition,so we reject the previous step and start to fill the right top partition | GtGraphTreemapSquarify,reject previous step start fill right top partition | gtgraphtreemapsquarify,72,14,0
260,"[0, 1, 0, 0, 0, 0]",the final result is the following,final result following,the final result is the following | GtGraphTreemapSquarify,final result following | gtgraphtreemapsquarify,33,6,0
261,"[0, 0, 0, 0, 0, 1]",i am used by class gtgraphtreemapsquarifystep .,used class gtgraphtreemapsquarifystep,i am used by class gtgraphtreemapsquarifystep . | GtGraphTreemapSquarifyLandscapeRectangle,used class gtgraphtreemapsquarifystep | gtgraphtreemapsquarifylandscaperectangle,47,7,0
262,"[0, 1, 0, 0, 0, 0]",example gtgraphtreemaplayoutexamples #squarifywithfournodesfirstarea nocode,example gtgraphtreemaplayoutexamples squarifywithfournodesfirstarea nocode,example gtgraphtreemaplayoutexamples #squarifywithfournodesfirstarea nocode | GtGraphTreemapSquarifyLandscapeRectangle,example gtgraphtreemaplayoutexamples squarifywithfournodesfirstarea nocode | gtgraphtreemapsquarifylandscaperectangle,75,4,0
263,"[0, 1, 0, 1, 0, 0]",i am the installer of shared libraries along side image or vm.,installer shared library along side image vm,i am the installer of shared libraries along side image or vm. | GtLibraryInstaller,installer shared library along side image vm | gtlibraryinstaller,62,12,0
264,"[0, 0, 0, 0, 0, 1]",the ui may want to display them in a transcript,ui may want display transcript,the ui may want to display them in a transcript | GtLibraryInstallerLogAnnouncement,ui may want display transcript | gtlibraryinstallerlogannouncement,47,10,0
265,"[0, 0, 1, 0, 0, 0]",i forward a view definition to another object.,forward view definition another object,i forward a view definition to another object. | GtPhlowForwarderView,forward view definition another object | gtphlowforwarderview,46,8,0
266,"[0, 0, 1, 0, 0, 0]","i am also useful in situtions, when the object is created only for the purpose of the view.",also useful situtions object created purpose view,"i am also useful in situtions, when the object is created only for the purpose of the view. | GtPhlowForwarderView",also useful situtions object created purpose view | gtphlowforwarderview,91,18,0
267,"[0, 1, 0, 0, 0, 0]",given a point 20@30 as a domain object and euclidian coordinate system.,given point domain object euclidian coordinate system,given a point 20@30 as a domain object and euclidian coordinate system. | GtPlotterAxisProjection,given point domain object euclidian coordinate system | gtplotteraxisprojection,71,12,0
268,"[0, 1, 0, 0, 0, 0]",then projection of that point on continuous x axis would be 20 and projection on y axis would be 30.,projection point continuous x axis would projection axis would,then projection of that point on continuous x axis would be 20 and projection on y axis would be 30. | GtPlotterAxisProjection,projection point continuous x axis would projection axis would | gtplotteraxisprojection,100,20,0
269,"[0, 0, 1, 0, 0, 0]",gtremoteinspector provides a mechanism for remote viewing of objects over a rest json api.,gtremoteinspector provides mechanism remote viewing object rest json api,gtremoteinspector provides a mechanism for remote viewing of objects over a rest json api. | GtRemoteInspector,gtremoteinspector provides mechanism remote viewing object rest json api | gtremoteinspector,90,14,0
270,"[0, 0, 0, 0, 1, 0]",message two,message two,message two | GtRemoteInspector,message two | gtremoteinspector,11,2,0
271,"[0, 0, 0, 0, 1, 0]",for bonus points how to create instances.,bonus point create instance,for bonus points how to create instances. | GtRemoteInspector,bonus point create instance | gtremoteinspector,41,7,0
272,"[0, 0, 1, 1, 0, 0]",i am a release strategy that uses the current loaded tag for a repository as the version number.,release strategy us current loaded tag repository version number,i am a release strategy that uses the current loaded tag for a repository as the version number. | GtRlBaselineTagReleaseStrategy,release strategy us current loaded tag repository version number | gtrlbaselinetagreleasestrategy,96,18,0
273,"[0, 0, 1, 0, 0, 0]",the version number already exists in the repository.,version number already exists repository,the version number already exists in the repository. | GtRlBaselineTagReleaseStrategy,version number already exists repository | gtrlbaselinetagreleasestrategy,52,8,0
274,"[1, 0, 0, 0, 0, 0]",as i am passive i do not export any metadata.,passive export metadata,as i am passive i do not export any metadata. | GtRlBaselineTagReleaseStrategy,passive export metadata | gtrlbaselinetagreleasestrategy,45,10,1
275,"[0, 1, 0, 0, 0, 0]",see method gtrlbaselinetagreleasestrategy #assertcompatiblewithrepository for assertions that check when i can be used.,see method gtrlbaselinetagreleasestrategy assertcompatiblewithrepository assertion check used,see method gtrlbaselinetagreleasestrategy #assertcompatiblewithrepository for assertions that check when i can be used. | GtRlBaselineTagReleaseStrategy,see method gtrlbaselinetagreleasestrategy assertcompatiblewithrepository assertion check used | gtrlbaselinetagreleasestrategy,119,13,0
276,"[0, 0, 1, 0, 0, 0]",i execute a commit of the current changes staged for commit and push a tag corresponding to the version number of the repository release.,execute commit current change staged commit push tag corresponding version number repository release,i execute a commit of the current changes staged for commit and push a tag corresponding to the version number of the repository release. | GtRlCommitAndTagReleaseAction,execute commit current change staged commit push tag corresponding version number repository release | gtrlcommitandtagreleaseaction,137,24,0
277,"[1, 0, 0, 0, 0, 1]",i only work with strategies of type class gtrlsemantictagreleasestrategy .,work strategy type class gtrlsemantictagreleasestrategy,i only work with strategies of type class gtrlsemantictagreleasestrategy . | GtRlCommitAndTagReleaseAction,work strategy type class gtrlsemantictagreleasestrategy | gtrlcommitandtagreleaseaction,74,10,0
278,"[1, 0, 0, 0, 0, 0]",see method gtrlsemantictagreleasestrategy #commitandtagrelease for more implementation details.,see method gtrlsemantictagreleasestrategy commitandtagrelease implementation detail,see method gtrlsemantictagreleasestrategy #commitandtagrelease for more implementation details. | GtRlCommitAndTagReleaseAction,see method gtrlsemantictagreleasestrategy commitandtagrelease implementation detail | gtrlcommitandtagreleaseaction,95,8,0
279,"[0, 0, 1, 0, 0, 0]",i increment the major number of a semantic version.,increment major number semantic version,i increment the major number of a semantic version. | GtRlMajorVersionComputation,increment major number semantic version | gtrlmajorversioncomputation,51,9,0
280,"[0, 0, 1, 0, 0, 0]",i reset both the patch and minor parts of the version number to zero.,reset patch minor part version number zero,i reset both the patch and minor parts of the version number to zero. | GtRlMajorVersionComputation,reset patch minor part version number zero | gtrlmajorversioncomputation,69,14,0
281,"[1, 0, 0, 0, 0, 0]",if the symbolic version number on which i am applied has a patch or a minor number i reset them to zero in the created version number.,symbolic version number applied patch minor number reset zero created version number,if the symbolic version number on which i am applied has a patch or a minor number i reset them to zero in the created version number. | GtRlMajorVersionComputation,symbolic version number applied patch minor number reset zero created version number | gtrlmajorversioncomputation,134,27,0
282,"[0, 0, 1, 1, 0, 0]",i am an abstraction for a type of dependency in the loading configuration of a system.,abstraction type dependency loading configuration system,i am an abstraction for a type of dependency in the loading configuration of a system. | GtRlNode,abstraction type dependency loading configuration system | gtrlnode,86,16,0
283,"[0, 0, 1, 0, 0, 0]",i model options for configuring how releases are performed.,model option configuring release performed,i model options for configuring how releases are performed. | GtRlReleaseConfiguration,model option configuring release performed | gtrlreleaseconfiguration,59,9,0
284,"[0, 0, 0, 0, 0, 1]",i am used by a class gtrlreleasebuilder to create a new release.,used class gtrlreleasebuilder create new release,i am used by a class gtrlreleasebuilder to create a new release. | GtRlReleaseConfiguration,used class gtrlreleasebuilder create new release | gtrlreleaseconfiguration,64,12,0
285,"[0, 0, 0, 0, 0, 1]","users can configure default options that apply to all repositories from a release, or configure options for individual repositories.",user configure default option apply repository release configure option individual repository,"users can configure default options that apply to all repositories from a release, or configure options for individual repositories. | GtRlReleaseConfiguration",user configure default option apply repository release configure option individual repository | gtrlreleaseconfiguration,132,19,1
286,"[0, 0, 0, 0, 1, 0]",my main api methods for setting other default options are,main api method setting default option,my main api methods for setting other default options are | GtRlReleaseConfiguration,main api method setting default option | gtrlreleaseconfiguration,57,10,0
287,"[0, 0, 0, 0, 1, 0]",method gtrlreleaseconfiguration #defaultreleasebranchname the branch name on which to perform the release.,method gtrlreleaseconfiguration defaultreleasebranchname branch name perform release,method gtrlreleaseconfiguration #defaultreleasebranchname the branch name on which to perform the release. | GtRlReleaseConfiguration,method gtrlreleaseconfiguration defaultreleasebranchname branch name perform release | gtrlreleaseconfiguration,106,12,0
288,"[0, 0, 0, 0, 1, 0]",these are subclasses of class gtrlsemanticversioncomputation,subclass class gtrlsemanticversioncomputation,these are subclasses of class gtrlsemanticversioncomputation | GtRlReleaseConfiguration,subclass class gtrlsemanticversioncomputation | gtrlreleaseconfiguration,60,6,0
289,"[0, 0, 0, 0, 1, 0]",method gtrlreleaseconfiguration #defaultversionnumber the version number to use in case there are no previous releases in a repository.,method gtrlreleaseconfiguration defaultversionnumber version number use case previous release repository,method gtrlreleaseconfiguration #defaultversionnumber the version number to use in case there are no previous releases in a repository. | GtRlReleaseConfiguration,method gtrlreleaseconfiguration defaultversionnumber version number use case previous release repository | gtrlreleaseconfiguration,135,18,0
290,"[0, 0, 0, 0, 1, 0]",method gtrlreleaseconfiguration #forcenewrelease force a new release in a repository even if there no new changes in that repository and all dependencies did not change.,method gtrlreleaseconfiguration forcenewrelease force new release repository even new change repository dependency change,method gtrlreleaseconfiguration #forcenewrelease force a new release in a repository even if there no new changes in that repository and all dependencies did not change. | GtRlReleaseConfiguration,method gtrlreleaseconfiguration forcenewrelease force new release repository even new change repository dependency change | gtrlreleaseconfiguration,169,25,0
291,"[0, 0, 1, 1, 0, 0]",i am sent by snippet widget looks when they request to receive a snippet model from the widget model,sent snippet widget look request receive snippet model widget model,i am sent by snippet widget looks when they request to receive a snippet model from the widget model | GtSnippetRequest,sent snippet widget look request receive snippet model widget model | gtsnippetrequest,100,19,0
292,"[1, 0, 0, 0, 0, 0]","because text extents are in user space coordinates, they are mostly, but not entirely, independent of the current transformation matrix.",text extent user space coordinate mostly entirely independent current transformation matrix,"because text extents are in user space coordinates, they are mostly, but not entirely, independent of the current transformation matrix. | SpartaCairoTextMetrics",text extent user space coordinate mostly entirely independent current transformation matrix | spartacairotextmetrics,136,20,0
293,"[1, 0, 0, 0, 0, 0]","if you call cairo scale cr, 20, 20 , text will be drawn twice as big, but the reported text extents will not be doubled.",call cairo scale cr text drawn twice big reported text extent doubled,"if you call cairo scale cr, 20, 20 , text will be drawn twice as big, but the reported text extents will not be doubled. | SpartaCairoTextMetrics",call cairo scale cr text drawn twice big reported text extent doubled | spartacairotextmetrics,120,25,0
294,"[1, 0, 0, 0, 0, 0]","they will change slightly due to hinting so you can t assume that metrics are independent of the transformation matrix , but otherwise will remain unchanged.",change slightly due hinting assume metric independent transformation matrix otherwise remain unchanged,"they will change slightly due to hinting so you can t assume that metrics are independent of the transformation matrix , but otherwise will remain unchanged. | SpartaCairoTextMetrics",change slightly due hinting assume metric independent transformation matrix otherwise remain unchanged | spartacairotextmetrics,157,26,0
295,"[0, 0, 0, 1, 0, 0]",i represent a sparta canvas and provide an api to perform various drawing operations.,represent sparta canvas provide api perform various drawing operation,i represent a sparta canvas and provide an api to perform various drawing operations. | SpartaCanvas,represent sparta canvas provide api perform various drawing operation | spartacanvas,85,14,0
296,"[0, 0, 1, 0, 0, 0]",i define an abstract api of sparta canvas that all concrete implementations must have.,define abstract api sparta canvas concrete implementation must,i define an abstract api of sparta canvas that all concrete implementations must have. | SpartaCanvas,define abstract api sparta canvas concrete implementation must | spartacanvas,86,14,0
297,"[0, 0, 1, 0, 0, 0]",my main responsibility is to create and provide backend specific builders and various objects.,main responsibility create provide backend specific builder various object,my main responsibility is to create and provide backend specific builders and various objects. | SpartaCanvas,main responsibility create provide backend specific builder various object | spartacanvas,94,14,0
298,"[0, 1, 0, 0, 0, 0]",for example if one wants to fill a path with a paint she needs to send #fill message to canvas to get a fill builder painter .,example one want fill path paint need send fill message canvas get fill builder painter,for example if one wants to fill a path with a paint she needs to send #fill message to canvas to get a fill builder painter . | SpartaCanvas,example one want fill path paint need send fill message canvas get fill builder painter | spartacanvas,126,27,0
299,"[0, 0, 1, 0, 0, 0]",i m also responsible for creation of filter primitives filter types that are used with filter operation.,also responsible creation filter primitive filter type used filter operation,i m also responsible for creation of filter primitives filter types that are used with filter operation. | SpartaCanvas,also responsible creation filter primitive filter type used filter operation | spartacanvas,104,17,0
300,"[0, 0, 1, 0, 0, 0]",they can be found in filters protocol.,found filter protocol,they can be found in filters protocol. | SpartaCanvas,found filter protocol | spartacanvas,38,7,0
301,"[0, 0, 0, 0, 1, 0]",stroke create a builder of stroke drawing operation,stroke create builder stroke drawing operation,stroke create a builder of stroke drawing operation | SpartaCanvas,stroke create builder stroke drawing operation | spartacanvas,51,8,0
302,"[0, 0, 0, 0, 1, 0]",transform create a builder to transform canvas,transform create builder transform canvas,transform create a builder to transform canvas | SpartaCanvas,transform create builder transform canvas | spartacanvas,46,7,0
303,"[0, 0, 0, 0, 1, 0]",filter create a builder of filter drawing operation,filter create builder filter drawing operation,filter create a builder of filter drawing operation | SpartaCanvas,filter create builder filter drawing operation | spartacanvas,51,8,0
304,"[0, 0, 0, 0, 1, 0]",bitmap create a bitmap factory,bitmap create bitmap factory,bitmap create a bitmap factory | SpartaCanvas,bitmap create bitmap factory | spartacanvas,30,5,0
305,"[0, 0, 0, 0, 1, 0]",filters create a common filters factory,filter create common filter factory,filters create a common filters factory | SpartaCanvas,filter create common filter factory | spartacanvas,39,6,1
306,"[0, 0, 0, 0, 1, 0]",similar to create an empty canvas of size anextent and of the same type and format,similar create empty canvas size anextent type format,similar to create an empty canvas of size anextent and of the same type and format | SpartaCanvas,similar create empty canvas size anextent type format | spartacanvas,82,16,0
307,"[0, 0, 0, 0, 1, 0]",asform to rasterize myself and return resulting image as form,asform rasterize return resulting image form,asform to rasterize myself and return resulting image as form | SpartaCanvas,asform rasterize return resulting image form | spartacanvas,61,10,0
308,"[0, 1, 0, 1, 0, 0]",canvas spartacanvas extent 400@250.,canvas spartacanvas extent,canvas spartacanvas extent 400@250. | SpartaCanvas,canvas spartacanvas extent | spartacanvas,35,4,1
309,"[0, 1, 0, 0, 0, 0]",create a triangle vector path,create triangle vector path,create a triangle vector path | SpartaCanvas,create triangle vector path | spartacanvas,29,5,0
310,"[0, 1, 0, 1, 0, 0]",https github^com syrel sparta raw master images spartacanvas 02 triangle path^png label trianglepath,http github com syrel sparta raw master image spartacanvas triangle path png label trianglepath,https github^com syrel sparta raw master images spartacanvas 02 triangle path^png label trianglepath | SpartaCanvas,http github com syrel sparta raw master image spartacanvas triangle path png label trianglepath | spartacanvas,100,13,1
311,"[0, 1, 0, 0, 0, 0]",stops 0 color red.,stop color red,stops 0 color red. | SpartaCanvas,stop color red | spartacanvas,18,4,1
312,"[0, 1, 0, 0, 0, 0]",stroke triangle with blue color,stroke triangle blue color,stroke triangle with blue color | SpartaCanvas,stroke triangle blue color | spartacanvas,31,5,0
313,"[0, 1, 0, 0, 0, 0]",create a gaussian blur filter,create gaussian blur filter,create a gaussian blur filter | SpartaCanvas,create gaussian blur filter | spartacanvas,29,5,0
314,"[0, 1, 0, 0, 0, 0]",blur canvas gaussianblurfilter,blur canvas gaussianblurfilter,blur canvas gaussianblurfilter | SpartaCanvas,blur canvas gaussianblurfilter | spartacanvas,30,3,0
315,"[0, 1, 0, 0, 0, 0]",canvas filter,canvas filter,canvas filter | SpartaCanvas,canvas filter | spartacanvas,13,2,1
316,"[0, 0, 0, 1, 0, 0]",i represent a line.,represent line,i represent a line. | SpartaLine,represent line | spartaline,19,4,0
317,"[0, 0, 1, 0, 0, 0]","i am meant to be polymorphic with rectangle and path and can be used as path in various operations, except clipping.",meant polymorphic rectangle path used path various operation except clipping,"i am meant to be polymorphic with rectangle and path and can be used as path in various operations, except clipping. | SpartaLine",meant polymorphic rectangle path used path various operation except clipping | spartaline,116,21,0
318,"[0, 0, 0, 0, 1, 0]",from get my start point,get start point,from get my start point | SpartaLine,get start point | spartaline,23,5,0
319,"[0, 0, 0, 0, 1, 0]",to get my end point,get end point,to get my end point | SpartaLine,get end point | spartaline,19,5,0
320,"[0, 0, 1, 1, 0, 0]",i represent a font face source and know how to retrieve font contents from it,represent font face source know retrieve font content,i represent a font face source and know how to retrieve font contents from it | SpUserFontSource,represent font face source know retrieve font content | spuserfontsource,77,15,0
321,"[0, 0, 0, 1, 0, 0]",i am a buffer source.,buffer source,i am a buffer source. | SpUserFontSourceBuffer,buffer source | spuserfontsourcebuffer,21,5,0
322,"[0, 0, 1, 0, 0, 0]",i implement a basic infrastructure of event management.,implement basic infrastructure event management,i implement a basic infrastructure of event management. | TBlEventTarget,implement basic infrastructure event management | tbleventtarget,55,8,0
323,"[0, 0, 0, 1, 0, 0]",i am a composite filter and can have an arbitrary amount of input soures,composite filter arbitrary amount input soures,i am a composite filter and can have an arbitrary amount of input soures | TSpartaCompositeFilter,composite filter arbitrary amount input soures | tspartacompositefilter,72,14,0
324,"[0, 1, 0, 0, 0, 0]",merge canvas compositefilter,merge canvas compositefilter,merge canvas compositefilter | TSpartaCompositeFilter,merge canvas compositefilter | tspartacompositefilter,28,3,0
325,"[0, 1, 0, 0, 0, 0]",source filter1,source filter,source filter1 | TSpartaCompositeFilter,source filter | tspartacompositefilter,14,2,0
326,"[0, 1, 0, 0, 0, 0]",source filter2,source filter,source filter2 | TSpartaCompositeFilter,source filter | tspartacompositefilter,14,2,0
327,"[0, 1, 0, 0, 0, 0]",source filter3,source filter,source filter3 | TSpartaCompositeFilter,source filter | tspartacompositefilter,14,2,0
328,"[0, 1, 0, 0, 0, 0]",source filter4,source filter,source filter4 | TSpartaCompositeFilter,source filter | tspartacompositefilter,14,2,0
329,"[0, 0, 1, 0, 0, 0]",i define an api of a paint.,define api paint,i define an api of a paint. | TSpartaPaint,define api paint | tspartapaint,27,7,0
330,"[0, 0, 0, 0, 0, 1]",sparta canvas provides a paint builder that should be used to build concerete paints.,sparta canvas provides paint builder used build concerete paint,sparta canvas provides a paint builder that should be used to build concerete paints. | TSpartaPaint,sparta canvas provides paint builder used build concerete paint | tspartapaint,85,14,0
331,"[0, 0, 0, 0, 1, 0]",i define an api of an abstract paint.,define api abstract paint,i define an api of an abstract paint. | TSpartaPaint,define api abstract paint | tspartapaint,37,8,0
332,"[0, 0, 0, 0, 1, 0]","transformation to get current transformation matrix, can not be mil",transformation get current transformation matrix mil,"transformation to get current transformation matrix, can not be mil | TSpartaPaint",transformation get current transformation matrix mil | tspartapaint,67,10,0
333,"[0, 0, 0, 0, 1, 0]",transformation set new paint transformation.,transformation set new paint transformation,transformation set new paint transformation. | TSpartaPaint,transformation set new paint transformation | tspartapaint,44,5,0
334,"[0, 0, 0, 0, 1, 0]","if not set, supposed to be identity.",set supposed identity,"if not set, supposed to be identity. | TSpartaPaint",set supposed identity | tspartapaint,36,7,0
335,"[0, 0, 0, 0, 1, 0]",clamp do not repeat me,clamp repeat,clamp do not repeat me | TSpartaPaint,clamp repeat | tspartapaint,22,5,0
336,"[0, 0, 0, 0, 1, 0]",reflect mirror the image,reflect mirror image,reflect mirror the image | TSpartaPaint,reflect mirror image | tspartapaint,24,4,0
337,"[0, 0, 0, 0, 1, 0]",repeat repeat in both x and y axis,repeat repeat x axis,repeat repeat in both x and y axis | TSpartaPaint,repeat repeat x axis | tspartapaint,34,8,0
338,"[0, 0, 0, 0, 1, 0]",repeatx repeat only x axis,repeatx repeat x axis,repeatx repeat only x axis | TSpartaPaint,repeatx repeat x axis | tspartapaint,26,5,0
339,"[0, 0, 0, 0, 1, 0]",repeaty repeat only y axis,repeaty repeat axis,repeaty repeat only y axis | TSpartaPaint,repeaty repeat axis | tspartapaint,26,5,0
340,"[0, 0, 0, 0, 1, 0]",rotatebydegrees rotate me by amount of degrees clockwise,rotatebydegrees rotate amount degree clockwise,rotatebydegrees rotate me by amount of degrees clockwise | TSpartaPaint,rotatebydegrees rotate amount degree clockwise | tspartapaint,56,8,1
341,"[0, 0, 0, 0, 1, 0]",rotatebyradians rotate me by amount of radians clockwise,rotatebyradians rotate amount radian clockwise,rotatebyradians rotate me by amount of radians clockwise | TSpartaPaint,rotatebyradians rotate amount radian clockwise | tspartapaint,56,8,1
342,"[0, 0, 0, 0, 1, 0]","scaleby scale me by a factor, a point or a number.",scaleby scale factor point number,"scaleby scale me by a factor, a point or a number. | TSpartaPaint",scaleby scale factor point number | tspartapaint,50,11,0
343,"[0, 0, 0, 0, 1, 0]",translateby translate me by a point or a number,translateby translate point number,translateby translate me by a point or a number | TSpartaPaint,translateby translate point number | tspartapaint,47,9,0
344,"[1, 0, 0, 0, 0, 0]","generally, a paint is not meant to be an external object, however for additional flexibility i am implemented as a trait.",generally paint meant external object however additional flexibility implemented trait,"generally, a paint is not meant to be an external object, however for additional flexibility i am implemented as a trait. | TSpartaPaint",generally paint meant external object however additional flexibility implemented trait | tspartapaint,121,21,0
345,"[0, 0, 1, 0, 1, 0]",i define an api of stroke options object.,define api stroke option object,i define an api of stroke options object. | TSpartaStrokeOptions,define api stroke option object | tspartastrokeoptions,41,8,0
346,"[0, 1, 0, 0, 0, 0]",how to create base64 string,create base string,how to create base64 string | XdDocumentsExamples,create base string | xddocumentsexamples,27,5,0
347,"[0, 1, 0, 0, 0, 0]",adocument gt2documentexamples new documentwithexistingclass.,adocument gt documentexamples new documentwithexistingclass,adocument gt2documentexamples new documentwithexistingclass. | XdDocumentsExamples,adocument gt documentexamples new documentwithexistingclass | xddocumentsexamples,60,4,0
348,"[0, 1, 0, 0, 0, 0]",anxdfile adocument savetoxdoc.,anxdfile adocument savetoxdoc,anxdfile adocument savetoxdoc. | XdDocumentsExamples,anxdfile adocument savetoxdoc | xddocumentsexamples,30,3,0
349,"[0, 1, 0, 0, 0, 0]",znbase64encoder new,znbase encoder new,znbase64encoder new | XdDocumentsExamples,znbase encoder new | xddocumentsexamples,19,2,0
350,"[0, 0, 1, 0, 0, 0]",check if the opposite class declared in a pragma #mseproperty type opposite is defined.,check opposite class declared pragma mseproperty type opposite defined,check if the opposite class declared in a pragma #mseproperty type opposite is defined. | FameOppositeClassNotExistRule,check opposite class declared pragma mseproperty type opposite defined | fameoppositeclassnotexistrule,87,14,0
351,"[0, 0, 1, 1, 0, 0]",famixannotationtypegroup is a moosegroup containing only famix enities of type famixannotationtype.,famixannotationtypegroup moosegroup containing famix enities type famixannotationtype,famixannotationtypegroup is a moosegroup containing only famix enities of type famixannotationtype. | FAMIXAnnotationTypeGroup,famixannotationtypegroup moosegroup containing famix enities type famixannotationtype | famixannotationtypegroup,99,11,0
352,"[0, 1, 0, 0, 0, 0]",g generatewithoutcleaning.,g generatewithoutcleaning,g generatewithoutcleaning. | FamixGenerator,g generatewithoutcleaning | famixgenerator,26,2,0
353,"[0, 0, 0, 1, 0, 0]",parametertype represents the symbolic type used in parameterizable classes.,parametertype represents symbolic type used parameterizable class,parametertype represents the symbolic type used in parameterizable classes. | FamixTParameterType,parametertype represents symbolic type used parameterizable class | famixtparametertype,75,9,0
354,"[0, 1, 0, 0, 0, 0]",where aclass is a parameterizableclass.,aclass parameterizableclass,where aclass is a parameterizableclass. | FamixTParameterType,aclass parameterizableclass | famixtparametertype,39,5,0
355,"[0, 1, 0, 0, 0, 0]","a, b and c are parametertype of aclass.",b c parametertype aclass,"a, b and c are parametertype of aclass. | FamixTParameterType",b c parametertype aclass | famixtparametertype,39,8,0
356,"[0, 0, 1, 0, 0, 1]",famixtrait models a trait as it can be found in pharo or php.,famixtrait model trait found pharo php,famixtrait models a trait as it can be found in pharo or php. | FamixTTrait,famixtrait model trait found pharo php | famixttrait,61,13,0
357,"[0, 0, 1, 1, 0, 0]",i represent a property of the object currently been imported while it is not yet imported.,represent property object currently imported yet imported,i represent a property of the object currently been imported while it is not yet imported. | FMFutureProperty,represent property object currently imported yet imported | fmfutureproperty,90,16,0
358,"[0, 0, 1, 0, 0, 0]",i will be useful until all my values are resolved.,useful value resolved,i will be useful until all my values are resolved. | FMFutureProperty,useful value resolved | fmfutureproperty,50,10,0
359,"[0, 0, 1, 0, 0, 0]",each time a value is resolved i ll check if i can be resolved.,time value resolved check resolved,each time a value is resolved i ll check if i can be resolved. | FMFutureProperty,time value resolved check resolved | fmfutureproperty,62,14,0
360,"[0, 0, 1, 0, 0, 0]","in that case, i ll push my values in real property.",case push value real property,"in that case, i ll push my values in real property. | FMFutureProperty",case push value real property | fmfutureproperty,51,11,0
361,"[1, 0, 0, 0, 0, 0]",i include a system of caches in case my users want to store informations to speed up an application.,include system cache case user want store information speed application,i include a system of caches in case my users want to store informations to speed up an application. | FMModel,include system cache case user want store information speed application | fmmodel,100,19,0
362,"[0, 0, 0, 1, 0, 0]",i am responsible of printing the mse format markup during a model export.,responsible printing mse format markup model export,i am responsible of printing the mse format markup during a model export. | FMMSEPrinter,responsible printing mse format markup model export | fmmseprinter,73,13,0
363,"[0, 1, 0, 0, 0, 0]",printer fmmseprinter onstring.,printer fmmseprinter onstring,printer fmmseprinter onstring. | FMMSEPrinter,printer fmmseprinter onstring | fmmseprinter,30,3,0
364,"[0, 1, 0, 0, 0, 0]",fmmetametamodel default exportwithprinter printer.,fmmetametamodel default exportwithprinter printer,fmmetametamodel default exportwithprinter printer. | FMMSEPrinter,fmmetametamodel default exportwithprinter printer | fmmseprinter,50,4,0
365,"[0, 0, 0, 1, 0, 0]",i am a relation slot representing a property containing only one element.,relation slot representing property containing one element,i am a relation slot representing a property containing only one element. | FMOne,relation slot representing property containing one element | fmone,73,12,0
366,"[0, 1, 0, 0, 0, 0]",trait named #famixtmethod,trait named famixtmethod,trait named #famixtmethod | FMOne,trait named famixtmethod | fmone,25,3,0
367,"[0, 1, 0, 0, 0, 0]",slots #parenttype fmone type #famixtwithmethods opposite #methods,slot parenttype fmone type famixtwithmethods opposite method,slots #parenttype fmone type #famixtwithmethods opposite #methods | FMOne,slot parenttype fmone type famixtwithmethods opposite method | fmone,65,7,1
368,"[0, 1, 0, 0, 0, 0]",package famix traits method,package famix trait method,package famix traits method | FMOne,package famix trait method | fmone,27,4,0
369,"[0, 0, 1, 1, 0, 0]",i am an abstract slot used to declare fame properties for a class.,abstract slot used declare fame property class,i am an abstract slot used to declare fame properties for a class. | FMRelationSlot,abstract slot used declare fame property class | fmrelationslot,66,13,0
370,"[0, 0, 0, 1, 0, 0]",i m a visitor for instances of #famixmetamodelgenerator and subclasses.,visitor instance famixmetamodelgenerator subclass,i m a visitor for instances of #famixmetamodelgenerator and subclasses. | FmxMBPrintVisitor,visitor instance famixmetamodelgenerator subclass | fmxmbprintvisitor,71,10,0
371,"[0, 0, 1, 1, 0, 0]",lan interface comments for testing purposes.,lan interface comment testing purpose,lan interface comments for testing purposes. | LANInterface,lan interface comment testing purpose | laninterface,44,6,0
372,"[0, 0, 1, 1, 0, 0]",breadth first search bfs is an algorithm for traversing or searching tree or graph data structures.,breadth first search bfs algorithm traversing searching tree graph data structure,breadth first search bfs is an algorithm for traversing or searching tree or graph data structures. | MalBreadthFirstSearchPath,breadth first search bfs algorithm traversing searching tree graph data structure | malbreadthfirstsearchpath,99,16,0
373,"[0, 0, 1, 0, 0, 0]","it starts at the tree root or some arbitrary node of a graph, sometimes referred to as a search key and explores the neighbor nodes first, before moving to the next level neighbours.",start tree root arbitrary node graph sometimes referred search key explores neighbor node first moving next level neighbour,"it starts at the tree root or some arbitrary node of a graph, sometimes referred to as a search key and explores the neighbor nodes first, before moving to the next level neighbours. | MalBreadthFirstSearchPath",start tree root arbitrary node graph sometimes referred search key explores neighbor node first moving next level neighbour | malbreadthfirstsearchpath,182,33,0
374,"[0, 1, 0, 0, 0, 0]",malformalcontext mammals2 computeconcepts,malformalcontext mammal computeconcepts,malformalcontext mammals2 computeconcepts | MalFormalContext,malformalcontext mammal computeconcepts | malformalcontext,41,3,0
375,"[0, 0, 0, 0, 1, 0]",attributes dictionary,attribute dictionary,attributes dictionary | MalHgNode,attribute dictionary | malhgnode,21,2,1
376,"[0, 0, 0, 0, 1, 0]",dictionary to attach arbitrary information to a node,dictionary attach arbitrary information node,dictionary to attach arbitrary information to a node | MalHgNode,dictionary attach arbitrary information node | malhgnode,52,8,0
377,"[0, 0, 1, 0, 0, 0]","this means it finds a subset of the edges that forms a tree that includes every vertex, where the total weight of all the edges in the tree is minimized.",mean find subset edge form tree includes every vertex total weight edge tree minimized,"this means it finds a subset of the edges that forms a tree that includes every vertex, where the total weight of all the edges in the tree is minimized. | MalKruskal",mean find subset edge form tree includes every vertex total weight edge tree minimized | malkruskal,153,30,1
378,"[0, 0, 1, 0, 0, 0]","if the graph is not connected, then it finds a minimum spanning forest a minimum spanning tree for each connected component .",graph connected find minimum spanning forest minimum spanning tree connected component,"if the graph is not connected, then it finds a minimum spanning forest a minimum spanning tree for each connected component . | MalKruskal",graph connected find minimum spanning forest minimum spanning tree connected component | malkruskal,125,22,0
379,"[0, 0, 1, 0, 0, 0]",we can detect like horizontal decomposition with the algos in the class.,detect like horizontal decomposition algos class,we can detect like horizontal decomposition with the algos in the class. | MalLatticePatterns,detect like horizontal decomposition algos class | mallatticepatterns,72,12,0
380,"[0, 1, 0, 0, 0, 0]",data fca context lattice,data fca context lattice,data fca context lattice | MalLatticePatterns,data fca context lattice | mallatticepatterns,24,4,0
381,"[0, 1, 0, 0, 0, 0]",data # # #cat # #fourlegs #hair # #dog # #smart #fourlegs #hair # #dolphin # #smart #marine # #gibbon # #hair #smart #thumbed # #man # #smart #thumbed # #whale # #smart #marine .,data cat fourlegs hair dog smart fourlegs hair dolphin smart marine gibbon hair smart thumbed man smart thumbed whale smart marine,data # # #cat # #fourlegs #hair # #dog # #smart #fourlegs #hair # #dolphin # #smart #marine # #gibbon # #hair #smart #thumbed # #man # #smart #thumbed # #whale # #smart #marine . | MalLatticePatterns,data cat fourlegs hair dog smart fourlegs hair dolphin smart marine gibbon hair smart thumbed man smart thumbed whale smart marine | mallatticepatterns,178,35,0
382,"[0, 1, 0, 0, 0, 0]",fca malformalcontext new.,fca malformalcontext new,fca malformalcontext new. | MalLatticePatterns,fca malformalcontext new | mallatticepatterns,25,3,0
383,"[0, 1, 0, 0, 0, 0]",mallatticepatterns on mallattice on context reportpatterns,mallatticepatterns mallattice context reportpatterns,mallatticepatterns on mallattice on context reportpatterns | MalLatticePatterns,mallatticepatterns mallattice context reportpatterns | mallatticepatterns,58,6,1
384,"[0, 1, 0, 0, 0, 0]",for moose models,moose model,for moose models | MalLatticePatterns,moose model | mallatticepatterns,16,3,0
385,"[0, 1, 0, 0, 0, 0]",fca model treillis context,fca model treillis context,fca model treillis context | MalLatticePatterns,fca model treillis context | mallatticepatterns,26,4,0
386,"[0, 1, 0, 0, 0, 0]",model moosemodel root allmodels second.,model moosemodel root allmodels second,model moosemodel root allmodels second. | MalLatticePatterns,model moosemodel root allmodels second | mallatticepatterns,39,5,0
387,"[0, 1, 0, 0, 0, 0]",treillis mallattice on context .,treillis mallattice context,treillis mallattice on context . | MalLatticePatterns,treillis mallattice context | mallatticepatterns,32,5,1
388,"[0, 1, 0, 0, 0, 0]",mallattice new viewlattice treillis .,mallattice new viewlattice treillis,mallattice new viewlattice treillis . | MalLatticePatterns,mallattice new viewlattice treillis | mallatticepatterns,37,5,0
389,"[0, 1, 0, 0, 0, 0]",smalltalk collection class hierarchy,smalltalk collection class hierarchy,smalltalk collection class hierarchy | MalLatticePatterns,smalltalk collection class hierarchy | mallatticepatterns,36,4,0
390,"[0, 1, 0, 0, 0, 0]",treillis mallattice on malformalcontext classhierarchycollection .,treillis mallattice malformalcontext classhierarchycollection,treillis mallattice on malformalcontext classhierarchycollection . | MalLatticePatterns,treillis mallattice malformalcontext classhierarchycollection | mallatticepatterns,66,6,1
391,"[0, 1, 0, 0, 0, 0]",mallatticepatterns on treillis reportmodules.,mallatticepatterns treillis reportmodules,mallatticepatterns on treillis reportmodules. | MalLatticePatterns,mallatticepatterns treillis reportmodules | mallatticepatterns,45,4,1
392,"[0, 0, 1, 0, 0, 0]",a basic node able to host the model and to represent edges with no additional class.,basic node able host model represent edge additional class,a basic node able to host the model and to represent edges with no additional class. | MalNodeWithPreviousAndNext,basic node able host model represent edge additional class | malnodewithpreviousandnext,84,16,0
393,"[0, 1, 0, 0, 0, 0]",terms addstring string using camelcasescanner new.,term addstring string using camelcasescanner new,terms addstring string using camelcasescanner new. | MalTerms,term addstring string using camelcasescanner new | malterms,50,6,1
394,"[0, 0, 1, 0, 0, 0]",i store metadata for this package.,store metadata package,i store metadata for this package. | ManifestFamixPharoSmalltalkEntities,store metadata package | manifestfamixpharosmalltalkentities,34,6,0
395,"[0, 0, 0, 1, 0, 0]",moosecustomtask is a task perform some computation specified as a block.,moosecustomtask task perform computation specified block,moosecustomtask is a task perform some computation specified as a block. | MooseCustomTask,moosecustomtask task perform computation specified block | moosecustomtask,72,11,0
396,"[0, 0, 0, 0, 1, 0]",the main api is then,main api,the main api is then | MooseCustomTask,main api | moosecustomtask,20,5,0
397,"[0, 0, 0, 0, 1, 0]",with ablock description adescription length anumber,ablock description adescription length anumber,with ablock description adescription length anumber | MooseCustomTask,ablock description adescription length anumber | moosecustomtask,51,6,0
398,"[0, 0, 0, 0, 1, 0]","any moose entity should answer its mooseid, its moosename and its moosemodel.",moose entity answer mooseid moosename moosemodel,"any moose entity should answer its mooseid, its moosename and its moosemodel. | MooseEntity",moose entity answer mooseid moosename moosemodel | mooseentity,77,12,0
399,"[0, 1, 0, 0, 0, 0]",the state instance variable provides a mechanism for extending the state of entities.,state instance variable provides mechanism extending state entity,the state instance variable provides a mechanism for extending the state of entities. | MooseEntity,state instance variable provides mechanism extending state entity | mooseentity,85,13,0
400,"[0, 1, 0, 0, 0, 0]",this is achieved through mooseentitystate.,achieved mooseentitystate,this is achieved through mooseentitystate. | MooseEntity,achieved mooseentitystate | mooseentity,42,5,1
401,"[0, 1, 0, 0, 0, 0]","using this mechanism, a package can extend an entity to add more state.",using mechanism package extend entity add state,"using this mechanism, a package can extend an entity to add more state. | MooseEntity",using mechanism package extend entity add state | mooseentity,71,13,0
402,"[0, 1, 0, 0, 0, 0]",this is an important mechanism to enable extensibility and modularity.,important mechanism enable extensibility modularity,this is an important mechanism to enable extensibility and modularity. | MooseEntity,important mechanism enable extensibility modularity | mooseentity,70,10,1
403,"[0, 1, 0, 0, 0, 0]",yourentity yourextendingattribute,yourentity yourextendingattribute,yourentity yourextendingattribute | MooseEntity,yourentity yourextendingattribute | mooseentity,33,2,0
404,"[0, 1, 0, 0, 0, 0]",see mooseentitystate for more information,see mooseentitystate information,see mooseentitystate for more information | MooseEntity,see mooseentitystate information | mooseentity,41,5,0
405,"[0, 1, 0, 0, 0, 0]",meta descriptions,meta description,meta descriptions | MooseEntity,meta description | mooseentity,17,2,0
406,"[0, 1, 0, 0, 0, 0]",entities should also be meta described in terms of fame.,entity also meta described term fame,entities should also be meta described in terms of fame. | MooseEntity,entity also meta described term fame | mooseentity,56,10,1
407,"[0, 1, 0, 0, 0, 0]",this is achieved by means of pragmas,achieved mean pragmas,this is achieved by means of pragmas | MooseEntity,achieved mean pragmas | mooseentity,36,7,1
408,"[0, 1, 0, 0, 0, 0]","first, on the class side, you should have a method .",first class side method,"first, on the class side, you should have a method . | MooseEntity",first class side method | mooseentity,52,11,0
409,"[0, 1, 0, 0, 0, 0]",package yourpackage,package yourpackage,package yourpackage | MooseEntity,package yourpackage | mooseentity,19,2,0
410,"[0, 1, 0, 0, 0, 0]",the pragma mseproperty type must be placed in the getter method to denote a fame property.,pragma mseproperty type must placed getter method denote fame property,the pragma mseproperty type must be placed in the getter method to denote a fame property. | MooseEntity,pragma mseproperty type must placed getter method denote fame property | mooseentity,90,16,0
411,"[0, 1, 0, 0, 0, 0]",for example,example,for example | MooseEntity,example | mooseentity,11,2,0
412,"[0, 1, 0, 0, 0, 0]",msecomment this is an attribute extended in a different package,msecomment attribute extended different package,msecomment this is an attribute extended in a different package | MooseEntity,msecomment attribute extended different package | mooseentity,63,10,0
413,"[0, 1, 0, 0, 0, 0]",^ self privatestate attributeat #yourextendingattribute,self privatestate attributeat yourextendingattribute,^ self privatestate attributeat #yourextendingattribute | MooseEntity,self privatestate attributeat yourextendingattribute | mooseentity,55,5,0
414,"[0, 0, 0, 0, 1, 0]",important api,important api,important api | MooseEntity,important api | mooseentity,13,2,0
415,"[0, 0, 0, 0, 1, 0]",mooseid is an integer that uniquely identifies this entity within the entire moose environment.,mooseid integer uniquely identifies entity within entire moose environment,mooseid is an integer that uniquely identifies this entity within the entire moose environment. | MooseEntity,mooseid integer uniquely identifies entity within entire moose environment | mooseentity,95,14,0
416,"[0, 0, 0, 0, 1, 0]",it is generated automatically during the creation of the mooseentity.,generated automatically creation mooseentity,it is generated automatically during the creation of the mooseentity. | MooseEntity,generated automatically creation mooseentity | mooseentity,69,10,0
417,"[0, 0, 0, 0, 1, 0]",it may be nil if the entity is not part of a model.,may nil entity part model,it may be nil if the entity is not part of a model. | MooseEntity,may nil entity part model | mooseentity,51,13,0
418,"[0, 0, 0, 0, 1, 0]",moosename returns a symbol that should qualify the current entity.,moosename return symbol qualify current entity,moosename returns a symbol that should qualify the current entity. | MooseEntity,moosename return symbol qualify current entity | mooseentity,66,10,0
419,"[0, 0, 0, 0, 1, 0]",it does not have to be unique,unique,it does not have to be unique | MooseEntity,unique | mooseentity,29,7,0
420,"[0, 0, 1, 0, 0, 0]","this trait provides a common, paradigm agnostic vocabulary to query dependencies of software entities.",trait provides common paradigm agnostic vocabulary query dependency software entity,"this trait provides a common, paradigm agnostic vocabulary to query dependencies of software entities. | TDependencyQueries",trait provides common paradigm agnostic vocabulary query dependency software entity | tdependencyqueries,102,14,1
421,"[0, 0, 0, 0, 1, 0]",the api offer the possibility to query an entity with three parameters,api offer possibility query entity three parameter,the api offer the possibility to query an entity with three parameters | TDependencyQueries,api offer possibility query entity three parameter | tdependencyqueries,70,12,0
422,"[0, 0, 0, 0, 1, 0]","the kind of association famixacces, famixreference, all.",kind association famixacces famixreference,"the kind of association famixacces, famixreference, all. | TDependencyQueries",kind association famixacces famixreference | tdependencyqueries,56,7,0
423,"[0, 0, 0, 0, 1, 0]","the scope of the query the receiver, the receiver and its children",scope query receiver receiver child,"the scope of the query the receiver, the receiver and its children | TDependencyQueries",scope query receiver receiver child | tdependencyqueries,66,12,0
424,"[1, 0, 0, 0, 0, 0]",this symbol will be used to find a moosequeryabstactdirectionstrategy to configure a moosequerycalculator.,symbol used find moosequeryabstactdirectionstrategy configure moosequerycalculator,this symbol will be used to find a moosequeryabstactdirectionstrategy to configure a moosequerycalculator. | TDependencyQueries,symbol used find moosequeryabstactdirectionstrategy configure moosequerycalculator | tdependencyqueries,106,13,1
425,"[0, 0, 0, 0, 1, 0]",#query asymbol with afamixassociation looks for the associations of the kind afamixassociation in the direction described by the symbol in the receiver and its children.,query asymbol afamixassociation look association kind afamixassociation direction described symbol receiver child,#query asymbol with afamixassociation looks for the associations of the kind afamixassociation in the direction described by the symbol in the receiver and its children. | TDependencyQueries,query asymbol afamixassociation look association kind afamixassociation direction described symbol receiver child | tdependencyqueries,169,25,0
426,"[0, 0, 0, 0, 1, 0]",#querylocal asymbol with afamixassociation looks for the associations of the kind afamixassociation in the direction described by the symbol in the receiver.,querylocal asymbol afamixassociation look association kind afamixassociation direction described symbol receiver,#querylocal asymbol with afamixassociation looks for the associations of the kind afamixassociation in the direction described by the symbol in the receiver. | TDependencyQueries,querylocal asymbol afamixassociation look association kind afamixassociation direction described symbol receiver | tdependencyqueries,157,22,0
427,"[0, 0, 0, 0, 1, 0]",#queryall asymbol looks for the associations in the direction described by the symbol in the receiver and its children.,queryall asymbol look association direction described symbol receiver child,#queryall asymbol looks for the associations in the direction described by the symbol in the receiver and its children. | TDependencyQueries,queryall asymbol look association direction described symbol receiver child | tdependencyqueries,119,19,0
428,"[0, 1, 0, 0, 0, 0]",afamixclass queryall #in.,afamixclass queryall,afamixclass queryall #in. | TDependencyQueries,afamixclass queryall | tdependencyqueries,25,3,1
429,"[0, 1, 0, 0, 0, 0]",afamixmethod queryall #out.,afamixmethod queryall,afamixmethod queryall #out. | TDependencyQueries,afamixmethod queryall | tdependencyqueries,27,3,0
430,"[0, 1, 0, 0, 0, 0]",afamixmethod queryalllocal #out.,afamixmethod queryalllocal,afamixmethod queryalllocal #out. | TDependencyQueries,afamixmethod queryalllocal | tdependencyqueries,32,3,0
431,"[0, 0, 1, 1, 0, 0]",a ppdebugparser is a parser that traces all the progress and returns special object that can be browsed to see how the parsing advanced over a time.,ppdebugparser parser trace progress return special object browsed see parsing advanced time,a ppdebugparser is a parser that traces all the progress and returns special object that can be browsed to see how the parsing advanced over a time. | PPDebugParser,ppdebugparser parser trace progress return special object browsed see parsing advanced time | ppdebugparser,148,27,0
432,"[0, 0, 0, 0, 0, 1]",used by adding enabledebug before parsing.,used adding enabledebug parsing,used by adding enabledebug before parsing. | PPDebugParser,used adding enabledebug parsing | ppdebugparser,42,6,0
433,"[0, 0, 0, 0, 1, 0]",root result of root parser,root result root parser,root result of root parser | PPDebugParser,root result root parser | ppdebugparser,26,5,0
434,"[0, 0, 0, 1, 0, 1]",abstract literal parser that parses some kind of literal type to be specified by subclasses .,abstract literal parser parses kind literal type specified subclass,abstract literal parser that parses some kind of literal type to be specified by subclasses . | PPLiteralParser,abstract literal parser parses kind literal type specified subclass | ppliteralparser,93,16,0
435,"[0, 0, 1, 0, 0, 0]","i return failure, if the delegate parser did not consumed any input.",return failure delegate parser consumed input,"i return failure, if the delegate parser did not consumed any input. | PPNonEmptyParser",return failure delegate parser consumed input | ppnonemptyparser,68,12,0
436,"[0, 0, 0, 1, 0, 0]",these are some simple demo scripts of parser combinators for the compiler construction course.,simple demo script parser combinators compiler construction course,these are some simple demo scripts of parser combinators for the compiler construction course. | PPScriptingTest,simple demo script parser combinators compiler construction course | ppscriptingtest,94,14,0
437,"[0, 0, 1, 0, 1, 0]",a ppisland allows for imprecise parsing.,ppisland allows imprecise parsing,a ppisland allows for imprecise parsing. | PPSea,ppisland allows imprecise parsing | ppsea,40,6,0
438,"[0, 0, 1, 0, 1, 0]",one can create it on a parser p by calling p island eg,one create parser p calling p island eg,one can create it on a parser p by calling p island eg | PPSea,one create parser p calling p island eg | ppsea,54,13,0
439,"[0, 1, 0, 0, 1, 0]","p x, a island, y accepts following inputs",p x island accepts following input,"p x, a island, y accepts following inputs | PPSea",p x island accepts following input | ppsea,41,8,0
440,"[0, 1, 0, 0, 1, 0]",the input represented by dots is called water and water can appear before and after the island.,input represented dot called water water appear island,the input represented by dots is called water and water can appear before and after the island. | PPSea,input represented dot called water water appear island | ppsea,95,17,0
441,"[0, 1, 0, 0, 0, 0]","use it, if you don t want to define all the grammar rules and you want to skip something.",use want define grammar rule want skip something,"use it, if you don t want to define all the grammar rules and you want to skip something. | PPSea",use want define grammar rule want skip something | ppsea,89,19,0
442,"[0, 0, 0, 0, 1, 0]",afterwaterparser object,afterwaterparser object,afterwaterparser object | PPSea,afterwaterparser object | ppsea,23,2,0
443,"[0, 0, 0, 0, 1, 0]",awp object,awp object,awp object | PPSea,awp object | ppsea,10,2,0
444,"[0, 0, 0, 0, 1, 0]",beforewaterparser object,beforewaterparser object,beforewaterparser object | PPSea,beforewaterparser object | ppsea,24,2,0
445,"[0, 0, 0, 0, 1, 0]",bwp object,bwp object,bwp object | PPSea,bwp object | ppsea,10,2,0
446,"[0, 0, 0, 0, 1, 0]",context object,context object,context object | PPSea,context object | ppsea,14,2,0
447,"[0, 0, 0, 1, 0, 0]",i m a node filter.,node filter,i m a node filter. | PPXPathFilter,node filter | ppxpathfilter,18,5,0
448,"[0, 0, 1, 0, 0, 0]",a xpath node applies me to filter xml elements.,xpath node applies filter xml element,a xpath node applies me to filter xml elements. | PPXPathFilter,xpath node applies filter xml element | ppxpathfilter,47,9,0
449,"[0, 0, 1, 1, 0, 0]",i m a pillar specific class to manage code not generated for the configuration class.,pillar specific class manage code generated configuration class,i m a pillar specific class to manage code not generated for the configuration class. | ChrysalPillarishConfiguration,pillar specific class manage code generated configuration class | chrysalpillarishconfiguration,85,15,0
450,"[0, 0, 0, 1, 0, 0]",i m an object managing configuration.,object managing configuration,i m an object managing configuration. | PRAbstractCommand,object managing configuration | prabstractcommand,37,6,0
451,"[0, 0, 1, 0, 0, 0]",i m usually invoked from a command line but not only.,usually invoked command line,i m usually invoked from a command line but not only. | PRAbstractCommand,usually invoked command line | prabstractcommand,53,11,0
452,"[0, 1, 0, 0, 0, 0]",my main entry point is,main entry point,my main entry point is | PRAbstractCommand,main entry point | prabstractcommand,22,5,0
453,"[0, 1, 0, 0, 0, 0]",when you type on the command line,type command line,when you type on the command line | PRAbstractCommand,type command line | prabstractcommand,33,7,0
454,"[0, 1, 0, 0, 0, 0]",pharo ui pillar^image pillar export to latex chapters chapter1 chapter1^pillar,pharo ui pillar image pillar export latex chapter chapter chapter pillar,pharo ui pillar^image pillar export to latex chapters chapter1 chapter1^pillar | PRAbstractCommand,pharo ui pillar image pillar export latex chapter chapter chapter pillar | prabstractcommand,78,10,0
455,"[0, 1, 0, 0, 0, 0]",you can obtain the same doing,obtain,you can obtain the same doing | PRAbstractCommand,obtain | prabstractcommand,29,6,0
456,"[0, 1, 0, 0, 0, 0]",createconfiguration pillar^conf,createconfiguration pillar conf,createconfiguration pillar^conf | PRAbstractCommand,createconfiguration pillar conf | prabstractcommand,31,2,0
457,"[0, 1, 0, 0, 0, 0]",basedirectory filesystem workingdirectory,basedirectory filesystem workingdirectory,basedirectory filesystem workingdirectory | PRAbstractCommand,basedirectory filesystem workingdirectory | prabstractcommand,41,3,0
458,"[0, 0, 0, 1, 0, 0]",bash scripting language,bash scripting language,bash scripting language | PRBashScriptLanguage,bash scripting language | prbashscriptlanguage,23,3,0
459,"[0, 0, 0, 1, 0, 1]",i am a visitor specialized in visiting books and testing their code.,visitor specialized visiting book testing code,i am a visitor specialized in visiting books and testing their code. | PRBookTesterVisitor,visitor specialized visiting book testing code | prbooktestervisitor,68,12,0
460,"[0, 0, 1, 0, 0, 0]","therefore, i only redefine visitcodeblock and specify it with the different parameters the codelock may have.",therefore redefine visitcodeblock specify different parameter codelock may,"therefore, i only redefine visitcodeblock and specify it with the different parameters the codelock may have. | PRBookTesterVisitor",therefore redefine visitcodeblock specify different parameter codelock may | prbooktestervisitor,109,16,0
461,"[0, 0, 0, 0, 1, 0]",checkandreportfilenamed starts the visit in a given file.,checkandreportfilenamed start visit given file,checkandreportfilenamed starts the visit in a given file. | PRBookTesterVisitor,checkandreportfilenamed start visit given file | prbooktestervisitor,57,8,0
462,"[0, 0, 0, 1, 0, 0]",i am class representing a documentlistannotation.,class representing documentlistannotation,i am class representing a documentlistannotation. | PRDocumentListAnnotation,class representing documentlistannotation | prdocumentlistannotation,49,6,0
463,"[0, 0, 1, 0, 0, 0]",then abstracts will alternately change templates if you specified mutliple directories.,abstract alternately change template specified mutliple directory,then abstracts will alternately change templates if you specified mutliple directories. | PRDocumentListAnnotation,abstract alternately change template specified mutliple directory | prdocumentlistannotation,87,11,0
464,"[0, 0, 1, 0, 0, 0]",with templates the annotation is remplaced by a raw document in html.,template annotation remplaced raw document html,with templates the annotation is remplaced by a raw document in html. | PRDocumentListAnnotation,template annotation remplaced raw document html | prdocumentlistannotation,69,12,0
465,"[0, 0, 1, 0, 0, 0]","for templates values, you can not specify directories, only ^mustache files.",template value specify directory mustache file,"for templates values, you can not specify directories, only ^mustache files. | PRDocumentListAnnotation",template value specify directory mustache file | prdocumentlistannotation,76,11,0
466,"[0, 0, 1, 0, 0, 0]",you have to specify complete path starting from the project directory.,specify complete path starting project directory,you have to specify complete path starting from the project directory. | PRDocumentListAnnotation,specify complete path starting project directory | prdocumentlistannotation,70,11,0
467,"[0, 1, 0, 0, 0, 0]","also for the path, the complete path from the project directory.",also path complete path project directory,"also for the path, the complete path from the project directory. | PRDocumentListAnnotation",also path complete path project directory | prdocumentlistannotation,64,11,0
468,"[0, 1, 0, 0, 0, 0]",doclist path blogs limit 3 sort date templates # templates docarticle^mustache templates template^mustache,doclist path blog limit sort date template template docarticle mustache template template mustache,doclist path blogs limit 3 sort date templates # templates docarticle^mustache templates template^mustache | PRDocumentListAnnotation,doclist path blog limit sort date template template docarticle mustache template template mustache | prdocumentlistannotation,106,13,0
469,"[0, 1, 0, 0, 0, 0]",doclist path wrongdirectory limit 3 sort date templates # templates docarticle^mustache templates template^mustache should raise an error,doclist path wrongdirectory limit sort date template template docarticle mustache template template mustache raise error,doclist path wrongdirectory limit 3 sort date templates # templates docarticle^mustache templates template^mustache should raise an error | PRDocumentListAnnotation,doclist path wrongdirectory limit sort date template template docarticle mustache template template mustache raise error | prdocumentlistannotation,137,17,0
470,"[0, 0, 0, 1, 0, 0]","i am a footnote, you can create me with",footnote create,"i am a footnote, you can create me with | PRFootnote",footnote create | prfootnote,39,9,0
471,"[0, 1, 0, 0, 0, 0]",noted astring,noted astring,noted astring | PRFootnote,noted astring | prfootnote,13,2,0
472,"[0, 0, 1, 0, 0, 0]",convert from the level of a pillar heading to the level of heading in the exported document.,convert level pillar heading level heading exported document,convert from the level of a pillar heading to the level of heading in the exported document. | PRHeadingLevelOffsetTransformer,convert level pillar heading level heading exported document | prheadingleveloffsettransformer,92,17,0
473,"[0, 0, 0, 1, 0, 0]",hypertext markup language,hypertext markup language,hypertext markup language | PRHTMLScriptLanguage,hypertext markup language | prhtmlscriptlanguage,25,3,0
474,"[0, 0, 1, 0, 0, 0]",i include a reference to a pillar file.,include reference pillar file,i include a reference to a pillar file. | PRInputFileAnnotation,include reference pillar file | prinputfileannotation,39,8,0
475,"[0, 0, 1, 0, 0, 0]",with me we can add a transformation to remplace an annotation to a pillar file by his tree.,add transformation remplace annotation pillar file tree,with me we can add a transformation to remplace an annotation to a pillar file by his tree. | PRInputFileAnnotation,add transformation remplace annotation pillar file tree | prinputfileannotation,91,18,0
476,"[0, 0, 0, 0, 1, 0]",my tag is inputfile .,tag inputfile,my tag is inputfile . | PRInputFileAnnotation,tag inputfile | prinputfileannotation,21,5,0
477,"[0, 0, 0, 0, 1, 0]","a path to a file with the key value required, you can write it without the key",path file key value required write without key,"a path to a file with the key value required, you can write it without the key | PRInputFileAnnotation",path file key value required write without key | prinputfileannotation,78,17,0
478,"[0, 1, 0, 0, 0, 0]",inputfile myfile^pillar,inputfile myfile pillar,inputfile myfile^pillar | PRInputFileAnnotation,inputfile myfile pillar | prinputfileannotation,23,2,0
479,"[0, 1, 0, 0, 0, 0]",inputfile value directory myfile^pillar,inputfile value directory myfile pillar,inputfile value directory myfile^pillar | PRInputFileAnnotation,inputfile value directory myfile pillar | prinputfileannotation,39,4,0
480,"[0, 0, 0, 1, 0, 0]","i represent the abstraction over ordered, unordered html or latex list.",represent abstraction ordered unordered html latex list,"i represent the abstraction over ordered, unordered html or latex list. | PRList",represent abstraction ordered unordered html latex list | prlist,71,11,0
481,"[0, 0, 0, 1, 0, 0]",i am a writer for commonmark,writer commonmark,i am a writer for commonmark | PRMarkdownWriter,writer commonmark | prmarkdownwriter,28,6,0
482,"[0, 0, 0, 1, 0, 0]",i am a warning for the parse of a pillar file.,warning parse pillar file,i am a warning for the parse of a pillar file. | PRParseWarning,warning parse pillar file | prparsewarning,46,11,0
483,"[0, 0, 0, 1, 0, 0]",i am an abstract class to describe a phase of an export.,abstract class describe phase export,i am an abstract class to describe a phase of an export. | PRPhase,abstract class describe phase export | prphase,56,12,0
484,"[0, 0, 1, 0, 0, 0]","a phase takes an input, transforms it and returns an output.",phase take input transforms return output,"a phase takes an input, transforms it and returns an output. | PRPhase",phase take input transforms return output | prphase,60,11,0
485,"[0, 1, 0, 0, 0, 0]",to create a new phase you have to define its prority as a class method then to define the action of the phase with a method actionon aninput.,create new phase define prority class method define action phase method actionon aninput,to create a new phase you have to define its prority as a class method then to define the action of the phase with a method actionon aninput. | PRPhase,create new phase define prority class method define action phase method actionon aninput | prphase,141,28,0
486,"[0, 1, 0, 0, 0, 0]",you can also add some transformations to the output like,also add transformation output like,you can also add some transformations to the output like | PRPhase,also add transformation output like | prphase,56,10,0
487,"[0, 1, 0, 0, 0, 0]",do each,,do each | PRPhase,| prphase,7,2,0
488,"[0, 1, 0, 0, 0, 0]",configuration self configuration,configuration self configuration,configuration self configuration | PRPhase,configuration self configuration | prphase,32,3,0
489,"[0, 0, 1, 0, 0, 0]",i m responsible for starting the parsing process of a pillar document.,responsible starting parsing process pillar document,i m responsible for starting the parsing process of a pillar document. | PRPillarParserMain,responsible starting parsing process pillar document | prpillarparsermain,70,12,0
490,"[0, 0, 0, 1, 0, 0]",i am a parser for a pillar syntax.,parser pillar syntax,i am a parser for a pillar syntax. | PRPillarParserOld,parser pillar syntax | prpillarparserold,34,8,0
491,"[0, 0, 0, 1, 0, 0]",i am preformatted text or source code.,preformatted text source code,i am preformatted text or source code. | PRPreformatted,preformatted text source code | prpreformatted,38,7,0
492,"[0, 0, 0, 0, 1, 0]",package the targetted package,package targetted package,package the targetted package | PRScreenshotAnnotation,package targetted package | prscreenshotannotation,29,4,0
493,"[0, 0, 0, 0, 1, 0]",method the targetted method,method targetted method,method the targetted method | PRScreenshotAnnotation,method targetted method | prscreenshotannotation,27,4,0
494,"[0, 0, 0, 0, 1, 0]",width prfigure width as would be used in a more classic figure inclusion with caption .,width prfigure width would used classic figure inclusion caption,width prfigure width as would be used in a more classic figure inclusion with caption . | PRScreenshotAnnotation,width prfigure width would used classic figure inclusion caption | prscreenshotannotation,87,16,0
495,"[0, 0, 0, 0, 1, 0]",label prfigure label as would be used in a more classic figure inclusion with caption .,label prfigure label would used classic figure inclusion caption,label prfigure label as would be used in a more classic figure inclusion with caption . | PRScreenshotAnnotation,label prfigure label would used classic figure inclusion caption | prscreenshotannotation,87,16,0
496,"[0, 0, 0, 0, 1, 0]",file label aa,file label aa,file label aa | PRScreenshotAnnotation,file label aa | prscreenshotannotation,13,3,0
497,"[0, 0, 0, 1, 0, 0]",i am a transformer for the showclass annotation.,transformer showclass annotation,i am a transformer for the showclass annotation. | PRShowClassTransformer,transformer showclass annotation | prshowclasstransformer,48,8,0
498,"[0, 0, 1, 0, 0, 0]",i know how to visit a showclass annotation and the way to transform it.,know visit showclass annotation way transform,i know how to visit a showclass annotation and the way to transform it. | PRShowClassTransformer,know visit showclass annotation way transform | prshowclasstransformer,71,14,0
499,"[0, 0, 0, 1, 0, 0]",an error about syntax,error syntax,an error about syntax | PRSyntaxError,error syntax | prsyntaxerror,21,4,0
500,"[0, 0, 0, 0, 0, 1]",i am typically used for unnumbered lists,typically used unnumbered list,i am typically used for unnumbered lists | PRUnorderedList,typically used unnumbered list | prunorderedlist,40,7,0
501,"[0, 0, 1, 1, 0, 0]",a class to watch served sites.,class watch served site,a class to watch served sites. | PRWatcher,class watch served site | prwatcher,30,6,0
502,"[0, 0, 1, 0, 0, 0]","each 5 seconds, the website is regenerated",second website regenerated,"each 5 seconds, the website is regenerated | PRWatcher",second website regenerated | prwatcher,42,7,0
503,"[0, 0, 1, 1, 0, 0]",accuracy is a framework for testing the numerical accuracy of the results of methods.,accuracy framework testing numerical accuracy result method,accuracy is a framework for testing the numerical accuracy of the results of methods. | PMAccuracy,accuracy framework testing numerical accuracy result method | pmaccuracy,85,14,0
504,"[0, 0, 0, 1, 0, 0]",it is stepper for adams moulton method of order 3.,stepper adam moulton method order,it is stepper for adams moulton method of order 3. | PMAM3Stepper,stepper adam moulton method order | pmam stepper,50,10,0
505,"[0, 0, 1, 0, 0, 0]",an s step adams moulton method can reach order s 1.,step adam moulton method reach order,an s step adams moulton method can reach order s 1. | PMAM3Stepper,step adam moulton method reach order | pmam stepper,51,11,0
506,"[0, 0, 0, 1, 0, 0]","a pmexponentialgenerator uses a uniform random variable in 0,1 to sample from an exponential distribution.",pmexponentialgenerator us uniform random variable sample exponential distribution,"a pmexponentialgenerator uses a uniform random variable in 0,1 to sample from an exponential distribution. | PMExponentialGenerator",pmexponentialgenerator us uniform random variable sample exponential distribution | pmexponentialgenerator,106,15,0
507,"[0, 0, 0, 0, 1, 0]","the default randomgenerator is pmrandom, but can be modified.",default randomgenerator pmrandom modified,"the default randomgenerator is pmrandom, but can be modified. | PMExponentialGenerator",default randomgenerator pmrandom modified | pmexponentialgenerator,61,9,0
508,"[0, 0, 1, 0, 0, 0]",computes the gradient of a function of a collection of numbers.,computes gradient function collection number,computes the gradient of a function of a collection of numbers. | PMGradient,computes gradient function collection number | pmgradient,63,11,1
509,"[0, 1, 0, 0, 0, 0]","example f x,y x^2 y",example f x x,"example f x,y x^2 y | PMGradient",example f x x | pmgradient,19,5,0
510,"[0, 1, 0, 0, 0, 0]",g value # 3 2 .,g value,g value # 3 2 . | PMGradient,g value | pmgradient,15,6,0
511,"[0, 1, 0, 0, 0, 0]",g value # 1 1 .,g value,g value # 1 1 . | PMGradient,g value | pmgradient,15,6,0
512,"[0, 0, 0, 1, 0, 1]",an implicitannouncer is used by odesolver to announce step results implicitsolverannouncement .,implicitannouncer used odesolver announce step result implicitsolverannouncement,an implicitannouncer is used by odesolver to announce step results implicitsolverannouncement . | PMImplicitAnnouncer,implicitannouncer used odesolver announce step result implicitsolverannouncement | pmimplicitannouncer,95,12,0
513,"[0, 0, 0, 0, 1, 0]","#ksstatistic returns kolmogorovs d, calculated as the maximum of d and d , iow it does not !",ksstatistic return kolmogorovs calculated maximum iow,"#ksstatistic returns kolmogorovs d, calculated as the maximum of d and d , iow it does not ! | PMKolmogorovSmirnov1Sample",ksstatistic return kolmogorovs calculated maximum iow | pmkolmogorovsmirnov sample,92,18,0
514,"[0, 0, 0, 0, 1, 0]",use d max f y i i n .,use max f n,use d max f y i i n . | PMKolmogorovSmirnov1Sample,use max f n | pmkolmogorovsmirnov sample,21,9,0
515,"[0, 0, 0, 0, 1, 0]",see eg http www^itl.nist^gov div898 handbook eda section3 eda35g^htm why this would be wrong.,see eg http www itl nist gov div handbook eda section eda g htm would wrong,see eg http www^itl.nist^gov div898 handbook eda section3 eda35g^htm why this would be wrong. | PMKolmogorovSmirnov1Sample,see eg http www itl nist gov div handbook eda section eda g htm would wrong | pmkolmogorovsmirnov sample,93,14,0
516,"[0, 0, 0, 0, 1, 0]",#pvalue returns the probability of getting a d ksstatistic .,pvalue return probability getting ksstatistic,#pvalue returns the probability of getting a d ksstatistic . | PMKolmogorovSmirnov1Sample,pvalue return probability getting ksstatistic | pmkolmogorovsmirnov sample,60,10,0
517,"[0, 1, 0, 0, 0, 0]",nd dhbnormaldistribution new.,nd dhbnormaldistribution new,nd dhbnormaldistribution new. | PMKolmogorovSmirnov1Sample,nd dhbnormaldistribution new | pmkolmogorovsmirnov sample,29,3,0
518,"[0, 1, 0, 0, 0, 0]",ks kolmogorovsmirnov comparedata 1 to 100 collect i nd random withdistribution nd.,k kolmogorovsmirnov comparedata collect nd random withdistribution nd,ks kolmogorovsmirnov comparedata 1 to 100 collect i nd random withdistribution nd. | PMKolmogorovSmirnov1Sample,k kolmogorovsmirnov comparedata collect nd random withdistribution nd | pmkolmogorovsmirnov sample,82,12,1
519,"[0, 0, 1, 1, 0, 0]",i implement line search algorithm to find the minimum of a function g x 0 on the interval 0 x 1.,implement line search algorithm find minimum function g x interval x,i implement line search algorithm to find the minimum of a function g x 0 on the interval 0 x 1. | PMLineSearch,implement line search algorithm find minimum function g x interval x | pmlinesearch,96,21,0
520,"[0, 0, 1, 0, 0, 0]","the method is initialized by g 0 , g 1 and g 0 .",method initialized g g g,"the method is initialized by g 0 , g 1 and g 0 . | PMLineSearch",method initialized g g g | pmlinesearch,48,14,0
521,"[1, 0, 0, 0, 0, 0]","the step from x 0 to x 1 suppose to minimize g x i^eg 0 0 , but due to nonlinearity of g x might fail to do so.",step x x suppose minimize g x eg due nonlinearity g x might fail,"the step from x 0 to x 1 suppose to minimize g x i^eg 0 0 , but due to nonlinearity of g x might fail to do so. | PMLineSearch",step x x suppose minimize g x eg due nonlinearity g x might fail | pmlinesearch,111,29,0
522,"[1, 0, 0, 0, 0, 0]","in this case, this method finds such an x that this function is minimized in the sense",case method find x function minimized sense,"in this case, this method finds such an x that this function is minimized in the sense | PMLineSearch",case method find x function minimized sense | pmlinesearch,86,17,0
523,"[1, 0, 0, 0, 0, 0]",for some small alpha defaults to 1e 4 .,small alpha default e,for some small alpha defaults to 1e 4 . | PMLineSearch,small alpha default e | pmlinesearch,39,9,0
524,"[0, 1, 0, 0, 0, 0]","where funblock is the implementation of g x , g0 g 0 , dg0 g 0 and g1 g 0 .",funblock implementation g x g g dg g g g,"where funblock is the implementation of g x , g0 g 0 , dg0 g 0 and g1 g 0 . | PMLineSearch",funblock implementation g x g g dg g g g | pmlinesearch,75,21,0
525,"[0, 1, 0, 0, 0, 0]",storedmethod setfunction funblock.,storedmethod setfunction funblock,storedmethod setfunction funblock. | PMLineSearch,storedmethod setfunction funblock | pmlinesearch,34,3,0
526,"[0, 1, 0, 0, 0, 0]",storedmethod setvalueatzero g0 derivativeatzero dg0 valueatone g1.,storedmethod setvalueatzero g derivativeatzero dg valueatone g,storedmethod setvalueatzero g0 derivativeatzero dg0 valueatone g1. | PMLineSearch,storedmethod setvalueatzero g derivativeatzero dg valueatone g | pmlinesearch,66,7,0
527,"[1, 0, 0, 0, 0, 0]",optimization tip!!!,optimization tip,optimization tip!!! | PMLineSearch,optimization tip | pmlinesearch,19,2,0
528,"[1, 0, 0, 0, 0, 0]",it is guaranteed that g x will be called on the resulting x.,guaranteed g x called resulting x,it is guaranteed that g x will be called on the resulting x. | PMLineSearch,guaranteed g x called resulting x | pmlinesearch,60,13,0
529,"[1, 0, 0, 0, 0, 0]",see dhbnewtonzerofinder pmnewtonzerofinder that uses this to minimize the number of function evaluations.,see dhbnewtonzerofinder pmnewtonzerofinder us minimize number function evaluation,see dhbnewtonzerofinder pmnewtonzerofinder that uses this to minimize the number of function evaluations. | PMLineSearch,see dhbnewtonzerofinder pmnewtonzerofinder us minimize number function evaluation | pmlinesearch,105,13,0
530,"[0, 0, 0, 1, 0, 0]",i represent a mathematical matrix.,represent mathematical matrix,i represent a mathematical matrix. | PMMatrix,represent mathematical matrix | pmmatrix,34,5,0
531,"[0, 1, 0, 0, 0, 0]",i can be build from rows as follows,build row follows,i can be build from rows as follows | PMMatrix,build row follows | pmmatrix,35,8,0
532,"[0, 1, 0, 0, 0, 0]",pmmatrix rows # 1 2 3 4 5 6 .,pmmatrix row,pmmatrix rows # 1 2 3 4 5 6 . | PMMatrix,pmmatrix row | pmmatrix,29,10,0
533,"[0, 0, 0, 0, 1, 0]",i understand the usual matrix operations.,understand usual matrix operation,i understand the usual matrix operations. | PMMatrix,understand usual matrix operation | pmmatrix,41,6,0
534,"[0, 0, 0, 0, 1, 0]",solve system x0 astate t0 starttime t1 endtime,solve system x astate starttime endtime,solve system x0 astate t0 starttime t1 endtime | PMODESolver,solve system x astate starttime endtime | pmodesolver,46,8,0
535,"[1, 0, 0, 0, 0, 0]",announcements are made when a step is taken.,announcement made step taken,announcements are made when a step is taken. | PMODESolver,announcement made step taken | pmodesolver,44,8,1
536,"[0, 0, 1, 1, 0, 0]",this is the test class that exercises scikit learn eigenvector flip algorithm,test class exercise scikit learn eigenvector flip algorithm,this is the test class that exercises scikit learn eigenvector flip algorithm | PMSciKitLearnSVDFlipAlgorithmTest,test class exercise scikit learn eigenvector flip algorithm | pmscikitlearnsvdflipalgorithmtest,77,12,1
537,"[0, 0, 1, 0, 0, 0]",it holds both a state and a time.,hold state time,it holds both a state and a time. | PMStateTime,hold state time | pmstatetime,33,8,0
538,"[1, 0, 0, 0, 0, 0]","we don t want to use point, since state may be a vector quantity, and the behavior of array @ number is a little off it stores points in an array, what we want is the array itself in state, and the scalar quantity in time .",want use point since state may vector quantity behavior array number little store point array want array state scalar quantity time,"we don t want to use point, since state may be a vector quantity, and the behavior of array @ number is a little off it stores points in an array, what we want is the array itself in state, and the scalar quantity in time . | PMStateTime",want use point since state may vector quantity behavior array number little store point array want array state scalar quantity time | pmstatetime,223,47,0
539,"[0, 0, 1, 1, 0, 0]",basic steppers execute one timestep of a specific order with a given stepsize.,basic stepper execute one timestep specific order given stepsize,basic steppers execute one timestep of a specific order with a given stepsize. | PMStepper,basic stepper execute one timestep specific order given stepsize | pmstepper,78,13,0
540,"[1, 0, 0, 0, 0, 0]",steppers perform one single step.,stepper perform one single step,steppers perform one single step. | PMStepper,stepper perform one single step | pmstepper,33,5,1
541,"[0, 0, 0, 0, 0, 1]",the most general stepper type is described by the stepper concept.,general stepper type described stepper concept,the most general stepper type is described by the stepper concept. | PMStepper,general stepper type described stepper concept | pmstepper,66,11,0
542,"[0, 0, 0, 1, 0, 0]",a glmroassalmorphictest is xxxxxxxxx.,glmroassalmorphictest xxxxxxxxx,a glmroassalmorphictest is xxxxxxxxx. | GLMRoassal2MorphicTest,glmroassalmorphictest xxxxxxxxx | glmroassal morphictest,37,4,0
543,"[0, 0, 0, 1, 0, 0]",i am the super class of all the roassal examples.,super class roassal example,i am the super class of all the roassal examples. | RTAbstractExample,super class roassal example | rtabstractexample,49,10,0
544,"[0, 1, 0, 0, 0, 0]",try to use this script to know the excecution of roassal examples,try use script know excecution roassal example,try to use this script to know the excecution of roassal examples | RTAbstractExample,try use script know excecution roassal example | rtabstractexample,65,12,0
545,"[0, 1, 0, 0, 0, 0]",examples errors,example error,examples errors | RTAbstractExample,example error | rtabstractexample,15,2,1
546,"[0, 1, 0, 0, 0, 0]",examples orderedcollection new.,example orderedcollection new,examples orderedcollection new. | RTAbstractExample,example orderedcollection new | rtabstractexample,31,3,1
547,"[0, 1, 0, 0, 0, 0]",do example,example,do example | RTAbstractExample,example | rtabstractexample,10,2,0
548,"[0, 1, 0, 0, 0, 0]",example gtexamples do met time builder,example gtexamples met time builder,example gtexamples do met time builder | RTAbstractExample,example gtexamples met time builder | rtabstractexample,38,6,0
549,"[0, 1, 0, 0, 0, 0]",time dateandtime now.,time dateandtime,time dateandtime now. | RTAbstractExample,time dateandtime | rtabstractexample,21,3,0
550,"[0, 1, 0, 0, 0, 0]",builder example perform met selector.,builder example perform met selector,builder example perform met selector. | RTAbstractExample,builder example perform met selector | rtabstractexample,37,5,0
551,"[0, 1, 0, 0, 0, 0]",iftrue builder build .,iftrue builder build,iftrue builder build . | RTAbstractExample,iftrue builder build | rtabstractexample,22,4,0
552,"[0, 1, 0, 0, 0, 0]",time dateandtime now time.,time dateandtime time,time dateandtime now time. | RTAbstractExample,time dateandtime time | rtabstractexample,26,4,0
553,"[0, 1, 0, 0, 0, 0]",time 1 asduration,time asduration,time 1 asduration | RTAbstractExample,time asduration | rtabstractexample,17,3,0
554,"[0, 1, 0, 0, 0, 0]",iftrue examples add met time,iftrue example add met time,iftrue examples add met time | RTAbstractExample,iftrue example add met time | rtabstractexample,28,5,0
555,"[0, 1, 0, 0, 0, 0]",on error do errors add met,error error add met,on error do errors add met | RTAbstractExample,error error add met | rtabstractexample,26,6,0
556,"[0, 1, 0, 0, 0, 0]",displayingprogress running examples .,displayingprogress running example,displayingprogress running examples . | RTAbstractExample,displayingprogress running example | rtabstractexample,37,4,1
557,"[0, 0, 0, 1, 0, 0]",a data set is a set of points intended to be charted.,data set set point intended charted,a data set is a set of points intended to be charted. | RTAbstractStackedDataSet,data set set point intended charted | rtabstractstackeddataset,53,12,0
558,"[0, 0, 0, 0, 0, 1]",a data set has to be added to a rtgrapher.,data set added rtgrapher,a data set has to be added to a rtgrapher. | RTAbstractStackedDataSet,data set added rtgrapher | rtabstractstackeddataset,42,10,0
559,"[0, 0, 0, 1, 0, 1]",i am a base class for some builders of roassal like,base class builder roassal like,i am a base class for some builders of roassal like | RTAbstractTreeBuilder,base class builder roassal like | rtabstracttreebuilder,51,11,0
560,"[0, 0, 0, 1, 0, 0]",i am the superclass of the class hierarchy describing attach points.,superclass class hierarchy describing attach point,i am the superclass of the class hierarchy describing attach points. | RTAttachPoint,superclass class hierarchy describing attach point | rtattachpoint,68,11,0
561,"[0, 0, 1, 0, 0, 0]",an attach point indicates where lines start and end.,attach point indicates line start end,an attach point indicates where lines start and end. | RTAttachPoint,attach point indicates line start end | rtattachpoint,52,9,0
562,"[0, 0, 1, 0, 0, 1]",it simply render in a view an axis configuration,simply render view axis configuration,it simply render in a view an axis configuration | RTAxisRenderer,simply render view axis configuration | rtaxisrenderer,48,9,0
563,"[0, 0, 1, 0, 0, 0]",describe a cubic bezier spline,describe cubic bezier spline,describe a cubic bezier spline | RTBezier3Line,describe cubic bezier spline | rtbezier line,30,5,0
564,"[0, 1, 0, 0, 0, 0]",v rtview new.,v rtview new,v rtview new. | RTBezier3Line,v rtview new | rtbezier line,13,3,0
565,"[0, 1, 0, 0, 0, 0]",s rtellipse new color color red alpha 04 size 30.,rtellipse new color color red alpha size,s rtellipse new color color red alpha 04 size 30. | RTBezier3Line,rtellipse new color color red alpha size | rtbezier line,49,10,1
566,"[0, 1, 0, 0, 0, 0]",e1 s elementon begin .,e elementon begin,e1 s elementon begin . | RTBezier3Line,e elementon begin | rtbezier line,22,5,0
567,"[0, 1, 0, 0, 0, 0]",e2 s elementon end .,e elementon end,e2 s elementon end . | RTBezier3Line,e elementon end | rtbezier line,20,5,0
568,"[0, 1, 0, 0, 0, 0]",lineshape rtbezier3line new.,lineshape rtbezier line new,lineshape rtbezier3line new. | RTBezier3Line,lineshape rtbezier line new | rtbezier line,28,3,0
569,"[0, 1, 0, 0, 0, 0]",lineshape controlelement e3.,lineshape controlelement e,lineshape controlelement e3. | RTBezier3Line,lineshape controlelement e | rtbezier line,28,3,0
570,"[0, 1, 0, 0, 0, 0]",lineshape attachpoint rtshorterdistanceattachpoint instance .,lineshape attachpoint rtshorterdistanceattachpoint instance,lineshape attachpoint rtshorterdistanceattachpoint instance . | RTBezier3Line,lineshape attachpoint rtshorterdistanceattachpoint instance | rtbezier line,61,5,0
571,"[0, 1, 0, 0, 0, 0]",edge lineshape edgefrom e1 to e2.,edge lineshape edgefrom e e,edge lineshape edgefrom e1 to e2. | RTBezier3Line,edge lineshape edgefrom e e | rtbezier line,33,6,0
572,"[0, 1, 0, 0, 0, 0]",v add e1 add e2 add e3 add edge.,v add e add e add e add edge,v add e1 add e2 add e3 add edge. | RTBezier3Line,v add e add e add e add edge | rtbezier line,32,9,0
573,"[0, 1, 0, 0, 0, 0]",e2 translateby 80 @ 50.,e translateby,e2 translateby 80 @ 50. | RTBezier3Line,e translateby | rtbezier line,23,5,0
574,"[0, 0, 0, 1, 0, 0]",a rtbox is a rectangular box.,rtbox rectangular box,a rtbox is a rectangular box. | RTBox,rtbox rectangular box | rtbox,29,6,0
575,"[0, 0, 1, 0, 0, 0]",a scale of elements is discretized into buckets where elements of each bucket is associated to an element.,scale element discretized bucket element bucket associated element,a scale of elements is discretized into buckets where elements of each bucket is associated to an element. | RTBucketColor,scale element discretized bucket element bucket associated element | rtbucketcolor,106,18,0
576,"[0, 0, 1, 0, 0, 0]",the buckets are formed by creating partitions uniformly.,bucket formed creating partition uniformly,the buckets are formed by creating partitions uniformly. | RTBucketColor,bucket formed creating partition uniformly | rtbucketcolor,56,8,0
577,"[0, 1, 0, 0, 0, 0]",rtcalendarexample new installtitle visualizationcsv,rtcalendarexample new installtitle visualizationcsv,rtcalendarexample new installtitle visualizationcsv | RTCalendarExample,rtcalendarexample new installtitle visualizationcsv | rtcalendarexample,51,4,0
578,"[0, 1, 0, 0, 0, 0]",b tab colors dictionary,b tab color dictionary,b tab colors dictionary | RTCalendarExample,b tab color dictionary | rtcalendarexample,23,4,0
579,"[0, 1, 0, 0, 0, 0]","tab rttabtable new input http bl^ocks.org mbostock raw 4063318 dji^csv asurl retrievecontents usingdelimiter ,.",tab rttabtable new input http bl ocks org mbostock raw dji csv asurl retrievecontents usingdelimiter,"tab rttabtable new input http bl^ocks.org mbostock raw 4063318 dji^csv asurl retrievecontents usingdelimiter ,. | RTCalendarExample",tab rttabtable new input http bl ocks org mbostock raw dji csv asurl retrievecontents usingdelimiter | rtcalendarexample,111,14,0
580,"[0, 1, 0, 0, 0, 0]",tab removefirstrow.,tab removefirstrow,tab removefirstrow. | RTCalendarExample,tab removefirstrow | rtcalendarexample,19,2,0
581,"[0, 1, 0, 0, 0, 0]",dictionary dictionary new.,dictionary dictionary new,dictionary dictionary new. | RTCalendarExample,dictionary dictionary new | rtcalendarexample,26,3,0
582,"[0, 1, 0, 0, 0, 0]",tab values do ar value,tab value ar value,tab values do ar value | RTCalendarExample,tab value ar value | rtcalendarexample,22,5,0
583,"[0, 1, 0, 0, 0, 0]",value ar fifth asnumber ar second asnumber ar second asnumber.,value ar fifth asnumber ar second asnumber ar second asnumber,value ar fifth asnumber ar second asnumber ar second asnumber. | RTCalendarExample,value ar fifth asnumber ar second asnumber ar second asnumber | rtcalendarexample,62,10,0
584,"[0, 1, 0, 0, 0, 0]",colors # # 165 0 38 # 215 48 38 # 244 109 67,color,colors # # 165 0 38 # 215 48 38 # 244 109 67 | RTCalendarExample,color | rtcalendarexample,44,14,1
585,"[0, 1, 0, 0, 0, 0]",b rtcalendarbuilder new.,b rtcalendarbuilder new,b rtcalendarbuilder new. | RTCalendarExample,b rtcalendarbuilder new | rtcalendarexample,24,3,0
586,"[0, 1, 0, 0, 0, 0]",b monthshape shape b monthshapepath 150 .,b monthshape shape b monthshapepath,b monthshape shape b monthshapepath 150 . | RTCalendarExample,b monthshape shape b monthshapepath | rtcalendarexample,41,7,0
587,"[0, 1, 0, 0, 0, 0]",b yearlayout horizontalline.,b yearlayout horizontalline,b yearlayout horizontalline. | RTCalendarExample,b yearlayout horizontalline | rtcalendarexample,28,3,0
588,"[0, 1, 0, 0, 0, 0]",index value 11 01 1.,index value,index value 11 01 1. | RTCalendarExample,index value | rtcalendarexample,20,5,0
589,"[0, 1, 0, 0, 0, 0]",index 11 iftrue index 11 .,index iftrue index,index 11 iftrue index 11 . | RTCalendarExample,index iftrue index | rtcalendarexample,26,6,0
590,"[0, 0, 0, 1, 0, 0]","i am not a roassal shape, for that use rtellipse.",roassal shape use rtellipse,"i am not a roassal shape, for that use rtellipse. | RTCircleGeometry",roassal shape use rtellipse | rtcirclegeometry,49,10,0
591,"[0, 0, 1, 0, 0, 0]","qualitative schemes do not imply magnitude differences between legend classes, and hues are used to create the primary visual differences between classes.",qualitative scheme imply magnitude difference legend class hue used create primary visual difference class,"qualitative schemes do not imply magnitude differences between legend classes, and hues are used to create the primary visual differences between classes. | RTCPQualitative",qualitative scheme imply magnitude difference legend class hue used create primary visual difference class | rtcpqualitative,154,22,0
592,"[0, 1, 0, 0, 0, 0]",colorpalette qualitative show,colorpalette qualitative show,colorpalette qualitative show | RTCPQualitative,colorpalette qualitative show | rtcpqualitative,29,3,0
593,"[0, 0, 1, 1, 0, 0]",i am a new class to combine attach points,new class combine attach point,i am a new class to combine attach points | RTDualAttachPoint,new class combine attach point | rtdualattachpoint,41,9,0
594,"[0, 0, 1, 1, 0, 0]","i am a class to create editable label shapes, but do not forget that roassal is for visualizations not to build morphs",class create editable label shape forget roassal visualization build morphs,"i am a class to create editable label shapes, but do not forget that roassal is for visualizations not to build morphs | RTEditableLabel",class create editable label shape forget roassal visualization build morphs | rteditablelabel,118,22,0
595,"[0, 0, 1, 1, 0, 0]",a rtellipsetest is a test class for testing the behavior of rtellipse,rtellipsetest test class testing behavior rtellipse,a rtellipsetest is a test class for testing the behavior of rtellipse | RTEllipseTest,rtellipsetest test class testing behavior rtellipse | rtellipsetest,69,12,0
596,"[0, 1, 0, 0, 0, 0]",b object v.,b object v,b object v. | RTExperimentalExample,b object v | rtexperimentalexample,11,3,0
597,"[0, 0, 0, 1, 0, 0]",a roexplorabuildertest is xxxxxxxxx.,roexplorabuildertest xxxxxxxxx,a roexplorabuildertest is xxxxxxxxx. | RTExploraBuilderTest,roexplorabuildertest xxxxxxxxx | rtexplorabuildertest,36,4,0
598,"[0, 1, 0, 0, 0, 0]",with edges,edge,with edges | RTFilterInView,edge | rtfilterinview,10,2,0
599,"[0, 1, 0, 0, 0, 0]",example using the spawn block,example using spawn block,example using the spawn block | RTFilterInView,example using spawn block | rtfilterinview,29,5,0
600,"[0, 1, 0, 0, 0, 0]",filter spawnblock el rtview new addall el copy yourself .,filter spawnblock el rtview new addall el copy,filter spawnblock el rtview new addall el copy yourself . | RTFilterInView,filter spawnblock el rtview new addall el copy | rtfilterinview,57,10,0
601,"[0, 0, 1, 0, 0, 0]",define a range for gt,define range gt,define a range for gt | RTGrapherSelectRangeViewContext,define range gt | rtgrapherselectrangeviewcontext,21,5,0
602,"[0, 1, 0, 0, 0, 0]",g view rtview new.,g view rtview new,g view rtview new. | RTGrapherSelectRangeViewContext,g view rtview new | rtgrapherselectrangeviewcontext,18,4,0
603,"[0, 1, 0, 0, 0, 0]",ds rtdata new.,d rtdata new,ds rtdata new. | RTGrapherSelectRangeViewContext,d rtdata new | rtgrapherselectrangeviewcontext,14,3,1
604,"[0, 1, 0, 0, 0, 0]",ds dotshape color color blue trans.,d dotshape color color blue trans,ds dotshape color color blue trans. | RTGrapherSelectRangeViewContext,d dotshape color color blue trans | rtgrapherselectrangeviewcontext,35,6,1
605,"[0, 1, 0, 0, 0, 0]",ds points rtshape withallsubclasses.,d point rtshape withallsubclasses,ds points rtshape withallsubclasses. | RTGrapherSelectRangeViewContext,d point rtshape withallsubclasses | rtgrapherselectrangeviewcontext,36,4,1
606,"[0, 1, 0, 0, 0, 0]",ds y cls cls numberofmethods 50 .,d cl cl numberofmethods,ds y cls cls numberofmethods 50 . | RTGrapherSelectRangeViewContext,d cl cl numberofmethods | rtgrapherselectrangeviewcontext,33,7,1
607,"[0, 1, 0, 0, 0, 0]",ds x cls cls numberoflinesofcode 150 .,d x cl cl numberoflinesofcode,ds x cls cls numberoflinesofcode 150 . | RTGrapherSelectRangeViewContext,d x cl cl numberoflinesofcode | rtgrapherselectrangeviewcontext,38,7,1
608,"[0, 1, 0, 0, 0, 0]",g add ds.,g add d,g add ds. | RTGrapherSelectRangeViewContext,g add d | rtgrapherselectrangeviewcontext,9,3,0
609,"[0, 1, 0, 0, 0, 0]",rtgrapherselectrangeviewcontext ongrapher g callback elements g view attributeat #presentation selection elements .,rtgrapherselectrangeviewcontext ongrapher g callback element g view attributeat presentation selection element,rtgrapherselectrangeviewcontext ongrapher g callback elements g view attributeat #presentation selection elements . | RTGrapherSelectRangeViewContext,rtgrapherselectrangeviewcontext ongrapher g callback element g view attributeat presentation selection element | rtgrapherselectrangeviewcontext,115,12,0
610,"[0, 0, 1, 0, 0, 0]",highlight to indicates that some interaction be can done.,highlight indicates interaction done,highlight to indicates that some interaction be can done. | RTHighlightableWithCursor,highlight indicates interaction done | rthighlightablewithcursor,57,9,0
611,"[0, 1, 0, 0, 0, 0]",methodselector #selector,methodselector selector,methodselector #selector | RTHighlightableWithCursor,methodselector selector | rthighlightablewithcursor,24,2,0
612,"[0, 1, 0, 0, 0, 0]",methodsnames #rtmethods,methodsnames rtmethods,methodsnames #rtmethods | RTHighlightableWithCursor,methodsnames rtmethods | rthighlightablewithcursor,23,2,1
613,"[0, 1, 0, 0, 0, 0]",b classnameshape color color black.,b classnameshape color color black,b classnameshape color color black. | RTHighlightableWithCursor,b classnameshape color color black | rthighlightablewithcursor,35,5,0
614,"[0, 1, 0, 0, 0, 0]",b boxshape bordercolor color black.,b boxshape bordercolor color black,b boxshape bordercolor color black. | RTHighlightableWithCursor,b boxshape bordercolor color black | rthighlightablewithcursor,35,5,0
615,"[0, 1, 0, 0, 0, 0]",b addobjects collection withallsubclasses .,b addobjects collection withallsubclasses,b addobjects collection withallsubclasses . | RTHighlightableWithCursor,b addobjects collection withallsubclasses | rthighlightablewithcursor,43,5,0
616,"[0, 1, 0, 0, 0, 0]",b interaction showedge,b interaction showedge,b interaction showedge | RTHighlightableWithCursor,b interaction showedge | rthighlightablewithcursor,22,3,0
617,"[0, 1, 0, 0, 0, 0]",connecttoall #subclasses.,connecttoall subclass,connecttoall #subclasses. | RTHighlightableWithCursor,connecttoall subclass | rthighlightablewithcursor,25,2,0
618,"[0, 1, 0, 0, 0, 0]",b interaction showlabel,b interaction showlabel,b interaction showlabel | RTHighlightableWithCursor,b interaction showlabel | rthighlightablewithcursor,23,3,0
619,"[0, 1, 0, 0, 0, 0]",nodes @ rthighlightablewithcursor.,node rthighlightablewithcursor,nodes @ rthighlightablewithcursor. | RTHighlightableWithCursor,node rthighlightablewithcursor | rthighlightablewithcursor,34,3,1
620,"[0, 1, 0, 0, 0, 0]",b edges movebehind connectfrom #superclass.,b edge movebehind connectfrom superclass,b edges movebehind connectfrom #superclass. | RTHighlightableWithCursor,b edge movebehind connectfrom superclass | rthighlightablewithcursor,43,5,0
621,"[0, 1, 0, 0, 0, 0]",b layout radial.,b layout radial,b layout radial. | RTHighlightableWithCursor,b layout radial | rthighlightablewithcursor,16,3,0
622,"[0, 1, 0, 0, 0, 0]",e rtellipse new size 30 elementon 42.,e rtellipse new size elementon,e rtellipse new size 30 elementon 42. | RTLabeled,e rtellipse new size elementon | rtlabeled,37,7,0
623,"[0, 1, 0, 0, 1, 0]","e @ rtlabeled new text value my value is , value asstring .",e rtlabeled new text value value value asstring,"e @ rtlabeled new text value my value is , value asstring . | RTLabeled",e rtlabeled new text value value value asstring | rtlabeled,59,13,0
624,"[0, 0, 0, 0, 1, 0]",color object,color object,color object | RTLabeled,color object | rtlabeled,12,2,0
625,"[0, 0, 0, 0, 1, 0]",highlightable object,highlightable object,highlightable object | RTLabeled,highlightable object | rtlabeled,20,2,0
626,"[0, 0, 0, 0, 1, 0]",offsetonedge object,offsetonedge object,offsetonedge object | RTLabeled,offsetonedge object | rtlabeled,19,2,0
627,"[0, 0, 0, 0, 1, 0]",position object,position object,position object | RTLabeled,position object | rtlabeled,15,2,0
628,"[0, 1, 0, 0, 0, 0]",v b1 b2 edges,v b b edge,v b1 b2 edges | RTLineDecorationExample,v b b edge | rtlinedecorationexample,13,4,0
629,"[0, 1, 0, 0, 0, 0]",b1 rtbox new,b rtbox new,b1 rtbox new | RTLineDecorationExample,b rtbox new | rtlinedecorationexample,12,3,0
630,"[0, 1, 0, 0, 0, 0]",translateto 0 @ 0,translateto,translateto 0 @ 0 | RTLineDecorationExample,translateto | rtlinedecorationexample,17,4,0
631,"[0, 1, 0, 0, 0, 0]",b2 rtbox new,b rtbox new,b2 rtbox new | RTLineDecorationExample,b rtbox new | rtlinedecorationexample,12,3,0
632,"[0, 1, 0, 0, 0, 0]",translateto 400 @ 0,translateto,translateto 400 @ 0 | RTLineDecorationExample,translateto | rtlinedecorationexample,19,4,0
633,"[0, 1, 0, 0, 0, 0]",edges orderedcollection new.,edge orderedcollection new,edges orderedcollection new. | RTLineDecorationExample,edge orderedcollection new | rtlinedecorationexample,28,3,1
634,"[0, 1, 0, 0, 0, 0]",edges add rtarrowedline new head rtfilleddiamond ashead color color black width 2 attachpoint rtrectangleattachpoint new offset 15 edgefrom b1 to b2 .,edge add rtarrowedline new head rtfilleddiamond ashead color color black width attachpoint rtrectangleattachpoint new offset edgefrom b b,edges add rtarrowedline new head rtfilleddiamond ashead color color black width 2 attachpoint rtrectangleattachpoint new offset 15 edgefrom b1 to b2 . | RTLineDecorationExample,edge add rtarrowedline new head rtfilleddiamond ashead color color black width attachpoint rtrectangleattachpoint new offset edgefrom b b | rtlinedecorationexample,150,22,1
635,"[0, 1, 0, 0, 0, 0]",edges add rtdecoratedline new filleddiamondhead color color green width 2 attachpoint rtrectangleattachpoint new offset 15 edgefrom b1 to b2 .,edge add rtdecoratedline new filleddiamondhead color color green width attachpoint rtrectangleattachpoint new offset edgefrom b b,edges add rtdecoratedline new filleddiamondhead color color green width 2 attachpoint rtrectangleattachpoint new offset 15 edgefrom b1 to b2 . | RTLineDecorationExample,edge add rtdecoratedline new filleddiamondhead color color green width attachpoint rtrectangleattachpoint new offset edgefrom b b | rtlinedecorationexample,142,20,1
636,"[0, 1, 0, 0, 0, 0]",edges do each each update .,edge update,edges do each each update . | RTLineDecorationExample,edge update | rtlinedecorationexample,27,6,1
637,"[0, 0, 1, 0, 0, 0]",an interpolator a way to create lines in svg,interpolator way create line svg,an interpolator a way to create lines in svg | RTLinePathBuilder,interpolator way create line svg | rtlinepathbuilder,44,9,0
638,"[0, 1, 0, 0, 0, 0]","for instance if in your visualization rtview, you have elements that have visualizalitations you can use it to explore it in a web browser",instance visualization rtview element visualizalitations use explore web browser,"for instance if in your visualization rtview, you have elements that have visualizalitations you can use it to explore it in a web browser | RTLinkView",instance visualization rtview element visualizalitations use explore web browser | rtlinkview,138,24,0
639,"[0, 0, 0, 0, 1, 0]",popup object,popup object,popup object | RTPopupTest,popup object | rtpopuptest,12,2,0
640,"[0, 0, 0, 0, 1, 0]",view object,view object,view object | RTPopupTest,view object | rtpopuptest,11,2,0
641,"[0, 0, 1, 0, 0, 0]",continuous attach point which presumes both shapes are not rotated rectangles,continuous attach point presumes shape rotated rectangle,continuous attach point which presumes both shapes are not rotated rectangles | RTRectangleAttachPoint,continuous attach point presumes shape rotated rectangle | rtrectangleattachpoint,77,11,1
642,"[0, 1, 0, 0, 0, 0]",e1 rtbox new size 50 elementon 1.,e rtbox new size elementon,e1 rtbox new size 50 elementon 1. | RTRectangleAttachPoint,e rtbox new size elementon | rtrectangleattachpoint,33,7,0
643,"[0, 1, 0, 0, 0, 0]",e2 rtellipse new size 50 elementon 2.,e rtellipse new size elementon,e2 rtellipse new size 50 elementon 2. | RTRectangleAttachPoint,e rtellipse new size elementon | rtrectangleattachpoint,37,7,0
644,"[0, 1, 0, 0, 0, 0]",e2 translateby 30 @ 60.,e translateby,e2 translateby 30 @ 60. | RTRectangleAttachPoint,e translateby | rtrectangleattachpoint,23,5,0
645,"[0, 1, 0, 0, 0, 0]",e1 @ rtdraggable.,e rtdraggable,e1 @ rtdraggable. | RTRectangleAttachPoint,e rtdraggable | rtrectangleattachpoint,17,3,0
646,"[0, 1, 0, 0, 0, 0]",e2 @ rtdraggable.,e rtdraggable,e2 @ rtdraggable. | RTRectangleAttachPoint,e rtdraggable | rtrectangleattachpoint,17,3,0
647,"[0, 1, 0, 0, 0, 0]",l s edgefrom e1 to e2.,l edgefrom e e,l s edgefrom e1 to e2. | RTRectangleAttachPoint,l edgefrom e e | rtrectangleattachpoint,22,6,0
648,"[0, 0, 1, 0, 0, 0]",a rtrotatedlabel describes rotated labels.,rtrotatedlabel describes rotated label,a rtrotatedlabel describes rotated labels. | RTRotatedLabel,rtrotatedlabel describes rotated label | rtrotatedlabel,42,5,0
649,"[0, 1, 0, 0, 0, 0]",v shape es,v shape e,v shape es | RTRotatedLabel,v shape e | rtrotatedlabel,10,3,0
650,"[0, 1, 0, 0, 0, 0]","shape rtrotatedlabel new text c class , c name angleindegree c c numberofmethods 360 .",shape rtrotatedlabel new text c class c name angleindegree c c numberofmethods,"shape rtrotatedlabel new text c class , c name angleindegree c c numberofmethods 360 . | RTRotatedLabel",shape rtrotatedlabel new text c class c name angleindegree c c numberofmethods | rtrotatedlabel,86,15,0
651,"[0, 1, 0, 0, 0, 0]",es shape elementson collection withallsubclasses.,e shape elementson collection withallsubclasses,es shape elementson collection withallsubclasses. | RTRotatedLabel,e shape elementson collection withallsubclasses | rtrotatedlabel,49,5,1
652,"[0, 1, 0, 0, 0, 0]",v addall es.,v addall e,v addall es. | RTRotatedLabel,v addall e | rtrotatedlabel,12,3,0
653,"[0, 0, 0, 1, 0, 0]",a class to have nice scales checks subclasses,class nice scale check subclass,a class to have nice scales checks subclasses | RTScale,class nice scale check subclass | rtscale,45,8,0
654,"[0, 0, 1, 0, 0, 0]","more than a draggable view, it allows to keep a mark about your position in the view and it scale for large views.",draggable view allows keep mark position view scale large view,"more than a draggable view, it allows to keep a mark about your position in the view and it scale for large views. | RTScrollBarBuilder",draggable view allows keep mark position view scale large view | rtscrollbarbuilder,114,23,0
655,"[0, 0, 0, 0, 1, 0]","the default configuration is #isbasic and #isstatic,",default configuration isbasic isstatic,"the default configuration is #isbasic and #isstatic, | RTScrollBarBuilder",default configuration isbasic isstatic | rtscrollbarbuilder,52,7,0
656,"[0, 0, 0, 0, 1, 0]","the bar can have a specificity like #scalable, so it give an idea of the size of the view.",bar specificity like scalable give idea size view,"the bar can have a specificity like #scalable, so it give an idea of the size of the view. | RTScrollBarBuilder",bar specificity like scalable give idea size view | rtscrollbarbuilder,90,19,0
657,"[0, 0, 1, 1, 0, 0]","i am a class to create visualizations about rings, center is the root of the tree and arcs are the sub trees.",class create visualization ring center root tree arc sub tree,"i am a class to create visualizations about rings, center is the root of the tree and arcs are the sub trees. | RTSunburstBuilder",class create visualization ring center root tree arc sub tree | rtsunburstbuilder,109,22,0
658,"[0, 0, 1, 0, 0, 0]","you can customize the angle of the arc, and play with the with radius and width of each arc.",customize angle arc play radius width arc,"you can customize the angle of the arc, and play with the with radius and width of each arc. | RTSunburstBuilder",customize angle arc play radius width arc | rtsunburstbuilder,92,19,0
659,"[0, 1, 0, 0, 0, 0]",b shape colorelement el el model subclasses isempty iftrue color purple iffalse color lightgray .,b shape colorelement el el model subclass isempty iftrue color purple iffalse color lightgray,b shape colorelement el el model subclasses isempty iftrue color purple iffalse color lightgray . | RTSunburstBuilderExamples,b shape colorelement el el model subclass isempty iftrue color purple iffalse color lightgray | rtsunburstbuilderexamples,97,15,0
660,"[0, 1, 0, 0, 0, 0]",b view @ rtdraggableview.,b view rtdraggableview,b view @ rtdraggableview. | RTSunburstBuilderExamples,b view rtdraggableview | rtsunburstbuilderexamples,25,4,0
661,"[0, 0, 0, 1, 0, 0]",a rtsvgabstractline refers to the common interface for both regular svg lines and bezier lines as paths .,rtsvgabstractline refers common interface regular svg line bezier line path,a rtsvgabstractline refers to the common interface for both regular svg lines and bezier lines as paths . | RTSVGAbstractLine,rtsvgabstractline refers common interface regular svg line bezier line path | rtsvgabstractline,105,18,0
662,"[0, 0, 0, 1, 0, 0]",a rtsvgpopup is any kind of popup born from a certain element.,rtsvgpopup kind popup born certain element,a rtsvgpopup is any kind of popup born from a certain element. | RTSVGPopup,rtsvgpopup kind popup born certain element | rtsvgpopup,62,12,0
663,"[0, 0, 1, 0, 0, 0]",the click refers to the posibility of activating the popup only when the element is clicked.,click refers posibility activating popup element clicked,the click refers to the posibility of activating the popup only when the element is clicked. | RTSVGPopup,click refers posibility activating popup element clicked | rtsvgpopup,92,16,0
664,"[0, 0, 0, 1, 1, 0]",a rttextword represents one word of an original text.,rttextword represents one word original text,a rttextword represents one word of an original text. | RTTextWord,rttextword represents one word original text | rttextword,53,9,0
665,"[0, 0, 0, 0, 1, 0]",interval interval,interval interval,interval interval | RTTextWord,interval interval | rttextword,17,2,0
666,"[0, 0, 0, 0, 1, 0]",interval of the word in the original text,interval word original text,interval of the word in the original text | RTTextWord,interval word original text | rttextword,41,8,0
667,"[0, 0, 0, 1, 0, 1]",rtverticalmultipledata represents a group of data points that are vertically located.,rtverticalmultipledata represents group data point vertically located,rtverticalmultipledata represents a group of data points that are vertically located. | RTVerticalMultipleData,rtverticalmultipledata represents group data point vertically located | rtverticalmultipledata,85,11,0
668,"[1, 0, 0, 0, 0, 0]",each group has the same x value.,group x value,each group has the same x value. | RTVerticalMultipleData,group x value | rtverticalmultipledata,32,7,0
669,"[1, 0, 0, 0, 0, 0]",negative data are not allowed.,negative data allowed,negative data are not allowed. | RTVerticalMultipleData,negative data allowed | rtverticalmultipledata,30,5,0
670,"[0, 1, 0, 0, 0, 0]",b rtgrapher new.,b rtgrapher new,b rtgrapher new. | RTVerticalMultipleData,b rtgrapher new | rtverticalmultipledata,16,3,0
671,"[0, 1, 0, 0, 0, 0]",d addmetric #third.,addmetric third,d addmetric #third. | RTVerticalMultipleData,addmetric third | rtverticalmultipledata,19,3,0
672,"[0, 1, 0, 0, 0, 0]",d barchartwithbartitle #first rotation 30.,barchartwithbartitle first rotation,d barchartwithbartitle #first rotation 30. | RTVerticalMultipleData,barchartwithbartitle first rotation | rtverticalmultipledata,42,5,0
673,"[0, 1, 0, 0, 0, 0]",d points classes.,point class,d points classes. | RTVerticalMultipleData,point class | rtverticalmultipledata,17,3,0
674,"[0, 1, 0, 0, 0, 0]",d addmetric #numberoflinesofcode.,addmetric numberoflinesofcode,d addmetric #numberoflinesofcode. | RTVerticalMultipleData,addmetric numberoflinesofcode | rtverticalmultipledata,33,3,0
675,"[0, 1, 0, 0, 0, 0]",d addmetric #numberofmethods.,addmetric numberofmethods,d addmetric #numberofmethods. | RTVerticalMultipleData,addmetric numberofmethods | rtverticalmultipledata,29,3,0
676,"[0, 1, 0, 0, 0, 0]",d barchartwithbartitle #name rotation 30.,barchartwithbartitle name rotation,d barchartwithbartitle #name rotation 30. | RTVerticalMultipleData,barchartwithbartitle name rotation | rtverticalmultipledata,41,5,0
677,"[0, 0, 1, 1, 0, 0]",rtweightedcirclelayout is a circle layout that gives more space to big elements and fewer space to small elements.,rtweightedcirclelayout circle layout give space big element fewer space small element,rtweightedcirclelayout is a circle layout that gives more space to big elements and fewer space to small elements. | RTWeightedCircleLayout,rtweightedcirclelayout circle layout give space big element fewer space small element | rtweightedcirclelayout,114,18,0
678,"[0, 1, 0, 0, 0, 0]",elements rtellipse new size 5 color color red size vv vv 4 elementson 1 to 15 .,element rtellipse new size color color red size vv vv elementson,elements rtellipse new size 5 color color red size vv vv 4 elementson 1 to 15 . | RTWeightedCircleLayout,element rtellipse new size color color red size vv vv elementson | rtweightedcirclelayout,79,17,1
679,"[0, 1, 0, 0, 0, 0]",v addall elements.,v addall element,v addall elements. | RTWeightedCircleLayout,v addall element | rtweightedcirclelayout,18,3,0
680,"[0, 1, 0, 0, 0, 0]",rtweightedcirclelayout on elements.,rtweightedcirclelayout element,rtweightedcirclelayout on elements. | RTWeightedCircleLayout,rtweightedcirclelayout element | rtweightedcirclelayout,35,3,0
681,"[0, 0, 1, 1, 1, 0]",this shape represent an openstreetmap background object which tracks the camera zoom level and translation to build a view of the corresponding part of the openstreetmap.,shape represent openstreetmap background object track camera zoom level translation build view corresponding part openstreetmap,this shape represent an openstreetmap background object which tracks the camera zoom level and translation to build a view of the corresponding part of the openstreetmap. | TROSMShape,shape represent openstreetmap background object track camera zoom level translation build view corresponding part openstreetmap | trosmshape,170,26,1
682,"[0, 0, 0, 0, 1, 0]",rectangle rectangle,rectangle rectangle,rectangle rectangle | TROSMShape,rectangle rectangle | trosmshape,19,2,0
683,"[0, 0, 0, 0, 1, 0]",tiles dictionary of point form,tile dictionary point form,tiles dictionary of point form | TROSMShape,tile dictionary point form | trosmshape,30,5,1
684,"[0, 0, 0, 0, 1, 0]",bounds of the shape,bound shape,bounds of the shape | TROSMShape,bound shape | trosmshape,19,4,1
685,"[1, 0, 0, 0, 0, 0]",lon to roassal space l 40075016686 l 360,lon roassal space l l,lon to roassal space l 40075016686 l 360 | TROSMShape,lon roassal space l l | trosmshape,40,8,0
686,"[1, 0, 0, 0, 1, 0]","depending on the rtview size and the canvas parameters, get the right tiles from osm and display them.",depending rtview size canvas parameter get right tile osm display,"depending on the rtview size and the canvas parameters, get the right tiles from osm and display them. | TROSMShape",depending rtview size canvas parameter get right tile osm display | trosmshape,102,18,0
687,"[1, 0, 0, 0, 1, 0]","from the camera, get the zoom level and offset.",camera get zoom level offset,"from the camera, get the zoom level and offset. | TROSMShape",camera get zoom level offset | trosmshape,47,9,0
688,"[1, 0, 0, 0, 1, 0]",compute the osm zoom level with the camera zoom value .,compute osm zoom level camera zoom value,compute the osm zoom level with the camera zoom value . | TROSMShape,compute osm zoom level camera zoom value | trosmshape,55,11,0
689,"[1, 0, 0, 0, 1, 0]",make remainder zoom a transform inside the trosmshape.,make remainder zoom transform inside trosmshape,make remainder zoom a transform inside the trosmshape. | TROSMShape,make remainder zoom transform inside trosmshape | trosmshape,54,8,0
690,"[1, 0, 0, 0, 1, 0]","take corners of bounding box, get lat long, get tiles x and y based on previous zoom level.",take corner bounding box get lat long get tile x based previous zoom level,"take corners of bounding box, get lat long, get tiles x and y based on previous zoom level. | TROSMShape",take corner bounding box get lat long get tile x based previous zoom level | trosmshape,91,18,0
691,"[1, 0, 0, 0, 1, 0]",set clipping rectangle to trosmshape bounds.,set clipping rectangle trosmshape bound,set clipping rectangle to trosmshape bounds. | TROSMShape,set clipping rectangle trosmshape bound | trosmshape,44,6,1
692,"[1, 0, 0, 0, 0, 0]",display each tile.,display tile,display each tile. | TROSMShape,display tile | trosmshape,18,3,0
693,"[1, 0, 0, 0, 0, 0]",remove tile if not used in display.,remove tile used display,remove tile if not used in display. | TROSMShape,remove tile used display | trosmshape,35,7,0
694,"[0, 0, 1, 0, 0, 0]",load html from a remote file and inject it into the dom.,load html remote file inject dom,load html from a remote file and inject it into the dom. | JQLoad,load html remote file inject dom | jqload,56,12,0
695,"[0, 0, 0, 1, 0, 0]",i am a cache that reaps all elements at once instead of incrementally.,cache reaps element instead incrementally,i am a cache that reaps all elements at once instead of incrementally. | WABulkReapingCache,cache reaps element instead incrementally | wabulkreapingcache,70,13,0
696,"[0, 0, 0, 0, 0, 1]",a background process should send #reap to me.,background process send reap,a background process should send #reap to me. | WABulkReapingCache,background process send reap | wabulkreapingcache,45,8,0
697,"[0, 0, 1, 0, 0, 0]","if streaming is desired, the response can be flushed by sending it the #flush message.",streaming desired response flushed sending flush message,"if streaming is desired, the response can be flushed by sending it the #flush message. | WAComboResponse",streaming desired response flushed sending flush message | wacomboresponse,86,15,0
698,"[0, 1, 0, 0, 0, 0]","for example, a search results page might use something like",example search result page might use something like,"for example, a search results page might use something like | WAComboResponse",example search result page might use something like | wacomboresponse,59,10,0
699,"[0, 1, 0, 0, 0, 0]",rendercontenton acanvas,rendercontenton acanvas,rendercontenton acanvas | WAComboResponse,rendercontenton acanvas | wacomboresponse,23,2,0
700,"[0, 1, 0, 0, 0, 0]",acanvas flush.,acanvas flush,acanvas flush. | WAComboResponse,acanvas flush | wacomboresponse,14,2,1
701,"[0, 1, 0, 0, 0, 0]",flush after each search result,flush search result,flush after each search result | WAComboResponse,flush search result | wacomboresponse,30,5,0
702,"[0, 0, 0, 0, 0, 1]",an uncommitted response should be handled as usual by the server adapter.,uncommitted response handled usual server adapter,an uncommitted response should be handled as usual by the server adapter. | WAComboResponse,uncommitted response handled usual server adapter | wacomboresponse,73,12,0
703,"[0, 0, 0, 1, 0, 0]",i am basically a key value pair of strings.,basically key value pair string,i am basically a key value pair of strings. | WACookie,basically key value pair string | wacookie,43,9,0
704,"[1, 0, 0, 0, 0, 0]",netscape spec,netscape spec,netscape spec | WACookie,netscape spec | wacookie,13,2,0
705,"[1, 0, 0, 0, 0, 0]",cookie spec,cookie spec,cookie spec | WACookie,cookie spec | wacookie,11,2,0
706,"[1, 0, 0, 0, 0, 0]",http tools^ietf.org html rfc2109,http tool ietf org html rfc,http tools^ietf.org html rfc2109 | WACookie,http tool ietf org html rfc | wacookie,32,4,0
707,"[1, 0, 0, 0, 0, 0]",https tools^ietf.org html rfc6265,http tool ietf org html rfc,https tools^ietf.org html rfc6265 | WACookie,http tool ietf org html rfc | wacookie,33,4,1
708,"[1, 0, 0, 0, 0, 0]",http msdn2^microsoft.com en us library ms533046^aspx,http msdn microsoft com en u library m aspx,http msdn2^microsoft.com en us library ms533046^aspx | WACookie,http msdn microsoft com en u library m aspx | wacookie,52,6,0
709,"[1, 0, 0, 0, 0, 0]",https bugzilla^mozilla.org show bug^cgi?id 178993,http bugzilla mozilla org show bug cgi id,https bugzilla^mozilla.org show bug^cgi?id 178993 | WACookie,http bugzilla mozilla org show bug cgi id | wacookie,49,5,1
710,"[0, 0, 0, 1, 0, 1]",compared to warequestcookie i represent the information that is sent to the user agent.,compared warequestcookie represent information sent user agent,compared to warequestcookie i represent the information that is sent to the user agent. | WACookie,compared warequestcookie represent information sent user agent | wacookie,87,14,0
711,"[0, 1, 1, 0, 0, 0]",datalist together with the a new list attribute for input is used to make comboboxes,datalist together new list attribute input used make comboboxes,datalist together with the a new list attribute for input is used to make comboboxes | WADatalistTag,datalist together new list attribute input used make comboboxes | wadatalisttag,84,15,0
712,"[0, 1, 0, 0, 0, 0]",input list browsers,input list browser,input list browsers | WADatalistTag,input list browser | wadatalisttag,19,3,0
713,"[0, 1, 0, 0, 0, 0]",datalist id browsers,datalist id browser,datalist id browsers | WADatalistTag,datalist id browser | wadatalisttag,20,3,0
714,"[0, 1, 0, 0, 0, 0]",option value safari,option value safari,option value safari | WADatalistTag,option value safari | wadatalisttag,19,3,0
715,"[0, 1, 0, 0, 0, 0]",option value internet explorer,option value internet explorer,option value internet explorer | WADatalistTag,option value internet explorer | wadatalisttag,30,4,0
716,"[0, 1, 0, 0, 0, 0]",option value opera,option value opera,option value opera | WADatalistTag,option value opera | wadatalisttag,18,3,0
717,"[0, 1, 0, 0, 0, 0]",option value firefox,option value firefox,option value firefox | WADatalistTag,option value firefox | wadatalisttag,20,3,0
718,"[0, 0, 1, 0, 0, 0]",wadelayedanswerdecoration adds a delay in displaying a component.,wadelayedanswerdecoration add delay displaying component,wadelayedanswerdecoration adds a delay in displaying a component. | WADelayedAnswerDecoration,wadelayedanswerdecoration add delay displaying component | wadelayedanswerdecoration,65,8,0
719,"[0, 0, 1, 1, 0, 0]",a wadevelopment is a collection of convenience methods for dealing with seaside development in squeak.,wadevelopment collection convenience method dealing seaside development squeak,a wadevelopment is a collection of convenience methods for dealing with seaside development in squeak. | WADevelopment,wadevelopment collection convenience method dealing seaside development squeak | wadevelopment,102,15,0
720,"[0, 0, 1, 0, 0, 0]",i exist for legacy purposes.,exist legacy purpose,i exist for legacy purposes. | WADynamicVariable,exist legacy purpose | wadynamicvariable,28,5,0
721,"[0, 0, 1, 0, 1, 0]",i encode everything that is written to myself using #nextput and #nextputall onto the wrapped stream.,encode everything written using nextput nextputall onto wrapped stream,i encode everything that is written to myself using #nextput and #nextputall onto the wrapped stream. | WAEncoder,encode everything written using nextput nextputall onto wrapped stream | waencoder,101,16,0
722,"[0, 0, 1, 0, 0, 1]",waerrorhandler catches errors and warnings and provides two methods for handling each type of exception,waerrorhandler catch error warning provides two method handling type exception,waerrorhandler catches errors and warnings and provides two methods for handling each type of exception | WAErrorHandler,waerrorhandler catch error warning provides two method handling type exception | waerrorhandler,103,15,0
723,"[1, 0, 0, 0, 0, 0]","if either method is not implemented, the default implementation will call #handledefault , which can be used to provide common behaviour for both exception types.",either method implemented default implementation call handledefault used provide common behaviour exception type,"if either method is not implemented, the default implementation will call #handledefault , which can be used to provide common behaviour for both exception types. | WAErrorHandler",either method implemented default implementation call handledefault used provide common behaviour exception type | waerrorhandler,162,25,0
724,"[0, 0, 0, 0, 1, 0]",maximumsize integer,maximumsize integer,maximumsize integer | WAExpiringCache,maximumsize integer | waexpiringcache,19,2,0
725,"[0, 0, 0, 0, 1, 0]",maximumrelativeage integer,maximumrelativeage integer,maximumrelativeage integer | WAExpiringCache,maximumrelativeage integer | waexpiringcache,26,2,0
726,"[0, 0, 0, 0, 1, 0]",maximumabsoluteage integer,maximumabsoluteage integer,maximumabsoluteage integer | WAExpiringCache,maximumabsoluteage integer | waexpiringcache,26,2,0
727,"[0, 0, 0, 0, 1, 0]",0 for no maximum size.,maximum size,0 for no maximum size. | WAExpiringCache,maximum size | waexpiringcache,22,5,0
728,"[0, 0, 0, 0, 1, 0]",0 for no limit.,limit,0 for no limit. | WAExpiringCache,limit | waexpiringcache,15,4,0
729,"[0, 0, 0, 0, 1, 0]",after so many seconds after its creation a session is considered expired no matter when it was last accessed.,many second creation session considered expired matter last accessed,after so many seconds after its creation a session is considered expired no matter when it was last accessed. | WAExpiringCache,many second creation session considered expired matter last accessed | waexpiringcache,109,19,0
730,"[0, 0, 0, 0, 1, 0]",#removerelativeoldest remove the entry that hasn t been accessed for the longest time,removerelativeoldest remove entry accessed longest time,#removerelativeoldest remove the entry that hasn t been accessed for the longest time | WAExpiringCache,removerelativeoldest remove entry accessed longest time | waexpiringcache,85,13,0
731,"[0, 0, 0, 0, 1, 0]",#removeabsoluteoldest remove the entry that has been created the longest time ago,removeabsoluteoldest remove entry created longest time ago,#removeabsoluteoldest remove the entry that has been created the longest time ago | WAExpiringCache,removeabsoluteoldest remove entry created longest time ago | waexpiringcache,81,12,0
732,"[0, 0, 0, 0, 1, 0]",#signalerror signal wamaximumnumberofsessionsexceedederror,signalerror signal wamaximumnumberofsessionsexceedederror,#signalerror signal wamaximumnumberofsessionsexceedederror | WAExpiringCache,signalerror signal wamaximumnumberofsessionsexceedederror | waexpiringcache,58,3,0
733,"[0, 0, 0, 0, 1, 0]",the buttons inst var must be set.,button inst var must set,the buttons inst var must be set. | WAFormDecoration,button inst var must set | waformdecoration,33,7,0
734,"[0, 0, 0, 0, 1, 0]","for each string symbol in the buttons inst var the decorated component must implement a method of the same name, which is called when the button is selected.",string symbol button inst var decorated component must implement method name called button selected,"for each string symbol in the buttons inst var the decorated component must implement a method of the same name, which is called when the button is selected. | WAFormDecoration",string symbol button inst var decorated component must implement method name called button selected | waformdecoration,157,28,0
735,"[0, 0, 0, 0, 1, 0]",buttons collection of strings or symbols,button collection string symbol,buttons collection of strings or symbols | WAFormDecoration,button collection string symbol | waformdecoration,40,6,1
736,"[0, 0, 1, 0, 0, 1]",the form element acts as a container for input elements and buttons.,form element act container input element button,the form element acts as a container for input elements and buttons. | WAFormTag,form element act container input element button | waformtag,68,12,0
737,"[1, 0, 0, 0, 0, 0]",evaluation order,evaluation order,evaluation order | WAFormTag,evaluation order | waformtag,16,2,0
738,"[1, 0, 0, 0, 0, 0]",the input fields callbacks will be evaluated in the order they,input field callback evaluated order,the input fields callbacks will be evaluated in the order they | WAFormTag,input field callback evaluated order | waformtag,62,11,0
739,"[1, 0, 0, 0, 0, 0]",appear in the xhtml.,appear xhtml,appear in the xhtml. | WAFormTag,appear xhtml | waformtag,20,4,0
740,"[1, 0, 0, 0, 0, 0]","buttons will always be evaluated last, no matter",button always evaluated last matter,"buttons will always be evaluated last, no matter | WAFormTag",button always evaluated last matter | waformtag,48,8,1
741,"[1, 0, 0, 0, 0, 0]",where they are positioned.,positioned,where they are positioned. | WAFormTag,positioned | waformtag,26,4,0
742,"[0, 0, 1, 0, 0, 0]",the value of the src attribute specifies the uri of the image that will decorate the button.,value src attribute specifies uri image decorate button,the value of the src attribute specifies the uri of the image that will decorate the button. | WAImageButtonTag,value src attribute specifies uri image decorate button | waimagebuttontag,92,17,0
743,"[0, 0, 1, 0, 0, 0]","platforms should implement their own subclasses, specifying behaviour for all unimplemented methods.",platform implement subclass specifying behaviour unimplemented method,"platforms should implement their own subclasses, specifying behaviour for all unimplemented methods. | WAInspector",platform implement subclass specifying behaviour unimplemented method | wainspector,100,12,1
744,"[0, 0, 0, 0, 0, 1]",for document handlers query fields are used.,document handler query field used,for document handlers query fields are used. | WAInvisibleSessionTrackingStrategy,document handler query field used | wainvisiblesessiontrackingstrategy,44,7,0
745,"[0, 0, 0, 1, 0, 0]",walabelledformdialog is an abstract class for generating html forms.,walabelledformdialog abstract class generating html form,walabelledformdialog is an abstract class for generating html forms. | WALabelledFormDialog,walabelledformdialog abstract class generating html form | walabelledformdialog,68,9,0
746,"[0, 1, 1, 0, 1, 0]",given a data model walabelledformdialog displays a label and input field for each instance variable of interest.,given data model walabelledformdialog display label input field instance variable interest,given a data model walabelledformdialog displays a label and input field for each instance variable of interest. | WALabelledFormDialog,given data model walabelledformdialog display label input field instance variable interest | walabelledformdialog,112,17,0
747,"[0, 1, 1, 0, 1, 0]",user supplied data is placed in the data model.,user supplied data placed data model,user supplied data is placed in the data model. | WALabelledFormDialog,user supplied data placed data model | walabelledformdialog,47,9,0
748,"[0, 1, 0, 0, 1, 0]",the model method just returns the object whose fields we wish to populate with date.,model method return object whose field wish populate date,the model method just returns the object whose fields we wish to populate with date. | WALabelledFormDialog,model method return object whose field wish populate date | walabelledformdialog,84,15,0
749,"[0, 1, 0, 0, 1, 0]",the rows method returns a collections of symbols.,row method return collection symbol,the rows method returns a collections of symbols. | WALabelledFormDialog,row method return collection symbol | walabelledformdialog,49,8,0
750,"[0, 1, 0, 0, 1, 0]",the symbol is used generate the accessor methods for the data in the model.,symbol used generate accessor method data model,the symbol is used generate the accessor methods for the data in the model. | WALabelledFormDialog,symbol used generate accessor method data model | walabelledformdialog,75,14,0
751,"[0, 0, 1, 0, 0, 0]",a standard text input field is used for each row of data.,standard text input field used row data,a standard text input field is used for each row of data. | WALabelledFormDialog,standard text input field used row data | walabelledformdialog,57,12,0
752,"[0, 0, 1, 0, 0, 0]",see rendernameon in example below.,see rendernameon example,see rendernameon in example below. | WALabelledFormDialog,see rendernameon example | walabelledformdialog,34,5,0
753,"[1, 1, 0, 0, 1, 0]",the default form has one button ok .,default form one button ok,the default form has one button ok . | WALabelledFormDialog,default form one button ok | walabelledformdialog,36,8,0
754,"[1, 1, 0, 0, 1, 0]",override the buttons method to change the text or number of submit buttons on the form.,override button method change text number submit button form,override the buttons method to change the text or number of submit buttons on the form. | WALabelledFormDialog,override button method change text number submit button form | walabelledformdialog,87,16,0
755,"[1, 0, 0, 0, 0, 0]",override the defaultbutton method to indicate which button is the default.,override defaultbutton method indicate button default,override the defaultbutton method to indicate which button is the default. | WALabelledFormDialog,override defaultbutton method indicate button default | walabelledformdialog,74,11,0
756,"[1, 0, 0, 0, 0, 0]",see example below.,see example,see example below. | WALabelledFormDialog,see example | walabelledformdialog,18,3,0
757,"[0, 1, 0, 0, 0, 0]",rendernameon html,rendernameon html,rendernameon html | WALabelledFormDialog,rendernameon html | walabelledformdialog,17,2,0
758,"[0, 1, 0, 0, 0, 0]",show how to specily special input instead of using simple text field.,show specily special input instead using simple text field,show how to specily special input instead of using simple text field. | WALabelledFormDialog,show specily special input instead using simple text field | walabelledformdialog,69,12,0
759,"[0, 1, 0, 0, 0, 0]",html select,html select,html select | WALabelledFormDialog,html select | walabelledformdialog,11,2,0
760,"[0, 1, 0, 0, 0, 0]",selected roger,selected roger,selected roger | WALabelledFormDialog,selected roger | walabelledformdialog,14,2,0
761,"[0, 0, 0, 0, 1, 0]","contact class used above has instance variables name, phonenumber with standard getter and setter methods",contact class used instance variable name phonenumber standard getter setter method,"contact class used above has instance variables name, phonenumber with standard getter and setter methods | WALabelledFormDialog",contact class used instance variable name phonenumber standard getter setter method | walabelledformdialog,105,15,0
762,"[0, 0, 0, 1, 0, 0]",walistattribute is an attribute that is restricted to a list of values.,walistattribute attribute restricted list value,walistattribute is an attribute that is restricted to a list of values. | WAListAttribute,walistattribute attribute restricted list value | walistattribute,71,12,0
763,"[0, 0, 1, 1, 0, 0]",a wamemoryinput is a dialog that allows the user to enter an amount of memory.,wamemoryinput dialog allows user enter amount memory,a wamemoryinput is a dialog that allows the user to enter an amount of memory. | WAMemoryInput,wamemoryinput dialog allows user enter amount memory | wamemoryinput,78,15,0
764,"[0, 0, 0, 1, 0, 0]",defines an embedded object.,defines embedded object,defines an embedded object. | WAObjectTag,defines embedded object | waobjecttag,27,4,1
765,"[0, 0, 1, 0, 0, 0]",the optgroup element allows authors to group choices logically.,optgroup element allows author group choice logically,the optgroup element allows authors to group choices logically. | WAOptionGroupTag,optgroup element allows author group choice logically | waoptiongrouptag,63,9,0
766,"[0, 0, 1, 0, 0, 0]",this is particularly helpful when the user must choose from a long list of options groups of related choices are easier to grasp and remember than a single long list of options.,particularly helpful user must choose long list option group related choice easier grasp remember single long list option,this is particularly helpful when the user must choose from a long list of options groups of related choices are easier to grasp and remember than a single long list of options. | WAOptionGroupTag,particularly helpful user must choose long list option group related choice easier grasp remember single long list option | waoptiongrouptag,177,32,1
767,"[0, 0, 1, 1, 0, 1]",an implementation of the visitor pattern for painter subclasses.,implementation visitor pattern painter subclass,an implementation of the visitor pattern for painter subclasses. | WAPainterVisitor,implementation visitor pattern painter subclass | wapaintervisitor,64,9,0
768,"[0, 0, 1, 1, 0, 0]",wapath represents a path navigation breadcrumbs for a web page and displays standard breadcrumbs xxx yyy zzz .,wapath represents path navigation breadcrumb web page display standard breadcrumb xxx yyy zzz,wapath represents a path navigation breadcrumbs for a web page and displays standard breadcrumbs xxx yyy zzz . | WAPath,wapath represents path navigation breadcrumb web page display standard breadcrumb xxx yyy zzz | wapath,110,18,0
769,"[0, 0, 1, 0, 0, 1]","wapath maintains a stack of associations, one for each location or page in the path.",wapath maintains stack association one location page path,"wapath maintains a stack of associations, one for each location or page in the path. | WAPath",wapath maintains stack association one location page path | wapath,84,15,0
770,"[0, 0, 0, 0, 0, 1]",the association key is the text that is displayed in the breadcrimb.,association key text displayed breadcrimb,the association key is the text that is displayed in the breadcrimb. | WAPath,association key text displayed breadcrimb | wapath,68,12,0
771,"[0, 0, 0, 0, 0, 1]","the association value is an object of your choosing, which your code uses to restore that page .",association value object choosing code us restore page,"the association value is an object of your choosing, which your code uses to restore that page . | WAPath",association value object choosing code us restore page | wapath,96,18,0
772,"[0, 0, 0, 0, 1, 0]",to add to the path use the method wapath pushsegment anobject name lulu .,add path use method wapath pushsegment anobject name lulu,to add to the path use the method wapath pushsegment anobject name lulu . | WAPath,add path use method wapath pushsegment anobject name lulu | wapath,73,14,0
773,"[0, 0, 0, 0, 1, 0]",your code is not notified when the user clicks on a link in the wapath object.,code notified user click link wapath object,your code is not notified when the user clicks on a link in the wapath object. | WAPath,code notified user click link wapath object | wapath,78,16,0
774,"[0, 0, 0, 0, 1, 0]","so when you render a page call wapath currentsegment to get the current object, and generate the page accordingly.",render page call wapath currentsegment get current object generate page accordingly,"so when you render a page call wapath currentsegment to get the current object, and generate the page accordingly. | WAPath",render page call wapath currentsegment get current object generate page accordingly | wapath,114,19,0
775,"[0, 0, 0, 1, 0, 0]",i am a pharo specific url encoder.,pharo specific url encoder,i am a pharo specific url encoder. | WAPharoUrlEncoder,pharo specific url encoder | wapharourlencoder,34,7,0
776,"[0, 0, 0, 1, 0, 0]",i am a pharo specific xml encoder.,pharo specific xml encoder,i am a pharo specific xml encoder. | WAPharoXmlEncoder,pharo specific xml encoder | wapharoxmlencoder,34,7,0
777,"[0, 0, 1, 0, 0, 0]",plugins are an easy way to add or remove additional tools without changing the codebase.,plugins easy way add remove additional tool without changing codebase,plugins are an easy way to add or remove additional tools without changing the codebase. | WAPlugin,plugins easy way add remove additional tool without changing codebase | waplugin,88,15,1
778,"[0, 0, 1, 0, 0, 0]","do add this filter to a wasession for example to avoid session hijacking, do not add it to static request handlers such as waapplication or wadispatcher as this might restrict access to the handler if your ip changes.",add filter wasession example avoid session hijacking add static request handler waapplication wadispatcher might restrict access handler ip change,"do add this filter to a wasession for example to avoid session hijacking, do not add it to static request handlers such as waapplication or wadispatcher as this might restrict access to the handler if your ip changes. | WAProtectionFilter",add filter wasession example avoid session hijacking add static request handler waapplication wadispatcher might restrict access handler ip change | waprotectionfilter,217,38,0
779,"[0, 0, 1, 0, 0, 0]",warequestcontext encapsulates all the knowledge that should be available while processing a single request.,warequestcontext encapsulates knowledge available processing single request,warequestcontext encapsulates all the knowledge that should be available while processing a single request. | WARequestContext,warequestcontext encapsulates knowledge available processing single request | warequestcontext,107,14,0
780,"[0, 1, 1, 0, 0, 0]",waselection creates a selectable list.,waselection creates selectable list,waselection creates a selectable list. | WASelection,waselection creates selectable list | waselection,38,5,0
781,"[1, 0, 0, 0, 0, 0]","returns the item selected by user, not the index nor the text shown the user .",return item selected user index text shown user,"returns the item selected by user, not the index nor the text shown the user . | WASelection",return item selected user index text shown user | waselection,78,16,1
782,"[0, 0, 0, 1, 0, 0]",a waserver is the abstract base class for all servers.,waserver abstract base class server,a waserver is the abstract base class for all servers. | WAServerAdaptor,waserver abstract base class server | waserveradaptor,54,10,0
783,"[0, 0, 0, 0, 1, 0]",codec wacodec,codec wacodec,codec wacodec | WAServerAdaptor,codec wacodec | waserveradaptor,13,2,0
784,"[0, 0, 0, 1, 0, 0]",this is the superclass for all xml element classes.,superclass xml element class,this is the superclass for all xml element classes. | WATagBrush,superclass xml element class | watagbrush,51,9,1
785,"[1, 0, 0, 0, 0, 0]",its main additions are,main addition,its main additions are | WATagBrush,main addition | watagbrush,22,4,1
786,"[1, 0, 0, 0, 0, 0]",element name #tag,element name tag,element name #tag | WATagBrush,element name tag | watagbrush,17,3,0
787,"[1, 0, 0, 0, 0, 0]",attributes instance of wahtmlattributes,attribute instance wahtmlattributes,attributes instance of wahtmlattributes | WATagBrush,attribute instance wahtmlattributes | watagbrush,39,4,1
788,"[0, 0, 1, 0, 0, 0]",wauptimetracker is used to track the timestamp when the image last booted.,wauptimetracker used track timestamp image last booted,wauptimetracker is used to track the timestamp when the image last booted. | WAUpTimeTracker,wauptimetracker used track timestamp image last booted | wauptimetracker,74,12,0
789,"[0, 0, 1, 0, 1, 1]",access the timestamp when the image booted as follows,access timestamp image booted follows,access the timestamp when the image booted as follows | WAUpTimeTracker,access timestamp image booted follows | wauptimetracker,53,9,1
790,"[0, 0, 1, 0, 1, 1]",access the duration how long ago the image booted as follows,access duration long ago image booted follows,access the duration how long ago the image booted as follows | WAUpTimeTracker,access duration long ago image booted follows | wauptimetracker,60,11,1
791,"[0, 0, 1, 0, 1, 1]",at system startup the imageboottime is re set automatically.,system startup imageboottime set automatically,at system startup the imageboottime is re set automatically. | WAUpTimeTracker,system startup imageboottime set automatically | wauptimetracker,60,9,0
792,"[0, 0, 0, 1, 0, 0]",i am A copy of class blspartamozcanvasbuilder.,copy class blspartamozcanvasbuilder,i am a simple arrow like arrowhead. | BlArrowheadSimpleArrow,simple arrow like arrowhead | blarrowheadsimplearrow,46,7,0
793,"[0, 0, 0, 1, 0, 0]",these are Some unproblematic demonstration scripts of Parser combinators for the compiler construction course.,unproblematic demonstration script parser combinators compiler construction course,i am a simple arrow like arrowhead. | BlArrowheadSimpleArrow,simple arrow like arrowhead | blarrowheadsimplearrow,110,14,0
794,"[0, 0, 0, 1, 0, 0]",a Rtsvgpopup is any kind of popup born From a sure element.,rtsvgpopup kind popup born sure element,i am a simple arrow like arrowhead. | BlArrowheadSimpleArrow,simple arrow like arrowhead | blarrowheadsimplearrow,59,12,0
795,"[0, 0, 0, 1, 0, 0]",it is stepper for Adams moulton method of order 3.,stepper adam moulton method order,i am a simple arrow like arrowhead. | BlArrowheadSimpleArrow,simple arrow like arrowhead | blarrowheadsimplearrow,50,10,0
796,"[0, 0, 0, 1, 0, 0]",i Represent a frame Phase.,represent frame phase,i am a simple arrow like arrowhead. | BlArrowheadSimpleArrow,simple arrow like arrowhead | blarrowheadsimplearrow,26,5,0
797,"[0, 0, 0, 1, 0, 0]",i m a visitor for exemplify of #famixmetamodelgenerator and subclasses.,visitor exemplify famixmetamodelgenerator subclass,i am a simple arrow like arrowhead. | BlArrowheadSimpleArrow,simple arrow like arrowhead | blarrowheadsimplearrow,71,10,0
798,"[0, 0, 0, 1, 0, 0]",i am preformatted text or Source code.,preformatted text source code,i am a simple arrow like arrowhead. | BlArrowheadSimpleArrow,simple arrow like arrowhead | blarrowheadsimplearrow,38,7,0
799,"[0, 0, 0, 1, 0, 0]",i am preformatted textbook or source code.,preformatted textbook source code,i am a simple arrow like arrowhead. | BlArrowheadSimpleArrow,simple arrow like arrowhead | blarrowheadsimplearrow,42,7,0
800,"[0, 0, 0, 1, 0, 0]",i am creditworthy of Printing the mse format markup during a model export.,creditworthy printing mse format markup model export,i am a simple arrow like arrowhead. | BlArrowheadSimpleArrow,simple arrow like arrowhead | blarrowheadsimplearrow,74,13,0
801,"[0, 0, 0, 1, 0, 0]",i am a trilateral arrow head.,trilateral arrow head,i am a simple arrow like arrowhead. | BlArrowheadSimpleArrow,simple arrow like arrowhead | blarrowheadsimplearrow,29,6,0
802,"[0, 0, 0, 1, 0, 0]",moosecustomtask is a task perform some computation specified as a Block.,moosecustomtask task perform computation specified block,i am a simple arrow like arrowhead. | BlArrowheadSimpleArrow,simple arrow like arrowhead | blarrowheadsimplearrow,72,11,0
803,"[0, 0, 0, 1, 0, 0]","a pmexponentialgenerator uses a consistent random Variable in 0,1 to sample from An exponential distribution.",pmexponentialgenerator us consistent random variable sample exponential distribution,i am a simple arrow like arrowhead. | BlArrowheadSimpleArrow,simple arrow like arrowhead | blarrowheadsimplearrow,109,15,0
804,"[0, 0, 0, 1, 0, 0]",I am A cache that glean All elements at formerly alternatively Of incrementally.,cache glean element formerly alternatively incrementally,i am a simple arrow like arrowhead. | BlArrowheadSimpleArrow,simple arrow like arrowhead | blarrowheadsimplearrow,80,13,0
805,"[0, 0, 0, 1, 0, 0]",i m a visitant for instances of #famixmetamodelgenerator and subclasses.,visitant instance famixmetamodelgenerator subclass,i am a simple arrow like arrowhead. | BlArrowheadSimpleArrow,simple arrow like arrowhead | blarrowheadsimplearrow,72,10,0
806,"[0, 0, 0, 1, 0, 0]",i am the nonobjective radical class for effects.,nonobjective radical class effect,i am a simple arrow like arrowhead. | BlArrowheadSimpleArrow,simple arrow like arrowhead | blarrowheadsimplearrow,48,8,0
807,"[0, 0, 0, 1, 0, 0]",I Am a typewrite of data Source update command.,typewrite data source update command,i am a simple arrow like arrowhead. | BlArrowheadSimpleArrow,simple arrow like arrowhead | blarrowheadsimplearrow,47,9,0
808,"[0, 0, 0, 1, 0, 0]",both my sizing And arrow length count on the curve width.,sizing arrow length count curve width,i am a simple arrow like arrowhead. | BlArrowheadSimpleArrow,simple arrow like arrowhead | blarrowheadsimplearrow,57,11,0
809,"[0, 0, 0, 1, 0, 0]",i be A sparta canvass and provide an api To perform various drawing operations.,sparta canvas provide api perform various drawing operation,i am a simple arrow like arrowhead. | BlArrowheadSimpleArrow,simple arrow like arrowhead | blarrowheadsimplearrow,79,14,0
810,"[0, 0, 0, 1, 0, 0]",A rtsvgpopup is Any form of popup born from a certain element.,rtsvgpopup form popup born certain element,i am a simple arrow like arrowhead. | BlArrowheadSimpleArrow,simple arrow like arrowhead | blarrowheadsimplearrow,62,12,0
811,"[0, 0, 0, 1, 0, 0]",i am an affine transformation that is straight defined by transmutation matrix,affine transformation straight defined transmutation matrix,i am a simple arrow like arrowhead. | BlArrowheadSimpleArrow,simple arrow like arrowhead | blarrowheadsimplearrow,78,12,0
812,"[0, 0, 0, 1, 0, 0]","I represent the abstraction over ordered, unordered html or latex list.",represent abstraction ordered unordered html latex list,i am a simple arrow like arrowhead. | BlArrowheadSimpleArrow,simple arrow like arrowhead | blarrowheadsimplearrow,71,11,0
813,"[0, 0, 0, 1, 0, 0]","i represent the abstraction terminated Ordered, unordered html or latex list.",represent abstraction terminated ordered unordered html latex list,i am a simple arrow like arrowhead. | BlArrowheadSimpleArrow,simple arrow like arrowhead | blarrowheadsimplearrow,77,11,0
814,"[0, 0, 0, 1, 0, 0]",this an execution Of A moen s tree layout algorithm.,execution moen tree layout algorithm,i am a simple arrow like arrowhead. | BlArrowheadSimpleArrow,simple arrow like arrowhead | blarrowheadsimplearrow,52,10,1
815,"[0, 0, 0, 1, 0, 0]",bash Scripting speech,bash scripting speech,i am a simple arrow like arrowhead. | BlArrowheadSimpleArrow,simple arrow like arrowhead | blarrowheadsimplearrow,21,3,0
816,"[0, 0, 0, 1, 0, 0]",walabelledformdialog is an cabbage class for render html forms.,walabelledformdialog cabbage class render html form,i am a simple arrow like arrowhead. | BlArrowheadSimpleArrow,simple arrow like arrowhead | blarrowheadsimplearrow,63,9,0
817,"[0, 0, 0, 1, 0, 0]",a data Set is a set of points intended to be charted.,data set set point intended charted,i am a simple arrow like arrowhead. | BlArrowheadSimpleArrow,simple arrow like arrowhead | blarrowheadsimplearrow,53,12,0
818,"[0, 0, 0, 1, 0, 0]",walistattribute Is an attribute that is restricted to a listing of values.,walistattribute attribute restricted listing value,i am a simple arrow like arrowhead. | BlArrowheadSimpleArrow,simple arrow like arrowhead | blarrowheadsimplearrow,74,12,0
819,"[0, 0, 0, 1, 0, 0]",Both my size and arrow distance Depend on The curve width.,size arrow distance depend curve width,i am a simple arrow like arrowhead. | BlArrowheadSimpleArrow,simple arrow like arrowhead | blarrowheadsimplearrow,58,11,0
820,"[0, 0, 0, 1, 0, 0]",walistattribute is an attribute that is restricted To a List of values.,walistattribute attribute restricted list value,i am a simple arrow like arrowhead. | BlArrowheadSimpleArrow,simple arrow like arrowhead | blarrowheadsimplearrow,71,12,0
821,"[0, 0, 0, 1, 0, 0]",i am a host space create by blmorphichost.,host space create blmorphichost,i am a simple arrow like arrowhead. | BlArrowheadSimpleArrow,simple arrow like arrowhead | blarrowheadsimplearrow,42,8,0
822,"[0, 0, 0, 1, 0, 0]",i am an Abstract class to describe A phase Of an export.,abstract class describe phase export,i am a simple arrow like arrowhead. | BlArrowheadSimpleArrow,simple arrow like arrowhead | blarrowheadsimplearrow,56,12,0
823,"[0, 0, 0, 1, 0, 0]",a roforcebasedlayout is inspired from the codification of d3.,roforcebasedlayout inspired codification,i am a simple arrow like arrowhead. | BlArrowheadSimpleArrow,simple arrow like arrowhead | blarrowheadsimplearrow,61,9,0
824,"[0, 0, 0, 1, 0, 0]",this is the superclass for all xml ingredient classes.,superclass xml ingredient class,i am a simple arrow like arrowhead. | BlArrowheadSimpleArrow,simple arrow like arrowhead | blarrowheadsimplearrow,54,9,1
825,"[0, 0, 0, 1, 0, 0]",i am A scriptable toogle group To Display A Uniform collection Of selectable values.,scriptable toogle group display uniform collection selectable value,i am a simple arrow like arrowhead. | BlArrowheadSimpleArrow,simple arrow like arrowhead | blarrowheadsimplearrow,84,14,0
826,"[0, 0, 0, 1, 0, 0]",i am an effect processor.,effect processor,i am a simple arrow like arrowhead. | BlArrowheadSimpleArrow,simple arrow like arrowhead | blarrowheadsimplearrow,25,5,0
827,"[0, 0, 1, 1, 0, 0]",famixannotationtypegroup is a moosegroup containing solely Famix Enities of type famixannotationtype.,famixannotationtypegroup moosegroup containing solely famix enities type famixannotationtype,i am dynamic element transformation in the sense that my transformation matrix may actually depend on some element properties such as #extent or #position. | BlElementDynamicTransformation,dynamic element transformation sense transformation matrix may actually depend element property extent position | blelementdynamictransformation,101,11,0
828,"[0, 0, 1, 1, 0, 0]",i am a Fallback Host that is chosen if thither are no other useable and supported hosts.,fallback host chosen thither useable supported host,i am dynamic element transformation in the sense that my transformation matrix may actually depend on some element properties such as #extent or #position. | BlElementDynamicTransformation,dynamic element transformation sense transformation matrix may actually depend element property extent position | blelementdynamictransformation,88,17,0
829,"[0, 0, 1, 1, 0, 0]",I represent a font face source and know how to retrieve typeface subject from it,represent font face source know retrieve typeface subject,i am dynamic element transformation in the sense that my transformation matrix may actually depend on some element properties such as #extent or #position. | BlElementDynamicTransformation,dynamic element transformation sense transformation matrix may actually depend element property extent position | blelementdynamictransformation,80,15,0
830,"[0, 0, 1, 1, 0, 0]",a ppdebugparser is a parser That follow all The progress and Returns special object that can be browsed to see how The Parsing win complete a time.,ppdebugparser parser follow progress return special object browsed see parsing win complete time,i am dynamic element transformation in the sense that my transformation matrix may actually depend on some element properties such as #extent or #position. | BlElementDynamicTransformation,dynamic element transformation sense transformation matrix may actually depend element property extent position | blelementdynamictransformation,147,27,0
831,"[0, 0, 1, 1, 0, 0]",i m a pillar specific class to manage code not Generated for the configuration class.,pillar specific class manage code generated configuration class,i am dynamic element transformation in the sense that my transformation matrix may actually depend on some element properties such as #extent or #position. | BlElementDynamicTransformation,dynamic element transformation sense transformation matrix may actually depend element property extent position | blelementdynamictransformation,85,15,0
832,"[0, 0, 1, 1, 0, 0]","i am a class to Create editable pronounce shapes, but Do not Forget that roassal is for visualisation not to physique morph",class create editable pronounce shape forget roassal visualisation physique morph,i am dynamic element transformation in the sense that my transformation matrix may actually depend on some element properties such as #extent or #position. | BlElementDynamicTransformation,dynamic element transformation sense transformation matrix may actually depend element property extent position | blelementdynamictransformation,123,22,0
833,"[0, 0, 1, 1, 0, 0]",wapath represents a course navigation breadcrumbs for a web page And displays standard breadcrumbs xxx yyy zzz .,wapath represents course navigation breadcrumb web page display standard breadcrumb xxx yyy zzz,i am dynamic element transformation in the sense that my transformation matrix may actually depend on some element properties such as #extent or #position. | BlElementDynamicTransformation,dynamic element transformation sense transformation matrix may actually depend element property extent position | blelementdynamictransformation,112,18,0
834,"[0, 0, 1, 1, 0, 0]",i am a virtual anchor that Lays on a perpendicular to a tune betwixt two cite anchors.,virtual anchor lay perpendicular tune betwixt two cite anchor,i am dynamic element transformation in the sense that my transformation matrix may actually depend on some element properties such as #extent or #position. | BlElementDynamicTransformation,dynamic element transformation sense transformation matrix may actually depend element property extent position | blelementdynamictransformation,86,17,0
835,"[0, 0, 1, 1, 0, 0]",i implement line search Algorithm to bump the minimum of a go g x 0 on the interval 0 x 1.,implement line search algorithm bump minimum go g x interval x,i am dynamic element transformation in the sense that my transformation matrix may actually depend on some element properties such as #extent or #position. | BlElementDynamicTransformation,dynamic element transformation sense transformation matrix may actually depend element property extent position | blelementdynamictransformation,90,21,0
836,"[0, 0, 1, 1, 0, 0]",i am A dummy tool that Does nothing,dummy tool nothing,i am dynamic element transformation in the sense that my transformation matrix may actually depend on some element properties such as #extent or #position. | BlElementDynamicTransformation,dynamic element transformation sense transformation matrix may actually depend element property extent position | blelementdynamictransformation,35,8,0
837,"[0, 0, 1, 1, 0, 0]",a rtellipsetest is a prove class for testing the behavior of rtellipse,rtellipsetest prove class testing behavior rtellipse,i am dynamic element transformation in the sense that my transformation matrix may actually depend on some element properties such as #extent or #position. | BlElementDynamicTransformation,dynamic element transformation sense transformation matrix may actually depend element property extent position | blelementdynamictransformation,70,12,0
838,"[0, 0, 1, 1, 0, 0]",I am an Abstract slot used to hold fame properties for a class.,abstract slot used hold fame property class,i am dynamic element transformation in the sense that my transformation matrix may actually depend on some element properties such as #extent or #position. | BlElementDynamicTransformation,dynamic element transformation sense transformation matrix may actually depend element property extent position | blelementdynamictransformation,63,13,0
839,"[0, 0, 1, 1, 0, 0]",i am dynamic element transmutation in the sense that my transformation matrix may actually depend On some factor properties such as #extent or #position.,dynamic element transmutation sense transformation matrix may actually depend factor property extent position,i am dynamic element transformation in the sense that my transformation matrix may actually depend on some element properties such as #extent or #position. | BlElementDynamicTransformation,dynamic element transformation sense transformation matrix may actually depend element property extent position | blelementdynamictransformation,153,24,0
840,"[0, 0, 1, 1, 0, 0]","i am a class to Create visualizations about rings, Center is the root of the tree and bow are the sub trees.",class create visualization ring center root tree bow sub tree,i am dynamic element transformation in the sense that my transformation matrix may actually depend on some element properties such as #extent or #position. | BlElementDynamicTransformation,dynamic element transformation sense transformation matrix may actually depend element property extent position | blelementdynamictransformation,108,22,0
841,"[0, 0, 1, 1, 0, 0]",i implement line search algorithm to find the minimal of a function g X 0 on the Interval 0 x 1.,implement line search algorithm find minimal function g x interval x,i am dynamic element transformation in the sense that my transformation matrix may actually depend on some element properties such as #extent or #position. | BlElementDynamicTransformation,dynamic element transformation sense transformation matrix may actually depend element property extent position | blelementdynamictransformation,96,21,0
842,"[0, 0, 1, 1, 0, 0]",truth is a framework for testing the numerical accuracy of the results of methods.,truth framework testing numerical accuracy result method,i am dynamic element transformation in the sense that my transformation matrix may actually depend on some element properties such as #extent or #position. | BlElementDynamicTransformation,dynamic element transformation sense transformation matrix may actually depend element property extent position | blelementdynamictransformation,82,14,0
843,"[0, 0, 1, 1, 0, 0]",i am an element with a broken onlayout method that throws misplay subscriptoutofbounds,element broken onlayout method throw misplay subscriptoutofbounds,i am dynamic element transformation in the sense that my transformation matrix may actually depend on some element properties such as #extent or #position. | BlElementDynamicTransformation,dynamic element transformation sense transformation matrix may actually depend element property extent position | blelementdynamictransformation,86,13,0
844,"[0, 0, 1, 1, 0, 0]",lan interface Comments for testing purposes.,lan interface comment testing purpose,i am dynamic element transformation in the sense that my transformation matrix may actually depend on some element properties such as #extent or #position. | BlElementDynamicTransformation,dynamic element transformation sense transformation matrix may actually depend element property extent position | blelementdynamictransformation,44,6,0
845,"[0, 0, 1, 1, 0, 0]",i am an abstraction for a Type of dependency in the loading form Of a system.,abstraction type dependency loading form system,i am dynamic element transformation in the sense that my transformation matrix may actually depend on some element properties such as #extent or #position. | BlElementDynamicTransformation,dynamic element transformation sense transformation matrix may actually depend element property extent position | blelementdynamictransformation,77,16,0
846,"[0, 0, 1, 1, 0, 0]",i am an Example Of a tradition non Element upshot prey that can be nicely integrated in bloc infrastructure,example tradition non element upshot prey nicely integrated bloc infrastructure,i am dynamic element transformation in the sense that my transformation matrix may actually depend on some element properties such as #extent or #position. | BlElementDynamicTransformation,dynamic element transformation sense transformation matrix may actually depend element property extent position | blelementdynamictransformation,107,19,0
847,"[0, 0, 1, 1, 0, 0]",i implement line search algorithm To find The minimum of a Function g x 0 on the interval 0 x 1.,implement line search algorithm find minimum function g x interval x,i am dynamic element transformation in the sense that my transformation matrix may actually depend on some element properties such as #extent or #position. | BlElementDynamicTransformation,dynamic element transformation sense transformation matrix may actually depend element property extent position | blelementdynamictransformation,96,21,0
848,"[0, 0, 1, 1, 0, 0]",a wamemoryinput Is a dialog That allows the user to participate an quantity of Memory.,wamemoryinput dialog allows user participate quantity memory,i am dynamic element transformation in the sense that my transformation matrix may actually depend on some element properties such as #extent or #position. | BlElementDynamicTransformation,dynamic element transformation sense transformation matrix may actually depend element property extent position | blelementdynamictransformation,86,15,0
849,"[0, 0, 1, 1, 0, 0]",i am a Fallback innkeeper that Is chosen if there are no former available and hold Hosts.,fallback innkeeper chosen former available hold host,i am dynamic element transformation in the sense that my transformation matrix may actually depend on some element properties such as #extent or #position. | BlElementDynamicTransformation,dynamic element transformation sense transformation matrix may actually depend element property extent position | blelementdynamictransformation,89,17,0
850,"[0, 0, 1, 1, 0, 0]",a class to watch served Sites.,class watch served site,i am dynamic element transformation in the sense that my transformation matrix may actually depend on some element properties such as #extent or #position. | BlElementDynamicTransformation,dynamic element transformation sense transformation matrix may actually depend element property extent position | blelementdynamictransformation,30,6,0
851,"[0, 0, 1, 1, 0, 0]",I am a release scheme that uses the current crocked tag for a repository as the version number.,release scheme us current crocked tag repository version number,i am dynamic element transformation in the sense that my transformation matrix may actually depend on some element properties such as #extent or #position. | BlElementDynamicTransformation,dynamic element transformation sense transformation matrix may actually depend element property extent position | blelementdynamictransformation,95,18,0
852,"[0, 0, 1, 1, 0, 0]",A Wamemoryinput is a dialog That allows the user to introduce an amount of memory.,wamemoryinput dialog allows user introduce amount memory,i am dynamic element transformation in the sense that my transformation matrix may actually depend on some element properties such as #extent or #position. | BlElementDynamicTransformation,dynamic element transformation sense transformation matrix may actually depend element property extent position | blelementdynamictransformation,82,15,0
853,"[0, 0, 1, 1, 0, 0]",i am a virtual anchor that position on A perpendicular to a demarcation between two character anchors.,virtual anchor position perpendicular demarcation two character anchor,i am dynamic element transformation in the sense that my transformation matrix may actually depend on some element properties such as #extent or #position. | BlElementDynamicTransformation,dynamic element transformation sense transformation matrix may actually depend element property extent position | blelementdynamictransformation,102,17,0
854,"[0, 0, 1, 1, 0, 0]",lan port comments for test purposes.,lan port comment test purpose,i am dynamic element transformation in the sense that my transformation matrix may actually depend on some element properties such as #extent or #position. | BlElementDynamicTransformation,dynamic element transformation sense transformation matrix may actually depend element property extent position | blelementdynamictransformation,36,6,0
855,"[0, 0, 1, 1, 0, 0]",a wamemoryinput is a dialog that earmark the user to enter an amount Of memory.,wamemoryinput dialog earmark user enter amount memory,i am dynamic element transformation in the sense that my transformation matrix may actually depend on some element properties such as #extent or #position. | BlElementDynamicTransformation,dynamic element transformation sense transformation matrix may actually depend element property extent position | blelementdynamictransformation,79,15,0
856,"[0, 0, 1, 1, 0, 0]",a wadevelopment is a appeal of convenience methods for grapple with seaside development in Squeak.,wadevelopment appeal convenience method grapple seaside development squeak,i am dynamic element transformation in the sense that my transformation matrix may actually depend on some element properties such as #extent or #position. | BlElementDynamicTransformation,dynamic element transformation sense transformation matrix may actually depend element property extent position | blelementdynamictransformation,98,15,0
857,"[0, 0, 1, 1, 0, 0]",i m a pillar particular class to manage code not generated for the contour class.,pillar particular class manage code generated contour class,i am dynamic element transformation in the sense that my transformation matrix may actually depend on some element properties such as #extent or #position. | BlElementDynamicTransformation,dynamic element transformation sense transformation matrix may actually depend element property extent position | blelementdynamictransformation,81,15,0
858,"[0, 0, 1, 1, 0, 0]",a wamemoryinput is a dialog that allows The user To insert an measure of memory.,wamemoryinput dialog allows user insert measure memory,i am dynamic element transformation in the sense that my transformation matrix may actually depend on some element properties such as #extent or #position. | BlElementDynamicTransformation,dynamic element transformation sense transformation matrix may actually depend element property extent position | blelementdynamictransformation,80,15,0
859,"[0, 0, 1, 1, 0, 0]","i am a class To make visualizations approximately rings, Center is the root Of the tree and arc are the sub trees.",class make visualization approximately ring center root tree arc sub tree,i am dynamic element transformation in the sense that my transformation matrix may actually depend on some element properties such as #extent or #position. | BlElementDynamicTransformation,dynamic element transformation sense transformation matrix may actually depend element property extent position | blelementdynamictransformation,114,22,0
860,"[0, 0, 1, 1, 0, 0]",wapath represents a path navigation breadcrumbs for a web page and displays Standard breadcrumbs xxx yyy Zzz .,wapath represents path navigation breadcrumb web page display standard breadcrumb xxx yyy zzz,i am dynamic element transformation in the sense that my transformation matrix may actually depend on some element properties such as #extent or #position. | BlElementDynamicTransformation,dynamic element transformation sense transformation matrix may actually depend element property extent position | blelementdynamictransformation,110,18,0
861,"[0, 0, 1, 1, 0, 0]",i am dynamic component transformation in the sense that my transformation matrix may actually depend On some ingredient Properties such As #extent or #position.,dynamic component transformation sense transformation matrix may actually depend ingredient property extent position,i am dynamic element transformation in the sense that my transformation matrix may actually depend on some element properties such as #extent or #position. | BlElementDynamicTransformation,dynamic element transformation sense transformation matrix may actually depend element property extent position | blelementdynamictransformation,160,24,0
862,"[0, 0, 1, 1, 0, 0]",canonic steppers execute one timestep of a particular tell with a apply stepsize.,canonic stepper execute one timestep particular tell apply stepsize,i am dynamic element transformation in the sense that my transformation matrix may actually depend on some element properties such as #extent or #position. | BlElementDynamicTransformation,dynamic element transformation sense transformation matrix may actually depend element property extent position | blelementdynamictransformation,81,13,0
863,"[0, 0, 1, 1, 0, 0]",i am Dynamic element transformation in the sentiency that my transformation matrix may actually depend on around element properties such as #extent Or #position.,dynamic element transformation sentiency transformation matrix may actually depend around element property extent position,i am dynamic element transformation in the sense that my transformation matrix may actually depend on some element properties such as #extent or #position. | BlElementDynamicTransformation,dynamic element transformation sense transformation matrix may actually depend element property extent position | blelementdynamictransformation,161,24,0
864,"[0, 0, 1, 1, 0, 0]",lan interface comment for testing purposes.,lan interface comment testing purpose,i am dynamic element transformation in the sense that my transformation matrix may actually depend on some element properties such as #extent or #position. | BlElementDynamicTransformation,dynamic element transformation sense transformation matrix may actually depend element property extent position | blelementdynamictransformation,43,6,0
865,"[0, 0, 1, 1, 0, 0]",a wamemoryinput Is a dialog that provide the user to introduce an quantity of memory.,wamemoryinput dialog provide user introduce quantity memory,i am dynamic element transformation in the sense that my transformation matrix may actually depend on some element properties such as #extent or #position. | BlElementDynamicTransformation,dynamic element transformation sense transformation matrix may actually depend element property extent position | blelementdynamictransformation,85,15,0
866,"[0, 0, 1, 1, 0, 0]",i am a Fallback horde that Is chosen if there are No other available and supported hosts.,fallback horde chosen available supported host,i am dynamic element transformation in the sense that my transformation matrix may actually depend on some element properties such as #extent or #position. | BlElementDynamicTransformation,dynamic element transformation sense transformation matrix may actually depend element property extent position | blelementdynamictransformation,89,17,0
867,"[0, 0, 1, 1, 0, 0]",i am dynamic Element transformation in the signified that my Transformation matrix may actually depend on some element properties such as #extent or #position.,dynamic element transformation signified transformation matrix may actually depend element property extent position,i am dynamic element transformation in the sense that my transformation matrix may actually depend on some element properties such as #extent or #position. | BlElementDynamicTransformation,dynamic element transformation sense transformation matrix may actually depend element property extent position | blelementdynamictransformation,159,24,0
868,"[0, 0, 1, 1, 0, 0]",i am a virtual anchor that lays on a vertical to a delineate between two acknowledgment anchors.,virtual anchor lay vertical delineate two acknowledgment anchor,i am dynamic element transformation in the sense that my transformation matrix may actually depend on some element properties such as #extent or #position. | BlElementDynamicTransformation,dynamic element transformation sense transformation matrix may actually depend element property extent position | blelementdynamictransformation,96,17,0
869,"[0, 0, 1, 1, 0, 0]",basic steppers do one timestep of a specific society With a commit stepsize.,basic stepper one timestep specific society commit stepsize,i am dynamic element transformation in the sense that my transformation matrix may actually depend on some element properties such as #extent or #position. | BlElementDynamicTransformation,dynamic element transformation sense transformation matrix may actually depend element property extent position | blelementdynamictransformation,76,13,0
870,"[0, 0, 1, 1, 0, 0]",i am a fallback legion that is chosen if thither are no Other usable and supported hosts.,fallback legion chosen thither usable supported host,i am dynamic element transformation in the sense that my transformation matrix may actually depend on some element properties such as #extent or #position. | BlElementDynamicTransformation,dynamic element transformation sense transformation matrix may actually depend element property extent position | blelementdynamictransformation,89,17,0
871,"[0, 0, 1, 1, 0, 0]",i am Sent by the text editor factor when an element playact A role of the cursor Is removed from the Editor,sent text editor factor element playact role cursor removed editor,i am dynamic element transformation in the sense that my transformation matrix may actually depend on some element properties such as #extent or #position. | BlElementDynamicTransformation,dynamic element transformation sense transformation matrix may actually depend element property extent position | blelementdynamictransformation,107,22,0
872,"[0, 0, 1, 1, 0, 0]",accuracy is a framework for testing the numerical Accuracy of the results of methods.,accuracy framework testing numerical accuracy result method,i am dynamic element transformation in the sense that my transformation matrix may actually depend on some element properties such as #extent or #position. | BlElementDynamicTransformation,dynamic element transformation sense transformation matrix may actually depend element property extent position | blelementdynamictransformation,85,14,0
873,"[0, 0, 1, 1, 0, 0]",i am an abstraction for a type of dependency In the loading configuration Of a system.,abstraction type dependency loading configuration system,i am dynamic element transformation in the sense that my transformation matrix may actually depend on some element properties such as #extent or #position. | BlElementDynamicTransformation,dynamic element transformation sense transformation matrix may actually depend element property extent position | blelementdynamictransformation,86,16,0
874,"[0, 0, 1, 1, 0, 0]",i am a fallback host that is take if there Are No early Available and abide hosts.,fallback host take early available abide host,i am dynamic element transformation in the sense that my transformation matrix may actually depend on some element properties such as #extent or #position. | BlElementDynamicTransformation,dynamic element transformation sense transformation matrix may actually depend element property extent position | blelementdynamictransformation,82,17,0
875,"[0, 0, 1, 1, 0, 0]",I implement line search Algorithm to get the minimum Of a function g x 0 on the Interval 0 x 1.,implement line search algorithm get minimum function g x interval x,i am dynamic element transformation in the sense that my transformation matrix may actually depend on some element properties such as #extent or #position. | BlElementDynamicTransformation,dynamic element transformation sense transformation matrix may actually depend element property extent position | blelementdynamictransformation,95,21,0
876,"[0, 0, 1, 1, 0, 0]",i am an element with a humbled onlayout method that throws fault subscriptoutofbounds,element humbled onlayout method throw fault subscriptoutofbounds,i am dynamic element transformation in the sense that my transformation matrix may actually depend on some element properties such as #extent or #position. | BlElementDynamicTransformation,dynamic element transformation sense transformation matrix may actually depend element property extent position | blelementdynamictransformation,85,13,0
877,"[0, 0, 1, 1, 0, 0]",i Am a practical anchor That lays on a perpendicular to a line between Two reference Anchors.,practical anchor lay perpendicular line two reference anchor,i am dynamic element transformation in the sense that my transformation matrix may actually depend on some element properties such as #extent or #position. | BlElementDynamicTransformation,dynamic element transformation sense transformation matrix may actually depend element property extent position | blelementdynamictransformation,93,17,0
878,"[0, 0, 1, 1, 0, 0]",this is the quiz class that exercises scikit determine eigenvector flip algorithm,quiz class exercise scikit determine eigenvector flip algorithm,i am dynamic element transformation in the sense that my transformation matrix may actually depend on some element properties such as #extent or #position. | BlElementDynamicTransformation,dynamic element transformation sense transformation matrix may actually depend element property extent position | blelementdynamictransformation,81,12,1
879,"[0, 0, 1, 1, 0, 0]",i Am a new class to compound Attach points,new class compound attach point,i am dynamic element transformation in the sense that my transformation matrix may actually depend on some element properties such as #extent or #position. | BlElementDynamicTransformation,dynamic element transformation sense transformation matrix may actually depend element property extent position | blelementdynamictransformation,42,9,0
880,"[0, 0, 1, 1, 0, 0]",i am an abstract for a type of habituation in the loading configuration of a system.,abstract type habituation loading configuration system,i am dynamic element transformation in the sense that my transformation matrix may actually depend on some element properties such as #extent or #position. | BlElementDynamicTransformation,dynamic element transformation sense transformation matrix may actually depend element property extent position | blelementdynamictransformation,84,16,0
881,"[0, 0, 1, 1, 0, 0]","i am A class to produce visualizations about rings, center is the root of the shoetree and Arcs Are the sub trees.",class produce visualization ring center root shoetree arc sub tree,i am dynamic element transformation in the sense that my transformation matrix may actually depend on some element properties such as #extent or #position. | BlElementDynamicTransformation,dynamic element transformation sense transformation matrix may actually depend element property extent position | blelementdynamictransformation,114,22,0
882,"[0, 0, 1, 1, 0, 0]",I am an Example of a custom non component event target that can Be nicely integrated In bloc infrastructure,example custom non component event target nicely integrated bloc infrastructure,i am dynamic element transformation in the sense that my transformation matrix may actually depend on some element properties such as #extent or #position. | BlElementDynamicTransformation,dynamic element transformation sense transformation matrix may actually depend element property extent position | blelementdynamictransformation,107,19,0
883,"[0, 0, 1, 1, 0, 0]",i Am sent by the textbook editor ingredient when an element playing a role Of the cursor is removed from the editor,sent textbook editor ingredient element playing role cursor removed editor,i am dynamic element transformation in the sense that my transformation matrix may actually depend on some element properties such as #extent or #position. | BlElementDynamicTransformation,dynamic element transformation sense transformation matrix may actually depend element property extent position | blelementdynamictransformation,115,22,0
884,"[0, 0, 1, 1, 0, 0]","i am a class to Create visualizations about rings, Center is the root of the corner and arcs are The sub trees.",class create visualization ring center root corner arc sub tree,i am dynamic element transformation in the sense that my transformation matrix may actually depend on some element properties such as #extent or #position. | BlElementDynamicTransformation,dynamic element transformation sense transformation matrix may actually depend element property extent position | blelementdynamictransformation,111,22,0
885,"[0, 0, 1, 1, 0, 0]",i implement line look algorithm to find the minimum Of a function G x 0 on The Interval 0 x 1.,implement line look algorithm find minimum function g x interval x,i am dynamic element transformation in the sense that my transformation matrix may actually depend on some element properties such as #extent or #position. | BlElementDynamicTransformation,dynamic element transformation sense transformation matrix may actually depend element property extent position | blelementdynamictransformation,94,21,0
886,"[0, 0, 1, 1, 0, 0]",i am an abstraction for A Type of dependence in the loading configuration of a system.,abstraction type dependence loading configuration system,i am dynamic element transformation in the sense that my transformation matrix may actually depend on some element properties such as #extent or #position. | BlElementDynamicTransformation,dynamic element transformation sense transformation matrix may actually depend element property extent position | blelementdynamictransformation,86,16,0
887,"[0, 0, 1, 1, 0, 0]",i am a fallback legion that Is take if there are no former usable and supported hosts.,fallback legion take former usable supported host,i am dynamic element transformation in the sense that my transformation matrix may actually depend on some element properties such as #extent or #position. | BlElementDynamicTransformation,dynamic element transformation sense transformation matrix may actually depend element property extent position | blelementdynamictransformation,86,17,0
888,"[0, 0, 1, 1, 0, 0]",i am dynamic component transformation in the sense that my transformation matrix may Actually depend on some element prop such as #extent or #position.,dynamic component transformation sense transformation matrix may actually depend element prop extent position,i am dynamic element transformation in the sense that my transformation matrix may actually depend on some element properties such as #extent or #position. | BlElementDynamicTransformation,dynamic element transformation sense transformation matrix may actually depend element property extent position | blelementdynamictransformation,151,24,0
889,"[0, 0, 1, 1, 0, 0]","i am a class to produce editable label shapes, but do not forget That roassal is for visualizations not to build morph",class produce editable label shape forget roassal visualization build morph,i am dynamic element transformation in the sense that my transformation matrix may actually depend on some element properties such as #extent or #position. | BlElementDynamicTransformation,dynamic element transformation sense transformation matrix may actually depend element property extent position | blelementdynamictransformation,118,22,0
890,"[0, 0, 1, 1, 0, 0]",i am active ingredient translation in the sentiency That my transformation matrix may actually depend on some element properties such As #extent or #position.,active ingredient translation sentiency transformation matrix may actually depend element property extent position,i am dynamic element transformation in the sense that my transformation matrix may actually depend on some element properties such as #extent or #position. | BlElementDynamicTransformation,dynamic element transformation sense transformation matrix may actually depend element property extent position | blelementdynamictransformation,158,24,0
891,"[0, 0, 1, 1, 0, 0]",i am An abstraction for a type of Dependency in the payload shape of a system.,abstraction type dependency payload shape system,i am dynamic element transformation in the sense that my transformation matrix may actually depend on some element properties such as #extent or #position. | BlElementDynamicTransformation,dynamic element transformation sense transformation matrix may actually depend element property extent position | blelementdynamictransformation,78,16,0
892,"[0, 0, 1, 1, 0, 0]",I am an example of A custom non constituent event target that can be nicely integrated in bloc infrastructure,example custom non constituent event target nicely integrated bloc infrastructure,i am dynamic element transformation in the sense that my transformation matrix may actually depend on some element properties such as #extent or #position. | BlElementDynamicTransformation,dynamic element transformation sense transformation matrix may actually depend element property extent position | blelementdynamictransformation,109,19,0
893,"[0, 0, 1, 1, 0, 0]",basic steppers execute one timestep of a specific order with a Given stepsize.,basic stepper execute one timestep specific order given stepsize,i am dynamic element transformation in the sense that my transformation matrix may actually depend on some element properties such as #extent or #position. | BlElementDynamicTransformation,dynamic element transformation sense transformation matrix may actually depend element property extent position | blelementdynamictransformation,78,13,0
894,"[0, 0, 1, 1, 0, 0]",i am a pinhead tool that does nothing,pinhead tool nothing,i am dynamic element transformation in the sense that my transformation matrix may actually depend on some element properties such as #extent or #position. | BlElementDynamicTransformation,dynamic element transformation sense transformation matrix may actually depend element property extent position | blelementdynamictransformation,37,8,0
895,"[0, 0, 0, 0, 0, 1]",the virtually ecumenical stepper type is distinguish by the stepper concept.,virtually ecumenical stepper type distinguish stepper concept,is sent by an element after it is removed from the parent. | BlElementRemovedEvent,sent element removed parent | blelementremovedevent,76,11,0
896,"[0, 0, 0, 0, 0, 1]",used By lend enabledebug before parsing.,used lend enabledebug parsing,is sent by an element after it is removed from the parent. | BlElementRemovedEvent,sent element removed parent | blelementremovedevent,40,6,0
897,"[0, 0, 0, 0, 0, 1]",used by lend enabledebug earlier parsing.,used lend enabledebug earlier parsing,is sent by an element after it is removed from the parent. | BlElementRemovedEvent,sent element removed parent | blelementremovedevent,41,6,0
898,"[0, 0, 0, 0, 0, 1]",i Am typically used for unnumerable lists,typically used unnumerable list,is sent by an element after it is removed from the parent. | BlElementRemovedEvent,sent element removed parent | blelementremovedevent,41,7,0
899,"[0, 0, 0, 0, 0, 1]","the association value Is an object Of your choosing, which your code role to restore that page .",association value object choosing code role restore page,is sent by an element after it is removed from the parent. | BlElementRemovedEvent,sent element removed parent | blelementremovedevent,96,18,0
900,"[0, 0, 0, 0, 0, 1]",a datum set has to be added to a rtgrapher.,datum set added rtgrapher,is sent by an element after it is removed from the parent. | BlElementRemovedEvent,sent element removed parent | blelementremovedevent,43,10,0
901,"[0, 0, 0, 0, 0, 1]",the association key is the schoolbook that is displayed in the breadcrimb.,association key schoolbook displayed breadcrimb,is sent by an element after it is removed from the parent. | BlElementRemovedEvent,sent element removed parent | blelementremovedevent,74,12,0
902,"[0, 0, 0, 0, 0, 1]",a desktop process should commit #reap To me.,desktop process commit reap,is sent by an element after it is removed from the parent. | BlElementRemovedEvent,sent element removed parent | blelementremovedevent,44,8,0
903,"[0, 0, 0, 0, 0, 1]",an uncommitted Response should be handled as common by the host adapter.,uncommitted response handled common host adapter,is sent by an element after it is removed from the parent. | BlElementRemovedEvent,sent element removed parent | blelementremovedevent,72,12,0
904,"[0, 0, 0, 0, 0, 1]",for Document handlers question fields Are used.,document handler question field used,is sent by an element after it is removed from the parent. | BlElementRemovedEvent,sent element removed parent | blelementremovedevent,47,7,0
905,"[0, 0, 0, 0, 0, 1]",I am practice by a class gtrlreleasebuilder to create a new release.,practice class gtrlreleasebuilder create new release,is sent by an element after it is removed from the parent. | BlElementRemovedEvent,sent element removed parent | blelementremovedevent,68,12,0
906,"[0, 0, 0, 0, 0, 1]","the connexion Value is an target Of your choosing, which your code uses to fix that page .",connexion value target choosing code us fix page,is sent by an element after it is removed from the parent. | BlElementRemovedEvent,sent element removed parent | blelementremovedevent,90,18,0
907,"[0, 0, 0, 0, 0, 1]","the connexion value is an Object Of your Choosing, which your code employment to restore that page .",connexion value object choosing code employment restore page,is sent by an element after it is removed from the parent. | BlElementRemovedEvent,sent element removed parent | blelementremovedevent,100,18,0
908,"[0, 0, 0, 0, 0, 1]",gtgradtreelayout is a superclass of Gtgradhorizontaltreelayout and Gtgradverticaltreelayout Classes and contains generic tree layout methods And definition of method the Two subclasses need to redefine.,gtgradtreelayout superclass gtgradhorizontaltreelayout gtgradverticaltreelayout class contains generic tree layout method definition method two subclass need redefine,is sent by an element after it is removed from the parent. | BlElementRemovedEvent,sent element removed parent | blelementremovedevent,202,25,0
909,"[0, 0, 0, 0, 0, 1]",the mouse move event is fired When a pointing device usually A Mouse is moved while over an element.,mouse move event fired pointing device usually mouse moved element,is sent by an element after it is removed from the parent. | BlElementRemovedEvent,sent element removed parent | blelementremovedevent,100,19,0
910,"[0, 0, 0, 0, 0, 1]",a information set has to be Added to a rtgrapher.,information set added rtgrapher,is sent by an element after it is removed from the parent. | BlElementRemovedEvent,sent element removed parent | blelementremovedevent,49,10,0
911,"[0, 0, 0, 0, 0, 1]",i am used by a class gtrlreleasebuilder To create A new release.,used class gtrlreleasebuilder create new release,is sent by an element after it is removed from the parent. | BlElementRemovedEvent,sent element removed parent | blelementremovedevent,64,12,0
912,"[0, 0, 0, 0, 0, 1]",the ui may want to display them In a copy,ui may want display copy,is sent by an element after it is removed from the parent. | BlElementRemovedEvent,sent element removed parent | blelementremovedevent,41,10,0
913,"[0, 0, 0, 0, 0, 1]","users can configure nonremittal options that utilise to all repositories from a release, or configure Options for individual repositories.",user configure nonremittal option utilise repository release configure option individual repository,is sent by an element after it is removed from the parent. | BlElementRemovedEvent,sent element removed parent | blelementremovedevent,138,19,1
914,"[0, 0, 0, 0, 0, 1]",the association Key is the schoolbook that is displayed in The breadcrimb.,association key schoolbook displayed breadcrimb,is sent by an element after it is removed from the parent. | BlElementRemovedEvent,sent element removed parent | blelementremovedevent,74,12,0
915,"[0, 0, 0, 0, 0, 1]",victimised by adding Enabledebug before parsing.,victimised adding enabledebug parsing,is sent by an element after it is removed from the parent. | BlElementRemovedEvent,sent element removed parent | blelementremovedevent,48,6,0
916,"[0, 0, 0, 0, 0, 1]","the association Value is An object of your choosing, which your inscribe Uses to restore that Page .",association value object choosing inscribe us restore page,is sent by an element after it is removed from the parent. | BlElementRemovedEvent,sent element removed parent | blelementremovedevent,100,18,0
917,"[0, 0, 0, 0, 0, 1]",i am victimised by a class gtrlreleasebuilder to produce a New Release.,victimised class gtrlreleasebuilder produce new release,is sent by an element after it is removed from the parent. | BlElementRemovedEvent,sent element removed parent | blelementremovedevent,71,12,0
918,"[0, 0, 0, 0, 0, 1]","class bltextelement Provides different text measurement strategies, each suitable for a particular use case.",class bltextelement provides different text measurement strategy suitable particular use case,is sent by an element after it is removed from the parent. | BlElementRemovedEvent,sent element removed parent | blelementremovedevent,108,14,1
919,"[0, 0, 0, 0, 0, 1]","class bltextelement cater different text Measurement strategies, Each suitable for a particular use case.",class bltextelement cater different text measurement strategy suitable particular use case,is sent by an element after it is removed from the parent. | BlElementRemovedEvent,sent element removed parent | blelementremovedevent,105,14,1
920,"[0, 0, 0, 0, 0, 1]","the Association value Is an Object of your choosing, which your encipher uses to Restore that page .",association value object choosing encipher us restore page,is sent by an element after it is removed from the parent. | BlElementRemovedEvent,sent element removed parent | blelementremovedevent,100,18,0
921,"[0, 0, 0, 0, 0, 1]",a background litigate should send #reap to me.,background litigate send reap,is sent by an element after it is removed from the parent. | BlElementRemovedEvent,sent element removed parent | blelementremovedevent,46,8,0
922,"[0, 0, 0, 0, 0, 1]",an uncommitted response should be Handled as Usual by the host adapter.,uncommitted response handled usual host adapter,is sent by an element after it is removed from the parent. | BlElementRemovedEvent,sent element removed parent | blelementremovedevent,71,12,0
923,"[0, 0, 0, 0, 0, 1]",send By,send,is sent by an element after it is removed from the parent. | BlElementRemovedEvent,sent element removed parent | blelementremovedevent,7,2,0
924,"[0, 0, 0, 0, 0, 1]",the ui may wish to display them in a transcript,ui may wish display transcript,is sent by an element after it is removed from the parent. | BlElementRemovedEvent,sent element removed parent | blelementremovedevent,47,10,0
925,"[0, 0, 0, 0, 0, 1]",the most general hoofer type is Described by the stepper concept.,general hoofer type described stepper concept,is sent by an element after it is removed from the parent. | BlElementRemovedEvent,sent element removed parent | blelementremovedevent,65,11,0
926,"[0, 0, 0, 0, 0, 1]",the ui may need to display them in a transcript,ui may need display transcript,is sent by an element after it is removed from the parent. | BlElementRemovedEvent,sent element removed parent | blelementremovedevent,47,10,0
927,"[0, 0, 0, 0, 0, 1]",is sent by an element later It is hit From the parent.,sent element later hit parent,is sent by an element after it is removed from the parent. | BlElementRemovedEvent,sent element removed parent | blelementremovedevent,54,12,1
928,"[0, 0, 0, 0, 0, 1]",the ui may want To Display them in a copy,ui may want display copy,is sent by an element after it is removed from the parent. | BlElementRemovedEvent,sent element removed parent | blelementremovedevent,41,10,0
929,"[0, 0, 0, 0, 0, 1]","The association value Is an aim Of Your choosing, which your cipher uses to rejuvenate that Page .",association value aim choosing cipher us rejuvenate page,is sent by an element after it is removed from the parent. | BlElementRemovedEvent,sent element removed parent | blelementremovedevent,98,18,0
930,"[0, 0, 0, 0, 0, 1]",direct by,direct,is sent by an element after it is removed from the parent. | BlElementRemovedEvent,sent element removed parent | blelementremovedevent,9,2,0
931,"[0, 0, 0, 0, 0, 1]",the nearly general stepper type is described by the hoofer concept.,nearly general stepper type described hoofer concept,is sent by an element after it is removed from the parent. | BlElementRemovedEvent,sent element removed parent | blelementremovedevent,67,11,0
932,"[0, 0, 0, 0, 0, 1]",The creep move effect is fired when a pointing twist usually a mouse is moved while over an element.,creep move effect fired pointing twist usually mouse moved element,is sent by an element after it is removed from the parent. | BlElementRemovedEvent,sent element removed parent | blelementremovedevent,100,19,0
933,"[0, 0, 0, 0, 0, 1]","the association treasure is an object of your choosing, which your encrypt America to restore that page .",association treasure object choosing encrypt america restore page,is sent by an element after it is removed from the parent. | BlElementRemovedEvent,sent element removed parent | blelementremovedevent,105,18,0
934,"[0, 0, 0, 0, 0, 1]",an uncommitted response should be handled as usual by the waiter adapter.,uncommitted response handled usual waiter adapter,is sent by an element after it is removed from the parent. | BlElementRemovedEvent,sent element removed parent | blelementremovedevent,73,12,0
935,"[0, 0, 0, 0, 0, 1]","exploiter can configure nonpayment option that apply to All repositories from a Release, or configure options for individual repositories.",exploiter configure nonpayment option apply repository release configure option individual repository,is sent by an element after it is removed from the parent. | BlElementRemovedEvent,sent element removed parent | blelementremovedevent,138,19,0
936,"[0, 0, 0, 0, 0, 1]","users can configure Default options that apply to all repository from a release, or configure options for someone repositories.",user configure default option apply repository release configure option someone repository,is sent by an element after it is removed from the parent. | BlElementRemovedEvent,sent element removed parent | blelementremovedevent,127,19,1
937,"[0, 0, 0, 0, 0, 1]",used by bestow enabledebug ahead parsing.,used bestow enabledebug ahead parsing,is sent by an element after it is removed from the parent. | BlElementRemovedEvent,sent element removed parent | blelementremovedevent,41,6,0
938,"[0, 0, 0, 0, 0, 1]",the mouse prompt event is fired when a bespeak gimmick Usually a mouse is moved while over an element.,mouse prompt event fired bespeak gimmick usually mouse moved element,is sent by an element after it is removed from the parent. | BlElementRemovedEvent,sent element removed parent | blelementremovedevent,102,19,0
939,"[0, 0, 0, 0, 0, 1]","class bltextelement Provides different text measurement Strategies, apiece suitable for a particular use case.",class bltextelement provides different text measurement strategy apiece suitable particular use case,is sent by an element after it is removed from the parent. | BlElementRemovedEvent,sent element removed parent | blelementremovedevent,110,14,1
940,"[0, 0, 0, 0, 0, 1]",gtgradtreelayout is A superclass of gtgradhorizontaltreelayout and gtgradverticaltreelayout classes and incorporate generic Tree layout methods and definition of methods the Two subclasses motivation to redefine.,gtgradtreelayout superclass gtgradhorizontaltreelayout gtgradverticaltreelayout class incorporate generic tree layout method definition method two subclass motivation redefine,is sent by an element after it is removed from the parent. | BlElementRemovedEvent,sent element removed parent | blelementremovedevent,212,25,0
941,"[0, 0, 0, 0, 0, 1]",the most general hoofer type Is account by the hoofer Concept.,general hoofer type account hoofer concept,is sent by an element after it is removed from the parent. | BlElementRemovedEvent,sent element removed parent | blelementremovedevent,62,11,0
942,"[0, 0, 0, 0, 0, 1]",Is sent by an element later it is removed from the parent.,sent element later removed parent,is sent by an element after it is removed from the parent. | BlElementRemovedEvent,sent element removed parent | blelementremovedevent,58,12,1
943,"[0, 0, 0, 0, 0, 1]",i am Used by a class gtrlreleasebuilder to produce a new release.,used class gtrlreleasebuilder produce new release,is sent by an element after it is removed from the parent. | BlElementRemovedEvent,sent element removed parent | blelementremovedevent,65,12,0
944,"[0, 0, 0, 0, 0, 1]",i am Used by a class gtrlreleasebuilder to create a new Release.,used class gtrlreleasebuilder create new release,is sent by an element after it is removed from the parent. | BlElementRemovedEvent,sent element removed parent | blelementremovedevent,64,12,0
945,"[0, 0, 0, 0, 0, 1]",i am habituate by a class gtrlreleasebuilder to create a new release.,habituate class gtrlreleasebuilder create new release,is sent by an element after it is removed from the parent. | BlElementRemovedEvent,sent element removed parent | blelementremovedevent,69,12,0
946,"[0, 0, 0, 0, 0, 1]","Generally, the departure between the implementations of The hozitonal And perpendicular version are really small, revolving around one Using or setting the x and the early y Coordinates.",generally departure implementation hozitonal perpendicular version really small revolving around one using setting x early coordinate,is sent by an element after it is removed from the parent. | BlElementRemovedEvent,sent element removed parent | blelementremovedevent,186,28,0
947,"[0, 0, 0, 0, 0, 1]",the Most general hoofer typewrite is described by the stepper Concept.,general hoofer typewrite described stepper concept,is sent by an element after it is removed from the parent. | BlElementRemovedEvent,sent element removed parent | blelementremovedevent,70,11,0
948,"[0, 0, 0, 0, 0, 1]",the ui may wishing to Display them in a transcript,ui may wishing display transcript,is sent by an element after it is removed from the parent. | BlElementRemovedEvent,sent element removed parent | blelementremovedevent,50,10,0
949,"[0, 0, 0, 0, 0, 1]",i am used by class Gtgraphtreemapsquarifystep .,used class gtgraphtreemapsquarifystep,is sent by an element after it is removed from the parent. | BlElementRemovedEvent,sent element removed parent | blelementremovedevent,47,7,0
950,"[0, 0, 0, 0, 0, 1]",is mail by an component After It is removed from the parent.,mail component removed parent,is sent by an element after it is removed from the parent. | BlElementRemovedEvent,sent element removed parent | blelementremovedevent,60,12,1
951,"[0, 0, 0, 0, 0, 1]",I am used by class gtgraphtreemapsquarifystep .,used class gtgraphtreemapsquarifystep,is sent by an element after it is removed from the parent. | BlElementRemovedEvent,sent element removed parent | blelementremovedevent,47,7,0
952,"[0, 0, 0, 0, 0, 1]",is sent by an element later it is off from the parent.,sent element later parent,is sent by an element after it is removed from the parent. | BlElementRemovedEvent,sent element removed parent | blelementremovedevent,54,12,1
953,"[0, 0, 0, 0, 0, 1]",i am Used by class gtgraphtreemapsquarifystep .,used class gtgraphtreemapsquarifystep,is sent by an element after it is removed from the parent. | BlElementRemovedEvent,sent element removed parent | blelementremovedevent,47,7,0
954,"[0, 0, 0, 0, 0, 1]",is commit by an factor after it is removed from the Parent.,commit factor removed parent,is sent by an element after it is removed from the parent. | BlElementRemovedEvent,sent element removed parent | blelementremovedevent,59,12,1
955,"[0, 0, 0, 0, 0, 1]",Used by adding enabledebug before parsing.,used adding enabledebug parsing,is sent by an element after it is removed from the parent. | BlElementRemovedEvent,sent element removed parent | blelementremovedevent,42,6,0
956,"[0, 0, 0, 0, 0, 1]","user can configure default options that apply to all repositories from a release, or configure options for individual repositories.",user configure default option apply repository release configure option individual repository,is sent by an element after it is removed from the parent. | BlElementRemovedEvent,sent element removed parent | blelementremovedevent,131,19,0
957,"[0, 0, 0, 0, 0, 1]","class bltextelement provides different textbook measurement strategies, Each suited for A particular Use case.",class bltextelement provides different textbook measurement strategy suited particular use case,is sent by an element after it is removed from the parent. | BlElementRemovedEvent,sent element removed parent | blelementremovedevent,110,14,1
958,"[0, 0, 0, 0, 0, 1]",gtgradtreelayout is a superclass of gtgradhorizontaltreelayout and gtgradverticaltreelayout classes and contains generic tree layout methods and definitions of method the two subclass need to redefine.,gtgradtreelayout superclass gtgradhorizontaltreelayout gtgradverticaltreelayout class contains generic tree layout method definition method two subclass need redefine,is sent by an element after it is removed from the parent. | BlElementRemovedEvent,sent element removed parent | blelementremovedevent,201,25,0
959,"[0, 0, 0, 0, 0, 1]",I am typically used for multitudinous lists,typically used multitudinous list,is sent by an element after it is removed from the parent. | BlElementRemovedEvent,sent element removed parent | blelementremovedevent,43,7,0
960,"[0, 0, 0, 0, 0, 1]",used by append enabledebug before parsing.,used append enabledebug parsing,is sent by an element after it is removed from the parent. | BlElementRemovedEvent,sent element removed parent | blelementremovedevent,42,6,0
961,"[0, 0, 0, 0, 0, 1]",an uncommitted response should be handled as usual by the Server adapter.,uncommitted response handled usual server adapter,is sent by an element after it is removed from the parent. | BlElementRemovedEvent,sent element removed parent | blelementremovedevent,73,12,0
962,"[0, 0, 0, 0, 0, 1]",The ui may want to display them in a copy,ui may want display copy,is sent by an element after it is removed from the parent. | BlElementRemovedEvent,sent element removed parent | blelementremovedevent,41,10,0
963,"[0, 0, 0, 0, 0, 1]","the tie Value is An Object of your choosing, which your Code uses to reestablish that page .",tie value object choosing code us reestablish page,is sent by an element after it is removed from the parent. | BlElementRemovedEvent,sent element removed parent | blelementremovedevent,92,18,0
964,"[0, 0, 0, 0, 0, 1]",the most general stepper typecast is described by the hoofer concept.,general stepper typecast described hoofer concept,is sent by an element after it is removed from the parent. | BlElementRemovedEvent,sent element removed parent | blelementremovedevent,69,11,0
965,"[0, 0, 0, 0, 0, 1]",the virtually General stepper type is described by the stepper concept.,virtually general stepper type described stepper concept,is sent by an element after it is removed from the parent. | BlElementRemovedEvent,sent element removed parent | blelementremovedevent,71,11,0
966,"[0, 0, 0, 0, 0, 1]",A datum set has to be added to a Rtgrapher.,datum set added rtgrapher,is sent by an element after it is removed from the parent. | BlElementRemovedEvent,sent element removed parent | blelementremovedevent,43,10,0
967,"[0, 0, 0, 0, 0, 1]",i am used by a class gtrlreleasebuilder to create A new release.,used class gtrlreleasebuilder create new release,is sent by an element after it is removed from the parent. | BlElementRemovedEvent,sent element removed parent | blelementremovedevent,64,12,0
968,"[0, 0, 0, 0, 0, 1]",for Document manager query fields are Used.,document manager query field used,is sent by an element after it is removed from the parent. | BlElementRemovedEvent,sent element removed parent | blelementremovedevent,43,7,0
969,"[0, 0, 0, 0, 0, 1]",for papers handlers interrogation fields are Used.,paper handler interrogation field used,is sent by an element after it is removed from the parent. | BlElementRemovedEvent,sent element removed parent | blelementremovedevent,50,7,0
970,"[0, 0, 0, 0, 0, 1]",the affiliation key is the text that is displayed in the breadcrimb.,affiliation key text displayed breadcrimb,is sent by an element after it is removed from the parent. | BlElementRemovedEvent,sent element removed parent | blelementremovedevent,68,12,0
971,"[0, 0, 0, 0, 0, 1]",an uncommitted response should be handled as common by the Server adapter.,uncommitted response handled common server adapter,is sent by an element after it is removed from the parent. | BlElementRemovedEvent,sent element removed parent | blelementremovedevent,74,12,0
972,"[0, 0, 0, 0, 0, 1]","the association value is an object of your choosing, which your Code habituate to restore that page .",association value object choosing code habituate restore page,is sent by an element after it is removed from the parent. | BlElementRemovedEvent,sent element removed parent | blelementremovedevent,101,18,0
973,"[0, 0, 0, 0, 0, 1]",used by adding enabledebug ahead parsing.,used adding enabledebug ahead parsing,is sent by an element after it is removed from the parent. | BlElementRemovedEvent,sent element removed parent | blelementremovedevent,41,6,0
974,"[0, 0, 0, 0, 0, 1]",the association key is the schoolbook that is display in the breadcrimb.,association key schoolbook display breadcrimb,is sent by an element after it is removed from the parent. | BlElementRemovedEvent,sent element removed parent | blelementremovedevent,72,12,0
975,"[0, 0, 1, 0, 0, 1]",i fetch data from the Diagrammer editor Data source,fetch data diagrammer editor data source,the geometry is used to define the geometry to be drawn and the interaction area. | BlGeometry,geometry used define geometry drawn interaction area | blgeometry,51,9,0
976,"[0, 0, 1, 0, 0, 1]","wapath keep A stack of associations, one for each location or page in the path.",wapath keep stack association one location page path,the geometry is used to define the geometry to be drawn and the interaction area. | BlGeometry,geometry used define geometry drawn interaction area | blgeometry,79,15,0
977,"[0, 0, 1, 0, 0, 1]",i am expend together with brtext and brtextstyler to style text.,expend together brtext brtextstyler style text,the geometry is used to define the geometry to be drawn and the interaction area. | BlGeometry,geometry used define geometry drawn interaction area | blgeometry,64,11,0
978,"[0, 0, 1, 0, 0, 1]",i am attached to a axis element and define the visual construction of that bloc element.,attached axis element define visual construction bloc element,the geometry is used to define the geometry to be drawn and the interaction area. | BlGeometry,geometry used define geometry drawn interaction area | blgeometry,88,16,0
979,"[0, 0, 1, 0, 0, 1]",the geometry is used to Define the geometry to be Drawn And the interaction area.,geometry used define geometry drawn interaction area,the geometry is used to define the geometry to be drawn and the interaction area. | BlGeometry,geometry used define geometry drawn interaction area | blgeometry,81,15,0
980,"[0, 0, 1, 0, 0, 1]",i Am used to record schoolbook selection intervals while user drags mouse terminated the textbook Editor.,used record schoolbook selection interval user drag mouse terminated textbook editor,the geometry is used to define the geometry to be drawn and the interaction area. | BlGeometry,geometry used define geometry drawn interaction area | blgeometry,105,16,0
981,"[0, 0, 1, 0, 0, 1]",I fetch data from The Diagrammer editor data beginning,fetch data diagrammer editor data beginning,the geometry is used to define the geometry to be drawn and the interaction area. | BlGeometry,geometry used define geometry drawn interaction area | blgeometry,54,9,0
982,"[0, 0, 1, 0, 0, 1]",the geometry is used to specify the Geometry to be drawn and the interaction area.,geometry used specify geometry drawn interaction area,the geometry is used to define the geometry to be drawn and the interaction area. | BlGeometry,geometry used define geometry drawn interaction area | blgeometry,82,15,0
983,"[0, 0, 1, 0, 0, 1]",i allow Connector to Be Notified And sequester its own extra handlers to fresh created release,allow connector notified sequester extra handler fresh created release,the geometry is used to define the geometry to be drawn and the interaction area. | BlGeometry,geometry used define geometry drawn interaction area | blgeometry,94,16,0
984,"[0, 0, 1, 0, 0, 1]",Famixtrait models a trait as it can be found in pharo or php.,famixtrait model trait found pharo php,the geometry is used to define the geometry to be drawn and the interaction area. | BlGeometry,geometry used define geometry drawn interaction area | blgeometry,61,13,0
985,"[0, 0, 1, 0, 0, 1]",i am used to record text Selection intervals while user trail mouse ended the schoolbook editor.,used record text selection interval user trail mouse ended schoolbook editor,the geometry is used to define the geometry to be drawn and the interaction area. | BlGeometry,geometry used define geometry drawn interaction area | blgeometry,96,16,0
986,"[0, 0, 1, 0, 0, 1]",is Sent by buttonattribute After Button is created.,sent buttonattribute button created,the geometry is used to define the geometry to be drawn and the interaction area. | BlGeometry,geometry used define geometry drawn interaction area | blgeometry,51,8,1
987,"[0, 0, 1, 0, 0, 1]",additionally i Play a role of a selection Strategy to support Single or multiple selection.,additionally play role selection strategy support single multiple selection,the geometry is used to define the geometry to be drawn and the interaction area. | BlGeometry,geometry used define geometry drawn interaction area | blgeometry,91,15,0
988,"[0, 0, 1, 0, 0, 1]","Wapath maintains a stack of associations, one for apiece position or paginate in the Path.",wapath maintains stack association one apiece position paginate path,the geometry is used to define the geometry to be drawn and the interaction area. | BlGeometry,geometry used define geometry drawn interaction area | blgeometry,90,15,0
989,"[0, 0, 1, 0, 0, 1]",it simply render in a view an axis conformation,simply render view axis conformation,the geometry is used to define the geometry to be drawn and the interaction area. | BlGeometry,geometry used define geometry drawn interaction area | blgeometry,47,9,0
990,"[0, 0, 1, 0, 0, 1]",i allow connector to be Notified and attach its Own additional manager to newly Created button,allow connector notified attach additional manager newly created button,the geometry is used to define the geometry to be drawn and the interaction area. | BlGeometry,geometry used define geometry drawn interaction area | blgeometry,94,16,0
991,"[0, 0, 1, 0, 0, 1]",i allow connector to be notified and bond its own additional handlers to newly created button,allow connector notified bond additional handler newly created button,the geometry is used to define the geometry to be drawn and the interaction area. | BlGeometry,geometry used define geometry drawn interaction area | blgeometry,93,16,0
992,"[0, 0, 1, 0, 0, 1]",it just supply in a purview An axis configuration,supply purview axis configuration,the geometry is used to define the geometry to be drawn and the interaction area. | BlGeometry,geometry used define geometry drawn interaction area | blgeometry,49,9,0
993,"[0, 0, 1, 0, 0, 1]","wapath assert a Stack of Associations, one for each location or page in the path.",wapath assert stack association one location page path,the geometry is used to define the geometry to be drawn and the interaction area. | BlGeometry,geometry used define geometry drawn interaction area | blgeometry,81,15,0
994,"[0, 0, 1, 0, 0, 1]",is sent by buttonattribute After button is created.,sent buttonattribute button created,the geometry is used to define the geometry to be drawn and the interaction area. | BlGeometry,geometry used define geometry drawn interaction area | blgeometry,51,8,1
995,"[0, 0, 1, 0, 0, 1]",waerrorhandler beguile errors and warnings and furnish two methods for manage each eccentric of elision,waerrorhandler beguile error warning furnish two method manage eccentric elision,the geometry is used to define the geometry to be drawn and the interaction area. | BlGeometry,geometry used define geometry drawn interaction area | blgeometry,103,15,0
996,"[0, 0, 1, 0, 0, 1]",the form element acts as a container for input element and buttons.,form element act container input element button,the geometry is used to define the geometry to be drawn and the interaction area. | BlGeometry,geometry used define geometry drawn interaction area | blgeometry,67,12,0
997,"[0, 0, 1, 0, 0, 1]",the geometry is Used to define the geometry to be drawn and the interaction area.,geometry used define geometry drawn interaction area,the geometry is used to define the geometry to be drawn and the interaction area. | BlGeometry,geometry used define geometry drawn interaction area | blgeometry,81,15,0
998,"[0, 0, 1, 0, 0, 1]",famixtrait mannequin a Trait as it can be found in pharo Or php.,famixtrait mannequin trait found pharo php,the geometry is used to define the geometry to be drawn and the interaction area. | BlGeometry,geometry used define geometry drawn interaction area | blgeometry,64,13,0
999,"[0, 0, 1, 0, 0, 1]",i am attach to a Bloc element and set the visual structure of that axis element.,attach bloc element set visual structure axis element,the geometry is used to define the geometry to be drawn and the interaction area. | BlGeometry,geometry used define geometry drawn interaction area | blgeometry,80,16,0
1000,"[0, 0, 1, 0, 0, 1]",waerrorhandler catches errors and warning And provides two Methods for handling apiece case of exclusion,waerrorhandler catch error warning provides two method handling apiece case exclusion,the geometry is used to define the geometry to be drawn and the interaction area. | BlGeometry,geometry used define geometry drawn interaction area | blgeometry,104,15,0
1001,"[0, 0, 1, 0, 0, 1]",it simply Render In A view an axis form,simply render view axis form,the geometry is used to define the geometry to be drawn and the interaction area. | BlGeometry,geometry used define geometry drawn interaction area | blgeometry,39,9,0
1002,"[0, 0, 1, 0, 0, 1]","wapath maintains a stack of associations, One for each Location or page in the path.",wapath maintains stack association one location page path,the geometry is used to define the geometry to be drawn and the interaction area. | BlGeometry,geometry used define geometry drawn interaction area | blgeometry,84,15,0
1003,"[0, 0, 1, 0, 0, 1]",the geometry is Used to specify the geometry to be make and the interaction area.,geometry used specify geometry make interaction area,the geometry is used to define the geometry to be drawn and the interaction area. | BlGeometry,geometry used define geometry drawn interaction area | blgeometry,81,15,0
1004,"[0, 0, 1, 0, 0, 1]",i allow connector to be apprize and attach its own additional handlers to newly created push,allow connector apprize attach additional handler newly created push,the geometry is used to define the geometry to be drawn and the interaction area. | BlGeometry,geometry used define geometry drawn interaction area | blgeometry,92,16,0
1005,"[0, 0, 1, 0, 0, 1]",is Sent by buttonattribute afterward clitoris is created.,sent buttonattribute afterward clitoris created,the geometry is used to define the geometry to be drawn and the interaction area. | BlGeometry,geometry used define geometry drawn interaction area | blgeometry,57,8,1
1006,"[0, 0, 1, 0, 0, 1]",the variety element acts as A Container for remark constituent And Buttons.,variety element act container remark constituent button,the geometry is used to define the geometry to be drawn and the interaction area. | BlGeometry,geometry used define geometry drawn interaction area | blgeometry,75,12,0
1007,"[0, 0, 1, 0, 0, 1]",i am used to record text pick intervals while user drags shiner ended the text editor.,used record text pick interval user drag shiner ended text editor,the geometry is used to define the geometry to be drawn and the interaction area. | BlGeometry,geometry used define geometry drawn interaction area | blgeometry,86,16,0
1008,"[0, 0, 1, 0, 0, 1]",famixtrait models A trait as it can be found in pharo or php.,famixtrait model trait found pharo php,the geometry is used to define the geometry to be drawn and the interaction area. | BlGeometry,geometry used define geometry drawn interaction area | blgeometry,61,13,0
1009,"[0, 0, 1, 0, 0, 1]",additionally i play A function of a selection strategy to support single or multiple selection.,additionally play function selection strategy support single multiple selection,the geometry is used to define the geometry to be drawn and the interaction area. | BlGeometry,geometry used define geometry drawn interaction area | blgeometry,95,15,0
1010,"[0, 0, 1, 0, 0, 1]",i am utilize to record text selection intervals while exploiter dredge mouse complete the schoolbook editor.,utilize record text selection interval exploiter dredge mouse complete schoolbook editor,the geometry is used to define the geometry to be drawn and the interaction area. | BlGeometry,geometry used define geometry drawn interaction area | blgeometry,108,16,0
1011,"[0, 0, 1, 0, 0, 1]",additionally i play a role of a excerption strategy To support single or multiple selection.,additionally play role excerption strategy support single multiple selection,the geometry is used to define the geometry to be drawn and the interaction area. | BlGeometry,geometry used define geometry drawn interaction area | blgeometry,92,15,0
1012,"[0, 0, 1, 0, 0, 1]","Wapath keep a stack of associations, one for apiece localisation or page in the path.",wapath keep stack association one apiece localisation page path,the geometry is used to define the geometry to be drawn and the interaction area. | BlGeometry,geometry used define geometry drawn interaction area | blgeometry,85,15,0
1013,"[0, 0, 1, 0, 0, 1]",additionally i play a role of a pick strategy to support single Or multiple Selection.,additionally play role pick strategy support single multiple selection,the geometry is used to define the geometry to be drawn and the interaction area. | BlGeometry,geometry used define geometry drawn interaction area | blgeometry,86,15,0
1014,"[0, 0, 1, 0, 0, 1]",i am used to record text selection intervals while user drags pussyfoot over The text editor.,used record text selection interval user drag pussyfoot text editor,the geometry is used to define the geometry to be drawn and the interaction area. | BlGeometry,geometry used define geometry drawn interaction area | blgeometry,93,16,0
1015,"[0, 0, 1, 0, 0, 1]",the form constituent enactment as a Container for input elements And buttons.,form constituent enactment container input element button,the geometry is used to define the geometry to be drawn and the interaction area. | BlGeometry,geometry used define geometry drawn interaction area | blgeometry,77,12,0
1016,"[0, 0, 1, 0, 0, 1]",i display a inclination of editor of an aim in a vertical list.,display inclination editor aim vertical list,the geometry is used to define the geometry to be drawn and the interaction area. | BlGeometry,geometry used define geometry drawn interaction area | blgeometry,63,13,0
1017,"[0, 0, 1, 0, 0, 1]",famixtrait models a trait as it can be notice in pharo or php.,famixtrait model trait notice pharo php,the geometry is used to define the geometry to be drawn and the interaction area. | BlGeometry,geometry used define geometry drawn interaction area | blgeometry,62,13,0
1018,"[0, 0, 1, 0, 0, 1]",i fetch Data from the diagrammer editor data source,fetch data diagrammer editor data source,the geometry is used to define the geometry to be drawn and the interaction area. | BlGeometry,geometry used define geometry drawn interaction area | blgeometry,51,9,0
1019,"[0, 0, 1, 0, 0, 1]","Wapath maintains a stack of associations, one for each location or Page in the Path.",wapath maintains stack association one location page path,the geometry is used to define the geometry to be drawn and the interaction area. | BlGeometry,geometry used define geometry drawn interaction area | blgeometry,84,15,0
1020,"[0, 0, 1, 0, 0, 1]",is sent by buttonattribute after push is created.,sent buttonattribute push created,the geometry is used to define the geometry to be drawn and the interaction area. | BlGeometry,geometry used define geometry drawn interaction area | blgeometry,49,8,1
1021,"[0, 0, 1, 0, 0, 1]",famixtrait models a trait as It Can be observe in pharo or php.,famixtrait model trait observe pharo php,the geometry is used to define the geometry to be drawn and the interaction area. | BlGeometry,geometry used define geometry drawn interaction area | blgeometry,63,13,0
1022,"[0, 0, 1, 0, 0, 1]",i am attached to a bloc element and define the visual Structure of That bloc element.,attached bloc element define visual structure bloc element,the geometry is used to define the geometry to be drawn and the interaction area. | BlGeometry,geometry used define geometry drawn interaction area | blgeometry,85,16,0
1023,"[0, 0, 1, 0, 0, 1]",waerrorhandler catches errors and warnings and provides two methods for handling apiece case Of Exception,waerrorhandler catch error warning provides two method handling apiece case exception,the geometry is used to define the geometry to be drawn and the interaction area. | BlGeometry,geometry used define geometry drawn interaction area | blgeometry,105,15,0
1024,"[0, 0, 1, 0, 0, 1]",i am affiliated to a axis element and Define the visual structure of That bloc element.,affiliated axis element define visual structure bloc element,the geometry is used to define the geometry to be drawn and the interaction area. | BlGeometry,geometry used define geometry drawn interaction area | blgeometry,87,16,0
1025,"[0, 0, 1, 0, 0, 1]",i display a number of editor of an object In a perpendicular list.,display number editor object perpendicular list,the geometry is used to define the geometry to be drawn and the interaction area. | BlGeometry,geometry used define geometry drawn interaction area | blgeometry,66,13,0
1026,"[0, 0, 1, 0, 0, 1]",i Display a list of editors of an object in a vertical list.,display list editor object vertical list,the geometry is used to define the geometry to be drawn and the interaction area. | BlGeometry,geometry used define geometry drawn interaction area | blgeometry,60,13,0
1027,"[0, 0, 1, 0, 0, 1]",famixtrait exemplar a trait as it Can be found in pharo or php.,famixtrait exemplar trait found pharo php,the geometry is used to define the geometry to be drawn and the interaction area. | BlGeometry,geometry used define geometry drawn interaction area | blgeometry,63,13,0
1028,"[0, 0, 1, 0, 0, 1]",i am used unitedly with brtext and Brtextstyler to style text.,used unitedly brtext brtextstyler style text,the geometry is used to define the geometry to be drawn and the interaction area. | BlGeometry,geometry used define geometry drawn interaction area | blgeometry,62,11,0
1029,"[0, 0, 1, 0, 0, 1]",Is sent by buttonattribute later release Is created.,sent buttonattribute later release created,the geometry is used to define the geometry to be drawn and the interaction area. | BlGeometry,geometry used define geometry drawn interaction area | blgeometry,52,8,1
1030,"[0, 0, 1, 0, 0, 1]",waerrorhandler overhear Errors and Warnings and provides two methods for handling apiece type of exclusion,waerrorhandler overhear error warning provides two method handling apiece type exclusion,the geometry is used to define the geometry to be drawn and the interaction area. | BlGeometry,geometry used define geometry drawn interaction area | blgeometry,106,15,0
1031,"[0, 0, 1, 0, 0, 1]",I allow connection to be notified and sequester its own Additional handlers to newly created push,allow connection notified sequester additional handler newly created push,the geometry is used to define the geometry to be drawn and the interaction area. | BlGeometry,geometry used define geometry drawn interaction area | blgeometry,97,16,0
1032,"[0, 0, 1, 0, 0, 1]",famixtrait posture a trait as it can be found in Pharo or php.,famixtrait posture trait found pharo php,the geometry is used to define the geometry to be drawn and the interaction area. | BlGeometry,geometry used define geometry drawn interaction area | blgeometry,62,13,0
1033,"[0, 0, 1, 0, 0, 1]",waerrorhandler catches errors and warnings and provides two method for wield each Type of exclusion,waerrorhandler catch error warning provides two method wield type exclusion,the geometry is used to define the geometry to be drawn and the interaction area. | BlGeometry,geometry used define geometry drawn interaction area | blgeometry,99,15,0
1034,"[0, 0, 1, 0, 0, 1]",the form factor acts as a container for input constituent and buttons.,form factor act container input constituent button,the geometry is used to define the geometry to be drawn and the interaction area. | BlGeometry,geometry used define geometry drawn interaction area | blgeometry,70,12,0
1035,"[0, 0, 1, 0, 0, 1]",is sent by buttonattribute after button Is created.,sent buttonattribute button created,the geometry is used to define the geometry to be drawn and the interaction area. | BlGeometry,geometry used define geometry drawn interaction area | blgeometry,51,8,1
1036,"[0, 0, 1, 0, 0, 1]",additionally i play a role of a Selection strategy to support single or multiple selection.,additionally play role selection strategy support single multiple selection,the geometry is used to define the geometry to be drawn and the interaction area. | BlGeometry,geometry used define geometry drawn interaction area | blgeometry,91,15,0
1037,"[0, 0, 1, 0, 0, 1]",famixtrait model a Trait as it can be receive in pharo or php.,famixtrait model trait receive pharo php,the geometry is used to define the geometry to be drawn and the interaction area. | BlGeometry,geometry used define geometry drawn interaction area | blgeometry,62,13,0
1038,"[0, 0, 1, 0, 0, 1]",i am used together with brtext and Brtextstyler to style text.,used together brtext brtextstyler style text,the geometry is used to define the geometry to be drawn and the interaction area. | BlGeometry,geometry used define geometry drawn interaction area | blgeometry,62,11,0
1039,"[0, 0, 1, 0, 0, 1]",it simply provide in a view an Axis configuration,simply provide view axis configuration,the geometry is used to define the geometry to be drawn and the interaction area. | BlGeometry,geometry used define geometry drawn interaction area | blgeometry,49,9,0
1040,"[0, 0, 1, 0, 0, 1]",i display a list of Editors of an aim in a vertical list.,display list editor aim vertical list,the geometry is used to define the geometry to be drawn and the interaction area. | BlGeometry,geometry used define geometry drawn interaction area | blgeometry,57,13,0
1041,"[0, 0, 1, 0, 0, 1]",the geometry is used to define The geometry to be drawn and the interaction area.,geometry used define geometry drawn interaction area,the geometry is used to define the geometry to be drawn and the interaction area. | BlGeometry,geometry used define geometry drawn interaction area | blgeometry,81,15,0
1042,"[0, 0, 1, 0, 0, 1]",i am confiscate to a axis element and define the visual structure of that bloc element.,confiscate axis element define visual structure bloc element,the geometry is used to define the geometry to be drawn and the interaction area. | BlGeometry,geometry used define geometry drawn interaction area | blgeometry,87,16,0
1043,"[0, 0, 1, 0, 0, 1]",i display a number of editor Of an object in a vertical list.,display number editor object vertical list,the geometry is used to define the geometry to be drawn and the interaction area. | BlGeometry,geometry used define geometry drawn interaction area | blgeometry,61,13,0
1044,"[0, 0, 1, 0, 0, 1]",additionally i play a office of a selection strategy to confirm ace or multiple selection.,additionally play office selection strategy confirm ace multiple selection,the geometry is used to define the geometry to be drawn and the interaction area. | BlGeometry,geometry used define geometry drawn interaction area | blgeometry,90,15,0
1045,"[0, 0, 1, 0, 0, 1]",famixtrait framework a trait As it can be found in pharo or php.,famixtrait framework trait found pharo php,the geometry is used to define the geometry to be drawn and the interaction area. | BlGeometry,geometry used define geometry drawn interaction area | blgeometry,64,13,0
1046,"[0, 0, 1, 0, 0, 1]",i am employ to show schoolbook excerpt intervals while exploiter drags mouse over the Text editor.,employ show schoolbook excerpt interval exploiter drag mouse text editor,the geometry is used to define the geometry to be drawn and the interaction area. | BlGeometry,geometry used define geometry drawn interaction area | blgeometry,98,16,0
1047,"[0, 0, 1, 0, 0, 1]",i am used Together with brtext and brtextstyler to manner text.,used together brtext brtextstyler manner text,the geometry is used to define the geometry to be drawn and the interaction area. | BlGeometry,geometry used define geometry drawn interaction area | blgeometry,63,11,0
1048,"[0, 0, 1, 0, 0, 1]",additionally i dally a role Of a selection strategy to support single or multiple selection.,additionally dally role selection strategy support single multiple selection,the geometry is used to define the geometry to be drawn and the interaction area. | BlGeometry,geometry used define geometry drawn interaction area | blgeometry,92,15,0
1049,"[0, 0, 1, 0, 0, 1]",it only render in a view an axis constellation,render view axis constellation,the geometry is used to define the geometry to be drawn and the interaction area. | BlGeometry,geometry used define geometry drawn interaction area | blgeometry,46,9,0
1050,"[0, 0, 1, 0, 0, 1]",additionally i play a role Of a selection scheme to support single Or multiple selection.,additionally play role selection scheme support single multiple selection,the geometry is used to define the geometry to be drawn and the interaction area. | BlGeometry,geometry used define geometry drawn interaction area | blgeometry,89,15,0
1051,"[0, 0, 1, 0, 0, 1]",i am habituate unitedly with Brtext and brtextstyler To style text.,habituate unitedly brtext brtextstyler style text,the geometry is used to define the geometry to be drawn and the interaction area. | BlGeometry,geometry used define geometry drawn interaction area | blgeometry,67,11,0
1052,"[0, 0, 1, 0, 0, 1]",waerrorhandler capture Errors and warning and provides two methods for address each Type of exception,waerrorhandler capture error warning provides two method address type exception,the geometry is used to define the geometry to be drawn and the interaction area. | BlGeometry,geometry used define geometry drawn interaction area | blgeometry,101,15,0
1053,"[0, 0, 1, 0, 0, 1]",i am Attached to a axis element and define the optic structure Of that axis element.,attached axis element define optic structure axis element,the geometry is used to define the geometry to be drawn and the interaction area. | BlGeometry,geometry used define geometry drawn interaction area | blgeometry,84,16,0
1054,"[0, 0, 1, 0, 0, 1]",the geometry is used to determine the Geometry to Be drawn and the interaction area.,geometry used determine geometry drawn interaction area,the geometry is used to define the geometry to be drawn and the interaction area. | BlGeometry,geometry used define geometry drawn interaction area | blgeometry,84,15,0
1055,"[0, 0, 1, 0, 0, 1]",i Display a list of Editors Of an object in a upright list.,display list editor object upright list,the geometry is used to define the geometry to be drawn and the interaction area. | BlGeometry,geometry used define geometry drawn interaction area | blgeometry,59,13,0
1056,"[0, 0, 1, 0, 0, 1]",Famixtrait models a trait as It can be found in pharo Or php.,famixtrait model trait found pharo php,the geometry is used to define the geometry to be drawn and the interaction area. | BlGeometry,geometry used define geometry drawn interaction area | blgeometry,61,13,0
1057,"[0, 0, 1, 0, 0, 1]",Additionally i Play A role of a Selection strategy to support single or multiple selection.,additionally play role selection strategy support single multiple selection,the geometry is used to define the geometry to be drawn and the interaction area. | BlGeometry,geometry used define geometry drawn interaction area | blgeometry,91,15,0
1058,"[0, 0, 1, 0, 0, 1]",i display a lean of editor of an object in a vertical list.,display lean editor object vertical list,the geometry is used to define the geometry to be drawn and the interaction area. | BlGeometry,geometry used define geometry drawn interaction area | blgeometry,59,13,0
1059,"[0, 0, 1, 0, 0, 1]",i am Used to record Text selection Intervals while user drags Mouse terminated the schoolbook editor.,used record text selection interval user drag mouse terminated schoolbook editor,the geometry is used to define the geometry to be drawn and the interaction area. | BlGeometry,geometry used define geometry drawn interaction area | blgeometry,101,16,0
1060,"[0, 0, 1, 0, 0, 1]",the geometry is use to define the geometry to Be drawn and the interaction area.,geometry use define geometry drawn interaction area,the geometry is used to define the geometry to be drawn and the interaction area. | BlGeometry,geometry used define geometry drawn interaction area | blgeometry,80,15,0
1061,"[1, 0, 0, 0, 1, 0]","take niche of bounding box, Get lat Long, get tiles x and y based on previous zoom level.",take niche bounding box get lat long get tile x based previous zoom level,i define an api of a layout. | BlLayout,define api layout | bllayout,89,18,0
1062,"[1, 0, 0, 0, 1, 0]",set dress rectangle to trosmshape bounds.,set dress rectangle trosmshape bound,i define an api of a layout. | BlLayout,define api layout | bllayout,41,6,1
1063,"[1, 0, 0, 0, 1, 0]","take corners of bounding box, get lat long, get tiles x and Y based on previous zoom level.",take corner bounding box get lat long get tile x based previous zoom level,i define an api of a layout. | BlLayout,define api layout | bllayout,91,18,0
1064,"[1, 0, 0, 0, 1, 0]","take corners of bounding Box, get lat long, get tiles x and y based on late zoom level.",take corner bounding box get lat long get tile x based late zoom level,i define an api of a layout. | BlLayout,define api layout | bllayout,87,18,0
1065,"[1, 0, 0, 0, 1, 0]",I define an api of A layout.,define api layout,i define an api of a layout. | BlLayout,define api layout | bllayout,28,7,0
1066,"[1, 0, 0, 0, 1, 0]","acquire tree of limit box, get lat long, get tile x and y found on previous zoom level.",acquire tree limit box get lat long get tile x found previous zoom level,i define an api of a layout. | BlLayout,define api layout | bllayout,87,18,0
1067,"[1, 0, 0, 0, 1, 0]",user should Configure me with a #sourceclass .,user configure sourceclass,i define an api of a layout. | BlLayout,define api layout | bllayout,46,8,0
1068,"[1, 0, 0, 0, 1, 0]","Take corners of bounding box, get lat long, Get tiles x and y Based on previous zoom level.",take corner bounding box get lat long get tile x based previous zoom level,i define an api of a layout. | BlLayout,define api layout | bllayout,91,18,0
1069,"[1, 0, 0, 0, 1, 0]",compute the osm soar Level with the Camera zoom value .,compute osm soar level camera zoom value,i define an api of a layout. | BlLayout,define api layout | bllayout,55,11,0
1070,"[1, 0, 0, 0, 1, 0]",exploiter should configure me with A #sourceclass .,exploiter configure sourceclass,i define an api of a layout. | BlLayout,define api layout | bllayout,51,8,0
1071,"[1, 0, 0, 0, 1, 0]",Make remainder soar a transform inside the trosmshape.,make remainder soar transform inside trosmshape,i define an api of a layout. | BlLayout,define api layout | bllayout,54,8,0
1072,"[1, 0, 0, 0, 1, 0]","from the camera, get the zoom level and Offset.",camera get zoom level offset,i define an api of a layout. | BlLayout,define api layout | bllayout,47,9,0
1073,"[1, 0, 0, 0, 1, 0]",concrete implementations Should Focus on measure with and layout in,concrete implementation focus measure layout,i define an api of a layout. | BlLayout,define api layout | bllayout,67,10,0
1074,"[1, 0, 0, 0, 1, 0]",cipher the Osm Zoom rase with the Camera zoom valuate .,cipher osm zoom rase camera zoom valuate,i define an api of a layout. | BlLayout,define api layout | bllayout,55,11,0
1075,"[1, 0, 0, 0, 1, 0]",make difference zoom a transubstantiate inside the trosmshape.,make difference zoom transubstantiate inside trosmshape,i define an api of a layout. | BlLayout,define api layout | bllayout,62,8,0
1076,"[1, 0, 0, 0, 1, 0]",make rest zoom a transform inwardly the trosmshape.,make rest zoom transform inwardly trosmshape,i define an api of a layout. | BlLayout,define api layout | bllayout,51,8,0
1077,"[1, 0, 0, 0, 1, 0]","From the camera, get The whizz Level and offset.",camera get whizz level offset,i define an api of a layout. | BlLayout,define api layout | bllayout,48,9,0
1078,"[1, 0, 0, 0, 1, 0]","depending on the rtview sizing and the canvas parameters, get the right tiles from osm and display them.",depending rtview sizing canvas parameter get right tile osm display,i define an api of a layout. | BlLayout,define api layout | bllayout,104,18,0
1079,"[1, 0, 0, 0, 1, 0]","take corners of bounding box, get lat long, get tiles x and y based on old zoom level.",take corner bounding box get lat long get tile x based old zoom level,i define an api of a layout. | BlLayout,define api layout | bllayout,86,18,0
1080,"[1, 0, 0, 0, 1, 0]",users should Configure me with a #sourceclass .,user configure sourceclass,i define an api of a layout. | BlLayout,define api layout | bllayout,47,8,1
1081,"[1, 0, 0, 0, 1, 0]",concrete Implementations should focus on measure With and layout in,concrete implementation focus measure layout,i define an api of a layout. | BlLayout,define api layout | bllayout,67,10,0
1082,"[1, 0, 0, 0, 1, 0]",Compute the osm zoom level with the camera zoom value .,compute osm zoom level camera zoom value,i define an api of a layout. | BlLayout,define api layout | bllayout,55,11,0
1083,"[1, 0, 0, 0, 1, 0]","depending on the rtview size and the canvass parameters, get the correct tiles From osm and display them.",depending rtview size canvas parameter get correct tile osm display,i define an api of a layout. | BlLayout,define api layout | bllayout,105,18,0
1084,"[1, 0, 0, 0, 1, 0]",compute the osm soar tied with the camera zoom value .,compute osm soar tied camera zoom value,i define an api of a layout. | BlLayout,define api layout | bllayout,54,11,0
1085,"[1, 0, 0, 0, 1, 0]",Concrete implementations should stress on measure with and layout in,concrete implementation stress measure layout,i define an api of a layout. | BlLayout,define api layout | bllayout,68,10,0
1086,"[1, 0, 0, 0, 1, 0]",users should configure Me with a #sourceclass .,user configure sourceclass,i define an api of a layout. | BlLayout,define api layout | bllayout,47,8,1
1087,"[1, 0, 0, 0, 1, 0]",concrete implementations should focus on measure with and layout In,concrete implementation focus measure layout,i define an api of a layout. | BlLayout,define api layout | bllayout,67,10,0
1088,"[1, 0, 0, 0, 1, 0]","bet on the rtview size and the canvas parameters, get the Right tiles From osm and display them.",bet rtview size canvas parameter get right tile osm display,i define an api of a layout. | BlLayout,define api layout | bllayout,96,18,0
1089,"[1, 0, 0, 0, 1, 0]",concrete Implementations should focus On measure with And layout In,concrete implementation focus measure layout,i define an api of a layout. | BlLayout,define api layout | bllayout,67,10,0
1090,"[1, 0, 0, 0, 1, 0]","From the camera, get the whizz level and offset.",camera get whizz level offset,i define an api of a layout. | BlLayout,define api layout | bllayout,48,9,0
1091,"[1, 0, 0, 0, 1, 0]",concrete execution should focus on measure with and layout in,concrete execution focus measure layout,i define an api of a layout. | BlLayout,define api layout | bllayout,61,10,0
1092,"[1, 0, 0, 0, 1, 0]",set clipping Rectangle to trosmshape bounds.,set clipping rectangle trosmshape bound,i define an api of a layout. | BlLayout,define api layout | bllayout,44,6,1
1093,"[1, 0, 0, 0, 1, 0]","look on the Rtview size and the canvas parameters, get the right tile from osm and exhibit them.",look rtview size canvas parameter get right tile osm exhibit,i define an api of a layout. | BlLayout,define api layout | bllayout,96,18,0
1094,"[1, 0, 0, 0, 1, 0]",compute the osm zoom Level with the camera zoom value .,compute osm zoom level camera zoom value,i define an api of a layout. | BlLayout,define api layout | bllayout,55,11,0
1095,"[1, 0, 0, 0, 1, 0]","depending on the rtview sizing and The canvas parameters, get the right tiles from osm and display them.",depending rtview sizing canvas parameter get right tile osm display,i define an api of a layout. | BlLayout,define api layout | bllayout,104,18,0
1096,"[1, 0, 0, 0, 1, 0]","from The camera, get the zoom level and offset.",camera get zoom level offset,i define an api of a layout. | BlLayout,define api layout | bllayout,47,9,0
1097,"[1, 0, 0, 0, 1, 0]",i define an Api of a layout.,define api layout,i define an api of a layout. | BlLayout,define api layout | bllayout,28,7,0
1098,"[1, 0, 0, 0, 1, 0]",users should configure me with A #sourceclass .,user configure sourceclass,i define an api of a layout. | BlLayout,define api layout | bllayout,47,8,1
1099,"[1, 0, 0, 0, 1, 0]","take corners of bounding box, Get lat long, get tiles x and y Based on previous Zoom level.",take corner bounding box get lat long get tile x based previous zoom level,i define an api of a layout. | BlLayout,define api layout | bllayout,91,18,0
1100,"[1, 0, 0, 0, 1, 0]",i define an api Of a layout.,define api layout,i define an api of a layout. | BlLayout,define api layout | bllayout,28,7,0
1101,"[1, 0, 0, 0, 1, 0]","take Corners of leap box, get lat long, get tiles x and y Based on previous zoom level.",take corner leap box get lat long get tile x based previous zoom level,i define an api of a layout. | BlLayout,define api layout | bllayout,87,18,0
1102,"[1, 0, 0, 0, 1, 0]",user should configure me with a #sourceclass .,user configure sourceclass,i define an api of a layout. | BlLayout,define api layout | bllayout,46,8,0
1103,"[1, 0, 0, 0, 1, 0]",users Should configure me with a #sourceclass .,user configure sourceclass,i define an api of a layout. | BlLayout,define api layout | bllayout,47,8,1
1104,"[1, 0, 0, 0, 1, 0]",concrete Implementations Should focus on measure with and layout in,concrete implementation focus measure layout,i define an api of a layout. | BlLayout,define api layout | bllayout,67,10,0
1105,"[1, 0, 0, 0, 1, 0]",concrete implementations should pore on measure with And layout in,concrete implementation pore measure layout,i define an api of a layout. | BlLayout,define api layout | bllayout,66,10,0
1106,"[1, 0, 0, 0, 1, 0]",Concrete implementations should focusing on measure With and layout in,concrete implementation focusing measure layout,i define an api of a layout. | BlLayout,define api layout | bllayout,70,10,0
1107,"[1, 0, 0, 0, 1, 0]","from the camera, Get the surge tied and offset.",camera get surge tied offset,i define an api of a layout. | BlLayout,define api layout | bllayout,47,9,0
1108,"[1, 0, 0, 0, 1, 0]","depending on the rtview Size and the canvas Parameters, get the right tiles from osm And display Them.",depending rtview size canvas parameter get right tile osm display,i define an api of a layout. | BlLayout,define api layout | bllayout,102,18,0
1109,"[1, 0, 0, 0, 1, 0]","take Corners of bounding box, Get lat long, get tiles x and y found on previous whizz level.",take corner bounding box get lat long get tile x found previous whizz level,i define an api of a layout. | BlLayout,define api layout | bllayout,92,18,0
1110,"[1, 0, 0, 0, 1, 0]",concrete effectuation should pore on measure with and layout in,concrete effectuation pore measure layout,i define an api of a layout. | BlLayout,define api layout | bllayout,63,10,0
1111,"[1, 0, 0, 0, 1, 0]","from the camera, get the Zoom stage and offset.",camera get zoom stage offset,i define an api of a layout. | BlLayout,define api layout | bllayout,47,9,0
1112,"[1, 0, 0, 0, 1, 0]",set Clipping rectangle to trosmshape bounds.,set clipping rectangle trosmshape bound,i define an api of a layout. | BlLayout,define api layout | bllayout,44,6,1
1113,"[1, 0, 0, 0, 1, 0]",make remainder surge a transform inwardly the trosmshape.,make remainder surge transform inwardly trosmshape,i define an api of a layout. | BlLayout,define api layout | bllayout,57,8,0
1114,"[1, 0, 0, 0, 1, 0]",i set an api of a Layout.,set api layout,i define an api of a layout. | BlLayout,define api layout | bllayout,25,7,0
1115,"[1, 0, 0, 0, 1, 0]",compute the osm surge level with the Camera zoom value .,compute osm surge level camera zoom value,i define an api of a layout. | BlLayout,define api layout | bllayout,56,11,0
1116,"[1, 0, 0, 0, 1, 0]",Set clipping rectangle to trosmshape bounds.,set clipping rectangle trosmshape bound,i define an api of a layout. | BlLayout,define api layout | bllayout,44,6,1
1117,"[1, 0, 0, 0, 1, 0]","take corners of Bounding box, get lat long, get tile x and y based on previous zoom level.",take corner bounding box get lat long get tile x based previous zoom level,i define an api of a layout. | BlLayout,define api layout | bllayout,90,18,0
1118,"[1, 0, 0, 0, 1, 0]","from the camera, get the surge point and offset.",camera get surge point offset,i define an api of a layout. | BlLayout,define api layout | bllayout,48,9,0
1119,"[1, 0, 0, 0, 1, 0]",user should configure me With a #sourceclass .,user configure sourceclass,i define an api of a layout. | BlLayout,define api layout | bllayout,46,8,0
1120,"[1, 0, 0, 0, 1, 0]",i set an api of a layout.,set api layout,i define an api of a layout. | BlLayout,define api layout | bllayout,25,7,0
1121,"[1, 0, 0, 0, 1, 0]","take Corners of bounding box, get lat long, get Tiles X and y Based on previous whizz level.",take corner bounding box get lat long get tile x based previous whizz level,i define an api of a layout. | BlLayout,define api layout | bllayout,92,18,0
1122,"[1, 0, 0, 0, 1, 0]","from the camera, get the zoom rase and offset.",camera get zoom rase offset,i define an api of a layout. | BlLayout,define api layout | bllayout,46,9,0
1123,"[1, 0, 0, 0, 1, 0]",Set curtail rectangle to trosmshape bounds.,set curtail rectangle trosmshape bound,i define an api of a layout. | BlLayout,define api layout | bllayout,43,6,1
1124,"[1, 0, 0, 0, 1, 0]",users should configure me With a #sourceclass .,user configure sourceclass,i define an api of a layout. | BlLayout,define api layout | bllayout,47,8,1
1125,"[1, 0, 0, 0, 1, 0]","from the camera, get the whizz level and offset.",camera get whizz level offset,i define an api of a layout. | BlLayout,define api layout | bllayout,48,9,0
1126,"[1, 0, 0, 0, 1, 0]",users should configure Me with A #sourceclass .,user configure sourceclass,i define an api of a layout. | BlLayout,define api layout | bllayout,47,8,1
1127,"[1, 0, 0, 0, 1, 0]",figure the osm zoom level with the camera zoom evaluate .,figure osm zoom level camera zoom evaluate,i define an api of a layout. | BlLayout,define api layout | bllayout,57,11,0
1128,"[1, 0, 0, 0, 1, 0]","depending on the rtview Size and The canvas parameters, Get the right tile from osm And Display them.",depending rtview size canvas parameter get right tile osm display,i define an api of a layout. | BlLayout,define api layout | bllayout,101,18,0
1129,"[1, 0, 0, 0, 1, 0]",concrete implementations should focus On standard with And Layout in,concrete implementation focus standard layout,i define an api of a layout. | BlLayout,define api layout | bllayout,68,10,0
1130,"[1, 0, 0, 0, 1, 0]","from the camera, get the Zoom level and offset.",camera get zoom level offset,i define an api of a layout. | BlLayout,define api layout | bllayout,47,9,0
1131,"[1, 0, 0, 0, 1, 0]",concrete implementations Should nidus on measure with and layout in,concrete implementation nidus measure layout,i define an api of a layout. | BlLayout,define api layout | bllayout,67,10,0
1132,"[1, 0, 0, 0, 1, 0]",set clip rectangle to trosmshape Bounds.,set clip rectangle trosmshape bound,i define an api of a layout. | BlLayout,define api layout | bllayout,40,6,1
1133,"[1, 0, 0, 0, 1, 0]",work remainder whizz a transform inside The trosmshape.,work remainder whizz transform inside trosmshape,i define an api of a layout. | BlLayout,define api layout | bllayout,55,8,0
1134,"[1, 0, 0, 0, 1, 0]",Set trot rectangle to Trosmshape bounds.,set trot rectangle trosmshape bound,i define an api of a layout. | BlLayout,define api layout | bllayout,40,6,1
1135,"[1, 0, 0, 0, 1, 0]",exploiter should configure me with a #sourceclass .,exploiter configure sourceclass,i define an api of a layout. | BlLayout,define api layout | bllayout,51,8,0
1136,"[1, 0, 0, 0, 1, 0]",compute the osm whizz Level with the camera soar esteem .,compute osm whizz level camera soar esteem,i define an api of a layout. | BlLayout,define api layout | bllayout,57,11,0
1137,"[1, 0, 0, 0, 1, 0]",Users should Configure me with a #sourceclass .,user configure sourceclass,i define an api of a layout. | BlLayout,define api layout | bllayout,47,8,1
1138,"[1, 0, 0, 0, 1, 0]","count on the rtview size and the canvas parameters, get the right tiles from osm and display them.",count rtview size canvas parameter get right tile osm display,i define an api of a layout. | BlLayout,define api layout | bllayout,98,18,0
1139,"[1, 0, 0, 0, 1, 0]",make remainder soar a transform inside the trosmshape.,make remainder soar transform inside trosmshape,i define an api of a layout. | BlLayout,define api layout | bllayout,54,8,0
1140,"[1, 0, 0, 0, 1, 0]","from the camera, get the soar Level and offset.",camera get soar level offset,i define an api of a layout. | BlLayout,define api layout | bllayout,47,9,0
1141,"[1, 0, 0, 0, 1, 0]","from the Camera, get the whizz level and offset.",camera get whizz level offset,i define an api of a layout. | BlLayout,define api layout | bllayout,48,9,0
1142,"[1, 0, 0, 0, 1, 0]",concrete implementations should concentrate on measure with and Layout in,concrete implementation concentrate measure layout,i define an api of a layout. | BlLayout,define api layout | bllayout,73,10,0
1143,"[1, 0, 0, 0, 1, 0]",concrete implementations should center On measure with and Layout in,concrete implementation center measure layout,i define an api of a layout. | BlLayout,define api layout | bllayout,68,10,0
1144,"[1, 0, 0, 0, 1, 0]",concrete implementation should focussing on measure with and layout in,concrete implementation focussing measure layout,i define an api of a layout. | BlLayout,define api layout | bllayout,70,10,0
1145,"[1, 0, 0, 0, 1, 0]","from the camera, Get the zoom level and offset.",camera get zoom level offset,i define an api of a layout. | BlLayout,define api layout | bllayout,47,9,0
1146,"[1, 0, 0, 0, 1, 0]","depending on the rtview Size and The canvas parameters, get the right tile from osm and Display them.",depending rtview size canvas parameter get right tile osm display,i define an api of a layout. | BlLayout,define api layout | bllayout,101,18,0
1147,"[1, 0, 0, 0, 1, 0]","take corners of throttle box, get lat long, get tiles X and y based on previous surge level.",take corner throttle box get lat long get tile x based previous surge level,i define an api of a layout. | BlLayout,define api layout | bllayout,92,18,0
1148,"[1, 0, 0, 0, 1, 0]",i define An api of a layout.,define api layout,i define an api of a layout. | BlLayout,define api layout | bllayout,28,7,0
1149,"[1, 0, 0, 0, 1, 0]","take Corners of bounding box, get Lat long, get tile x and y found on Previous zoom Level.",take corner bounding box get lat long get tile x found previous zoom level,i define an api of a layout. | BlLayout,define api layout | bllayout,90,18,0
1150,"[1, 0, 0, 0, 1, 0]",i define an Api of A layout.,define api layout,i define an api of a layout. | BlLayout,define api layout | bllayout,28,7,0
1151,"[1, 0, 0, 0, 1, 0]","take corners of bounding box, get lat long, get tile x and y based on previous zoom level.",take corner bounding box get lat long get tile x based previous zoom level,i define an api of a layout. | BlLayout,define api layout | bllayout,90,18,0
1152,"[0, 0, 0, 1, 0, 1]",i am a visitant Specialized in visiting books and testing their code.,visitant specialized visiting book testing code,i am a data source of the collection of all classes in the image | BlInfiniteExampleClassesDataSource,data source collection class image | blinfiniteexampleclassesdatasource,69,12,0
1153,"[0, 0, 0, 1, 0, 1]",abstract Literal parser that parses some kind of literal typecast to be specified by subclasses .,abstract literal parser parses kind literal typecast specified subclass,i am a data source of the collection of all classes in the image | BlInfiniteExampleClassesDataSource,data source collection class image | blinfiniteexampleclassesdatasource,97,16,0
1154,"[0, 0, 0, 1, 0, 1]",i am a visitor particularise in Visiting books and testing their code.,visitor particularise visiting book testing code,i am a data source of the collection of all classes in the image | BlInfiniteExampleClassesDataSource,data source collection class image | blinfiniteexampleclassesdatasource,70,12,0
1155,"[0, 0, 0, 1, 0, 1]",i am a data seed of the accumulation of all classes in the image,data seed accumulation class image,i am a data source of the collection of all classes in the image | BlInfiniteExampleClassesDataSource,data source collection class image | blinfiniteexampleclassesdatasource,64,14,0
1156,"[0, 0, 0, 1, 0, 1]",i am the nonremittal subject of an example.,nonremittal subject example,i am a data source of the collection of all classes in the image | BlInfiniteExampleClassesDataSource,data source collection class image | blinfiniteexampleclassesdatasource,43,8,0
1157,"[0, 0, 0, 1, 0, 1]",i am a base class for about constructor of roassal like,base class constructor roassal like,i am a data source of the collection of all classes in the image | BlInfiniteExampleClassesDataSource,data source collection class image | blinfiniteexampleclassesdatasource,55,11,0
1158,"[0, 0, 0, 1, 0, 1]",rtverticalmultipledata symbolise a group of data point that are vertically located.,rtverticalmultipledata symbolise group data point vertically located,i am a data source of the collection of all classes in the image | BlInfiniteExampleClassesDataSource,data source collection class image | blinfiniteexampleclassesdatasource,83,11,0
1159,"[0, 0, 0, 1, 0, 1]",compared to Warequestcookie i comprise the entropy that is sent to the User agent.,compared warequestcookie comprise entropy sent user agent,i am a data source of the collection of all classes in the image | BlInfiniteExampleClassesDataSource,data source collection class image | blinfiniteexampleclassesdatasource,82,14,0
1160,"[0, 0, 0, 1, 0, 1]",cabbage literal parser that parses some genial of literal type to be specified by subclasses .,cabbage literal parser parses genial literal type specified subclass,i am a data source of the collection of all classes in the image | BlInfiniteExampleClassesDataSource,data source collection class image | blinfiniteexampleclassesdatasource,94,16,0
1161,"[0, 0, 0, 1, 0, 1]",an implicitannouncer is used by Odesolver to Announce step results implicitsolverannouncement .,implicitannouncer used odesolver announce step result implicitsolverannouncement,i am a data source of the collection of all classes in the image | BlInfiniteExampleClassesDataSource,data source collection class image | blinfiniteexampleclassesdatasource,95,12,0
1162,"[0, 0, 0, 1, 0, 1]",i am a data source of The collection of all classes in the image,data source collection class image,i am a data source of the collection of all classes in the image | BlInfiniteExampleClassesDataSource,data source collection class image | blinfiniteexampleclassesdatasource,64,14,0
1163,"[0, 0, 0, 1, 0, 1]",i am a data source Of the collection of all classes in the image,data source collection class image,i am a data source of the collection of all classes in the image | BlInfiniteExampleClassesDataSource,data source collection class image | blinfiniteexampleclassesdatasource,64,14,0
1164,"[0, 0, 0, 1, 0, 1]",i am a Base class for some builders of roassal like,base class builder roassal like,i am a data source of the collection of all classes in the image | BlInfiniteExampleClassesDataSource,data source collection class image | blinfiniteexampleclassesdatasource,51,11,0
1165,"[0, 0, 0, 1, 0, 1]",I am a visitor specialise In visiting Koran and testing their code.,visitor specialise visiting koran testing code,i am a data source of the collection of all classes in the image | BlInfiniteExampleClassesDataSource,data source collection class image | blinfiniteexampleclassesdatasource,67,12,0
1166,"[0, 0, 0, 1, 0, 1]",i Am the nonremittal issue of An example.,nonremittal issue example,i am a data source of the collection of all classes in the image | BlInfiniteExampleClassesDataSource,data source collection class image | blinfiniteexampleclassesdatasource,41,8,0
1167,"[0, 0, 0, 1, 0, 1]",I am a base class for some builders of roassal like,base class builder roassal like,i am a data source of the collection of all classes in the image | BlInfiniteExampleClassesDataSource,data source collection class image | blinfiniteexampleclassesdatasource,51,11,0
1168,"[0, 0, 0, 1, 0, 1]",i am a establish class for some builders of roassal similar,establish class builder roassal similar,i am a data source of the collection of all classes in the image | BlInfiniteExampleClassesDataSource,data source collection class image | blinfiniteexampleclassesdatasource,59,11,0
1169,"[0, 0, 0, 1, 0, 1]",i am A data source of the collection of all classify In the image,data source collection classify image,i am a data source of the collection of all classes in the image | BlInfiniteExampleClassesDataSource,data source collection class image | blinfiniteexampleclassesdatasource,65,14,0
1170,"[0, 0, 0, 1, 0, 1]",compared To warequestcookie i symbolize the information that is sent to the exploiter agent.,compared warequestcookie symbolize information sent exploiter agent,i am a data source of the collection of all classes in the image | BlInfiniteExampleClassesDataSource,data source collection class image | blinfiniteexampleclassesdatasource,92,14,0
1171,"[0, 0, 0, 1, 0, 1]",i am a visitor specialize in see Books and testing their code.,visitor specialize see book testing code,i am a data source of the collection of all classes in the image | BlInfiniteExampleClassesDataSource,data source collection class image | blinfiniteexampleclassesdatasource,62,12,0
1172,"[0, 0, 0, 1, 0, 1]",rtverticalmultipledata exemplify a group of data points that are vertically located.,rtverticalmultipledata exemplify group data point vertically located,i am a data source of the collection of all classes in the image | BlInfiniteExampleClassesDataSource,data source collection class image | blinfiniteexampleclassesdatasource,84,11,0
1173,"[0, 0, 0, 1, 0, 1]",An implicitannouncer is secondhand by Odesolver to foretell step resolution implicitsolverannouncement .,implicitannouncer secondhand odesolver foretell step resolution implicitsolverannouncement,i am a data source of the collection of all classes in the image | BlInfiniteExampleClassesDataSource,data source collection class image | blinfiniteexampleclassesdatasource,104,12,0
1174,"[0, 0, 0, 1, 0, 1]",compared to warequestcookie i represent the info that is institutionalize to the exploiter agent.,compared warequestcookie represent info institutionalize exploiter agent,i am a data source of the collection of all classes in the image | BlInfiniteExampleClassesDataSource,data source collection class image | blinfiniteexampleclassesdatasource,97,14,0
1175,"[0, 0, 0, 1, 0, 1]",I am a information source of the assembling Of all year in the image,information source assembling year image,i am a data source of the collection of all classes in the image | BlInfiniteExampleClassesDataSource,data source collection class image | blinfiniteexampleclassesdatasource,68,14,0
1176,"[0, 0, 0, 1, 0, 1]",I am the Default subject of an example.,default subject example,i am a data source of the collection of all classes in the image | BlInfiniteExampleClassesDataSource,data source collection class image | blinfiniteexampleclassesdatasource,39,8,0
1177,"[0, 0, 0, 1, 0, 1]",compared to warequestcookie i comprise the information that is broadcast to the user agent.,compared warequestcookie comprise information broadcast user agent,i am a data source of the collection of all classes in the image | BlInfiniteExampleClassesDataSource,data source collection class image | blinfiniteexampleclassesdatasource,91,14,0
1178,"[0, 0, 0, 1, 0, 1]",liken to warequestcookie i represent the information that is sent To the exploiter agent.,liken warequestcookie represent information sent exploiter agent,i am a data source of the collection of all classes in the image | BlInfiniteExampleClassesDataSource,data source collection class image | blinfiniteexampleclassesdatasource,89,14,0
1179,"[0, 0, 0, 1, 0, 1]",i am a visitant specialized in visiting books and Testing their code.,visitant specialized visiting book testing code,i am a data source of the collection of all classes in the image | BlInfiniteExampleClassesDataSource,data source collection class image | blinfiniteexampleclassesdatasource,69,12,0
1180,"[0, 0, 0, 1, 0, 1]",an implicitannouncer is practice by odesolver to announce step results implicitsolverannouncement .,implicitannouncer practice odesolver announce step result implicitsolverannouncement,i am a data source of the collection of all classes in the image | BlInfiniteExampleClassesDataSource,data source collection class image | blinfiniteexampleclassesdatasource,99,12,0
1181,"[0, 0, 0, 1, 0, 1]",i am a data source of the Collection of all classes in the image,data source collection class image,i am a data source of the collection of all classes in the image | BlInfiniteExampleClassesDataSource,data source collection class image | blinfiniteexampleclassesdatasource,64,14,0
1182,"[0, 0, 0, 1, 0, 1]",rtverticalmultipledata correspond a group of data direct that are vertically located.,rtverticalmultipledata correspond group data direct vertically located,i am a data source of the collection of all classes in the image | BlInfiniteExampleClassesDataSource,data source collection class image | blinfiniteexampleclassesdatasource,85,11,0
1183,"[0, 0, 0, 1, 0, 1]",i am a datum Source of the collection of all assort in the epitome,datum source collection assort epitome,i am a data source of the collection of all classes in the image | BlInfiniteExampleClassesDataSource,data source collection class image | blinfiniteexampleclassesdatasource,66,14,0
1184,"[0, 0, 0, 1, 0, 1]",i am the default Subject of an example.,default subject example,i am a data source of the collection of all classes in the image | BlInfiniteExampleClassesDataSource,data source collection class image | blinfiniteexampleclassesdatasource,39,8,0
1185,"[0, 0, 0, 1, 0, 1]",I am a datum source of the collection of all classes in The image,datum source collection class image,i am a data source of the collection of all classes in the image | BlInfiniteExampleClassesDataSource,data source collection class image | blinfiniteexampleclassesdatasource,65,14,0
1186,"[0, 0, 0, 1, 0, 1]",i am the Default open of an example.,default open example,i am a data source of the collection of all classes in the image | BlInfiniteExampleClassesDataSource,data source collection class image | blinfiniteexampleclassesdatasource,36,8,0
1187,"[0, 0, 0, 1, 0, 1]",i am a visitor specialized in visiting record and examination Their code.,visitor specialized visiting record examination code,i am a data source of the collection of all classes in the image | BlInfiniteExampleClassesDataSource,data source collection class image | blinfiniteexampleclassesdatasource,73,12,0
1188,"[0, 0, 0, 1, 0, 1]",rtverticalmultipledata represents a group of data maneuver that are vertically located.,rtverticalmultipledata represents group data maneuver vertically located,i am a data source of the collection of all classes in the image | BlInfiniteExampleClassesDataSource,data source collection class image | blinfiniteexampleclassesdatasource,87,11,0
1189,"[0, 0, 0, 1, 0, 1]",an implicitannouncer is used by Odesolver to announce step results implicitsolverannouncement .,implicitannouncer used odesolver announce step result implicitsolverannouncement,i am a data source of the collection of all classes in the image | BlInfiniteExampleClassesDataSource,data source collection class image | blinfiniteexampleclassesdatasource,95,12,0
1190,"[0, 0, 0, 1, 0, 1]",i am a base class for approximately builder of roassal Like,base class approximately builder roassal like,i am a data source of the collection of all classes in the image | BlInfiniteExampleClassesDataSource,data source collection class image | blinfiniteexampleclassesdatasource,59,11,0
1191,"[0, 0, 0, 1, 0, 1]",compared to warequestcookie i map the information that Is sent to The exploiter agent.,compared warequestcookie map information sent exploiter agent,i am a data source of the collection of all classes in the image | BlInfiniteExampleClassesDataSource,data source collection class image | blinfiniteexampleclassesdatasource,86,14,0
1192,"[0, 0, 0, 1, 0, 1]",i am the default subject of an Example.,default subject example,i am a data source of the collection of all classes in the image | BlInfiniteExampleClassesDataSource,data source collection class image | blinfiniteexampleclassesdatasource,39,8,0
1193,"[0, 0, 0, 1, 0, 1]",i am a visitant specialized in Visiting books and testing their code.,visitant specialized visiting book testing code,i am a data source of the collection of all classes in the image | BlInfiniteExampleClassesDataSource,data source collection class image | blinfiniteexampleclassesdatasource,69,12,0
1194,"[0, 0, 0, 1, 0, 1]",compared to warequestcookie i represent the entropy that is sent to the User agent.,compared warequestcookie represent entropy sent user agent,i am a data source of the collection of all classes in the image | BlInfiniteExampleClassesDataSource,data source collection class image | blinfiniteexampleclassesdatasource,83,14,0
1195,"[0, 0, 0, 1, 0, 1]",abstract actual parser that parses some kind of literal character to be delimit by subclasses .,abstract actual parser parses kind literal character delimit subclass,i am a data source of the collection of all classes in the image | BlInfiniteExampleClassesDataSource,data source collection class image | blinfiniteexampleclassesdatasource,95,16,0
1196,"[0, 0, 0, 1, 0, 1]",i am a datum source of The collection of All category in the image,datum source collection category image,i am a data source of the collection of all classes in the image | BlInfiniteExampleClassesDataSource,data source collection class image | blinfiniteexampleclassesdatasource,66,14,0
1197,"[0, 0, 0, 1, 0, 1]",i am a data beginning of the collection of all form in the image,data beginning collection form image,i am a data source of the collection of all classes in the image | BlInfiniteExampleClassesDataSource,data source collection class image | blinfiniteexampleclassesdatasource,64,14,0
1198,"[0, 0, 0, 1, 0, 1]",an implicitannouncer is Used by odesolver To Announce step results implicitsolverannouncement .,implicitannouncer used odesolver announce step result implicitsolverannouncement,i am a data source of the collection of all classes in the image | BlInfiniteExampleClassesDataSource,data source collection class image | blinfiniteexampleclassesdatasource,95,12,0
1199,"[0, 0, 0, 1, 0, 1]",abstract literal parser That parse Some kind of literal character to be define by subclasses .,abstract literal parser parse kind literal character define subclass,i am a data source of the collection of all classes in the image | BlInfiniteExampleClassesDataSource,data source collection class image | blinfiniteexampleclassesdatasource,94,16,0
1200,"[0, 0, 0, 1, 0, 1]",compared to warequestcookie i represent the info that is sent to the user agent.,compared warequestcookie represent info sent user agent,i am a data source of the collection of all classes in the image | BlInfiniteExampleClassesDataSource,data source collection class image | blinfiniteexampleclassesdatasource,80,14,0
1201,"[0, 0, 0, 1, 0, 1]",i Am the nonremittal subject Of an example.,nonremittal subject example,i am a data source of the collection of all classes in the image | BlInfiniteExampleClassesDataSource,data source collection class image | blinfiniteexampleclassesdatasource,43,8,0
1202,"[0, 0, 0, 1, 0, 1]",compared To warequestcookie i represent the Information that is sent to the user agent.,compared warequestcookie represent information sent user agent,i am a data source of the collection of all classes in the image | BlInfiniteExampleClassesDataSource,data source collection class image | blinfiniteexampleclassesdatasource,87,14,0
1203,"[0, 0, 0, 1, 0, 1]",outline Literal parser that Parses some genial of literal type to be specified by subclass .,outline literal parser parses genial literal type specified subclass,i am a data source of the collection of all classes in the image | BlInfiniteExampleClassesDataSource,data source collection class image | blinfiniteexampleclassesdatasource,92,16,0
1204,"[0, 0, 0, 1, 0, 1]",liken to warequestcookie i correspond the entropy That is post to the user agent.,liken warequestcookie correspond entropy post user agent,i am a data source of the collection of all classes in the image | BlInfiniteExampleClassesDataSource,data source collection class image | blinfiniteexampleclassesdatasource,81,14,0
1205,"[0, 0, 0, 1, 0, 1]",i Am a base class for some builders of roassal like,base class builder roassal like,i am a data source of the collection of all classes in the image | BlInfiniteExampleClassesDataSource,data source collection class image | blinfiniteexampleclassesdatasource,51,11,0
1206,"[0, 0, 0, 1, 0, 1]",i am A visitor differentiate in visiting record and quiz their code.,visitor differentiate visiting record quiz code,i am a data source of the collection of all classes in the image | BlInfiniteExampleClassesDataSource,data source collection class image | blinfiniteexampleclassesdatasource,68,12,0
1207,"[0, 0, 0, 1, 0, 1]",i am a base class for roughly constructor of roassal like,base class roughly constructor roassal like,i am a data source of the collection of all classes in the image | BlInfiniteExampleClassesDataSource,data source collection class image | blinfiniteexampleclassesdatasource,57,11,0
1208,"[0, 0, 0, 1, 0, 1]",equate to warequestcookie i represent the information that is mail to the exploiter agent.,equate warequestcookie represent information mail exploiter agent,i am a data source of the collection of all classes in the image | BlInfiniteExampleClassesDataSource,data source collection class image | blinfiniteexampleclassesdatasource,90,14,0
1209,"[0, 0, 0, 1, 0, 1]",i am a information author of the collection of all form in the image,information author collection form image,i am a data source of the collection of all classes in the image | BlInfiniteExampleClassesDataSource,data source collection class image | blinfiniteexampleclassesdatasource,68,14,0
1210,"[0, 0, 0, 1, 0, 1]",compared to warequestcookie i constitute the information that is sent to the user agent.,compared warequestcookie constitute information sent user agent,i am a data source of the collection of all classes in the image | BlInfiniteExampleClassesDataSource,data source collection class image | blinfiniteexampleclassesdatasource,88,14,0
1211,"[0, 0, 0, 1, 0, 1]",Abstract literal parser that parses some kind of literal type to be specified by Subclasses .,abstract literal parser parses kind literal type specified subclass,i am a data source of the collection of all classes in the image | BlInfiniteExampleClassesDataSource,data source collection class image | blinfiniteexampleclassesdatasource,93,16,0
1212,"[0, 0, 0, 1, 0, 1]",I am a base class for some builders of roassal Like,base class builder roassal like,i am a data source of the collection of all classes in the image | BlInfiniteExampleClassesDataSource,data source collection class image | blinfiniteexampleclassesdatasource,51,11,0
1213,"[0, 0, 0, 1, 0, 1]",i am A visitor specialized in visiting Scripture and testing Their code.,visitor specialized visiting scripture testing code,i am a data source of the collection of all classes in the image | BlInfiniteExampleClassesDataSource,data source collection class image | blinfiniteexampleclassesdatasource,72,12,0
1214,"[0, 0, 0, 1, 0, 1]",I am a data source of the Collection of all classes in the image,data source collection class image,i am a data source of the collection of all classes in the image | BlInfiniteExampleClassesDataSource,data source collection class image | blinfiniteexampleclassesdatasource,64,14,0
1215,"[0, 0, 0, 1, 0, 1]",rtverticalmultipledata typify a aggroup of datum points that are vertically located.,rtverticalmultipledata typify aggroup datum point vertically located,i am a data source of the collection of all classes in the image | BlInfiniteExampleClassesDataSource,data source collection class image | blinfiniteexampleclassesdatasource,84,11,0
1216,"[0, 0, 0, 1, 0, 1]",rtverticalmultipledata exemplify a aggroup of Data points that are vertically located.,rtverticalmultipledata exemplify aggroup data point vertically located,i am a data source of the collection of all classes in the image | BlInfiniteExampleClassesDataSource,data source collection class image | blinfiniteexampleclassesdatasource,86,11,0
1217,"[0, 0, 0, 1, 0, 1]",lift literal parser that parses around kind of literal type to be specified By subclasses .,lift literal parser parses around kind literal type specified subclass,i am a data source of the collection of all classes in the image | BlInfiniteExampleClassesDataSource,data source collection class image | blinfiniteexampleclassesdatasource,91,16,0
1218,"[0, 0, 0, 1, 0, 1]",i am a base class for around builders of roassal like,base class around builder roassal like,i am a data source of the collection of all classes in the image | BlInfiniteExampleClassesDataSource,data source collection class image | blinfiniteexampleclassesdatasource,53,11,0
1219,"[0, 0, 0, 1, 0, 1]",Compared to warequestcookie i exemplify the information that is sent to the user agent.,compared warequestcookie exemplify information sent user agent,i am a data source of the collection of all classes in the image | BlInfiniteExampleClassesDataSource,data source collection class image | blinfiniteexampleclassesdatasource,87,14,0
1220,"[0, 0, 0, 1, 0, 1]",i am the nonpayment subject of an example.,nonpayment subject example,i am a data source of the collection of all classes in the image | BlInfiniteExampleClassesDataSource,data source collection class image | blinfiniteexampleclassesdatasource,42,8,0
1221,"[0, 0, 0, 1, 0, 1]",rtverticalmultipledata represents A group of datum points That are vertically located.,rtverticalmultipledata represents group datum point vertically located,i am a data source of the collection of all classes in the image | BlInfiniteExampleClassesDataSource,data source collection class image | blinfiniteexampleclassesdatasource,86,11,0
1222,"[0, 0, 0, 1, 0, 1]",i am a visitor specialized in chat books and testing their code.,visitor specialized chat book testing code,i am a data source of the collection of all classes in the image | BlInfiniteExampleClassesDataSource,data source collection class image | blinfiniteexampleclassesdatasource,64,12,0
1223,"[0, 0, 0, 1, 0, 1]",i am a base class for about builders of roassal like,base class builder roassal like,i am a data source of the collection of all classes in the image | BlInfiniteExampleClassesDataSource,data source collection class image | blinfiniteexampleclassesdatasource,52,11,0
1224,"[0, 0, 0, 1, 0, 1]",i am a visitant specialized in visiting books And Testing their code.,visitant specialized visiting book testing code,i am a data source of the collection of all classes in the image | BlInfiniteExampleClassesDataSource,data source collection class image | blinfiniteexampleclassesdatasource,69,12,0
1225,"[0, 0, 0, 1, 0, 1]",i Am the default subject of an example.,default subject example,i am a data source of the collection of all classes in the image | BlInfiniteExampleClassesDataSource,data source collection class image | blinfiniteexampleclassesdatasource,39,8,0
1226,"[0, 0, 0, 1, 0, 1]",rtverticalmultipledata represents a aggroup of data spot that are Vertically located.,rtverticalmultipledata represents aggroup data spot vertically located,i am a data source of the collection of all classes in the image | BlInfiniteExampleClassesDataSource,data source collection class image | blinfiniteexampleclassesdatasource,85,11,0
1227,"[0, 0, 0, 1, 0, 1]",i Am a visitant specialised in gossip books and examination their code.,visitant specialised gossip book examination code,i am a data source of the collection of all classes in the image | BlInfiniteExampleClassesDataSource,data source collection class image | blinfiniteexampleclassesdatasource,71,12,0
1228,"[0, 0, 0, 1, 0, 1]",compared to warequestcookie i typify the entropy that is sent to the user Agent.,compared warequestcookie typify entropy sent user agent,i am a data source of the collection of all classes in the image | BlInfiniteExampleClassesDataSource,data source collection class image | blinfiniteexampleclassesdatasource,80,14,0
1229,"[0, 0, 0, 1, 0, 1]",i am a visitor Specialized in visiting Book And prove their code.,visitor specialized visiting book prove code,i am a data source of the collection of all classes in the image | BlInfiniteExampleClassesDataSource,data source collection class image | blinfiniteexampleclassesdatasource,65,12,0
1230,"[0, 0, 0, 1, 0, 1]",rtverticalmultipledata represents A Group of data points that Are vertically located.,rtverticalmultipledata represents group data point vertically located,i am a data source of the collection of all classes in the image | BlInfiniteExampleClassesDataSource,data source collection class image | blinfiniteexampleclassesdatasource,85,11,0
1231,"[0, 0, 0, 1, 0, 1]",an implicitannouncer is used by odesolver to herald step results implicitsolverannouncement .,implicitannouncer used odesolver herald step result implicitsolverannouncement,i am a data source of the collection of all classes in the image | BlInfiniteExampleClassesDataSource,data source collection class image | blinfiniteexampleclassesdatasource,93,12,0
1232,"[0, 0, 0, 1, 0, 1]",compared to warequestcookie I represent the information that is sent to the user agent.,compared warequestcookie represent information sent user agent,i am a data source of the collection of all classes in the image | BlInfiniteExampleClassesDataSource,data source collection class image | blinfiniteexampleclassesdatasource,87,14,0
1233,"[0, 0, 0, 1, 0, 1]",i am a base class for some builders of roassal ilk,base class builder roassal ilk,i am a data source of the collection of all classes in the image | BlInfiniteExampleClassesDataSource,data source collection class image | blinfiniteexampleclassesdatasource,50,11,0
1234,"[0, 0, 0, 1, 0, 1]",i am a Visitor speciate in call Books and Testing their code.,visitor speciate call book testing code,i am a data source of the collection of all classes in the image | BlInfiniteExampleClassesDataSource,data source collection class image | blinfiniteexampleclassesdatasource,61,12,0
1235,"[0, 0, 0, 1, 0, 1]",i am a base class for some builder of roassal like,base class builder roassal like,i am a data source of the collection of all classes in the image | BlInfiniteExampleClassesDataSource,data source collection class image | blinfiniteexampleclassesdatasource,50,11,0
1236,"[0, 0, 0, 1, 0, 1]",i am a visitant specialized in visiting books and quiz their code.,visitant specialized visiting book quiz code,i am a data source of the collection of all classes in the image | BlInfiniteExampleClassesDataSource,data source collection class image | blinfiniteexampleclassesdatasource,66,12,0
1237,"[0, 0, 0, 1, 0, 1]",compared To warequestcookie i stage the information that is sent to the user agent.,compared warequestcookie stage information sent user agent,i am a data source of the collection of all classes in the image | BlInfiniteExampleClassesDataSource,data source collection class image | blinfiniteexampleclassesdatasource,83,14,0
1238,"[0, 0, 0, 1, 0, 1]",i am the nonremittal matter of an example.,nonremittal matter example,i am a data source of the collection of all classes in the image | BlInfiniteExampleClassesDataSource,data source collection class image | blinfiniteexampleclassesdatasource,42,8,0
1239,"[0, 0, 0, 1, 0, 1]",compared to warequestcookie i symbolise the Information that is sent to the user agent.,compared warequestcookie symbolise information sent user agent,i am a data source of the collection of all classes in the image | BlInfiniteExampleClassesDataSource,data source collection class image | blinfiniteexampleclassesdatasource,87,14,0
1240,"[0, 0, 0, 1, 0, 1]",an implicitannouncer is used By odesolver to announce step results implicitsolverannouncement .,implicitannouncer used odesolver announce step result implicitsolverannouncement,i am a data source of the collection of all classes in the image | BlInfiniteExampleClassesDataSource,data source collection class image | blinfiniteexampleclassesdatasource,95,12,0
1241,"[0, 0, 0, 1, 0, 1]",rtverticalmultipledata map a grouping Of data points that are Vertically located.,rtverticalmultipledata map grouping data point vertically located,i am a data source of the collection of all classes in the image | BlInfiniteExampleClassesDataSource,data source collection class image | blinfiniteexampleclassesdatasource,81,11,0
1242,"[0, 0, 0, 1, 0, 1]",rtverticalmultipledata represents a aggroup of datum points that are vertically located.,rtverticalmultipledata represents aggroup datum point vertically located,i am a data source of the collection of all classes in the image | BlInfiniteExampleClassesDataSource,data source collection class image | blinfiniteexampleclassesdatasource,88,11,0
1243,"[0, 0, 0, 1, 0, 1]",i am a data root of the appeal of all sort in The image,data root appeal sort image,i am a data source of the collection of all classes in the image | BlInfiniteExampleClassesDataSource,data source collection class image | blinfiniteexampleclassesdatasource,55,14,0
1244,"[0, 1, 0, 0, 1, 0]",the words method returns a assembling Of symbols.,word method return assembling symbol,"p x, a island, y accepts following inputs | PPSea",p x island accepts following input | ppsea,49,8,0
1245,"[0, 1, 0, 0, 1, 0]",the model method just returns the object whose fields we care to populate with date.,model method return object whose field care populate date,"p x, a island, y accepts following inputs | PPSea",p x island accepts following input | ppsea,84,15,0
1246,"[0, 1, 0, 0, 1, 0]",the Input Represented by dots is called urine and pee can appear earlier and later the island.,input represented dot called urine pee appear earlier later island,"p x, a island, y accepts following inputs | PPSea",p x island accepts following input | ppsea,94,17,0
1247,"[0, 1, 0, 0, 1, 0]","p x, a Island, y accepts following inputs",p x island accepts following input,"p x, a island, y accepts following inputs | PPSea",p x island accepts following input | ppsea,41,8,0
1248,"[0, 1, 0, 0, 1, 0]",the symbol is utilize generate the Accessor methods for the information in the model.,symbol utilize generate accessor method information model,"p x, a island, y accepts following inputs | PPSea",p x island accepts following input | ppsea,85,14,0
1249,"[0, 1, 0, 0, 1, 0]",the model method scarcely returns The object whose Fields we compliments to inhabit with date.,model method scarcely return object whose field compliment inhabit date,"p x, a island, y accepts following inputs | PPSea",p x island accepts following input | ppsea,94,15,0
1250,"[0, 1, 0, 0, 1, 0]",the symbol is employ generate the accessor method for the Data in The model.,symbol employ generate accessor method data model,"p x, a island, y accepts following inputs | PPSea",p x island accepts following input | ppsea,76,14,0
1251,"[0, 1, 0, 0, 1, 0]",the input represented by dots is called irrigate and water can look before and after the island.,input represented dot called irrigate water look island,"p x, a island, y accepts following inputs | PPSea",p x island accepts following input | ppsea,96,17,0
1252,"[0, 1, 0, 0, 1, 0]","p X, a Island, y have adopt inputs",p x island adopt input,"p x, a island, y accepts following inputs | PPSea",p x island accepts following input | ppsea,34,8,0
1253,"[0, 1, 0, 0, 1, 0]",the course method returns a collections of symbols.,course method return collection symbol,"p x, a island, y accepts following inputs | PPSea",p x island accepts following input | ppsea,51,8,0
1254,"[0, 1, 0, 0, 1, 0]",the rows method returns a assembling of symbols.,row method return assembling symbol,"p x, a island, y accepts following inputs | PPSea",p x island accepts following input | ppsea,48,8,0
1255,"[0, 1, 0, 0, 1, 0]","p x, a island, y accept chase Inputs",p x island accept chase input,"p x, a island, y accepts following inputs | PPSea",p x island accepts following input | ppsea,36,8,0
1256,"[0, 1, 0, 0, 1, 0]",the rows method returns a compendium of Symbols.,row method return compendium symbol,"p x, a island, y accepts following inputs | PPSea",p x island accepts following input | ppsea,48,8,0
1257,"[0, 1, 0, 0, 1, 0]",the input Represented by dots is called piss and water can Appear before and After the island.,input represented dot called piss water appear island,"p x, a island, y accepts following inputs | PPSea",p x island accepts following input | ppsea,94,17,0
1258,"[0, 1, 0, 0, 1, 0]",the symbol is Used beget the accessor Methods for the Data in the model.,symbol used beget accessor method data model,"p x, a island, y accepts following inputs | PPSea",p x island accepts following input | ppsea,72,14,0
1259,"[0, 1, 0, 0, 1, 0]",the dustup method returns a collections of symbols.,dustup method return collection symbol,"p x, a island, y accepts following inputs | PPSea",p x island accepts following input | ppsea,51,8,0
1260,"[0, 1, 0, 0, 1, 0]",the model Method just returns the object whose fields we wish to dwell with date.,model method return object whose field wish dwell date,"p x, a island, y accepts following inputs | PPSea",p x island accepts following input | ppsea,81,15,0
1261,"[0, 1, 0, 0, 1, 0]",the symbol is Used generate the Accessor methods for the datum in the Model.,symbol used generate accessor method datum model,"p x, a island, y accepts following inputs | PPSea",p x island accepts following input | ppsea,76,14,0
1262,"[0, 1, 0, 0, 1, 0]",the symbol is apply generate the accessor methods for the data In the model.,symbol apply generate accessor method data model,"p x, a island, y accepts following inputs | PPSea",p x island accepts following input | ppsea,76,14,0
1263,"[0, 1, 0, 0, 1, 0]",the input comprise by dots is called weewee and Water can Appear ahead and after the island.,input comprise dot called weewee water appear ahead island,"p x, a island, y accepts following inputs | PPSea",p x island accepts following input | ppsea,92,17,0
1264,"[0, 1, 0, 0, 1, 0]","p x, A island, y accepts survey inputs",p x island accepts survey input,"p x, a island, y accepts following inputs | PPSea",p x island accepts following input | ppsea,38,8,0
1265,"[0, 1, 0, 0, 1, 0]","p x, a island, y accepts surveil remark",p x island accepts surveil remark,"p x, a island, y accepts following inputs | PPSea",p x island accepts following input | ppsea,39,8,0
1266,"[0, 1, 0, 0, 1, 0]","p x, a Island, y admit following Inputs",p x island admit following input,"p x, a island, y accepts following inputs | PPSea",p x island accepts following input | ppsea,39,8,0
1267,"[0, 1, 0, 0, 1, 0]","e @ rtlabeled new Text appraise my value Is , value Asstring .",e rtlabeled new text appraise value value asstring,"p x, a island, y accepts following inputs | PPSea",p x island accepts following input | ppsea,62,13,0
1268,"[0, 1, 0, 0, 1, 0]",the words method returns a collecting of symbols.,word method return collecting symbol,"p x, a island, y accepts following inputs | PPSea",p x island accepts following input | ppsea,49,8,0
1269,"[0, 1, 0, 0, 1, 0]","E @ rtlabeled new Text value my Value Is , value asstring .",e rtlabeled new text value value value asstring,"p x, a island, y accepts following inputs | PPSea",p x island accepts following input | ppsea,59,13,0
1270,"[0, 1, 0, 0, 1, 0]",the symbolization is secondhand Generate The accessor methods for the datum in The model.,symbolization secondhand generate accessor method datum model,"p x, a island, y accepts following inputs | PPSea",p x island accepts following input | ppsea,89,14,0
1271,"[0, 1, 0, 0, 1, 0]","p x, a island, y Accepts pursuit inputs",p x island accepts pursuit input,"p x, a island, y accepts following inputs | PPSea",p x island accepts following input | ppsea,39,8,0
1272,"[0, 1, 0, 0, 1, 0]",the model method simply returns the objective whose field we Wish to populate with date.,model method simply return objective whose field wish populate date,"p x, a island, y accepts following inputs | PPSea",p x island accepts following input | ppsea,88,15,0
1273,"[0, 1, 0, 0, 1, 0]","p X, a island, y accepts following inputs",p x island accepts following input,"p x, a island, y accepts following inputs | PPSea",p x island accepts following input | ppsea,41,8,0
1274,"[0, 1, 0, 0, 1, 0]",the input Represented by Dots is called water and piddle Can appear before and after the island.,input represented dot called water piddle appear island,"p x, a island, y accepts following inputs | PPSea",p x island accepts following input | ppsea,96,17,0
1275,"[0, 1, 0, 0, 1, 0]",the symbol is use generate the accessor methods for the data in the model.,symbol use generate accessor method data model,"p x, a island, y accepts following inputs | PPSea",p x island accepts following input | ppsea,74,14,0
1276,"[0, 1, 0, 0, 1, 0]","e @ rtlabeled new text value my value is , Value asstring .",e rtlabeled new text value value value asstring,"p x, a island, y accepts following inputs | PPSea",p x island accepts following input | ppsea,59,13,0
1277,"[0, 1, 0, 0, 1, 0]","p x, a island, y have following comment",p x island following comment,"p x, a island, y accepts following inputs | PPSea",p x island accepts following input | ppsea,39,8,0
1278,"[0, 1, 0, 0, 1, 0]","p x, a island, Y bear following inputs",p x island bear following input,"p x, a island, y accepts following inputs | PPSea",p x island accepts following input | ppsea,38,8,0
1279,"[0, 1, 0, 0, 1, 0]",the input represented by dots is Called water And water can appear Before and after the island.,input represented dot called water water appear island,"p x, a island, y accepts following inputs | PPSea",p x island accepts following input | ppsea,95,17,0
1280,"[0, 1, 0, 0, 1, 0]",the rows method returns a appeal of Symbols.,row method return appeal symbol,"p x, a island, y accepts following inputs | PPSea",p x island accepts following input | ppsea,44,8,0
1281,"[0, 1, 0, 0, 1, 0]",the rows method returns a Collections of symbols.,row method return collection symbol,"p x, a island, y accepts following inputs | PPSea",p x island accepts following input | ppsea,49,8,0
1282,"[0, 1, 0, 0, 1, 0]",the Rows Method returns a collections of symbols.,row method return collection symbol,"p x, a island, y accepts following inputs | PPSea",p x island accepts following input | ppsea,49,8,0
1283,"[0, 1, 0, 0, 1, 0]","e @ Rtlabeled new text measure my value is , Value asstring .",e rtlabeled new text measure value value asstring,"p x, a island, y accepts following inputs | PPSea",p x island accepts following input | ppsea,61,13,0
1284,"[0, 1, 0, 0, 1, 0]",the symbolisation is used generate the accessor method for the data in The model.,symbolisation used generate accessor method data model,"p x, a island, y accepts following inputs | PPSea",p x island accepts following input | ppsea,81,14,0
1285,"[0, 1, 0, 0, 1, 0]",the symbolization is used generate the accessor methods for the data in the model.,symbolization used generate accessor method data model,"p x, a island, y accepts following inputs | PPSea",p x island accepts following input | ppsea,82,14,0
1286,"[0, 1, 0, 0, 1, 0]",the row method returns a collections of symbols.,row method return collection symbol,"p x, a island, y accepts following inputs | PPSea",p x island accepts following input | ppsea,48,8,0
1287,"[0, 1, 0, 0, 1, 0]","p x, a island, y accepts following comment",p x island accepts following comment,"p x, a island, y accepts following inputs | PPSea",p x island accepts following input | ppsea,42,8,0
1288,"[0, 1, 0, 0, 1, 0]","e @ rtlabeled new text value My value is , value asstring .",e rtlabeled new text value value value asstring,"p x, a island, y accepts following inputs | PPSea",p x island accepts following input | ppsea,59,13,0
1289,"[0, 1, 0, 0, 1, 0]",the model method precisely returns the object whose Fields we wish To populate with date.,model method precisely return object whose field wish populate date,"p x, a island, y accepts following inputs | PPSea",p x island accepts following input | ppsea,89,15,0
1290,"[0, 1, 0, 0, 1, 0]",the symbol is Used beget the accessor method for the data in The model.,symbol used beget accessor method data model,"p x, a island, y accepts following inputs | PPSea",p x island accepts following input | ppsea,71,14,0
1291,"[0, 1, 0, 0, 1, 0]","e @ rtlabeled new text valuate my value is , rate asstring .",e rtlabeled new text valuate value rate asstring,"p x, a island, y accepts following inputs | PPSea",p x island accepts following input | ppsea,60,13,0
1292,"[0, 1, 0, 0, 1, 0]","e @ rtlabeled new text Value my value is , value asstring .",e rtlabeled new text value value value asstring,"p x, a island, y accepts following inputs | PPSea",p x island accepts following input | ppsea,59,13,0
1293,"[0, 1, 0, 0, 1, 0]",The Symbol is exploited generate the accessor method for the data in the model.,symbol exploited generate accessor method data model,"p x, a island, y accepts following inputs | PPSea",p x island accepts following input | ppsea,79,14,0
1294,"[0, 1, 0, 0, 1, 0]",the symbol is used generate the Accessor methods for the data In the model.,symbol used generate accessor method data model,"p x, a island, y accepts following inputs | PPSea",p x island accepts following input | ppsea,75,14,0
1295,"[0, 1, 0, 0, 1, 0]","P x, a Island, y accepts following inputs",p x island accepts following input,"p x, a island, y accepts following inputs | PPSea",p x island accepts following input | ppsea,41,8,0
1296,"[0, 1, 0, 0, 1, 0]","e @ rtlabeled new text value my value is , valuate asstring .",e rtlabeled new text value value valuate asstring,"p x, a island, y accepts following inputs | PPSea",p x island accepts following input | ppsea,61,13,0
1297,"[0, 1, 0, 0, 1, 0]","P x, a island, y assume following inputs",p x island assume following input,"p x, a island, y accepts following inputs | PPSea",p x island accepts following input | ppsea,40,8,0
1298,"[0, 1, 0, 0, 1, 0]",The Rows method returns a assemblage of symbols.,row method return assemblage symbol,"p x, a island, y accepts following inputs | PPSea",p x island accepts following input | ppsea,48,8,0
1299,"[0, 1, 0, 0, 1, 0]",the Rows method Returns a collections of symbols.,row method return collection symbol,"p x, a island, y accepts following inputs | PPSea",p x island accepts following input | ppsea,49,8,0
1300,"[0, 1, 0, 0, 1, 0]","p x, A island, y accepts postdate inputs",p x island accepts postdate input,"p x, a island, y accepts following inputs | PPSea",p x island accepts following input | ppsea,40,8,0
1301,"[0, 1, 0, 0, 1, 0]","p x, a Island, y take observe inputs",p x island take observe input,"p x, a island, y accepts following inputs | PPSea",p x island accepts following input | ppsea,36,8,0
1302,"[0, 1, 0, 0, 1, 0]","e @ rtlabeled new textbook value my appraise is , value asstring .",e rtlabeled new textbook value appraise value asstring,"p x, a island, y accepts following inputs | PPSea",p x island accepts following input | ppsea,66,13,0
1303,"[0, 1, 0, 0, 1, 0]","p x, a island, y accepts trace stimulant",p x island accepts trace stimulant,"p x, a island, y accepts following inputs | PPSea",p x island accepts following input | ppsea,40,8,0
1304,"[0, 1, 0, 0, 1, 0]","p x, a island, y accepts comply inputs",p x island accepts comply input,"p x, a island, y accepts following inputs | PPSea",p x island accepts following input | ppsea,38,8,0
1305,"[0, 1, 0, 0, 1, 0]","e @ rtlabeled New textbook value my value is , value asstring .",e rtlabeled new textbook value value value asstring,"p x, a island, y accepts following inputs | PPSea",p x island accepts following input | ppsea,63,13,0
1306,"[0, 1, 0, 0, 1, 0]","p x, A island, y accepts followers stimulus",p x island accepts follower stimulus,"p x, a island, y accepts following inputs | PPSea",p x island accepts following input | ppsea,43,8,0
1307,"[0, 1, 0, 0, 1, 0]","e @ rtlabeled new text value my respect is , value asstring .",e rtlabeled new text value respect value asstring,"p x, a island, y accepts following inputs | PPSea",p x island accepts following input | ppsea,61,13,0
1308,"[0, 1, 0, 0, 1, 0]",the mannequin method but returns the aim whose orbit we wish to Populate with date.,mannequin method return aim whose orbit wish populate date,"p x, a island, y accepts following inputs | PPSea",p x island accepts following input | ppsea,83,15,0
1309,"[0, 1, 0, 0, 1, 0]","e @ rtlabeled new text value my value Is , value asstring .",e rtlabeled new text value value value asstring,"p x, a island, y accepts following inputs | PPSea",p x island accepts following input | ppsea,59,13,0
1310,"[0, 1, 0, 0, 1, 0]","P x, A island, y accepts pursue inputs",p x island accepts pursue input,"p x, a island, y accepts following inputs | PPSea",p x island accepts following input | ppsea,38,8,0
1311,"[0, 1, 0, 0, 1, 0]",the input typify by dots is called irrigate And piss can appear before and after the island.,input typify dot called irrigate piss appear island,"p x, a island, y accepts following inputs | PPSea",p x island accepts following input | ppsea,92,17,0
1312,"[0, 1, 0, 0, 1, 0]",the Rows method returns a Collections Of symbols.,row method return collection symbol,"p x, a island, y accepts following inputs | PPSea",p x island accepts following input | ppsea,49,8,0
1313,"[0, 1, 0, 0, 1, 0]",the rows method rejoin a collections of symbols.,row method rejoin collection symbol,"p x, a island, y accepts following inputs | PPSea",p x island accepts following input | ppsea,48,8,0
1314,"[0, 1, 0, 0, 1, 0]",the model method just returns The object whose plain we wish to populate with date.,model method return object whose plain wish populate date,"p x, a island, y accepts following inputs | PPSea",p x island accepts following input | ppsea,83,15,0
1315,"[0, 1, 0, 0, 1, 0]",the symbol is used generate the accessor method for the data in the model.,symbol used generate accessor method data model,"p x, a island, y accepts following inputs | PPSea",p x island accepts following input | ppsea,74,14,0
1316,"[0, 1, 0, 0, 1, 0]","p X, a island, y accepts pursual inputs",p x island accepts pursual input,"p x, a island, y accepts following inputs | PPSea",p x island accepts following input | ppsea,39,8,0
1317,"[0, 1, 0, 0, 1, 0]","p x, a Island, y Accepts following stimulant",p x island accepts following stimulant,"p x, a island, y accepts following inputs | PPSea",p x island accepts following input | ppsea,44,8,0
1318,"[0, 1, 0, 0, 1, 0]","p x, a island, y accepts following stimulant",p x island accepts following stimulant,"p x, a island, y accepts following inputs | PPSea",p x island accepts following input | ppsea,44,8,0
1319,"[0, 1, 0, 0, 1, 0]",the rows method Returns a collections of symbols.,row method return collection symbol,"p x, a island, y accepts following inputs | PPSea",p x island accepts following input | ppsea,49,8,0
1320,"[0, 1, 0, 0, 1, 0]","p x, a island, y accepts Following inputs",p x island accepts following input,"p x, a island, y accepts following inputs | PPSea",p x island accepts following input | ppsea,41,8,0
1321,"[0, 1, 0, 0, 1, 0]","P x, a Island, y accepts pursue Inputs",p x island accepts pursue input,"p x, a island, y accepts following inputs | PPSea",p x island accepts following input | ppsea,38,8,0
1322,"[0, 1, 0, 0, 1, 0]",the rows method Returns a collections Of symbols.,row method return collection symbol,"p x, a island, y accepts following inputs | PPSea",p x island accepts following input | ppsea,49,8,0
1323,"[0, 1, 0, 0, 1, 0]",the Symbol is used Generate the accessor methods for the data in the model.,symbol used generate accessor method data model,"p x, a island, y accepts following inputs | PPSea",p x island accepts following input | ppsea,75,14,0
1324,"[0, 1, 0, 0, 1, 0]","e @ rtlabeled new text appreciate my value is , Value asstring .",e rtlabeled new text appreciate value value asstring,"p x, a island, y accepts following inputs | PPSea",p x island accepts following input | ppsea,64,13,0
1325,"[0, 1, 0, 0, 1, 0]",the model method just returns The object whose fields We wish to populate with date.,model method return object whose field wish populate date,"p x, a island, y accepts following inputs | PPSea",p x island accepts following input | ppsea,84,15,0
1326,"[0, 1, 0, 0, 1, 0]","e @ rtlabeled new text value my Value is , value asstring .",e rtlabeled new text value value value asstring,"p x, a island, y accepts following inputs | PPSea",p x island accepts following input | ppsea,59,13,0
1327,"[0, 1, 0, 0, 1, 0]","e @ rtlabeled new text prize my value is , value asstring .",e rtlabeled new text prize value value asstring,"p x, a island, y accepts following inputs | PPSea",p x island accepts following input | ppsea,59,13,0
1328,"[0, 1, 0, 0, 1, 0]","p x, a Island, Y accept surveil inputs",p x island accept surveil input,"p x, a island, y accepts following inputs | PPSea",p x island accepts following input | ppsea,38,8,0
1329,"[0, 1, 0, 0, 1, 0]",the model method Just reappearance the target Whose fields we Wish to populate with date.,model method reappearance target whose field wish populate date,"p x, a island, y accepts following inputs | PPSea",p x island accepts following input | ppsea,89,15,0
1330,"[0, 1, 0, 0, 1, 0]",the symbol is used generate the accessor methods for the data in The model.,symbol used generate accessor method data model,"p x, a island, y accepts following inputs | PPSea",p x island accepts following input | ppsea,75,14,0
1331,"[0, 1, 0, 0, 1, 0]",the model method fair returns the object whose fields we wish to inhabit With Date.,model method fair return object whose field wish inhabit date,"p x, a island, y accepts following inputs | PPSea",p x island accepts following input | ppsea,83,15,0
1332,"[0, 1, 0, 0, 1, 0]","e @ Rtlabeled new text value my value is , Value asstring .",e rtlabeled new text value value value asstring,"p x, a island, y accepts following inputs | PPSea",p x island accepts following input | ppsea,59,13,0
1333,"[0, 1, 0, 0, 1, 0]",the stimulation interpret by dots is called water and piss Can appear Before and later the island.,stimulation interpret dot called water piss appear later island,"p x, a island, y accepts following inputs | PPSea",p x island accepts following input | ppsea,98,17,0
1334,"[0, 1, 0, 0, 1, 0]",the symbolisation Is used generate the accessor methods for the data In the model.,symbolisation used generate accessor method data model,"p x, a island, y accepts following inputs | PPSea",p x island accepts following input | ppsea,82,14,0
1335,"[0, 1, 0, 0, 1, 0]",The modelling method good Returns the objective whose fields we wish To live with Date.,modelling method good return objective whose field wish live date,"p x, a island, y accepts following inputs | PPSea",p x island accepts following input | ppsea,87,15,0
1336,"[0, 1, 0, 0, 1, 0]",the input represented by dots is called weewee and water can appear ahead and after the island.,input represented dot called weewee water appear ahead island,"p x, a island, y accepts following inputs | PPSea",p x island accepts following input | ppsea,95,17,0
1337,"[0, 1, 0, 0, 1, 0]",the symbolization is Used Generate the accessor methods for the data in the model.,symbolization used generate accessor method data model,"p x, a island, y accepts following inputs | PPSea",p x island accepts following input | ppsea,82,14,0
1338,"[0, 0, 1, 0, 1, 0]",i do the hard job of Visually updating selection by requesting segment Holders to Partially update themselves,hard job visually updating selection requesting segment holder partially update,i do the hard job of visually updating selection by requesting segment holders to partially update themselves | BrTextEditorSelectionUpdateCommand,hard job visually updating selection requesting segment holder partially update | brtexteditorselectionupdatecommand,109,17,0
1339,"[0, 0, 1, 0, 1, 0]",one can make it on a parser p by Calling p island eg,one make parser p calling p island eg,i do the hard job of visually updating selection by requesting segment holders to partially update themselves | BrTextEditorSelectionUpdateCommand,hard job visually updating selection requesting segment holder partially update | brtexteditorselectionupdatecommand,52,13,0
1340,"[0, 0, 1, 0, 1, 0]",one can create It on a parser p by calling p island eg,one create parser p calling p island eg,i do the hard job of visually updating selection by requesting segment holders to partially update themselves | BrTextEditorSelectionUpdateCommand,hard job visually updating selection requesting segment holder partially update | brtexteditorselectionupdatecommand,54,13,0
1341,"[0, 0, 1, 0, 1, 0]",i encode everything that is written to myself habituate #nextput and #nextputall onto the wind stream.,encode everything written habituate nextput nextputall onto wind stream,i do the hard job of visually updating selection by requesting segment holders to partially update themselves | BrTextEditorSelectionUpdateCommand,hard job visually updating selection requesting segment holder partially update | brtexteditorselectionupdatecommand,102,16,0
1342,"[0, 0, 1, 0, 1, 0]",i encode everything that Is scripted to myself using #nextput and #nextputall onto the wrapped stream.,encode everything scripted using nextput nextputall onto wrapped stream,i do the hard job of visually updating selection by requesting segment holders to partially update themselves | BrTextEditorSelectionUpdateCommand,hard job visually updating selection requesting segment holder partially update | brtexteditorselectionupdatecommand,102,16,0
1343,"[0, 0, 1, 0, 1, 0]",a Ppisland Allows for imprecise parsing.,ppisland allows imprecise parsing,i do the hard job of visually updating selection by requesting segment holders to partially update themselves | BrTextEditorSelectionUpdateCommand,hard job visually updating selection requesting segment holder partially update | brtexteditorselectionupdatecommand,40,6,0
1344,"[0, 0, 1, 0, 1, 0]",i define an api Of stroke options object.,define api stroke option object,i do the hard job of visually updating selection by requesting segment holders to partially update themselves | BrTextEditorSelectionUpdateCommand,hard job visually updating selection requesting segment holder partially update | brtexteditorselectionupdatecommand,41,8,0
1345,"[0, 0, 1, 0, 1, 0]",i define an api of stroke option object.,define api stroke option object,i do the hard job of visually updating selection by requesting segment holders to partially update themselves | BrTextEditorSelectionUpdateCommand,hard job visually updating selection requesting segment holder partially update | brtexteditorselectionupdatecommand,40,8,0
1346,"[0, 0, 1, 0, 1, 0]",one can make it on a parser p by calling p island eg,one make parser p calling p island eg,i do the hard job of visually updating selection by requesting segment holders to partially update themselves | BrTextEditorSelectionUpdateCommand,hard job visually updating selection requesting segment holder partially update | brtexteditorselectionupdatecommand,52,13,0
1347,"[0, 0, 1, 0, 1, 0]",i encode everything That is Written to myself using #nextput and #nextputall onto the roll stream.,encode everything written using nextput nextputall onto roll stream,i do the hard job of visually updating selection by requesting segment holders to partially update themselves | BrTextEditorSelectionUpdateCommand,hard job visually updating selection requesting segment holder partially update | brtexteditorselectionupdatecommand,98,16,0
1348,"[0, 0, 1, 0, 1, 0]",i do the Hard job of visually updating selection by request segment holders To partially update themselves,hard job visually updating selection request segment holder partially update,i do the hard job of visually updating selection by requesting segment holders to partially update themselves | BrTextEditorSelectionUpdateCommand,hard job visually updating selection requesting segment holder partially update | brtexteditorselectionupdatecommand,106,17,0
1349,"[0, 0, 1, 0, 1, 0]",i Encode everything that is written to myself expend #nextput and #nextputall onto the wrapped stream.,encode everything written expend nextput nextputall onto wrapped stream,i do the hard job of visually updating selection by requesting segment holders to partially update themselves | BrTextEditorSelectionUpdateCommand,hard job visually updating selection requesting segment holder partially update | brtexteditorselectionupdatecommand,102,16,0
1350,"[0, 0, 1, 0, 1, 0]",i do the backbreaking job of visually updating option by quest section holders to Partially update themselves,backbreaking job visually updating option quest section holder partially update,i do the hard job of visually updating selection by requesting segment holders to partially update themselves | BrTextEditorSelectionUpdateCommand,hard job visually updating selection requesting segment holder partially update | brtexteditorselectionupdatecommand,109,17,0
1351,"[0, 0, 1, 0, 1, 0]",one can create it on a parser p by bid p island eg,one create parser p bid p island eg,i do the hard job of visually updating selection by requesting segment holders to partially update themselves | BrTextEditorSelectionUpdateCommand,hard job visually updating selection requesting segment holder partially update | brtexteditorselectionupdatecommand,50,13,0
1352,"[0, 0, 1, 0, 1, 0]",one can create it on a parser p by bid P island eg,one create parser p bid p island eg,i do the hard job of visually updating selection by requesting segment holders to partially update themselves | BrTextEditorSelectionUpdateCommand,hard job visually updating selection requesting segment holder partially update | brtexteditorselectionupdatecommand,50,13,0
1353,"[0, 0, 1, 0, 1, 0]",I define an Api Of stroke selection object.,define api stroke selection object,i do the hard job of visually updating selection by requesting segment holders to partially update themselves | BrTextEditorSelectionUpdateCommand,hard job visually updating selection requesting segment holder partially update | brtexteditorselectionupdatecommand,43,8,0
1354,"[0, 0, 1, 0, 1, 0]",i encode everything That is Written to myself Using #nextput and #nextputall onto the envelop stream.,encode everything written using nextput nextputall onto envelop stream,i do the hard job of visually updating selection by requesting segment holders to partially update themselves | BrTextEditorSelectionUpdateCommand,hard job visually updating selection requesting segment holder partially update | brtexteditorselectionupdatecommand,101,16,0
1355,"[0, 0, 1, 0, 1, 0]",one can create it On a parser P by calling p island eg,one create parser p calling p island eg,i do the hard job of visually updating selection by requesting segment holders to partially update themselves | BrTextEditorSelectionUpdateCommand,hard job visually updating selection requesting segment holder partially update | brtexteditorselectionupdatecommand,54,13,0
1356,"[0, 0, 1, 0, 1, 0]",one can create it on a parser p by ring p island eg,one create parser p ring p island eg,i do the hard job of visually updating selection by requesting segment holders to partially update themselves | BrTextEditorSelectionUpdateCommand,hard job visually updating selection requesting segment holder partially update | brtexteditorselectionupdatecommand,51,13,0
1357,"[0, 0, 1, 0, 1, 0]",i do the Hard job of Visually updating Selection by quest Segment bearer to partially update themselves,hard job visually updating selection quest segment bearer partially update,i do the hard job of visually updating selection by requesting segment holders to partially update themselves | BrTextEditorSelectionUpdateCommand,hard job visually updating selection requesting segment holder partially update | brtexteditorselectionupdatecommand,103,17,0
1358,"[0, 0, 1, 0, 1, 0]",i encode everything that is written to Myself victimisation #nextput and #nextputall onto the wrapped stream.,encode everything written victimisation nextput nextputall onto wrapped stream,i do the hard job of visually updating selection by requesting segment holders to partially update themselves | BrTextEditorSelectionUpdateCommand,hard job visually updating selection requesting segment holder partially update | brtexteditorselectionupdatecommand,109,16,0
1359,"[0, 0, 1, 0, 1, 0]",One can create it on a parser p By bid p island Eg,one create parser p bid p island eg,i do the hard job of visually updating selection by requesting segment holders to partially update themselves | BrTextEditorSelectionUpdateCommand,hard job visually updating selection requesting segment holder partially update | brtexteditorselectionupdatecommand,50,13,0
1360,"[0, 0, 1, 0, 1, 0]",i encode everything That is written to myself victimization #nextput and #nextputall Onto the cloaked stream.,encode everything written victimization nextput nextputall onto cloaked stream,i do the hard job of visually updating selection by requesting segment holders to partially update themselves | BrTextEditorSelectionUpdateCommand,hard job visually updating selection requesting segment holder partially update | brtexteditorselectionupdatecommand,109,16,0
1361,"[0, 0, 1, 0, 1, 0]",i encode Everything that Is written to myself using #nextput and #nextputall Onto The absorbed stream.,encode everything written using nextput nextputall onto absorbed stream,i do the hard job of visually updating selection by requesting segment holders to partially update themselves | BrTextEditorSelectionUpdateCommand,hard job visually updating selection requesting segment holder partially update | brtexteditorselectionupdatecommand,102,16,0
1362,"[0, 0, 1, 0, 1, 0]",i do the hard job of visually updating selection by bespeak section holders to partially update themselves,hard job visually updating selection bespeak section holder partially update,i do the hard job of visually updating selection by requesting segment holders to partially update themselves | BrTextEditorSelectionUpdateCommand,hard job visually updating selection requesting segment holder partially update | brtexteditorselectionupdatecommand,106,17,0
1363,"[0, 0, 1, 0, 1, 0]",i Define an api of stroke selection object.,define api stroke selection object,i do the hard job of visually updating selection by requesting segment holders to partially update themselves | BrTextEditorSelectionUpdateCommand,hard job visually updating selection requesting segment holder partially update | brtexteditorselectionupdatecommand,43,8,0
1364,"[0, 0, 1, 0, 1, 0]",a ppisland allows for imprecise Parsing.,ppisland allows imprecise parsing,i do the hard job of visually updating selection by requesting segment holders to partially update themselves | BrTextEditorSelectionUpdateCommand,hard job visually updating selection requesting segment holder partially update | brtexteditorselectionupdatecommand,40,6,0
1365,"[0, 0, 1, 0, 1, 0]",One can make it on a parser p by squall p island eg,one make parser p squall p island eg,i do the hard job of visually updating selection by requesting segment holders to partially update themselves | BrTextEditorSelectionUpdateCommand,hard job visually updating selection requesting segment holder partially update | brtexteditorselectionupdatecommand,51,13,0
1366,"[0, 0, 1, 0, 1, 0]",i specify an api Of stroke Options object.,specify api stroke option object,i do the hard job of visually updating selection by requesting segment holders to partially update themselves | BrTextEditorSelectionUpdateCommand,hard job visually updating selection requesting segment holder partially update | brtexteditorselectionupdatecommand,42,8,0
1367,"[0, 0, 1, 0, 1, 0]",a ppisland Allows for imprecise parsing.,ppisland allows imprecise parsing,i do the hard job of visually updating selection by requesting segment holders to partially update themselves | BrTextEditorSelectionUpdateCommand,hard job visually updating selection requesting segment holder partially update | brtexteditorselectionupdatecommand,40,6,0
1368,"[0, 0, 1, 0, 1, 0]",A ppisland allows for imprecise parsing.,ppisland allows imprecise parsing,i do the hard job of visually updating selection by requesting segment holders to partially update themselves | BrTextEditorSelectionUpdateCommand,hard job visually updating selection requesting segment holder partially update | brtexteditorselectionupdatecommand,40,6,0
1369,"[0, 0, 1, 0, 1, 0]",i encode Everything that is written to myself using #nextput and #nextputall onto the Wrapped stream.,encode everything written using nextput nextputall onto wrapped stream,i do the hard job of visually updating selection by requesting segment holders to partially update themselves | BrTextEditorSelectionUpdateCommand,hard job visually updating selection requesting segment holder partially update | brtexteditorselectionupdatecommand,101,16,0
1370,"[0, 0, 1, 0, 1, 0]",i define an api of Stroke options object.,define api stroke option object,i do the hard job of visually updating selection by requesting segment holders to partially update themselves | BrTextEditorSelectionUpdateCommand,hard job visually updating selection requesting segment holder partially update | brtexteditorselectionupdatecommand,41,8,0
1371,"[0, 0, 1, 0, 1, 0]",one can create it on A Parser p by calling p island eg,one create parser p calling p island eg,i do the hard job of visually updating selection by requesting segment holders to partially update themselves | BrTextEditorSelectionUpdateCommand,hard job visually updating selection requesting segment holder partially update | brtexteditorselectionupdatecommand,54,13,0
1372,"[0, 0, 1, 0, 1, 0]",i encode everything That is written to myself using #nextput and #nextputall onto the wrapped stream.,encode everything written using nextput nextputall onto wrapped stream,i do the hard job of visually updating selection by requesting segment holders to partially update themselves | BrTextEditorSelectionUpdateCommand,hard job visually updating selection requesting segment holder partially update | brtexteditorselectionupdatecommand,101,16,0
1373,"[0, 0, 1, 0, 1, 0]",a ppisland countenance for imprecise Parsing.,ppisland countenance imprecise parsing,i do the hard job of visually updating selection by requesting segment holders to partially update themselves | BrTextEditorSelectionUpdateCommand,hard job visually updating selection requesting segment holder partially update | brtexteditorselectionupdatecommand,45,6,0
1374,"[0, 0, 1, 0, 1, 0]",i define An Api of virgule Options Object.,define api virgule option object,i do the hard job of visually updating selection by requesting segment holders to partially update themselves | BrTextEditorSelectionUpdateCommand,hard job visually updating selection requesting segment holder partially update | brtexteditorselectionupdatecommand,42,8,0
1375,"[0, 0, 1, 0, 1, 0]",a Ppisland allows for imprecise parsing.,ppisland allows imprecise parsing,i do the hard job of visually updating selection by requesting segment holders to partially update themselves | BrTextEditorSelectionUpdateCommand,hard job visually updating selection requesting segment holder partially update | brtexteditorselectionupdatecommand,40,6,0
1376,"[0, 0, 1, 0, 1, 0]",one can produce it on a parser p by calling p Island eg,one produce parser p calling p island eg,i do the hard job of visually updating selection by requesting segment holders to partially update themselves | BrTextEditorSelectionUpdateCommand,hard job visually updating selection requesting segment holder partially update | brtexteditorselectionupdatecommand,55,13,0
1377,"[0, 0, 1, 0, 1, 0]",i encode everything that is write to myself practice #nextput and #nextputall onto the wrapped stream.,encode everything write practice nextput nextputall onto wrapped stream,i do the hard job of visually updating selection by requesting segment holders to partially update themselves | BrTextEditorSelectionUpdateCommand,hard job visually updating selection requesting segment holder partially update | brtexteditorselectionupdatecommand,102,16,0
1378,"[0, 0, 1, 0, 1, 0]",i encode Everything that is written to myself using #nextput and #nextputall onto the wrapped stream.,encode everything written using nextput nextputall onto wrapped stream,i do the hard job of visually updating selection by requesting segment holders to partially update themselves | BrTextEditorSelectionUpdateCommand,hard job visually updating selection requesting segment holder partially update | brtexteditorselectionupdatecommand,101,16,0
1379,"[0, 0, 1, 0, 1, 0]",i do the knockout job of visually update excerpt by Requesting segment holder to partially update themselves,knockout job visually update excerpt requesting segment holder partially update,i do the hard job of visually updating selection by requesting segment holders to partially update themselves | BrTextEditorSelectionUpdateCommand,hard job visually updating selection requesting segment holder partially update | brtexteditorselectionupdatecommand,108,17,0
1380,"[0, 0, 1, 0, 1, 0]",i encode everything that is written to myself exploitation #nextput and #nextputall onto the wrapped stream.,encode everything written exploitation nextput nextputall onto wrapped stream,i do the hard job of visually updating selection by requesting segment holders to partially update themselves | BrTextEditorSelectionUpdateCommand,hard job visually updating selection requesting segment holder partially update | brtexteditorselectionupdatecommand,108,16,0
1381,"[0, 0, 1, 0, 1, 0]",i encode everything that is written to myself expend #nextput and #nextputall onto the mantled stream.,encode everything written expend nextput nextputall onto mantled stream,i do the hard job of visually updating selection by requesting segment holders to partially update themselves | BrTextEditorSelectionUpdateCommand,hard job visually updating selection requesting segment holder partially update | brtexteditorselectionupdatecommand,102,16,0
1382,"[0, 0, 1, 0, 1, 0]",i encode Everything that is scripted to myself Using #nextput and #nextputall onto the wrapped stream.,encode everything scripted using nextput nextputall onto wrapped stream,i do the hard job of visually updating selection by requesting segment holders to partially update themselves | BrTextEditorSelectionUpdateCommand,hard job visually updating selection requesting segment holder partially update | brtexteditorselectionupdatecommand,102,16,0
1383,"[0, 0, 1, 0, 1, 0]",i define an api of separatrix options object.,define api separatrix option object,i do the hard job of visually updating selection by requesting segment holders to partially update themselves | BrTextEditorSelectionUpdateCommand,hard job visually updating selection requesting segment holder partially update | brtexteditorselectionupdatecommand,45,8,0
1384,"[0, 0, 1, 0, 1, 0]",i fix an api of stroke Options object.,fix api stroke option object,i do the hard job of visually updating selection by requesting segment holders to partially update themselves | BrTextEditorSelectionUpdateCommand,hard job visually updating selection requesting segment holder partially update | brtexteditorselectionupdatecommand,38,8,0
1385,"[0, 0, 1, 0, 1, 0]",i encode everything that is scripted to myself Using #nextput and #nextputall onto the Wrapped stream.,encode everything scripted using nextput nextputall onto wrapped stream,i do the hard job of visually updating selection by requesting segment holders to partially update themselves | BrTextEditorSelectionUpdateCommand,hard job visually updating selection requesting segment holder partially update | brtexteditorselectionupdatecommand,102,16,0
1386,"[0, 0, 1, 0, 1, 0]",i encode everything that is written to myself Using #nextput and #nextputall onto the wrapped stream.,encode everything written using nextput nextputall onto wrapped stream,i do the hard job of visually updating selection by requesting segment holders to partially update themselves | BrTextEditorSelectionUpdateCommand,hard job visually updating selection requesting segment holder partially update | brtexteditorselectionupdatecommand,101,16,0
1387,"[0, 0, 1, 0, 1, 0]",one can create it On a parser p By calling p Island eg,one create parser p calling p island eg,i do the hard job of visually updating selection by requesting segment holders to partially update themselves | BrTextEditorSelectionUpdateCommand,hard job visually updating selection requesting segment holder partially update | brtexteditorselectionupdatecommand,54,13,0
1388,"[0, 0, 1, 0, 1, 0]",i encode everything that is written to myself exploitation #nextput and #nextputall onto the wrap stream.,encode everything written exploitation nextput nextputall onto wrap stream,i do the hard job of visually updating selection by requesting segment holders to partially update themselves | BrTextEditorSelectionUpdateCommand,hard job visually updating selection requesting segment holder partially update | brtexteditorselectionupdatecommand,105,16,0
1389,"[0, 0, 1, 0, 1, 0]",i delimitate an api of stroke selection object.,delimitate api stroke selection object,i do the hard job of visually updating selection by requesting segment holders to partially update themselves | BrTextEditorSelectionUpdateCommand,hard job visually updating selection requesting segment holder partially update | brtexteditorselectionupdatecommand,47,8,0
1390,"[0, 0, 1, 0, 1, 0]",i encode everything that is written to myself practice #nextput and #nextputall onto the wrapped stream.,encode everything written practice nextput nextputall onto wrapped stream,i do the hard job of visually updating selection by requesting segment holders to partially update themselves | BrTextEditorSelectionUpdateCommand,hard job visually updating selection requesting segment holder partially update | brtexteditorselectionupdatecommand,104,16,0
1391,"[0, 0, 1, 0, 1, 0]",i encode Everything That is write to myself employ #nextput And #nextputall onto the intent stream.,encode everything write employ nextput nextputall onto intent stream,i do the hard job of visually updating selection by requesting segment holders to partially update themselves | BrTextEditorSelectionUpdateCommand,hard job visually updating selection requesting segment holder partially update | brtexteditorselectionupdatecommand,99,16,0
1392,"[0, 0, 1, 0, 1, 0]",i do the hard job of visually updating Selection By bespeak segment holders to partially update themselves,hard job visually updating selection bespeak segment holder partially update,i do the hard job of visually updating selection by requesting segment holders to partially update themselves | BrTextEditorSelectionUpdateCommand,hard job visually updating selection requesting segment holder partially update | brtexteditorselectionupdatecommand,106,17,0
1393,"[0, 0, 1, 0, 1, 0]",i do The hard job of visually update selection by requesting segment holders to partially update themselves,hard job visually update selection requesting segment holder partially update,i do the hard job of visually updating selection by requesting segment holders to partially update themselves | BrTextEditorSelectionUpdateCommand,hard job visually updating selection requesting segment holder partially update | brtexteditorselectionupdatecommand,107,17,0
1394,"[0, 0, 1, 0, 1, 0]",a ppisland reserve for imprecise Parsing.,ppisland reserve imprecise parsing,i do the hard job of visually updating selection by requesting segment holders to partially update themselves | BrTextEditorSelectionUpdateCommand,hard job visually updating selection requesting segment holder partially update | brtexteditorselectionupdatecommand,41,6,0
1395,"[0, 0, 1, 0, 1, 0]",i do the hard job of visually updating selection by requesting Segment holders to partially update themselves,hard job visually updating selection requesting segment holder partially update,i do the hard job of visually updating selection by requesting segment holders to partially update themselves | BrTextEditorSelectionUpdateCommand,hard job visually updating selection requesting segment holder partially update | brtexteditorselectionupdatecommand,109,17,0
1396,"[0, 0, 1, 0, 1, 0]",one can create It on a parser p by predict p Island eg,one create parser p predict p island eg,i do the hard job of visually updating selection by requesting segment holders to partially update themselves | BrTextEditorSelectionUpdateCommand,hard job visually updating selection requesting segment holder partially update | brtexteditorselectionupdatecommand,54,13,0
1397,"[0, 0, 1, 0, 1, 0]",i delimitate an Api of stroke options object.,delimitate api stroke option object,i do the hard job of visually updating selection by requesting segment holders to partially update themselves | BrTextEditorSelectionUpdateCommand,hard job visually updating selection requesting segment holder partially update | brtexteditorselectionupdatecommand,45,8,0
1398,"[0, 0, 1, 0, 1, 0]",i encode everything that is compose to myself using #nextput and #nextputall onto the captive stream.,encode everything compose using nextput nextputall onto captive stream,i do the hard job of visually updating selection by requesting segment holders to partially update themselves | BrTextEditorSelectionUpdateCommand,hard job visually updating selection requesting segment holder partially update | brtexteditorselectionupdatecommand,101,16,0
1399,"[0, 0, 1, 0, 1, 0]",i do the hard job of visually updating pick by Requesting section holders to partially update themselves,hard job visually updating pick requesting section holder partially update,i do the hard job of visually updating selection by requesting segment holders to partially update themselves | BrTextEditorSelectionUpdateCommand,hard job visually updating selection requesting segment holder partially update | brtexteditorselectionupdatecommand,104,17,0
1400,"[0, 0, 1, 0, 1, 0]",i do the voiceless job of visually updating selection by requesting segment holders to partly update themselves,voiceless job visually updating selection requesting segment holder partly update,i do the hard job of visually updating selection by requesting segment holders to partially update themselves | BrTextEditorSelectionUpdateCommand,hard job visually updating selection requesting segment holder partially update | brtexteditorselectionupdatecommand,111,17,0
1401,"[0, 0, 1, 0, 1, 0]",One can Create It on a Parser p by career p island eg,one create parser p career p island eg,i do the hard job of visually updating selection by requesting segment holders to partially update themselves | BrTextEditorSelectionUpdateCommand,hard job visually updating selection requesting segment holder partially update | brtexteditorselectionupdatecommand,53,13,0
1402,"[0, 0, 1, 0, 1, 0]",i encode everything that is Written to myself using #nextput and #nextputall onto the wrapped stream.,encode everything written using nextput nextputall onto wrapped stream,i do the hard job of visually updating selection by requesting segment holders to partially update themselves | BrTextEditorSelectionUpdateCommand,hard job visually updating selection requesting segment holder partially update | brtexteditorselectionupdatecommand,101,16,0
1403,"[0, 0, 1, 0, 1, 0]",i do the Hard job of visually update selection by requesting segment holders to partially update themselves,hard job visually update selection requesting segment holder partially update,i do the hard job of visually updating selection by requesting segment holders to partially update themselves | BrTextEditorSelectionUpdateCommand,hard job visually updating selection requesting segment holder partially update | brtexteditorselectionupdatecommand,107,17,0
1404,"[0, 0, 1, 0, 1, 0]",i encode everything that is Written to myself using #nextput And #nextputall onto The wind stream.,encode everything written using nextput nextputall onto wind stream,i do the hard job of visually updating selection by requesting segment holders to partially update themselves | BrTextEditorSelectionUpdateCommand,hard job visually updating selection requesting segment holder partially update | brtexteditorselectionupdatecommand,98,16,0
1405,"[0, 0, 1, 0, 1, 0]",one Can create it on a parser p by calling P island eg,one create parser p calling p island eg,i do the hard job of visually updating selection by requesting segment holders to partially update themselves | BrTextEditorSelectionUpdateCommand,hard job visually updating selection requesting segment holder partially update | brtexteditorselectionupdatecommand,54,13,0
1406,"[0, 0, 1, 0, 1, 0]",one can create it on A parser p by calling p island eg,one create parser p calling p island eg,i do the hard job of visually updating selection by requesting segment holders to partially update themselves | BrTextEditorSelectionUpdateCommand,hard job visually updating selection requesting segment holder partially update | brtexteditorselectionupdatecommand,54,13,0
1407,"[0, 0, 1, 0, 1, 0]",i encode everything That is written to myself using #nextput and #nextputall onto the wrapped Stream.,encode everything written using nextput nextputall onto wrapped stream,i do the hard job of visually updating selection by requesting segment holders to partially update themselves | BrTextEditorSelectionUpdateCommand,hard job visually updating selection requesting segment holder partially update | brtexteditorselectionupdatecommand,101,16,0
1408,"[0, 0, 1, 0, 1, 0]",i encode everything that is Written to myself Using #nextput and #nextputall Onto the wrapped stream.,encode everything written using nextput nextputall onto wrapped stream,i do the hard job of visually updating selection by requesting segment holders to partially update themselves | BrTextEditorSelectionUpdateCommand,hard job visually updating selection requesting segment holder partially update | brtexteditorselectionupdatecommand,101,16,0
1409,"[0, 0, 1, 0, 1, 0]",one can create it on A parser p by address p island eg,one create parser p address p island eg,i do the hard job of visually updating selection by requesting segment holders to partially update themselves | BrTextEditorSelectionUpdateCommand,hard job visually updating selection requesting segment holder partially update | brtexteditorselectionupdatecommand,54,13,0
1410,"[0, 0, 1, 0, 1, 0]",i do the hard job of visually update selection by requesting segment holders to partially update Themselves,hard job visually update selection requesting segment holder partially update,i do the hard job of visually updating selection by requesting segment holders to partially update themselves | BrTextEditorSelectionUpdateCommand,hard job visually updating selection requesting segment holder partially update | brtexteditorselectionupdatecommand,107,17,0
1411,"[0, 0, 1, 0, 1, 0]",i encode everything that is Written to myself using #nextput and #nextputall onto the wrapped Stream.,encode everything written using nextput nextputall onto wrapped stream,i do the hard job of visually updating selection by requesting segment holders to partially update themselves | BrTextEditorSelectionUpdateCommand,hard job visually updating selection requesting segment holder partially update | brtexteditorselectionupdatecommand,101,16,0
1412,"[0, 0, 1, 0, 1, 0]",i limit an api of stroke options object.,limit api stroke option object,i do the hard job of visually updating selection by requesting segment holders to partially update themselves | BrTextEditorSelectionUpdateCommand,hard job visually updating selection requesting segment holder partially update | brtexteditorselectionupdatecommand,40,8,0
1413,"[0, 0, 1, 0, 1, 0]",i do The hard job Of visually updating selection by request Segment holders to partially update themselves,hard job visually updating selection request segment holder partially update,i do the hard job of visually updating selection by requesting segment holders to partially update themselves | BrTextEditorSelectionUpdateCommand,hard job visually updating selection requesting segment holder partially update | brtexteditorselectionupdatecommand,106,17,0
1414,"[0, 0, 1, 0, 1, 0]",i do the toilsome job of visually updating choice by requesting segment holders to partly update themselves,toilsome job visually updating choice requesting segment holder partly update,i do the hard job of visually updating selection by requesting segment holders to partially update themselves | BrTextEditorSelectionUpdateCommand,hard job visually updating selection requesting segment holder partially update | brtexteditorselectionupdatecommand,107,17,0
1415,"[0, 0, 1, 0, 1, 0]",i encode everything that is written To Myself Using #nextput and #nextputall onto the wrapped stream.,encode everything written using nextput nextputall onto wrapped stream,i do the hard job of visually updating selection by requesting segment holders to partially update themselves | BrTextEditorSelectionUpdateCommand,hard job visually updating selection requesting segment holder partially update | brtexteditorselectionupdatecommand,101,16,0
1416,"[0, 0, 1, 0, 1, 0]",a ppisland let for imprecise parsing.,ppisland let imprecise parsing,i do the hard job of visually updating selection by requesting segment holders to partially update themselves | BrTextEditorSelectionUpdateCommand,hard job visually updating selection requesting segment holder partially update | brtexteditorselectionupdatecommand,37,6,0
1417,"[0, 0, 1, 0, 1, 0]",i do the hard job of visually update pick By requesting segment holders To partially update themselves,hard job visually update pick requesting segment holder partially update,i do the hard job of visually updating selection by requesting segment holders to partially update themselves | BrTextEditorSelectionUpdateCommand,hard job visually updating selection requesting segment holder partially update | brtexteditorselectionupdatecommand,102,17,0
1418,"[0, 0, 1, 0, 1, 0]",i encode everything that Is written to myself using #nextput and #nextputall onto the mantled stream.,encode everything written using nextput nextputall onto mantled stream,i do the hard job of visually updating selection by requesting segment holders to partially update themselves | BrTextEditorSelectionUpdateCommand,hard job visually updating selection requesting segment holder partially update | brtexteditorselectionupdatecommand,101,16,0
1419,"[0, 0, 1, 0, 1, 0]",i do the arduous job of visually Updating selection by requesting section holders to partially update themselves,arduous job visually updating selection requesting section holder partially update,i do the hard job of visually updating selection by requesting segment holders to partially update themselves | BrTextEditorSelectionUpdateCommand,hard job visually updating selection requesting segment holder partially update | brtexteditorselectionupdatecommand,112,17,0
1420,"[0, 0, 1, 0, 1, 0]",i Define an api of apoplexy options object.,define api apoplexy option object,i do the hard job of visually updating selection by requesting segment holders to partially update themselves | BrTextEditorSelectionUpdateCommand,hard job visually updating selection requesting segment holder partially update | brtexteditorselectionupdatecommand,43,8,0
1421,"[0, 0, 1, 0, 1, 0]",i set An api of stroke options object.,set api stroke option object,i do the hard job of visually updating selection by requesting segment holders to partially update themselves | BrTextEditorSelectionUpdateCommand,hard job visually updating selection requesting segment holder partially update | brtexteditorselectionupdatecommand,38,8,0
1422,"[0, 0, 1, 0, 1, 0]",i Do The laborious job of visually update Selection by requesting segment holders to partially Update themselves,laborious job visually update selection requesting segment holder partially update,i do the hard job of visually updating selection by requesting segment holders to partially update themselves | BrTextEditorSelectionUpdateCommand,hard job visually updating selection requesting segment holder partially update | brtexteditorselectionupdatecommand,112,17,0
1423,"[0, 0, 1, 0, 1, 0]",One can make it on a parser p by calling p island eg,one make parser p calling p island eg,i do the hard job of visually updating selection by requesting segment holders to partially update themselves | BrTextEditorSelectionUpdateCommand,hard job visually updating selection requesting segment holder partially update | brtexteditorselectionupdatecommand,52,13,0
1424,"[0, 0, 1, 0, 1, 0]",one can create it On a parser p by name p island eg,one create parser p name p island eg,i do the hard job of visually updating selection by requesting segment holders to partially update themselves | BrTextEditorSelectionUpdateCommand,hard job visually updating selection requesting segment holder partially update | brtexteditorselectionupdatecommand,51,13,0
1425,"[0, 0, 1, 0, 1, 0]",one can create It on A parser p by calling p island eg,one create parser p calling p island eg,i do the hard job of visually updating selection by requesting segment holders to partially update themselves | BrTextEditorSelectionUpdateCommand,hard job visually updating selection requesting segment holder partially update | brtexteditorselectionupdatecommand,54,13,0
1426,"[0, 0, 1, 0, 1, 0]",one can make it on A parser p by calling p island eg,one make parser p calling p island eg,i do the hard job of visually updating selection by requesting segment holders to partially update themselves | BrTextEditorSelectionUpdateCommand,hard job visually updating selection requesting segment holder partially update | brtexteditorselectionupdatecommand,52,13,0
1427,"[0, 0, 1, 0, 1, 0]",i do the arduous job of visually update selection by bespeak section holders to partially Update themselves,arduous job visually update selection bespeak section holder partially update,i do the hard job of visually updating selection by requesting segment holders to partially update themselves | BrTextEditorSelectionUpdateCommand,hard job visually updating selection requesting segment holder partially update | brtexteditorselectionupdatecommand,107,17,0
1428,"[0, 0, 1, 0, 1, 0]",i Encode everything that is written to myself using #nextput and #nextputall Onto the draped Stream.,encode everything written using nextput nextputall onto draped stream,i do the hard job of visually updating selection by requesting segment holders to partially update themselves | BrTextEditorSelectionUpdateCommand,hard job visually updating selection requesting segment holder partially update | brtexteditorselectionupdatecommand,100,16,0
1429,"[0, 0, 1, 0, 1, 0]",i do the hard job of visually updating Selection by requesting segment bearer to partially update themselves,hard job visually updating selection requesting segment bearer partially update,i do the hard job of visually updating selection by requesting segment holders to partially update themselves | BrTextEditorSelectionUpdateCommand,hard job visually updating selection requesting segment holder partially update | brtexteditorselectionupdatecommand,108,17,0
1430,"[0, 0, 1, 0, 1, 0]",One Can Create it on a Parser p by calling p island eg,one create parser p calling p island eg,i do the hard job of visually updating selection by requesting segment holders to partially update themselves | BrTextEditorSelectionUpdateCommand,hard job visually updating selection requesting segment holder partially update | brtexteditorselectionupdatecommand,54,13,0
1431,"[0, 0, 1, 0, 1, 0]",i encode everything that is written to myself Using #nextput And #nextputall onto the cloaked stream.,encode everything written using nextput nextputall onto cloaked stream,i do the hard job of visually updating selection by requesting segment holders to partially update themselves | BrTextEditorSelectionUpdateCommand,hard job visually updating selection requesting segment holder partially update | brtexteditorselectionupdatecommand,101,16,0
1432,"[0, 0, 1, 0, 1, 0]",one can Create it on a Parser p By cry P Island eg,one create parser p cry p island eg,i do the hard job of visually updating selection by requesting segment holders to partially update themselves | BrTextEditorSelectionUpdateCommand,hard job visually updating selection requesting segment holder partially update | brtexteditorselectionupdatecommand,50,13,0
1433,"[0, 1, 1, 0, 0, 0]",waselection produce A Selectable List.,waselection produce selectable list,it imports all png files and creates class methods with the same name. | BrGlamorousIcons,import png file creates class method name | brglamorousicons,38,5,0
1434,"[0, 1, 1, 0, 0, 0]",waselection produce a selectable list.,waselection produce selectable list,it imports all png files and creates class methods with the same name. | BrGlamorousIcons,import png file creates class method name | brglamorousicons,38,5,0
1435,"[0, 1, 1, 0, 0, 0]",it imports all png file and creates class method with the same name.,import png file creates class method name,it imports all png files and creates class methods with the same name. | BrGlamorousIcons,import png file creates class method name | brglamorousicons,68,13,0
1436,"[0, 1, 1, 0, 0, 0]",it imports all png files and creates class method With the like Name.,import png file creates class method like name,it imports all png files and creates class methods with the same name. | BrGlamorousIcons,import png file creates class method name | brglamorousicons,69,13,0
1437,"[0, 1, 1, 0, 0, 0]",it imports All png files And make class methods with the same name.,import png file make class method name,it imports all png files and creates class methods with the same name. | BrGlamorousIcons,import png file creates class method name | brglamorousicons,67,13,0
1438,"[0, 1, 1, 0, 0, 0]",datalist together with the a new list assign for input is victimised To draw comboboxes,datalist together new list assign input victimised draw comboboxes,it imports all png files and creates class methods with the same name. | BrGlamorousIcons,import png file creates class method name | brglamorousicons,87,15,0
1439,"[0, 1, 1, 0, 0, 0]",datalist together with the a new list dimension for input is Used To make comboboxes,datalist together new list dimension input used make comboboxes,it imports all png files and creates class methods with the same name. | BrGlamorousIcons,import png file creates class method name | brglamorousicons,84,15,0
1440,"[0, 1, 1, 0, 0, 0]",it imports all png charge and make class methods with the Saame name.,import png charge make class method saame name,it imports all png files and creates class methods with the same name. | BrGlamorousIcons,import png file creates class method name | brglamorousicons,69,13,0
1441,"[0, 1, 1, 0, 0, 0]",datalist together with the a new list impute for remark is used to make comboboxes,datalist together new list impute remark used make comboboxes,it imports all png files and creates class methods with the same name. | BrGlamorousIcons,import png file creates class method name | brglamorousicons,82,15,0
1442,"[0, 1, 1, 0, 0, 0]",datalist together with the a new leaning attribute for comment is used to make Comboboxes,datalist together new leaning attribute comment used make comboboxes,it imports all png files and creates class methods with the same name. | BrGlamorousIcons,import png file creates class method name | brglamorousicons,89,15,0
1443,"[0, 1, 1, 0, 0, 0]",Datalist together with The a new heel Attribute for Input is expend to make comboboxes,datalist together new heel attribute input expend make comboboxes,it imports all png files and creates class methods with the same name. | BrGlamorousIcons,import png file creates class method name | brglamorousicons,86,15,0
1444,"[0, 1, 1, 0, 0, 0]",it imports all png files and produce class methods with the same name.,import png file produce class method name,it imports all png files and creates class methods with the same name. | BrGlamorousIcons,import png file creates class method name | brglamorousicons,70,13,0
1445,"[0, 1, 1, 0, 0, 0]",datalist together with the a New List Attribute for input is used to make comboboxes,datalist together new list attribute input used make comboboxes,it imports all png files and creates class methods with the same name. | BrGlamorousIcons,import png file creates class method name | brglamorousicons,84,15,0
1446,"[0, 1, 1, 0, 0, 0]",datalist unitedly with the a new list ascribe for stimulant is used to make comboboxes,datalist unitedly new list ascribe stimulant used make comboboxes,it imports all png files and creates class methods with the same name. | BrGlamorousIcons,import png file creates class method name | brglamorousicons,86,15,0
1447,"[0, 1, 1, 0, 0, 0]",it imports all png Files and creates class methods with the Saami name.,import png file creates class method saami name,it imports all png files and creates class methods with the same name. | BrGlamorousIcons,import png file creates class method name | brglamorousicons,71,13,0
1448,"[0, 1, 1, 0, 0, 0]",datalist unitedly with the a new list attribute for input is used to make comboboxes,datalist unitedly new list attribute input used make comboboxes,it imports all png files and creates class methods with the same name. | BrGlamorousIcons,import png file creates class method name | brglamorousicons,84,15,0
1449,"[0, 1, 1, 0, 0, 0]",datalist together With the a new list attribute for input is used to make comboboxes,datalist together new list attribute input used make comboboxes,it imports all png files and creates class methods with the same name. | BrGlamorousIcons,import png file creates class method name | brglamorousicons,84,15,0
1450,"[0, 1, 1, 0, 0, 0]",waselection Creates a selectable list.,waselection creates selectable list,it imports all png files and creates class methods with the same name. | BrGlamorousIcons,import png file creates class method name | brglamorousicons,38,5,0
1451,"[0, 1, 1, 0, 0, 0]",datalist together with the a new inclination attribute for stimulant is Used to Make comboboxes,datalist together new inclination attribute stimulant used make comboboxes,it imports all png files and creates class methods with the same name. | BrGlamorousIcons,import png file creates class method name | brglamorousicons,95,15,0
1452,"[0, 1, 1, 0, 0, 0]",datalist together with the a new tilt property for input is Used to make Comboboxes,datalist together new tilt property input used make comboboxes,it imports all png files and creates class methods with the same name. | BrGlamorousIcons,import png file creates class method name | brglamorousicons,83,15,0
1453,"[0, 1, 1, 0, 0, 0]",it imports all png register and create class methods with the Lapplander name.,import png register create class method lapplander name,it imports all png files and creates class methods with the same name. | BrGlamorousIcons,import png file creates class method name | brglamorousicons,78,13,0
1454,"[0, 1, 1, 0, 0, 0]",Waselection creates a selectable list.,waselection creates selectable list,it imports all png files and creates class methods with the same name. | BrGlamorousIcons,import png file creates class method name | brglamorousicons,38,5,0
1455,"[0, 1, 1, 0, 0, 0]",it import all png file and creates class methods with the like name.,import png file creates class method like name,it imports all png files and creates class methods with the same name. | BrGlamorousIcons,import png file creates class method name | brglamorousicons,68,13,0
1456,"[0, 1, 1, 0, 0, 0]",Datalist together with The a new list impute for comment is expend To make comboboxes,datalist together new list impute comment expend make comboboxes,it imports all png files and creates class methods with the same name. | BrGlamorousIcons,import png file creates class method name | brglamorousicons,85,15,0
1457,"[0, 1, 1, 0, 0, 0]",Waselection create a selectable list.,waselection create selectable list,it imports all png files and creates class methods with the same name. | BrGlamorousIcons,import png file creates class method name | brglamorousicons,37,5,0
1458,"[0, 1, 1, 0, 0, 0]",it imports all png file and creates class methods with the same name.,import png file creates class method name,it imports all png files and creates class methods with the same name. | BrGlamorousIcons,import png file creates class method name | brglamorousicons,69,13,0
1459,"[0, 1, 1, 0, 0, 0]",datalist together with the A new listing dimension for remark Is used to make comboboxes,datalist together new listing dimension remark used make comboboxes,it imports all png files and creates class methods with the same name. | BrGlamorousIcons,import png file creates class method name | brglamorousicons,88,15,0
1460,"[0, 1, 1, 0, 0, 0]",waselection creates a Selectable list.,waselection creates selectable list,it imports all png files and creates class methods with the same name. | BrGlamorousIcons,import png file creates class method name | brglamorousicons,38,5,0
1461,"[0, 1, 1, 0, 0, 0]",datalist together with the a new lean attribute for input is used to Make comboboxes,datalist together new lean attribute input used make comboboxes,it imports all png files and creates class methods with the same name. | BrGlamorousIcons,import png file creates class method name | brglamorousicons,84,15,0
1462,"[0, 1, 1, 0, 0, 0]",datalist together With the A new list Attribute for stimulus is habituate to shuffling comboboxes,datalist together new list attribute stimulus habituate shuffling comboboxes,it imports all png files and creates class methods with the same name. | BrGlamorousIcons,import png file creates class method name | brglamorousicons,97,15,0
1463,"[0, 1, 1, 0, 0, 0]",datalist together with the a new list dimension for Input is use to make comboboxes,datalist together new list dimension input use make comboboxes,it imports all png files and creates class methods with the same name. | BrGlamorousIcons,import png file creates class method name | brglamorousicons,83,15,0
1464,"[0, 1, 1, 0, 0, 0]",waselection create a selectable list.,waselection create selectable list,it imports all png files and creates class methods with the same name. | BrGlamorousIcons,import png file creates class method name | brglamorousicons,37,5,0
1465,"[0, 1, 1, 0, 0, 0]",datalist together with the a new list attribute for comment is utilise to stool comboboxes,datalist together new list attribute comment utilise stool comboboxes,it imports all png files and creates class methods with the same name. | BrGlamorousIcons,import png file creates class method name | brglamorousicons,90,15,0
1466,"[0, 1, 1, 0, 0, 0]",it imports all png files and create class methods with The same name.,import png file create class method name,it imports all png files and creates class methods with the same name. | BrGlamorousIcons,import png file creates class method name | brglamorousicons,69,13,0
1467,"[0, 1, 1, 0, 0, 0]",waselection make a selectable list.,waselection make selectable list,it imports all png files and creates class methods with the same name. | BrGlamorousIcons,import png file creates class method name | brglamorousicons,35,5,0
1468,"[0, 1, 1, 0, 0, 0]",Waselection creates a selectable List.,waselection creates selectable list,it imports all png files and creates class methods with the same name. | BrGlamorousIcons,import png file creates class method name | brglamorousicons,38,5,0
1469,"[0, 1, 1, 0, 0, 0]",it moment all png files and produce class methods with the same name.,moment png file produce class method name,it imports all png files and creates class methods with the same name. | BrGlamorousIcons,import png file creates class method name | brglamorousicons,69,13,0
1470,"[0, 1, 1, 0, 0, 0]",datalist together with the a new list ascribe for comment is used to make comboboxes,datalist together new list ascribe comment used make comboboxes,it imports all png files and creates class methods with the same name. | BrGlamorousIcons,import png file creates class method name | brglamorousicons,84,15,0
1471,"[0, 1, 1, 0, 0, 0]",datalist together with the a new name dimension for input is used To make comboboxes,datalist together new name dimension input used make comboboxes,it imports all png files and creates class methods with the same name. | BrGlamorousIcons,import png file creates class method name | brglamorousicons,84,15,0
1472,"[0, 1, 1, 0, 0, 0]",it imports all png files and creates class method with the same name.,import png file creates class method name,it imports all png files and creates class methods with the same name. | BrGlamorousIcons,import png file creates class method name | brglamorousicons,69,13,0
1473,"[0, 1, 1, 0, 0, 0]",datalist together with the a new list dimension for stimulant is used to make comboboxes,datalist together new list dimension stimulant used make comboboxes,it imports all png files and creates class methods with the same name. | BrGlamorousIcons,import png file creates class method name | brglamorousicons,88,15,0
1474,"[0, 1, 1, 0, 0, 0]",waselection create a selectable List.,waselection create selectable list,it imports all png files and creates class methods with the same name. | BrGlamorousIcons,import png file creates class method name | brglamorousicons,37,5,0
1475,"[0, 1, 1, 0, 0, 0]",it imports all Png files and make class method with the Saame name.,import png file make class method saame name,it imports all png files and creates class methods with the same name. | BrGlamorousIcons,import png file creates class method name | brglamorousicons,67,13,0
1476,"[0, 1, 1, 0, 0, 0]",Datalist unitedly with the a new list attribute for input is practice to make Comboboxes,datalist unitedly new list attribute input practice make comboboxes,it imports all png files and creates class methods with the same name. | BrGlamorousIcons,import png file creates class method name | brglamorousicons,88,15,0
1477,"[0, 1, 1, 0, 0, 0]",it importee all png register and creates class methods with the Saami name.,importee png register creates class method saami name,it imports all png files and creates class methods with the same name. | BrGlamorousIcons,import png file creates class method name | brglamorousicons,75,13,0
1478,"[0, 1, 1, 0, 0, 0]",it imports all png files And creates class methods with The same name.,import png file creates class method name,it imports all png files and creates class methods with the same name. | BrGlamorousIcons,import png file creates class method name | brglamorousicons,70,13,0
1479,"[0, 1, 1, 0, 0, 0]",it imports all Png files and creates class method with the same name.,import png file creates class method name,it imports all png files and creates class methods with the same name. | BrGlamorousIcons,import png file creates class method name | brglamorousicons,69,13,0
1480,"[0, 1, 1, 0, 0, 0]",It significance All png file and creates class methods with the like name.,significance png file creates class method like name,it imports all png files and creates class methods with the same name. | BrGlamorousIcons,import png file creates class method name | brglamorousicons,74,13,0
1481,"[0, 1, 1, 0, 0, 0]",it imports all png files and make class methods with the same Name.,import png file make class method name,it imports all png files and creates class methods with the same name. | BrGlamorousIcons,import png file creates class method name | brglamorousicons,67,13,0
1482,"[0, 1, 1, 0, 0, 0]",it moment all png Files and creates class methods with the Lapplander name.,moment png file creates class method lapplander name,it imports all png files and creates class methods with the same name. | BrGlamorousIcons,import png file creates class method name | brglamorousicons,75,13,0
1483,"[0, 1, 1, 0, 0, 0]",it imports all png files and creates class methods With the Sami Name.,import png file creates class method sami name,it imports all png files and creates class methods with the same name. | BrGlamorousIcons,import png file creates class method name | brglamorousicons,70,13,0
1484,"[0, 1, 1, 0, 0, 0]",datalist together with the a new listing attribute for input is used to Make comboboxes,datalist together new listing attribute input used make comboboxes,it imports all png files and creates class methods with the same name. | BrGlamorousIcons,import png file creates class method name | brglamorousicons,87,15,0
1485,"[0, 1, 1, 0, 0, 0]",it import all png files and create class methods with the same name.,import png file create class method name,it imports all png files and creates class methods with the same name. | BrGlamorousIcons,import png file creates class method name | brglamorousicons,68,13,0
1486,"[0, 1, 1, 0, 0, 0]",datalist together With the a New List attribute for input is apply to make comboboxes,datalist together new list attribute input apply make comboboxes,it imports all png files and creates class methods with the same name. | BrGlamorousIcons,import png file creates class method name | brglamorousicons,85,15,0
1487,"[0, 1, 1, 0, 0, 0]",it imports All png files and creates class methods with the same name.,import png file creates class method name,it imports all png files and creates class methods with the same name. | BrGlamorousIcons,import png file creates class method name | brglamorousicons,70,13,0
1488,"[0, 1, 1, 0, 0, 0]",it imports all png files and produce class methods with the Same name.,import png file produce class method name,it imports all png files and creates class methods with the same name. | BrGlamorousIcons,import png file creates class method name | brglamorousicons,70,13,0
1489,"[0, 1, 1, 0, 0, 0]",It imports all png Files and creates class methods with The Same Name.,import png file creates class method name,it imports all png files and creates class methods with the same name. | BrGlamorousIcons,import png file creates class method name | brglamorousicons,70,13,0
1490,"[0, 1, 1, 0, 0, 0]",it imports all png files and creates class methods with the Same name.,import png file creates class method name,it imports all png files and creates class methods with the same name. | BrGlamorousIcons,import png file creates class method name | brglamorousicons,70,13,0
1491,"[0, 1, 1, 0, 0, 0]",Datalist together with the a new leaning property for Input is apply to make comboboxes,datalist together new leaning property input apply make comboboxes,it imports all png files and creates class methods with the same name. | BrGlamorousIcons,import png file creates class method name | brglamorousicons,87,15,0
1492,"[0, 1, 1, 0, 0, 0]",it implication All png file and creates class methods with the like name.,implication png file creates class method like name,it imports all png files and creates class methods with the same name. | BrGlamorousIcons,import png file creates class method name | brglamorousicons,73,13,0
1493,"[0, 1, 1, 0, 0, 0]",datalist together With The a new lean attribute for input is used to Make comboboxes,datalist together new lean attribute input used make comboboxes,it imports all png files and creates class methods with the same name. | BrGlamorousIcons,import png file creates class method name | brglamorousicons,84,15,0
1494,"[0, 1, 1, 0, 0, 0]",datalist unitedly with the a new number ascribe for stimulus is used to build comboboxes,datalist unitedly new number ascribe stimulus used build comboboxes,it imports all png files and creates class methods with the same name. | BrGlamorousIcons,import png file creates class method name | brglamorousicons,88,15,0
1495,"[0, 1, 1, 0, 0, 0]",it imports all png register and produce class methods with the same name.,import png register produce class method name,it imports all png files and creates class methods with the same name. | BrGlamorousIcons,import png file creates class method name | brglamorousicons,73,13,0
1496,"[0, 1, 1, 0, 0, 0]",It import all png files and produce class Methods With the Same name.,import png file produce class method name,it imports all png files and creates class methods with the same name. | BrGlamorousIcons,import png file creates class method name | brglamorousicons,69,13,0
1497,"[0, 1, 1, 0, 0, 0]",it imports all png Files and creates class methods With the same name.,import png file creates class method name,it imports all png files and creates class methods with the same name. | BrGlamorousIcons,import png file creates class method name | brglamorousicons,70,13,0
1498,"[0, 1, 1, 0, 0, 0]",datalist together with The A new list ascribe for input is used to piddle comboboxes,datalist together new list ascribe input used piddle comboboxes,it imports all png files and creates class methods with the same name. | BrGlamorousIcons,import png file creates class method name | brglamorousicons,84,15,0
1499,"[0, 1, 1, 0, 0, 0]",it imports all png files and create class methods with the Saami name.,import png file create class method saami name,it imports all png files and creates class methods with the same name. | BrGlamorousIcons,import png file creates class method name | brglamorousicons,70,13,0
1500,"[0, 1, 1, 0, 0, 0]",it Imports all Png files and creates class methods with the same name.,import png file creates class method name,it imports all png files and creates class methods with the same name. | BrGlamorousIcons,import png file creates class method name | brglamorousicons,70,13,0
1501,"[0, 1, 1, 0, 0, 0]",waselection produce a Selectable list.,waselection produce selectable list,it imports all png files and creates class methods with the same name. | BrGlamorousIcons,import png file creates class method name | brglamorousicons,38,5,0
1502,"[0, 1, 1, 0, 0, 0]",it imports all png charge and creates class method with the same Name.,import png charge creates class method name,it imports all png files and creates class methods with the same name. | BrGlamorousIcons,import png file creates class method name | brglamorousicons,70,13,0
1503,"[0, 1, 1, 0, 0, 0]",datalist unitedly with the a new list attribute for input is used to defecate comboboxes,datalist unitedly new list attribute input used defecate comboboxes,it imports all png files and creates class methods with the same name. | BrGlamorousIcons,import png file creates class method name | brglamorousicons,88,15,0
1504,"[0, 1, 1, 0, 0, 0]",waselection creates A selectable list.,waselection creates selectable list,it imports all png files and creates class methods with the same name. | BrGlamorousIcons,import png file creates class method name | brglamorousicons,38,5,0
1505,"[0, 1, 1, 0, 0, 0]",Datalist together with the a New name assign for input is used to create comboboxes,datalist together new name assign input used create comboboxes,it imports all png files and creates class methods with the same name. | BrGlamorousIcons,import png file creates class method name | brglamorousicons,83,15,0
1506,"[0, 1, 1, 0, 0, 0]",datalist unitedly with the a new list attribute for input is expend to make comboboxes,datalist unitedly new list attribute input expend make comboboxes,it imports all png files and creates class methods with the same name. | BrGlamorousIcons,import png file creates class method name | brglamorousicons,86,15,0
1507,"[0, 1, 1, 0, 0, 0]",datalist Together with the a new list Attribute for Input is used to make comboboxes,datalist together new list attribute input used make comboboxes,it imports all png files and creates class methods with the same name. | BrGlamorousIcons,import png file creates class method name | brglamorousicons,84,15,0
1508,"[0, 1, 1, 0, 0, 0]",datalist together with The a new list attribute for input is Used to make comboboxes,datalist together new list attribute input used make comboboxes,it imports all png files and creates class methods with the same name. | BrGlamorousIcons,import png file creates class method name | brglamorousicons,84,15,0
1509,"[0, 1, 1, 0, 0, 0]",waselection creates a selectable List.,waselection creates selectable list,it imports all png files and creates class methods with the same name. | BrGlamorousIcons,import png file creates class method name | brglamorousicons,38,5,0
1510,"[0, 1, 1, 0, 0, 0]",it Imports all png files and produce class methods with the Lapp name.,import png file produce class method lapp name,it imports all png files and creates class methods with the same name. | BrGlamorousIcons,import png file creates class method name | brglamorousicons,70,13,0
1511,"[0, 1, 1, 0, 0, 0]",datalist together with The a new listing attribute for comment is used to Make comboboxes,datalist together new listing attribute comment used make comboboxes,it imports all png files and creates class methods with the same name. | BrGlamorousIcons,import png file creates class method name | brglamorousicons,89,15,0
1512,"[0, 1, 1, 0, 0, 0]",datalist together With The a new list attribute for input is used to puddle comboboxes,datalist together new list attribute input used puddle comboboxes,it imports all png files and creates class methods with the same name. | BrGlamorousIcons,import png file creates class method name | brglamorousicons,86,15,0
1513,"[0, 1, 1, 0, 0, 0]",datalist together with the a new list attribute for input is used to Make comboboxes,datalist together new list attribute input used make comboboxes,it imports all png files and creates class methods with the same name. | BrGlamorousIcons,import png file creates class method name | brglamorousicons,84,15,0
1514,"[0, 1, 1, 0, 0, 0]",it imports all Png files and creates class methods with the same name.,import png file creates class method name,it imports all png files and creates class methods with the same name. | BrGlamorousIcons,import png file creates class method name | brglamorousicons,70,13,0
1515,"[0, 1, 1, 0, 0, 0]",datalist together with the a new name attribute for input is used to gain comboboxes,datalist together new name attribute input used gain comboboxes,it imports all png files and creates class methods with the same name. | BrGlamorousIcons,import png file creates class method name | brglamorousicons,84,15,0
1516,"[0, 1, 1, 0, 0, 0]",it importee all png Files and Creates class methods with the same name.,importee png file creates class method name,it imports all png files and creates class methods with the same name. | BrGlamorousIcons,import png file creates class method name | brglamorousicons,71,13,0
1517,"[0, 1, 1, 0, 0, 0]",it imports all png files And make class methods with The same name.,import png file make class method name,it imports all png files and creates class methods with the same name. | BrGlamorousIcons,import png file creates class method name | brglamorousicons,67,13,0
1518,"[0, 1, 1, 0, 0, 0]",it imports all png register and produce class method with the Saami name.,import png register produce class method saami name,it imports all png files and creates class methods with the same name. | BrGlamorousIcons,import png file creates class method name | brglamorousicons,73,13,0
1519,"[0, 1, 1, 0, 0, 0]",datalist together with the a new inclination attribute for stimulant is Used To make comboboxes,datalist together new inclination attribute stimulant used make comboboxes,it imports all png files and creates class methods with the same name. | BrGlamorousIcons,import png file creates class method name | brglamorousicons,95,15,0
1520,"[0, 1, 1, 0, 0, 0]",it significance all Png files and creates class methods with the Lapplander Name.,significance png file creates class method lapplander name,it imports all png files and creates class methods with the same name. | BrGlamorousIcons,import png file creates class method name | brglamorousicons,81,13,0
1521,"[0, 1, 1, 0, 0, 0]",it imports all png register and creates class method with the same name.,import png register creates class method name,it imports all png files and creates class methods with the same name. | BrGlamorousIcons,import png file creates class method name | brglamorousicons,72,13,0
1522,"[0, 1, 1, 0, 0, 0]",datalist together with the A new list attribute for input Is used To make comboboxes,datalist together new list attribute input used make comboboxes,it imports all png files and creates class methods with the same name. | BrGlamorousIcons,import png file creates class method name | brglamorousicons,84,15,0
1523,"[0, 1, 1, 0, 0, 0]",Waselection Creates a selectable list.,waselection creates selectable list,it imports all png files and creates class methods with the same name. | BrGlamorousIcons,import png file creates class method name | brglamorousicons,38,5,0
1524,"[0, 1, 1, 0, 0, 0]",datalist unitedly with the a new leaning Attribute for stimulation is used to make comboboxes,datalist unitedly new leaning attribute stimulation used make comboboxes,it imports all png files and creates class methods with the same name. | BrGlamorousIcons,import png file creates class method name | brglamorousicons,93,15,0
1525,"[0, 1, 1, 0, 0, 0]",it imports all png register and creates class methods with the same name.,import png register creates class method name,it imports all png files and creates class methods with the same name. | BrGlamorousIcons,import png file creates class method name | brglamorousicons,73,13,0
1526,"[0, 1, 1, 0, 0, 0]",it implication all png files and create class methods with the same name.,implication png file create class method name,it imports all png files and creates class methods with the same name. | BrGlamorousIcons,import png file creates class method name | brglamorousicons,73,13,0
1527,"[0, 1, 1, 0, 0, 0]",datalist together with the A new inclination Attribute for input is used to cook comboboxes,datalist together new inclination attribute input used cook comboboxes,it imports all png files and creates class methods with the same name. | BrGlamorousIcons,import png file creates class method name | brglamorousicons,91,15,0
1528,"[0, 1, 1, 0, 0, 0]",datalist together with the a new list attribute for stimulant is used to create comboboxes,datalist together new list attribute stimulant used create comboboxes,it imports all png files and creates class methods with the same name. | BrGlamorousIcons,import png file creates class method name | brglamorousicons,90,15,0
1529,"[0, 1, 1, 0, 0, 0]",datalist unitedly with the a New List attribute for input is expend to cook comboboxes,datalist unitedly new list attribute input expend cook comboboxes,it imports all png files and creates class methods with the same name. | BrGlamorousIcons,import png file creates class method name | brglamorousicons,86,15,0
1530,"[0, 1, 0, 1, 0, 0]",https github^com syrel sparta raw master images spartacanvas 02 trilateral path^png label trianglepath,http github com syrel sparta raw master image spartacanvas trilateral path png label trianglepath,i am the installer of shared libraries along side image or vm. | GtLibraryInstaller,installer shared library along side image vm | gtlibraryinstaller,102,13,1
1531,"[0, 1, 0, 1, 0, 0]",HTTP github^com syrel Sparta raw master images spartacanvas 02 Triangle path^png label trianglepath,http github com syrel sparta raw master image spartacanvas triangle path png label trianglepath,i am the installer of shared libraries along side image or vm. | GtLibraryInstaller,installer shared library along side image vm | gtlibraryinstaller,99,13,0
1532,"[0, 1, 0, 1, 0, 0]",https github^com syrel sparta Raw skipper see spartacanvas 02 triangle path^png pronounce trianglepath,http github com syrel sparta raw skipper see spartacanvas triangle path png pronounce trianglepath,i am the installer of shared libraries along side image or vm. | GtLibraryInstaller,installer shared library along side image vm | gtlibraryinstaller,102,13,1
1533,"[0, 1, 0, 1, 0, 0]",i am the installer of deal Libraries on face image or vm.,installer deal library face image vm,i am the installer of shared libraries along side image or vm. | GtLibraryInstaller,installer shared library along side image vm | gtlibraryinstaller,57,12,0
1534,"[0, 1, 0, 1, 0, 0]",i Am The installer of shared libraries along side range Or vm.,installer shared library along side range vm,i am the installer of shared libraries along side image or vm. | GtLibraryInstaller,installer shared library along side image vm | gtlibraryinstaller,62,12,0
1535,"[0, 1, 0, 1, 0, 0]",i am the installer of shared libraries along incline image or vm.,installer shared library along incline image vm,i am the installer of shared libraries along side image or vm. | GtLibraryInstaller,installer shared library along side image vm | gtlibraryinstaller,65,12,0
1536,"[0, 1, 0, 1, 0, 0]",i am The installer of partake Libraries along side visualize or vm.,installer partake library along side visualize vm,i am the installer of shared libraries along side image or vm. | GtLibraryInstaller,installer shared library along side image vm | gtlibraryinstaller,67,12,0
1537,"[0, 1, 0, 1, 0, 0]",i am the installer of Shared libraries on position image or vm.,installer shared library position image vm,i am the installer of shared libraries along side image or vm. | GtLibraryInstaller,installer shared library along side image vm | gtlibraryinstaller,63,12,0
1538,"[0, 1, 0, 1, 0, 0]",HTTP github^com syrel sparta raw master range Spartacanvas 02 triangle path^png label trianglepath,http github com syrel sparta raw master range spartacanvas triangle path png label trianglepath,i am the installer of shared libraries along side image or vm. | GtLibraryInstaller,installer shared library along side image vm | gtlibraryinstaller,98,13,0
1539,"[0, 1, 0, 1, 0, 0]",Canvas spartacanvas extent 400@250.,canvas spartacanvas extent,i am the installer of shared libraries along side image or vm. | GtLibraryInstaller,installer shared library along side image vm | gtlibraryinstaller,35,4,1
1540,"[0, 1, 0, 1, 0, 0]",i am the installer of deal libraries along side image or vm.,installer deal library along side image vm,i am the installer of shared libraries along side image or vm. | GtLibraryInstaller,installer shared library along side image vm | gtlibraryinstaller,60,12,0
1541,"[0, 1, 0, 1, 0, 0]",i am The installer of deal libraries on English image or vm.,installer deal library english image vm,i am the installer of shared libraries along side image or vm. | GtLibraryInstaller,installer shared library along side image vm | gtlibraryinstaller,60,12,0
1542,"[0, 1, 0, 1, 0, 0]",examine spartacanvas extent 400@250.,examine spartacanvas extent,i am the installer of shared libraries along side image or vm. | GtLibraryInstaller,installer shared library along side image vm | gtlibraryinstaller,36,4,0
1543,"[0, 1, 0, 1, 0, 0]",canvas spartacanvas Extent 400@250.,canvas spartacanvas extent,i am the installer of shared libraries along side image or vm. | GtLibraryInstaller,installer shared library along side image vm | gtlibraryinstaller,35,4,1
1544,"[0, 1, 0, 1, 0, 0]",i am the installer of shared libraries along side paradigm or vm.,installer shared library along side paradigm vm,i am the installer of shared libraries along side image or vm. | GtLibraryInstaller,installer shared library along side image vm | gtlibraryinstaller,65,12,0
1545,"[0, 1, 0, 1, 0, 0]",i am the Installer of shared library along side image or vm.,installer shared library along side image vm,i am the installer of shared libraries along side image or vm. | GtLibraryInstaller,installer shared library along side image vm | gtlibraryinstaller,60,12,0
1546,"[0, 1, 0, 1, 0, 0]",analyze spartacanvas extent 400@250.,analyze spartacanvas extent,i am the installer of shared libraries along side image or vm. | GtLibraryInstaller,installer shared library along side image vm | gtlibraryinstaller,36,4,0
1547,"[0, 1, 0, 1, 0, 0]",https github^com syrel sparta raw victor images spartacanvas 02 Triangle path^png label trianglepath,http github com syrel sparta raw victor image spartacanvas triangle path png label trianglepath,i am the installer of shared libraries along side image or vm. | GtLibraryInstaller,installer shared library along side image vm | gtlibraryinstaller,100,13,1
1548,"[0, 1, 0, 1, 0, 0]",i am the installer of divided Libraries along Side image or vm.,installer divided library along side image vm,i am the installer of shared libraries along side image or vm. | GtLibraryInstaller,installer shared library along side image vm | gtlibraryinstaller,63,12,0
1549,"[0, 1, 0, 1, 0, 0]",https github^com syrel sparta raw captain figure Spartacanvas 02 Triangle path^png label trianglepath,http github com syrel sparta raw captain figure spartacanvas triangle path png label trianglepath,i am the installer of shared libraries along side image or vm. | GtLibraryInstaller,installer shared library along side image vm | gtlibraryinstaller,101,13,1
1550,"[0, 1, 0, 1, 0, 0]",I am the installer of shared libraries along side double Or vm.,installer shared library along side double vm,i am the installer of shared libraries along side image or vm. | GtLibraryInstaller,installer shared library along side image vm | gtlibraryinstaller,63,12,0
1551,"[0, 1, 0, 1, 0, 0]",https github^com syrel sparta raw maestro envision Spartacanvas 02 triangle path^png label trianglepath,http github com syrel sparta raw maestro envision spartacanvas triangle path png label trianglepath,i am the installer of shared libraries along side image or vm. | GtLibraryInstaller,installer shared library along side image vm | gtlibraryinstaller,103,13,1
1552,"[0, 1, 0, 1, 0, 0]",Https github^com syrel sparta raw master Images spartacanvas 02 triangle path^png label trianglepath,http github com syrel sparta raw master image spartacanvas triangle path png label trianglepath,i am the installer of shared libraries along side image or vm. | GtLibraryInstaller,installer shared library along side image vm | gtlibraryinstaller,100,13,1
1553,"[0, 1, 0, 1, 0, 0]",HTTP github^com syrel sparta raw surmount images spartacanvas 02 triangle path^png label trianglepath,http github com syrel sparta raw surmount image spartacanvas triangle path png label trianglepath,i am the installer of shared libraries along side image or vm. | GtLibraryInstaller,installer shared library along side image vm | gtlibraryinstaller,101,13,0
1554,"[0, 1, 0, 1, 0, 0]",https Github^com syrel sparta raw master images spartacanvas 02 triangle path^png label trianglepath,http github com syrel sparta raw master image spartacanvas triangle path png label trianglepath,i am the installer of shared libraries along side image or vm. | GtLibraryInstaller,installer shared library along side image vm | gtlibraryinstaller,100,13,1
1555,"[0, 1, 0, 1, 0, 0]",https github^com syrel sparta Raw principal images spartacanvas 02 Triangle path^png label Trianglepath,http github com syrel sparta raw principal image spartacanvas triangle path png label trianglepath,i am the installer of shared libraries along side image or vm. | GtLibraryInstaller,installer shared library along side image vm | gtlibraryinstaller,103,13,1
1556,"[0, 1, 0, 1, 0, 0]",https github^com Syrel sparta Raw master images spartacanvas 02 trilateral path^png Label trianglepath,http github com syrel sparta raw master image spartacanvas trilateral path png label trianglepath,i am the installer of shared libraries along side image or vm. | GtLibraryInstaller,installer shared library along side image vm | gtlibraryinstaller,102,13,1
1557,"[0, 1, 0, 1, 0, 0]",i am The installer of shared libraries along side image or vm.,installer shared library along side image vm,i am the installer of shared libraries along side image or vm. | GtLibraryInstaller,installer shared library along side image vm | gtlibraryinstaller,62,12,0
1558,"[0, 1, 0, 1, 0, 0]",https github^com Syrel sparta raw primary images spartacanvas 02 Triangle path^png label trianglepath,http github com syrel sparta raw primary image spartacanvas triangle path png label trianglepath,i am the installer of shared libraries along side image or vm. | GtLibraryInstaller,installer shared library along side image vm | gtlibraryinstaller,101,13,1
1559,"[0, 1, 0, 1, 0, 0]",i am the installer of deal library Along side range or vm.,installer deal library along side range vm,i am the installer of shared libraries along side image or vm. | GtLibraryInstaller,installer shared library along side image vm | gtlibraryinstaller,58,12,0
1560,"[0, 1, 0, 1, 0, 0]",study spartacanvas extent 400@250.,study spartacanvas extent,i am the installer of shared libraries along side image or vm. | GtLibraryInstaller,installer shared library along side image vm | gtlibraryinstaller,34,4,0
1561,"[0, 1, 0, 1, 0, 0]",i am the installer of shared library on side image or vm.,installer shared library side image vm,i am the installer of shared libraries along side image or vm. | GtLibraryInstaller,installer shared library along side image vm | gtlibraryinstaller,57,12,0
1562,"[0, 1, 0, 1, 0, 0]",i am the installer of divided libraries along slope image or vm.,installer divided library along slope image vm,i am the installer of shared libraries along side image or vm. | GtLibraryInstaller,installer shared library along side image vm | gtlibraryinstaller,64,12,0
1563,"[0, 1, 0, 1, 0, 0]",i am the installer of apportion libraries Along side image or vm.,installer apportion library along side image vm,i am the installer of shared libraries along side image or vm. | GtLibraryInstaller,installer shared library along side image vm | gtlibraryinstaller,65,12,0
1564,"[0, 1, 0, 1, 0, 0]",poll spartacanvas extent 400@250.,poll spartacanvas extent,i am the installer of shared libraries along side image or vm. | GtLibraryInstaller,installer shared library along side image vm | gtlibraryinstaller,33,4,0
1565,"[0, 1, 0, 1, 0, 0]",HTTP github^com syrel Sparta raw master ikon spartacanvas 02 triangle path^png Label trianglepath,http github com syrel sparta raw master ikon spartacanvas triangle path png label trianglepath,i am the installer of shared libraries along side image or vm. | GtLibraryInstaller,installer shared library along side image vm | gtlibraryinstaller,97,13,0
1566,"[0, 1, 0, 1, 0, 0]",https github^com syrel Sparta raw master images Spartacanvas 02 triangle path^png pronounce trianglepath,http github com syrel sparta raw master image spartacanvas triangle path png pronounce trianglepath,i am the installer of shared libraries along side image or vm. | GtLibraryInstaller,installer shared library along side image vm | gtlibraryinstaller,104,13,1
1567,"[0, 1, 0, 1, 0, 0]",https github^com syrel sparta Raw headmaster epitome spartacanvas 02 triangle path^png tag trianglepath,http github com syrel sparta raw headmaster epitome spartacanvas triangle path png tag trianglepath,i am the installer of shared libraries along side image or vm. | GtLibraryInstaller,installer shared library along side image vm | gtlibraryinstaller,103,13,1
1568,"[0, 1, 0, 1, 0, 0]",Https github^com syrel sparta raw Master ikon Spartacanvas 02 trigon path^png label trianglepath,http github com syrel sparta raw master ikon spartacanvas trigon path png label trianglepath,i am the installer of shared libraries along side image or vm. | GtLibraryInstaller,installer shared library along side image vm | gtlibraryinstaller,96,13,1
1569,"[0, 1, 0, 1, 0, 0]",i am the installer of shared library along slope Image or vm.,installer shared library along slope image vm,i am the installer of shared libraries along side image or vm. | GtLibraryInstaller,installer shared library along side image vm | gtlibraryinstaller,61,12,0
1570,"[0, 1, 0, 1, 0, 0]",https github^com syrel sparta raw master Images spartacanvas 02 Triangulum path^png label trianglepath,http github com syrel sparta raw master image spartacanvas triangulum path png label trianglepath,i am the installer of shared libraries along side image or vm. | GtLibraryInstaller,installer shared library along side image vm | gtlibraryinstaller,102,13,1
1571,"[0, 1, 0, 1, 0, 0]",i am the installer Of shared library along side image or vm.,installer shared library along side image vm,i am the installer of shared libraries along side image or vm. | GtLibraryInstaller,installer shared library along side image vm | gtlibraryinstaller,60,12,0
1572,"[0, 1, 0, 1, 0, 0]",I am the installer Of Shared library on Side image or vm.,installer shared library side image vm,i am the installer of shared libraries along side image or vm. | GtLibraryInstaller,installer shared library along side image vm | gtlibraryinstaller,57,12,0
1573,"[0, 1, 0, 1, 0, 0]",Canvas Spartacanvas extent 400@250.,canvas spartacanvas extent,i am the installer of shared libraries along side image or vm. | GtLibraryInstaller,installer shared library along side image vm | gtlibraryinstaller,35,4,1
1574,"[0, 1, 0, 1, 0, 0]",HTTP github^com syrel sparta raw master images spartacanvas 02 triangle path^png pronounce trianglepath,http github com syrel sparta raw master image spartacanvas triangle path png pronounce trianglepath,i am the installer of shared libraries along side image or vm. | GtLibraryInstaller,installer shared library along side image vm | gtlibraryinstaller,103,13,0
1575,"[0, 1, 0, 1, 0, 0]",i am the installer of Shared library along side figure or vm.,installer shared library along side figure vm,i am the installer of shared libraries along side image or vm. | GtLibraryInstaller,installer shared library along side image vm | gtlibraryinstaller,61,12,0
1576,"[0, 1, 0, 1, 0, 0]",i Am the installer of shared Libraries on side Image Or vm.,installer shared library side image vm,i am the installer of shared libraries along side image or vm. | GtLibraryInstaller,installer shared library along side image vm | gtlibraryinstaller,59,12,0
1577,"[0, 1, 0, 1, 0, 0]",i am the installer of shared libraries along English project or vm.,installer shared library along english project vm,i am the installer of shared libraries along side image or vm. | GtLibraryInstaller,installer shared library along side image vm | gtlibraryinstaller,67,12,0
1578,"[0, 1, 0, 1, 0, 0]",I am the installer of deal Libraries along slope double or vm.,installer deal library along slope double vm,i am the installer of shared libraries along side image or vm. | GtLibraryInstaller,installer shared library along side image vm | gtlibraryinstaller,62,12,0
1579,"[0, 1, 0, 1, 0, 0]",HTTP github^com syrel Sparta raw master images spartacanvas 02 trilateral path^png pronounce Trianglepath,http github com syrel sparta raw master image spartacanvas trilateral path png pronounce trianglepath,i am the installer of shared libraries along side image or vm. | GtLibraryInstaller,installer shared library along side image vm | gtlibraryinstaller,105,13,0
1580,"[0, 1, 0, 1, 0, 0]",i am the installer of Shared libraries along side paradigm or vm.,installer shared library along side paradigm vm,i am the installer of shared libraries along side image or vm. | GtLibraryInstaller,installer shared library along side image vm | gtlibraryinstaller,65,12,0
1581,"[0, 1, 0, 1, 0, 0]",Https github^com syrel sparta raw skipper images spartacanvas 02 triangle path^png Label trianglepath,http github com syrel sparta raw skipper image spartacanvas triangle path png label trianglepath,i am the installer of shared libraries along side image or vm. | GtLibraryInstaller,installer shared library along side image vm | gtlibraryinstaller,101,13,1
1582,"[0, 1, 0, 1, 0, 0]",https github^com syrel sparta raw Master images spartacanvas 02 Triangulum path^png mark trianglepath,http github com syrel sparta raw master image spartacanvas triangulum path png mark trianglepath,i am the installer of shared libraries along side image or vm. | GtLibraryInstaller,installer shared library along side image vm | gtlibraryinstaller,101,13,1
1583,"[0, 1, 0, 1, 0, 0]",i am the installer of shared libraries on side image or vm.,installer shared library side image vm,i am the installer of shared libraries along side image or vm. | GtLibraryInstaller,installer shared library along side image vm | gtlibraryinstaller,59,12,0
1584,"[0, 1, 0, 1, 0, 0]",i am the installer of shared libraries on slope image or Vm.,installer shared library slope image vm,i am the installer of shared libraries along side image or vm. | GtLibraryInstaller,installer shared library along side image vm | gtlibraryinstaller,60,12,0
1585,"[0, 1, 0, 1, 0, 0]",Https github^com Syrel sparta raw master images spartacanvas 02 trilateral path^png label trianglepath,http github com syrel sparta raw master image spartacanvas trilateral path png label trianglepath,i am the installer of shared libraries along side image or vm. | GtLibraryInstaller,installer shared library along side image vm | gtlibraryinstaller,102,13,1
1586,"[0, 1, 0, 1, 0, 0]",i am the installer of shared libraries Along side image or vm.,installer shared library along side image vm,i am the installer of shared libraries along side image or vm. | GtLibraryInstaller,installer shared library along side image vm | gtlibraryinstaller,62,12,0
1587,"[0, 1, 0, 1, 0, 0]",HTTP github^com syrel sparta raw surmount images spartacanvas 02 triangle path^png Label trianglepath,http github com syrel sparta raw surmount image spartacanvas triangle path png label trianglepath,i am the installer of shared libraries along side image or vm. | GtLibraryInstaller,installer shared library along side image vm | gtlibraryinstaller,101,13,0
1588,"[0, 1, 0, 1, 0, 0]",i am the installer of shared libraries on side image or Vm.,installer shared library side image vm,i am the installer of shared libraries along side image or vm. | GtLibraryInstaller,installer shared library along side image vm | gtlibraryinstaller,59,12,0
1589,"[0, 1, 0, 1, 0, 0]",https github^com Syrel sparta raw master ikon spartacanvas 02 Triangulum path^png label trianglepath,http github com syrel sparta raw master ikon spartacanvas triangulum path png label trianglepath,i am the installer of shared libraries along side image or vm. | GtLibraryInstaller,installer shared library along side image vm | gtlibraryinstaller,100,13,1
1590,"[0, 1, 0, 1, 0, 0]",i am the installer of shared library along position envision or vm.,installer shared library along position envision vm,i am the installer of shared libraries along side image or vm. | GtLibraryInstaller,installer shared library along side image vm | gtlibraryinstaller,67,12,0
1591,"[0, 1, 0, 1, 0, 0]",i am The installer of shared libraries along English image or vm.,installer shared library along english image vm,i am the installer of shared libraries along side image or vm. | GtLibraryInstaller,installer shared library along side image vm | gtlibraryinstaller,65,12,0
1592,"[0, 1, 0, 1, 0, 0]",i am the installer of shared Libraries along side image or vm.,installer shared library along side image vm,i am the installer of shared libraries along side image or vm. | GtLibraryInstaller,installer shared library along side image vm | gtlibraryinstaller,62,12,0
1593,"[0, 1, 0, 1, 0, 0]",i am the installer of shared libraries along position visualize or vm.,installer shared library along position visualize vm,i am the installer of shared libraries along side image or vm. | GtLibraryInstaller,installer shared library along side image vm | gtlibraryinstaller,70,12,0
1594,"[0, 1, 0, 1, 0, 0]",HTTP github^com syrel sparta raw chief images spartacanvas 02 triangle path^png label trianglepath,http github com syrel sparta raw chief image spartacanvas triangle path png label trianglepath,i am the installer of shared libraries along side image or vm. | GtLibraryInstaller,installer shared library along side image vm | gtlibraryinstaller,98,13,0
1595,"[0, 1, 0, 1, 0, 0]",canvas Spartacanvas extent 400@250.,canvas spartacanvas extent,i am the installer of shared libraries along side image or vm. | GtLibraryInstaller,installer shared library along side image vm | gtlibraryinstaller,35,4,1
1596,"[0, 1, 0, 1, 0, 0]",i am the Installer of share libraries along side image or vm.,installer share library along side image vm,i am the installer of shared libraries along side image or vm. | GtLibraryInstaller,installer shared library along side image vm | gtlibraryinstaller,61,12,0
1597,"[0, 1, 0, 1, 0, 0]",https github^com syrel sparta raw master ikon Spartacanvas 02 triangle path^png label Trianglepath,http github com syrel sparta raw master ikon spartacanvas triangle path png label trianglepath,i am the installer of shared libraries along side image or vm. | GtLibraryInstaller,installer shared library along side image vm | gtlibraryinstaller,98,13,1
1598,"[0, 1, 0, 1, 0, 0]",https github^com syrel sparta raw master images spartacanvas 02 triangle path^png Label trianglepath,http github com syrel sparta raw master image spartacanvas triangle path png label trianglepath,i am the installer of shared libraries along side image or vm. | GtLibraryInstaller,installer shared library along side image vm | gtlibraryinstaller,100,13,1
1599,"[0, 1, 0, 1, 0, 0]",Https github^com syrel sparta raw master images spartacanvas 02 Triangle path^png pronounce trianglepath,http github com syrel sparta raw master image spartacanvas triangle path png pronounce trianglepath,i am the installer of shared libraries along side image or vm. | GtLibraryInstaller,installer shared library along side image vm | gtlibraryinstaller,104,13,1
1600,"[0, 1, 0, 1, 0, 0]",I am the installer of shared library along side image or vm.,installer shared library along side image vm,i am the installer of shared libraries along side image or vm. | GtLibraryInstaller,installer shared library along side image vm | gtlibraryinstaller,60,12,0
1601,"[0, 1, 0, 1, 0, 0]",https github^com syrel sparta Raw master images spartacanvas 02 triangle path^png mark trianglepath,http github com syrel sparta raw master image spartacanvas triangle path png mark trianglepath,i am the installer of shared libraries along side image or vm. | GtLibraryInstaller,installer shared library along side image vm | gtlibraryinstaller,99,13,1
1602,"[0, 1, 0, 1, 0, 0]",I am the installer Of shared Libraries along side image or vm.,installer shared library along side image vm,i am the installer of shared libraries along side image or vm. | GtLibraryInstaller,installer shared library along side image vm | gtlibraryinstaller,62,12,0
1603,"[0, 1, 0, 1, 0, 0]",i am the installer of share libraries along position figure or vm.,installer share library along position figure vm,i am the installer of shared libraries along side image or vm. | GtLibraryInstaller,installer shared library along side image vm | gtlibraryinstaller,66,12,0
1604,"[0, 1, 0, 1, 0, 0]",canvass spartacanvas extent 400@250.,canvas spartacanvas extent,i am the installer of shared libraries along side image or vm. | GtLibraryInstaller,installer shared library along side image vm | gtlibraryinstaller,36,4,1
1605,"[0, 1, 0, 1, 0, 0]",i am the installer of shared library along side image or vm.,installer shared library along side image vm,i am the installer of shared libraries along side image or vm. | GtLibraryInstaller,installer shared library along side image vm | gtlibraryinstaller,60,12,0
1606,"[0, 1, 0, 1, 0, 0]",i am the installer of shared library along side image or Vm.,installer shared library along side image vm,i am the installer of shared libraries along side image or vm. | GtLibraryInstaller,installer shared library along side image vm | gtlibraryinstaller,60,12,0
1607,"[0, 1, 0, 1, 0, 0]",https github^com syrel sparta raw master envision Spartacanvas 02 triangle path^png label trianglepath,http github com syrel sparta raw master envision spartacanvas triangle path png label trianglepath,i am the installer of shared libraries along side image or vm. | GtLibraryInstaller,installer shared library along side image vm | gtlibraryinstaller,102,13,1
1608,"[0, 1, 0, 1, 0, 0]",i am the installer of Shared libraries on side ikon or vm.,installer shared library side ikon vm,i am the installer of shared libraries along side image or vm. | GtLibraryInstaller,installer shared library along side image vm | gtlibraryinstaller,58,12,0
1609,"[0, 1, 0, 1, 0, 0]",i am the Installer of shared library on face image or vm.,installer shared library face image vm,i am the installer of shared libraries along side image or vm. | GtLibraryInstaller,installer shared library along side image vm | gtlibraryinstaller,57,12,0
1610,"[0, 1, 0, 1, 0, 0]",https github^com syrel sparta raw control visualize spartacanvas 02 trigon path^png mark trianglepath,http github com syrel sparta raw control visualize spartacanvas trigon path png mark trianglepath,i am the installer of shared libraries along side image or vm. | GtLibraryInstaller,installer shared library along side image vm | gtlibraryinstaller,101,13,1
1611,"[0, 1, 0, 1, 0, 0]",i am the installer of partake Libraries Along side image or vm.,installer partake library along side image vm,i am the installer of shared libraries along side image or vm. | GtLibraryInstaller,installer shared library along side image vm | gtlibraryinstaller,63,12,0
1612,"[0, 1, 0, 1, 0, 0]",i Am the installer of shared libraries Along side image or vm.,installer shared library along side image vm,i am the installer of shared libraries along side image or vm. | GtLibraryInstaller,installer shared library along side image vm | gtlibraryinstaller,62,12,0
1613,"[0, 1, 0, 1, 0, 0]",HTTP github^com syrel sparta raw master images spartacanvas 02 Triangle path^png tag trianglepath,http github com syrel sparta raw master image spartacanvas triangle path png tag trianglepath,i am the installer of shared libraries along side image or vm. | GtLibraryInstaller,installer shared library along side image vm | gtlibraryinstaller,97,13,0
1614,"[0, 1, 0, 1, 0, 0]",Https Github^com syrel Sparta raw master images spartacanvas 02 triangle path^png label trianglepath,http github com syrel sparta raw master image spartacanvas triangle path png label trianglepath,i am the installer of shared libraries along side image or vm. | GtLibraryInstaller,installer shared library along side image vm | gtlibraryinstaller,100,13,1
1615,"[0, 1, 0, 1, 0, 0]",i am The installer of deal library along side double or vm.,installer deal library along side double vm,i am the installer of shared libraries along side image or vm. | GtLibraryInstaller,installer shared library along side image vm | gtlibraryinstaller,59,12,0
1616,"[0, 1, 0, 1, 0, 0]",study Spartacanvas extent 400@250.,study spartacanvas extent,i am the installer of shared libraries along side image or vm. | GtLibraryInstaller,installer shared library along side image vm | gtlibraryinstaller,34,4,0
1617,"[0, 1, 0, 1, 0, 0]",https github^com syrel Sparta raw master Images spartacanvas 02 Triangle path^png label trianglepath,http github com syrel sparta raw master image spartacanvas triangle path png label trianglepath,i am the installer of shared libraries along side image or vm. | GtLibraryInstaller,installer shared library along side image vm | gtlibraryinstaller,100,13,1
1618,"[0, 1, 0, 1, 0, 0]",HTTP github^com syrel sparta raw master images spartacanvas 02 triangle path^png label trianglepath,http github com syrel sparta raw master image spartacanvas triangle path png label trianglepath,i am the installer of shared libraries along side image or vm. | GtLibraryInstaller,installer shared library along side image vm | gtlibraryinstaller,99,13,0
1619,"[0, 1, 0, 1, 0, 0]",Canvas spartacanvas Extent 400@250.,canvas spartacanvas extent,i am the installer of shared libraries along side image or vm. | GtLibraryInstaller,installer shared library along side image vm | gtlibraryinstaller,35,4,1
1620,"[0, 1, 0, 1, 0, 0]",i Am the installer of shared libraries along slope paradigm or vm.,installer shared library along slope paradigm vm,i am the installer of shared libraries along side image or vm. | GtLibraryInstaller,installer shared library along side image vm | gtlibraryinstaller,66,12,0
1621,"[0, 1, 0, 1, 0, 0]",i am the installer of partake libraries along side epitome or vm.,installer partake library along side epitome vm,i am the installer of shared libraries along side image or vm. | GtLibraryInstaller,installer shared library along side image vm | gtlibraryinstaller,65,12,0
1622,"[0, 1, 0, 1, 0, 0]",i am the installer of apportion Libraries along position image or vm.,installer apportion library along position image vm,i am the installer of shared libraries along side image or vm. | GtLibraryInstaller,installer shared library along side image vm | gtlibraryinstaller,69,12,0
1623,"[0, 1, 0, 1, 0, 0]",HTTP github^com syrel sparta raw master epitome spartacanvas 02 triangle path^png label trianglepath,http github com syrel sparta raw master epitome spartacanvas triangle path png label trianglepath,i am the installer of shared libraries along side image or vm. | GtLibraryInstaller,installer shared library along side image vm | gtlibraryinstaller,100,13,0
1624,"[0, 1, 0, 1, 0, 0]",i am the installer Of Shared library along side image or vm.,installer shared library along side image vm,i am the installer of shared libraries along side image or vm. | GtLibraryInstaller,installer shared library along side image vm | gtlibraryinstaller,60,12,0
1625,"[0, 1, 0, 1, 0, 0]",https github^com Syrel Sparta raw master images spartacanvas 02 triangle path^png pronounce trianglepath,http github com syrel sparta raw master image spartacanvas triangle path png pronounce trianglepath,i am the installer of shared libraries along side image or vm. | GtLibraryInstaller,installer shared library along side image vm | gtlibraryinstaller,104,13,1
1626,"[0, 1, 0, 1, 0, 0]",https github^com syrel sparta raw master double spartacanvas 02 Triangle path^png label trianglepath,http github com syrel sparta raw master double spartacanvas triangle path png label trianglepath,i am the installer of shared libraries along side image or vm. | GtLibraryInstaller,installer shared library along side image vm | gtlibraryinstaller,100,13,1
1627,"[0, 0, 1, 0, 1, 1]",access The duration how long ago the image booted as follows,access duration long ago image booted follows,access the timestamp when the image booted as follows | WAUpTimeTracker,access timestamp image booted follows | wauptimetracker,60,11,1
1628,"[0, 0, 1, 0, 1, 1]",admission the duration how long ago the image booted as follows,admission duration long ago image booted follows,access the timestamp when the image booted as follows | WAUpTimeTracker,access timestamp image booted follows | wauptimetracker,63,11,0
1629,"[0, 0, 1, 0, 1, 1]",at arrangement inauguration the Imageboottime is re set automatically.,arrangement inauguration imageboottime set automatically,access the timestamp when the image booted as follows | WAUpTimeTracker,access timestamp image booted follows | wauptimetracker,70,9,0
1630,"[0, 0, 1, 0, 1, 1]",at arrangement startup the imageboottime is re Set automatically.,arrangement startup imageboottime set automatically,access the timestamp when the image booted as follows | WAUpTimeTracker,access timestamp image booted follows | wauptimetracker,65,9,0
1631,"[0, 0, 1, 0, 1, 1]",at system startup The imageboottime is re set automatically.,system startup imageboottime set automatically,access the timestamp when the image booted as follows | WAUpTimeTracker,access timestamp image booted follows | wauptimetracker,60,9,0
1632,"[0, 0, 1, 0, 1, 1]",access the timestamp when the image boot as follows,access timestamp image boot follows,access the timestamp when the image booted as follows | WAUpTimeTracker,access timestamp image booted follows | wauptimetracker,51,9,1
1633,"[0, 0, 1, 0, 1, 1]",access the Timestamp when the Image booted as follows,access timestamp image booted follows,access the timestamp when the image booted as follows | WAUpTimeTracker,access timestamp image booted follows | wauptimetracker,53,9,1
1634,"[0, 0, 1, 0, 1, 1]",at system startup the Imageboottime is Re set automatically.,system startup imageboottime set automatically,access the timestamp when the image booted as follows | WAUpTimeTracker,access timestamp image booted follows | wauptimetracker,60,9,0
1635,"[0, 0, 1, 0, 1, 1]",access the duration how long ago the icon reboot as follows,access duration long ago icon reboot follows,access the timestamp when the image booted as follows | WAUpTimeTracker,access timestamp image booted follows | wauptimetracker,59,11,1
1636,"[0, 0, 1, 0, 1, 1]",access the timestamp when the project booted as surveil,access timestamp project booted surveil,access the timestamp when the image booted as follows | WAUpTimeTracker,access timestamp image booted follows | wauptimetracker,55,9,1
1637,"[0, 0, 1, 0, 1, 1]",access the timestamp when the image reboot as follows,access timestamp image reboot follows,access the timestamp when the image booted as follows | WAUpTimeTracker,access timestamp image booted follows | wauptimetracker,53,9,1
1638,"[0, 0, 1, 0, 1, 1]",access the timestamp when the image boot as Follows,access timestamp image boot follows,access the timestamp when the image booted as follows | WAUpTimeTracker,access timestamp image booted follows | wauptimetracker,51,9,1
1639,"[0, 0, 1, 0, 1, 1]",at system inauguration the Imageboottime is re set Automatically.,system inauguration imageboottime set automatically,access the timestamp when the image booted as follows | WAUpTimeTracker,access timestamp image booted follows | wauptimetracker,65,9,0
1640,"[0, 0, 1, 0, 1, 1]",entree The timestamp when The image Booted As follows,entree timestamp image booted follows,access the timestamp when the image booted as follows | WAUpTimeTracker,access timestamp image booted follows | wauptimetracker,53,9,0
1641,"[0, 0, 1, 0, 1, 1]",access the duration how long ago the image booted as Follows,access duration long ago image booted follows,access the timestamp when the image booted as follows | WAUpTimeTracker,access timestamp image booted follows | wauptimetracker,60,11,1
1642,"[0, 0, 1, 0, 1, 1]",access the duration how long ago the double boot as follows,access duration long ago double boot follows,access the timestamp when the image booted as follows | WAUpTimeTracker,access timestamp image booted follows | wauptimetracker,59,11,1
1643,"[0, 0, 1, 0, 1, 1]",access the length How long ago The image booted as espouse,access length long ago image booted espouse,access the timestamp when the image booted as follows | WAUpTimeTracker,access timestamp image booted follows | wauptimetracker,58,11,1
1644,"[0, 0, 1, 0, 1, 1]",access the Duration how longsighted ago the image booted as follows,access duration longsighted ago image booted follows,access the timestamp when the image booted as follows | WAUpTimeTracker,access timestamp image booted follows | wauptimetracker,67,11,1
1645,"[0, 0, 1, 0, 1, 1]",access the duration how farsighted Ago the image booted as follows,access duration farsighted ago image booted follows,access the timestamp when the image booted as follows | WAUpTimeTracker,access timestamp image booted follows | wauptimetracker,66,11,1
1646,"[0, 0, 1, 0, 1, 1]",approach the timestamp when the image booted as Follows,approach timestamp image booted follows,access the timestamp when the image booted as follows | WAUpTimeTracker,access timestamp image booted follows | wauptimetracker,55,9,0
1647,"[0, 0, 1, 0, 1, 1]",access the duration how Long ago the picture boot as follows,access duration long ago picture boot follows,access the timestamp when the image booted as follows | WAUpTimeTracker,access timestamp image booted follows | wauptimetracker,60,11,1
1648,"[0, 0, 1, 0, 1, 1]",at scheme startup the imageboottime is re set automatically.,scheme startup imageboottime set automatically,access the timestamp when the image booted as follows | WAUpTimeTracker,access timestamp image booted follows | wauptimetracker,60,9,0
1649,"[0, 0, 1, 0, 1, 1]",Access The duration How foresightful ago the image booted as follows,access duration foresightful ago image booted follows,access the timestamp when the image booted as follows | WAUpTimeTracker,access timestamp image booted follows | wauptimetracker,68,11,1
1650,"[0, 0, 1, 0, 1, 1]",access the length How Long Ago the image booted as Follows,access length long ago image booted follows,access the timestamp when the image booted as follows | WAUpTimeTracker,access timestamp image booted follows | wauptimetracker,58,11,1
1651,"[0, 0, 1, 0, 1, 1]",access The timestamp when the image boot as adopt,access timestamp image boot adopt,access the timestamp when the image booted as follows | WAUpTimeTracker,access timestamp image booted follows | wauptimetracker,49,9,1
1652,"[0, 0, 1, 0, 1, 1]",access the length how long ago the image booted As watch,access length long ago image booted watch,access the timestamp when the image booted as follows | WAUpTimeTracker,access timestamp image booted follows | wauptimetracker,56,11,1
1653,"[0, 0, 1, 0, 1, 1]",access the duration how long ago the image reboot as Follows,access duration long ago image reboot follows,access the timestamp when the image booted as follows | WAUpTimeTracker,access timestamp image booted follows | wauptimetracker,60,11,1
1654,"[0, 0, 1, 0, 1, 1]",access the duration how long ago the see booted As follows,access duration long ago see booted follows,access the timestamp when the image booted as follows | WAUpTimeTracker,access timestamp image booted follows | wauptimetracker,58,11,1
1655,"[0, 0, 1, 0, 1, 1]",access the duration how long Ago the image booted as follows,access duration long ago image booted follows,access the timestamp when the image booted as follows | WAUpTimeTracker,access timestamp image booted follows | wauptimetracker,60,11,1
1656,"[0, 0, 1, 0, 1, 1]",accession the timestamp when the ikon boot as follows,accession timestamp ikon boot follows,access the timestamp when the image booted as follows | WAUpTimeTracker,access timestamp image booted follows | wauptimetracker,53,9,0
1657,"[0, 0, 1, 0, 1, 1]",at system startup the Imageboottime is re set automatically.,system startup imageboottime set automatically,access the timestamp when the image booted as follows | WAUpTimeTracker,access timestamp image booted follows | wauptimetracker,60,9,0
1658,"[0, 0, 1, 0, 1, 1]",access the continuance how long Ago the fancy booted as follows,access continuance long ago fancy booted follows,access the timestamp when the image booted as follows | WAUpTimeTracker,access timestamp image booted follows | wauptimetracker,63,11,1
1659,"[0, 0, 1, 0, 1, 1]",Access the length how long ago the image booted as follows,access length long ago image booted follows,access the timestamp when the image booted as follows | WAUpTimeTracker,access timestamp image booted follows | wauptimetracker,58,11,1
1660,"[0, 0, 1, 0, 1, 1]",accession the timestamp when the image booted as accompany,accession timestamp image booted accompany,access the timestamp when the image booted as follows | WAUpTimeTracker,access timestamp image booted follows | wauptimetracker,58,9,0
1661,"[0, 0, 1, 0, 1, 1]",Access the length how long ago the Image boot As follows,access length long ago image boot follows,access the timestamp when the image booted as follows | WAUpTimeTracker,access timestamp image booted follows | wauptimetracker,56,11,1
1662,"[0, 0, 1, 0, 1, 1]",at system Startup the imageboottime is re set automatically.,system startup imageboottime set automatically,access the timestamp when the image booted as follows | WAUpTimeTracker,access timestamp image booted follows | wauptimetracker,60,9,0
1663,"[0, 0, 1, 0, 1, 1]",at system Startup the imageboottime is Re set automatically.,system startup imageboottime set automatically,access the timestamp when the image booted as follows | WAUpTimeTracker,access timestamp image booted follows | wauptimetracker,60,9,0
1664,"[0, 0, 1, 0, 1, 1]",at system startup The imageboottime is re set Automatically.,system startup imageboottime set automatically,access the timestamp when the image booted as follows | WAUpTimeTracker,access timestamp image booted follows | wauptimetracker,60,9,0
1665,"[0, 0, 1, 0, 1, 1]",access the timestamp when the ikon reboot as Follows,access timestamp ikon reboot follows,access the timestamp when the image booted as follows | WAUpTimeTracker,access timestamp image booted follows | wauptimetracker,52,9,1
1666,"[0, 0, 1, 0, 1, 1]",at system inauguration the imageboottime Is Re set automatically.,system inauguration imageboottime set automatically,access the timestamp when the image booted as follows | WAUpTimeTracker,access timestamp image booted follows | wauptimetracker,65,9,0
1667,"[0, 0, 1, 0, 1, 1]",approach the duration how foresightful ago the image reboot as Follows,approach duration foresightful ago image reboot follows,access the timestamp when the image booted as follows | WAUpTimeTracker,access timestamp image booted follows | wauptimetracker,70,11,0
1668,"[0, 0, 1, 0, 1, 1]",access the continuance how long ago the image reboot as succeed,access continuance long ago image reboot succeed,access the timestamp when the image booted as follows | WAUpTimeTracker,access timestamp image booted follows | wauptimetracker,63,11,1
1669,"[0, 0, 1, 0, 1, 1]",access the length how long Ago the image boot as follows,access length long ago image boot follows,access the timestamp when the image booted as follows | WAUpTimeTracker,access timestamp image booted follows | wauptimetracker,56,11,1
1670,"[0, 0, 1, 0, 1, 1]",at arrangement Startup the imageboottime is re set automatically.,arrangement startup imageboottime set automatically,access the timestamp when the image booted as follows | WAUpTimeTracker,access timestamp image booted follows | wauptimetracker,65,9,0
1671,"[0, 0, 1, 0, 1, 1]",admittance the continuance how tenacious ago the image reboot as follows,admittance continuance tenacious ago image reboot follows,access the timestamp when the image booted as follows | WAUpTimeTracker,access timestamp image booted follows | wauptimetracker,72,11,0
1672,"[0, 0, 1, 0, 1, 1]",Access the timestamp when the project reboot as espouse,access timestamp project reboot espouse,access the timestamp when the image booted as follows | WAUpTimeTracker,access timestamp image booted follows | wauptimetracker,55,9,1
1673,"[0, 0, 1, 0, 1, 1]",at system Startup the imageboottime is re Set Automatically.,system startup imageboottime set automatically,access the timestamp when the image booted as follows | WAUpTimeTracker,access timestamp image booted follows | wauptimetracker,60,9,0
1674,"[0, 0, 1, 0, 1, 1]",approach the continuance how hanker Ago the image booted as follows,approach continuance hanker ago image booted follows,access the timestamp when the image booted as follows | WAUpTimeTracker,access timestamp image booted follows | wauptimetracker,67,11,0
1675,"[0, 0, 1, 0, 1, 1]",access the length how longsighted ago the image reboot as follows,access length longsighted ago image reboot follows,access the timestamp when the image booted as follows | WAUpTimeTracker,access timestamp image booted follows | wauptimetracker,65,11,1
1676,"[0, 0, 1, 0, 1, 1]",access the timestamp when the picture booted as follows,access timestamp picture booted follows,access the timestamp when the image booted as follows | WAUpTimeTracker,access timestamp image booted follows | wauptimetracker,55,9,1
1677,"[0, 0, 1, 0, 1, 1]",access the duration how recollective ago the image reboot as Follows,access duration recollective ago image reboot follows,access the timestamp when the image booted as follows | WAUpTimeTracker,access timestamp image booted follows | wauptimetracker,68,11,1
1678,"[0, 0, 1, 0, 1, 1]",at organization startup the Imageboottime is re set automatically.,organization startup imageboottime set automatically,access the timestamp when the image booted as follows | WAUpTimeTracker,access timestamp image booted follows | wauptimetracker,66,9,0
1679,"[0, 0, 1, 0, 1, 1]",at system inauguration the imageboottime is re set automatically.,system inauguration imageboottime set automatically,access the timestamp when the image booted as follows | WAUpTimeTracker,access timestamp image booted follows | wauptimetracker,65,9,0
1680,"[0, 0, 1, 0, 1, 1]",entree the timestamp when the image reboot as watch,entree timestamp image reboot watch,access the timestamp when the image booted as follows | WAUpTimeTracker,access timestamp image booted follows | wauptimetracker,51,9,0
1681,"[0, 0, 1, 0, 1, 1]",at system startup the imageboottime Is re Set automatically.,system startup imageboottime set automatically,access the timestamp when the image booted as follows | WAUpTimeTracker,access timestamp image booted follows | wauptimetracker,60,9,0
1682,"[0, 0, 1, 0, 1, 1]",approach the timestamp when the visualise booted as follows,approach timestamp visualise booted follows,access the timestamp when the image booted as follows | WAUpTimeTracker,access timestamp image booted follows | wauptimetracker,59,9,0
1683,"[0, 0, 1, 0, 1, 1]",access the Timestamp when The see booted as follows,access timestamp see booted follows,access the timestamp when the image booted as follows | WAUpTimeTracker,access timestamp image booted follows | wauptimetracker,51,9,1
1684,"[0, 0, 1, 0, 1, 1]",At organization startup The imageboottime Is re set automatically.,organization startup imageboottime set automatically,access the timestamp when the image booted as follows | WAUpTimeTracker,access timestamp image booted follows | wauptimetracker,66,9,0
1685,"[0, 0, 1, 0, 1, 1]",At system startup the imageboottime is re set automatically.,system startup imageboottime set automatically,access the timestamp when the image booted as follows | WAUpTimeTracker,access timestamp image booted follows | wauptimetracker,60,9,0
1686,"[0, 0, 1, 0, 1, 1]",access The timestamp when the prototype boot as follow,access timestamp prototype boot follow,access the timestamp when the image booted as follows | WAUpTimeTracker,access timestamp image booted follows | wauptimetracker,54,9,1
1687,"[0, 0, 1, 0, 1, 1]",Access the duration how long ago The image reboot as follows,access duration long ago image reboot follows,access the timestamp when the image booted as follows | WAUpTimeTracker,access timestamp image booted follows | wauptimetracker,60,11,1
1688,"[0, 0, 1, 0, 1, 1]",access the timestamp when the paradigm booted as follows,access timestamp paradigm booted follows,access the timestamp when the image booted as follows | WAUpTimeTracker,access timestamp image booted follows | wauptimetracker,56,9,1
1689,"[0, 0, 1, 0, 1, 1]",access The timestamp when the figure boot as watch,access timestamp figure boot watch,access the timestamp when the image booted as follows | WAUpTimeTracker,access timestamp image booted follows | wauptimetracker,50,9,1
1690,"[0, 0, 1, 0, 1, 1]",admittance the duration how long Ago the image booted as pursue,admittance duration long ago image booted pursue,access the timestamp when the image booted as follows | WAUpTimeTracker,access timestamp image booted follows | wauptimetracker,63,11,0
1691,"[0, 0, 1, 0, 1, 1]",access the duration how long ago the Image reboot as Follows,access duration long ago image reboot follows,access the timestamp when the image booted as follows | WAUpTimeTracker,access timestamp image booted follows | wauptimetracker,60,11,1
1692,"[0, 0, 1, 0, 1, 1]",entree the duration how foresighted ago the image booted as succeed,entree duration foresighted ago image booted succeed,access the timestamp when the image booted as follows | WAUpTimeTracker,access timestamp image booted follows | wauptimetracker,67,11,0
1693,"[0, 0, 1, 0, 1, 1]",access the duration how farsighted Ago the visualize reboot as follows,access duration farsighted ago visualize reboot follows,access the timestamp when the image booted as follows | WAUpTimeTracker,access timestamp image booted follows | wauptimetracker,70,11,1
1694,"[0, 0, 1, 0, 1, 1]",access the Duration How long ago the range booted as follows,access duration long ago range booted follows,access the timestamp when the image booted as follows | WAUpTimeTracker,access timestamp image booted follows | wauptimetracker,60,11,1
1695,"[0, 0, 1, 0, 1, 1]",Access the timestamp when the image booted as follows,access timestamp image booted follows,access the timestamp when the image booted as follows | WAUpTimeTracker,access timestamp image booted follows | wauptimetracker,53,9,1
1696,"[0, 0, 1, 0, 1, 1]",at system inauguration the imageboottime is re Set automatically.,system inauguration imageboottime set automatically,access the timestamp when the image booted as follows | WAUpTimeTracker,access timestamp image booted follows | wauptimetracker,65,9,0
1697,"[0, 0, 1, 0, 1, 1]",access the length how foresightful ago the picture booted as surveil,access length foresightful ago picture booted surveil,access the timestamp when the image booted as follows | WAUpTimeTracker,access timestamp image booted follows | wauptimetracker,68,11,1
1698,"[0, 0, 1, 0, 1, 1]",admittance The timestamp when the image booted as follows,admittance timestamp image booted follows,access the timestamp when the image booted as follows | WAUpTimeTracker,access timestamp image booted follows | wauptimetracker,57,9,0
1699,"[0, 0, 1, 0, 1, 1]",access the timestamp when the image reboot as survey,access timestamp image reboot survey,access the timestamp when the image booted as follows | WAUpTimeTracker,access timestamp image booted follows | wauptimetracker,52,9,1
1700,"[0, 0, 1, 0, 1, 1]",accession the timestamp when the image reboot as accompany,accession timestamp image reboot accompany,access the timestamp when the image booted as follows | WAUpTimeTracker,access timestamp image booted follows | wauptimetracker,58,9,0
1701,"[0, 0, 1, 0, 1, 1]",At scheme startup the imageboottime is re set automatically.,scheme startup imageboottime set automatically,access the timestamp when the image booted as follows | WAUpTimeTracker,access timestamp image booted follows | wauptimetracker,60,9,0
1702,"[0, 0, 1, 0, 1, 1]",access the duration How long ago The image boot As follows,access duration long ago image boot follows,access the timestamp when the image booted as follows | WAUpTimeTracker,access timestamp image booted follows | wauptimetracker,58,11,1
1703,"[0, 0, 1, 0, 1, 1]",access the timestamp when the image reboot as espouse,access timestamp image reboot espouse,access the timestamp when the image booted as follows | WAUpTimeTracker,access timestamp image booted follows | wauptimetracker,53,9,1
1704,"[0, 0, 1, 0, 1, 1]",access the timestamp when the Image booted as Follows,access timestamp image booted follows,access the timestamp when the image booted as follows | WAUpTimeTracker,access timestamp image booted follows | wauptimetracker,53,9,1
1705,"[0, 0, 1, 0, 1, 1]",Access the timestamp when the Image booted as follow,access timestamp image booted follow,access the timestamp when the image booted as follows | WAUpTimeTracker,access timestamp image booted follows | wauptimetracker,52,9,1
1706,"[0, 0, 1, 0, 1, 1]",access the timestamp when the ikon booted as follows,access timestamp ikon booted follows,access the timestamp when the image booted as follows | WAUpTimeTracker,access timestamp image booted follows | wauptimetracker,52,9,1
1707,"[0, 0, 1, 0, 1, 1]",access the timestamp when the see Booted as follows,access timestamp see booted follows,access the timestamp when the image booted as follows | WAUpTimeTracker,access timestamp image booted follows | wauptimetracker,51,9,1
1708,"[0, 0, 1, 0, 1, 1]",admission the timestamp when the image boot as follows,admission timestamp image boot follows,access the timestamp when the image booted as follows | WAUpTimeTracker,access timestamp image booted follows | wauptimetracker,54,9,0
1709,"[0, 0, 1, 0, 1, 1]",access the timestamp when the image Booted as follows,access timestamp image booted follows,access the timestamp when the image booted as follows | WAUpTimeTracker,access timestamp image booted follows | wauptimetracker,53,9,1
1710,"[0, 0, 1, 0, 1, 1]",access The duration how long ago the paradigm booted as follow,access duration long ago paradigm booted follow,access the timestamp when the image booted as follows | WAUpTimeTracker,access timestamp image booted follows | wauptimetracker,62,11,1
1711,"[0, 0, 1, 0, 1, 1]",access the timestamp When the image booted as follows,access timestamp image booted follows,access the timestamp when the image booted as follows | WAUpTimeTracker,access timestamp image booted follows | wauptimetracker,53,9,1
1712,"[0, 0, 1, 0, 1, 1]",access the duration how Long ago the image boot as follows,access duration long ago image boot follows,access the timestamp when the image booted as follows | WAUpTimeTracker,access timestamp image booted follows | wauptimetracker,58,11,1
1713,"[0, 0, 1, 0, 1, 1]",access the length how Long ago the image reboot As Follows,access length long ago image reboot follows,access the timestamp when the image booted as follows | WAUpTimeTracker,access timestamp image booted follows | wauptimetracker,58,11,1
1714,"[0, 0, 1, 0, 1, 1]",access the timestamp When the effigy booted as Follows,access timestamp effigy booted follows,access the timestamp when the image booted as follows | WAUpTimeTracker,access timestamp image booted follows | wauptimetracker,54,9,1
1715,"[0, 0, 1, 0, 1, 1]",at arrangement inauguration the imageboottime is re Set automatically.,arrangement inauguration imageboottime set automatically,access the timestamp when the image booted as follows | WAUpTimeTracker,access timestamp image booted follows | wauptimetracker,70,9,0
1716,"[0, 0, 1, 0, 1, 1]",access the duration how long ago The image booted as follows,access duration long ago image booted follows,access the timestamp when the image booted as follows | WAUpTimeTracker,access timestamp image booted follows | wauptimetracker,60,11,1
1717,"[0, 0, 1, 0, 1, 1]",access the timestamp when the epitome boot as trace,access timestamp epitome boot trace,access the timestamp when the image booted as follows | WAUpTimeTracker,access timestamp image booted follows | wauptimetracker,51,9,1
1718,"[0, 0, 1, 0, 1, 1]",at system inauguration the imageboottime is re set Automatically.,system inauguration imageboottime set automatically,access the timestamp when the image booted as follows | WAUpTimeTracker,access timestamp image booted follows | wauptimetracker,65,9,0
1719,"[0, 0, 1, 0, 1, 1]",At system inauguration the imageboottime is re set automatically.,system inauguration imageboottime set automatically,access the timestamp when the image booted as follows | WAUpTimeTracker,access timestamp image booted follows | wauptimetracker,65,9,0
1720,"[0, 0, 1, 0, 1, 1]",access the timestamp when the fancy Booted as follows,access timestamp fancy booted follows,access the timestamp when the image booted as follows | WAUpTimeTracker,access timestamp image booted follows | wauptimetracker,53,9,1
1721,"[0, 0, 1, 0, 1, 1]",At system inauguration the imageboottime is re set Automatically.,system inauguration imageboottime set automatically,access the timestamp when the image booted as follows | WAUpTimeTracker,access timestamp image booted follows | wauptimetracker,65,9,0
1722,"[0, 0, 1, 0, 1, 1]",access the timestamp when the image reboot as Follows,access timestamp image reboot follows,access the timestamp when the image booted as follows | WAUpTimeTracker,access timestamp image booted follows | wauptimetracker,53,9,1
1723,"[0, 0, 1, 0, 1, 1]",at system inauguration The imageboottime is re set automatically.,system inauguration imageboottime set automatically,access the timestamp when the image booted as follows | WAUpTimeTracker,access timestamp image booted follows | wauptimetracker,65,9,0
1724,"[0, 0, 1, 1, 0, 1]",i Am an event listener that listens anchorman stirred event send By Anchor,event listener listens anchorman stirred event send anchor,i am an event listener that listens anchor moved event send by anchor | BlGeometryAnchorListener,event listener listens anchor moved event send anchor | blgeometryanchorlistener,74,13,0
1725,"[0, 0, 1, 1, 0, 1]",an execution Of the visitant design for painter subclasses.,execution visitant design painter subclass,i am an event listener that listens anchor moved event send by anchor | BlGeometryAnchorListener,event listener listens anchor moved event send anchor | blgeometryanchorlistener,59,9,0
1726,"[0, 0, 1, 1, 0, 1]",an implementation of the visitor pattern for cougar subclasses.,implementation visitor pattern cougar subclass,i am an event listener that listens anchor moved event send by anchor | BlGeometryAnchorListener,event listener listens anchor moved event send anchor | blgeometryanchorlistener,63,9,0
1727,"[0, 0, 1, 1, 0, 1]",an Implementation of The visitor practice for Painter Subclasses.,implementation visitor practice painter subclass,i am an event listener that listens anchor moved event send by anchor | BlGeometryAnchorListener,event listener listens anchor moved event send anchor | blgeometryanchorlistener,65,9,0
1728,"[0, 0, 1, 1, 0, 1]",i am an event Listener that listens mainstay moved upshot send By anchorman,event listener listens mainstay moved upshot send anchorman,i am an event listener that listens anchor moved event send by anchor | BlGeometryAnchorListener,event listener listens anchor moved event send anchor | blgeometryanchorlistener,75,13,0
1729,"[0, 0, 1, 1, 0, 1]",an effectuation of the visitor pattern for cougar subclasses.,effectuation visitor pattern cougar subclass,i am an event listener that listens anchor moved event send by anchor | BlGeometryAnchorListener,event listener listens anchor moved event send anchor | blgeometryanchorlistener,61,9,0
1730,"[0, 0, 1, 1, 0, 1]",i am an upshot listener that hear backbone moved event post by anchor,upshot listener hear backbone moved event post anchor,i am an event listener that listens anchor moved event send by anchor | BlGeometryAnchorListener,event listener listens anchor moved event send anchor | blgeometryanchorlistener,69,13,0
1731,"[0, 0, 1, 1, 0, 1]",an effectuation of the visitor pattern for painter subclasses.,effectuation visitor pattern painter subclass,i am an event listener that listens anchor moved event send by anchor | BlGeometryAnchorListener,event listener listens anchor moved event send anchor | blgeometryanchorlistener,62,9,0
1732,"[0, 0, 1, 1, 0, 1]",an implementation of the visitor shape for Painter subclasses.,implementation visitor shape painter subclass,i am an event listener that listens anchor moved event send by anchor | BlGeometryAnchorListener,event listener listens anchor moved event send anchor | blgeometryanchorlistener,62,9,0
1733,"[0, 0, 1, 1, 0, 1]",i am an event listener that mind anchor moved upshot Send by anchor,event listener mind anchor moved upshot send anchor,i am an event listener that listens anchor moved event send by anchor | BlGeometryAnchorListener,event listener listens anchor moved event send anchor | blgeometryanchorlistener,67,13,0
1734,"[0, 0, 1, 1, 0, 1]",an implementation Of the visitant pattern for Painter subclasses.,implementation visitant pattern painter subclass,i am an event listener that listens anchor moved event send by anchor | BlGeometryAnchorListener,event listener listens anchor moved event send anchor | blgeometryanchorlistener,65,9,0
1735,"[0, 0, 1, 1, 0, 1]",an implementation of the visitor pattern for Painter Subclasses.,implementation visitor pattern painter subclass,i am an event listener that listens anchor moved event send by anchor | BlGeometryAnchorListener,event listener listens anchor moved event send anchor | blgeometryanchorlistener,64,9,0
1736,"[0, 0, 1, 1, 0, 1]",i am an event auditor that listens anchorperson moved event beam by anchor,event auditor listens anchorperson moved event beam anchor,i am an event listener that listens anchor moved event send by anchor | BlGeometryAnchorListener,event listener listens anchor moved event send anchor | blgeometryanchorlistener,74,13,0
1737,"[0, 0, 1, 1, 0, 1]",i am an outcome auditor that listens mainstay stirred upshot send by anchor,outcome auditor listens mainstay stirred upshot send anchor,i am an event listener that listens anchor moved event send by anchor | BlGeometryAnchorListener,event listener listens anchor moved event send anchor | blgeometryanchorlistener,75,13,0
1738,"[0, 0, 1, 1, 0, 1]",i am An event listener that mind anchor moved Event Send by anchorman,event listener mind anchor moved event send anchorman,i am an event listener that listens anchor moved event send by anchor | BlGeometryAnchorListener,event listener listens anchor moved event send anchor | blgeometryanchorlistener,69,13,0
1739,"[0, 0, 1, 1, 0, 1]",i am an event listener that listens anchor affect event post by anchor,event listener listens anchor affect event post anchor,i am an event listener that listens anchor moved event send by anchor | BlGeometryAnchorListener,event listener listens anchor moved event send anchor | blgeometryanchorlistener,70,13,0
1740,"[0, 0, 1, 1, 0, 1]",an Implementation of the visitor pattern for Painter subclasses.,implementation visitor pattern painter subclass,i am an event listener that listens anchor moved event send by anchor | BlGeometryAnchorListener,event listener listens anchor moved event send anchor | blgeometryanchorlistener,64,9,0
1741,"[0, 0, 1, 1, 0, 1]",an implementation of the visitant pattern for Painter subclasses.,implementation visitant pattern painter subclass,i am an event listener that listens anchor moved event send by anchor | BlGeometryAnchorListener,event listener listens anchor moved event send anchor | blgeometryanchorlistener,65,9,0
1742,"[0, 0, 1, 1, 0, 1]",i Am An event auditor that listens anchor affect event send by anchor,event auditor listens anchor affect event send anchor,i am an event listener that listens anchor moved event send by anchor | BlGeometryAnchorListener,event listener listens anchor moved event send anchor | blgeometryanchorlistener,69,13,0
1743,"[0, 0, 1, 1, 0, 1]",an execution Of the visitor pattern for painter subclasses.,execution visitor pattern painter subclass,i am an event listener that listens anchor moved event send by anchor | BlGeometryAnchorListener,event listener listens anchor moved event send anchor | blgeometryanchorlistener,59,9,0
1744,"[0, 0, 1, 1, 0, 1]",i am an event listener that mind anchor go case send by keystone,event listener mind anchor go case send keystone,i am an event listener that listens anchor moved event send by anchor | BlGeometryAnchorListener,event listener listens anchor moved event send anchor | blgeometryanchorlistener,64,13,0
1745,"[0, 0, 1, 1, 0, 1]",an implementation Of the visitor pattern for painter subclasses.,implementation visitor pattern painter subclass,i am an event listener that listens anchor moved event send by anchor | BlGeometryAnchorListener,event listener listens anchor moved event send anchor | blgeometryanchorlistener,64,9,0
1746,"[0, 0, 1, 1, 0, 1]",an execution of the visitor pattern for Painter subclasses.,execution visitor pattern painter subclass,i am an event listener that listens anchor moved event send by anchor | BlGeometryAnchorListener,event listener listens anchor moved event send anchor | blgeometryanchorlistener,59,9,0
1747,"[0, 0, 1, 1, 0, 1]",an Implementation of the visitor pattern for painter Subclasses.,implementation visitor pattern painter subclass,i am an event listener that listens anchor moved event send by anchor | BlGeometryAnchorListener,event listener listens anchor moved event send anchor | blgeometryanchorlistener,64,9,0
1748,"[0, 0, 1, 1, 0, 1]",i am an effect hearer that hear lynchpin moved consequence send by anchor,effect hearer hear lynchpin moved consequence send anchor,i am an event listener that listens anchor moved event send by anchor | BlGeometryAnchorListener,event listener listens anchor moved event send anchor | blgeometryanchorlistener,73,13,0
1749,"[0, 0, 1, 1, 0, 1]",an implementation of the visitant convention for catamount Subclasses.,implementation visitant convention catamount subclass,i am an event listener that listens anchor moved event send by anchor | BlGeometryAnchorListener,event listener listens anchor moved event send anchor | blgeometryanchorlistener,70,9,0
1750,"[0, 0, 1, 1, 0, 1]",i Am an event listener that Listens anchor strike issue transport by anchor,event listener listens anchor strike issue transport anchor,i am an event listener that listens anchor moved event send by anchor | BlGeometryAnchorListener,event listener listens anchor moved event send anchor | blgeometryanchorlistener,75,13,0
1751,"[0, 0, 1, 1, 0, 1]",i am an event Listener that listens anchor moved event send by keystone,event listener listens anchor moved event send keystone,i am an event listener that listens anchor moved event send by anchor | BlGeometryAnchorListener,event listener listens anchor moved event send anchor | blgeometryanchorlistener,71,13,0
1752,"[0, 0, 1, 1, 0, 1]",i am an event attender that listens lynchpin locomote event send by anchor,event attender listens lynchpin locomote event send anchor,i am an event listener that listens anchor moved event send by anchor | BlGeometryAnchorListener,event listener listens anchor moved event send anchor | blgeometryanchorlistener,74,13,0
1753,"[0, 0, 1, 1, 0, 1]",an execution of the visitor pattern for painter subclasses.,execution visitor pattern painter subclass,i am an event listener that listens anchor moved event send by anchor | BlGeometryAnchorListener,event listener listens anchor moved event send anchor | blgeometryanchorlistener,59,9,0
1754,"[0, 0, 1, 1, 0, 1]",i am an event listener that listens backbone moved event send by lynchpin,event listener listens backbone moved event send lynchpin,i am an event listener that listens anchor moved event send by anchor | BlGeometryAnchorListener,event listener listens anchor moved event send anchor | blgeometryanchorlistener,73,13,0
1755,"[0, 0, 1, 1, 0, 1]",i am an event listener that listens linchpin prompt event send by anchor,event listener listens linchpin prompt event send anchor,i am an event listener that listens anchor moved event send by anchor | BlGeometryAnchorListener,event listener listens anchor moved event send anchor | blgeometryanchorlistener,72,13,0
1756,"[0, 0, 1, 1, 0, 1]",i am An event attender that listens anchor stirred event air by anchor,event attender listens anchor stirred event air anchor,i am an event listener that listens anchor moved event send by anchor | BlGeometryAnchorListener,event listener listens anchor moved event send anchor | blgeometryanchorlistener,70,13,0
1757,"[0, 0, 1, 1, 0, 1]",i am an event listener that listens anchor moved event charge by anchor,event listener listens anchor moved event charge anchor,i am an event listener that listens anchor moved event send by anchor | BlGeometryAnchorListener,event listener listens anchor moved event send anchor | blgeometryanchorlistener,71,13,0
1758,"[0, 0, 1, 1, 0, 1]",an implementation of the visitor Pattern for painter subclasses.,implementation visitor pattern painter subclass,i am an event listener that listens anchor moved event send by anchor | BlGeometryAnchorListener,event listener listens anchor moved event send anchor | blgeometryanchorlistener,64,9,0
1759,"[0, 0, 1, 1, 0, 1]",an effectuation of the visitor normal for catamount subclasses.,effectuation visitor normal catamount subclass,i am an event listener that listens anchor moved event send by anchor | BlGeometryAnchorListener,event listener listens anchor moved event send anchor | blgeometryanchorlistener,63,9,0
1760,"[0, 0, 1, 1, 0, 1]",an effectuation of the visitant rule for painter Subclasses.,effectuation visitant rule painter subclass,i am an event listener that listens anchor moved event send by anchor | BlGeometryAnchorListener,event listener listens anchor moved event send anchor | blgeometryanchorlistener,60,9,0
1761,"[0, 0, 1, 1, 0, 1]",i am an case listener that mind ground proceed event send by anchor,case listener mind ground proceed event send anchor,i am an event listener that listens anchor moved event send by anchor | BlGeometryAnchorListener,event listener listens anchor moved event send anchor | blgeometryanchorlistener,67,13,0
1762,"[0, 0, 1, 1, 0, 1]",an execution of the visitor normal for painter subclasses.,execution visitor normal painter subclass,i am an event listener that listens anchor moved event send by anchor | BlGeometryAnchorListener,event listener listens anchor moved event send anchor | blgeometryanchorlistener,58,9,0
1763,"[0, 0, 1, 1, 0, 1]",i am an upshot auditor that listens anchor strike event send by anchor,upshot auditor listens anchor strike event send anchor,i am an event listener that listens anchor moved event send by anchor | BlGeometryAnchorListener,event listener listens anchor moved event send anchor | blgeometryanchorlistener,70,13,0
1764,"[0, 0, 1, 1, 0, 1]",i am an event auditor that listens anchor moved event send by ground,event auditor listens anchor moved event send ground,i am an event listener that listens anchor moved event send by anchor | BlGeometryAnchorListener,event listener listens anchor moved event send anchor | blgeometryanchorlistener,68,13,0
1765,"[0, 0, 1, 1, 0, 1]",An implementation of the visitant form for painter subclasses.,implementation visitant form painter subclass,i am an event listener that listens anchor moved event send by anchor | BlGeometryAnchorListener,event listener listens anchor moved event send anchor | blgeometryanchorlistener,62,9,0
1766,"[0, 0, 1, 1, 0, 1]",i am an upshot Listener that listens mainstay moved result place by mainstay,upshot listener listens mainstay moved result place mainstay,i am an event listener that listens anchor moved event send by anchor | BlGeometryAnchorListener,event listener listens anchor moved event send anchor | blgeometryanchorlistener,76,13,0
1767,"[0, 0, 1, 1, 0, 1]",i am an consequence listener that listens linchpin moved event send By anchor,consequence listener listens linchpin moved event send anchor,i am an event listener that listens anchor moved event send by anchor | BlGeometryAnchorListener,event listener listens anchor moved event send anchor | blgeometryanchorlistener,77,13,0
1768,"[0, 0, 1, 1, 0, 1]",i am an event hearer that listens linchpin moved event send by anchor,event hearer listens linchpin moved event send anchor,i am an event listener that listens anchor moved event send by anchor | BlGeometryAnchorListener,event listener listens anchor moved event send anchor | blgeometryanchorlistener,69,13,0
1769,"[0, 0, 1, 1, 0, 1]",An implementation of the Visitor formula for painter subclasses.,implementation visitor formula painter subclass,i am an event listener that listens anchor moved event send by anchor | BlGeometryAnchorListener,event listener listens anchor moved event send anchor | blgeometryanchorlistener,64,9,0
1770,"[0, 0, 1, 1, 0, 1]",i am an Event listener that mind anchor travel consequence send by anchorman,event listener mind anchor travel consequence send anchorman,i am an event listener that listens anchor moved event send by anchor | BlGeometryAnchorListener,event listener listens anchor moved event send anchor | blgeometryanchorlistener,76,13,0
1771,"[0, 0, 1, 1, 0, 1]",an effectuation of the visitor Pattern for painter subclasses.,effectuation visitor pattern painter subclass,i am an event listener that listens anchor moved event send by anchor | BlGeometryAnchorListener,event listener listens anchor moved event send anchor | blgeometryanchorlistener,62,9,0
1772,"[0, 0, 1, 1, 0, 1]",i am an event listener that listens anchor moved event post by anchor,event listener listens anchor moved event post anchor,i am an event listener that listens anchor moved event send by anchor | BlGeometryAnchorListener,event listener listens anchor moved event send anchor | blgeometryanchorlistener,69,13,0
1773,"[0, 0, 1, 1, 0, 1]",An effectuation Of the visitor formula for painter subclasses.,effectuation visitor formula painter subclass,i am an event listener that listens anchor moved event send by anchor | BlGeometryAnchorListener,event listener listens anchor moved event send anchor | blgeometryanchorlistener,62,9,0
1774,"[0, 0, 1, 1, 0, 1]",i Am an Event listener that listens anchor run event send by keystone,event listener listens anchor run event send keystone,i am an event listener that listens anchor moved event send by anchor | BlGeometryAnchorListener,event listener listens anchor moved event send anchor | blgeometryanchorlistener,69,13,0
1775,"[0, 0, 1, 1, 0, 1]",i am An event auditor that listens anchor Moved event send by anchor,event auditor listens anchor moved event send anchor,i am an event listener that listens anchor moved event send by anchor | BlGeometryAnchorListener,event listener listens anchor moved event send anchor | blgeometryanchorlistener,68,13,0
1776,"[0, 0, 1, 1, 0, 1]",i am an Event auditor that listens anchor affected event Send by anchor,event auditor listens anchor affected event send anchor,i am an event listener that listens anchor moved event send by anchor | BlGeometryAnchorListener,event listener listens anchor moved event send anchor | blgeometryanchorlistener,71,13,0
1777,"[0, 0, 1, 1, 0, 1]",i am an event listener that listens backbone moved event send by anchor,event listener listens backbone moved event send anchor,i am an event listener that listens anchor moved event send by anchor | BlGeometryAnchorListener,event listener listens anchor moved event send anchor | blgeometryanchorlistener,71,13,0
1778,"[0, 0, 1, 1, 0, 1]",an implementation of the visitor pattern for puma subclasses.,implementation visitor pattern puma subclass,i am an event listener that listens anchor moved event send by anchor | BlGeometryAnchorListener,event listener listens anchor moved event send anchor | blgeometryanchorlistener,61,9,0
1779,"[0, 0, 1, 1, 0, 1]",i am an consequence listener that hear anchor moved outcome send by anchor,consequence listener hear anchor moved outcome send anchor,i am an event listener that listens anchor moved event send by anchor | BlGeometryAnchorListener,event listener listens anchor moved event send anchor | blgeometryanchorlistener,74,13,0
1780,"[0, 0, 1, 1, 0, 1]",I am an event listener that listens linchpin moved event send by anchorperson,event listener listens linchpin moved event send anchorperson,i am an event listener that listens anchor moved event send by anchor | BlGeometryAnchorListener,event listener listens anchor moved event send anchor | blgeometryanchorlistener,77,13,0
1781,"[0, 0, 1, 1, 0, 1]",I am an result hearer that listen anchor proceed upshot send by Anchor,result hearer listen anchor proceed upshot send anchor,i am an event listener that listens anchor moved event send by anchor | BlGeometryAnchorListener,event listener listens anchor moved event send anchor | blgeometryanchorlistener,70,13,0
1782,"[0, 0, 1, 1, 0, 1]",i Am an event listener that heed anchor displace effect institutionalize by anchor,event listener heed anchor displace effect institutionalize anchor,i am an event listener that listens anchor moved event send by anchor | BlGeometryAnchorListener,event listener listens anchor moved event send anchor | blgeometryanchorlistener,82,13,0
1783,"[0, 0, 1, 1, 0, 1]",i am an Event listener that listens anchor affected event institutionalise by ground,event listener listens anchor affected event institutionalise ground,i am an event listener that listens anchor moved event send by anchor | BlGeometryAnchorListener,event listener listens anchor moved event send anchor | blgeometryanchorlistener,84,13,0
1784,"[0, 0, 1, 1, 0, 1]",An implementation of the visitor pattern for cougar Subclasses.,implementation visitor pattern cougar subclass,i am an event listener that listens anchor moved event send by anchor | BlGeometryAnchorListener,event listener listens anchor moved event send anchor | blgeometryanchorlistener,63,9,0
1785,"[0, 0, 1, 1, 0, 1]",i am an consequence listener that listens anchor moved upshot send by backbone,consequence listener listens anchor moved upshot send backbone,i am an event listener that listens anchor moved event send by anchor | BlGeometryAnchorListener,event listener listens anchor moved event send anchor | blgeometryanchorlistener,78,13,0
1786,"[0, 0, 1, 1, 0, 1]",i am an event attender that listen anchor prompt event send by anchor,event attender listen anchor prompt event send anchor,i am an event listener that listens anchor moved event send by anchor | BlGeometryAnchorListener,event listener listens anchor moved event send anchor | blgeometryanchorlistener,69,13,0
1787,"[0, 0, 1, 1, 0, 1]",An implementation of the visitor pattern for Painter subclasses.,implementation visitor pattern painter subclass,i am an event listener that listens anchor moved event send by anchor | BlGeometryAnchorListener,event listener listens anchor moved event send anchor | blgeometryanchorlistener,64,9,0
1788,"[0, 0, 1, 1, 0, 1]",i am an event attender that listens anchor moved event ship by anchor,event attender listens anchor moved event ship anchor,i am an event listener that listens anchor moved event send by anchor | BlGeometryAnchorListener,event listener listens anchor moved event send anchor | blgeometryanchorlistener,69,13,0
1789,"[0, 0, 1, 1, 0, 1]",an implementation of the visitor pattern for painter Subclasses.,implementation visitor pattern painter subclass,i am an event listener that listens anchor moved event send by anchor | BlGeometryAnchorListener,event listener listens anchor moved event send anchor | blgeometryanchorlistener,64,9,0
1790,"[0, 0, 1, 1, 0, 1]",an implementation Of the visitant pattern for painter subclasses.,implementation visitant pattern painter subclass,i am an event listener that listens anchor moved event send by anchor | BlGeometryAnchorListener,event listener listens anchor moved event send anchor | blgeometryanchorlistener,65,9,0
1791,"[0, 0, 1, 1, 0, 1]",an implementation of the visitor shape for painter Subclasses.,implementation visitor shape painter subclass,i am an event listener that listens anchor moved event send by anchor | BlGeometryAnchorListener,event listener listens anchor moved event send anchor | blgeometryanchorlistener,62,9,0
1792,"[0, 0, 1, 1, 0, 1]",i Am an event hearer that listen ground go effect send by anchor,event hearer listen ground go effect send anchor,i am an event listener that listens anchor moved event send by anchor | BlGeometryAnchorListener,event listener listens anchor moved event send anchor | blgeometryanchorlistener,64,13,0
1793,"[0, 0, 1, 1, 0, 1]",i am an event listener That heed anchor motivate Event send by anchor,event listener heed anchor motivate event send anchor,i am an event listener that listens anchor moved event send by anchor | BlGeometryAnchorListener,event listener listens anchor moved event send anchor | blgeometryanchorlistener,69,13,0
1794,"[0, 0, 1, 1, 0, 1]",an implementation of the visitant pattern for catamount subclasses.,implementation visitant pattern catamount subclass,i am an event listener that listens anchor moved event send by anchor | BlGeometryAnchorListener,event listener listens anchor moved event send anchor | blgeometryanchorlistener,67,9,0
1795,"[0, 0, 1, 1, 0, 1]",i Am an case auditor that mind anchor locomote event send by anchor,case auditor mind anchor locomote event send anchor,i am an event listener that listens anchor moved event send by anchor | BlGeometryAnchorListener,event listener listens anchor moved event send anchor | blgeometryanchorlistener,67,13,0
1796,"[0, 0, 1, 1, 0, 1]",An effectuation of The visitant pattern for panther subclasses.,effectuation visitant pattern panther subclass,i am an event listener that listens anchor moved event send by anchor | BlGeometryAnchorListener,event listener listens anchor moved event send anchor | blgeometryanchorlistener,63,9,0
1797,"[0, 0, 1, 1, 0, 1]",an Implementation of The visitor pattern for painter subclasses.,implementation visitor pattern painter subclass,i am an event listener that listens anchor moved event send by anchor | BlGeometryAnchorListener,event listener listens anchor moved event send anchor | blgeometryanchorlistener,64,9,0
1798,"[0, 0, 1, 1, 0, 1]",i am an case Listener that hear anchor motivate effect station by anchor,case listener hear anchor motivate effect station anchor,i am an event listener that listens anchor moved event send by anchor | BlGeometryAnchorListener,event listener listens anchor moved event send anchor | blgeometryanchorlistener,72,13,0
1799,"[0, 0, 1, 1, 0, 1]",i am an consequence Listener that listens anchor moved event send by anchor,consequence listener listens anchor moved event send anchor,i am an event listener that listens anchor moved event send by anchor | BlGeometryAnchorListener,event listener listens anchor moved event send anchor | blgeometryanchorlistener,75,13,0
1800,"[0, 0, 1, 1, 0, 1]",an effectuation of The visitant pattern for panther subclasses.,effectuation visitant pattern panther subclass,i am an event listener that listens anchor moved event send by anchor | BlGeometryAnchorListener,event listener listens anchor moved event send anchor | blgeometryanchorlistener,63,9,0
1801,"[0, 0, 1, 1, 0, 1]",an implementation of the visitant practice for Painter subclasses.,implementation visitant practice painter subclass,i am an event listener that listens anchor moved event send by anchor | BlGeometryAnchorListener,event listener listens anchor moved event send anchor | blgeometryanchorlistener,66,9,0
1802,"[0, 0, 1, 1, 0, 1]",i am An event auditor that listens anchor moved event send by anchor,event auditor listens anchor moved event send anchor,i am an event listener that listens anchor moved event send by anchor | BlGeometryAnchorListener,event listener listens anchor moved event send anchor | blgeometryanchorlistener,68,13,0
1803,"[0, 0, 1, 1, 0, 1]",an implementation of the Visitor pattern for painter subclasses.,implementation visitor pattern painter subclass,i am an event listener that listens anchor moved event send by anchor | BlGeometryAnchorListener,event listener listens anchor moved event send anchor | blgeometryanchorlistener,64,9,0
1804,"[0, 0, 1, 1, 0, 1]",I am An event listener that hear anchor run upshot send by anchor,event listener hear anchor run upshot send anchor,i am an event listener that listens anchor moved event send by anchor | BlGeometryAnchorListener,event listener listens anchor moved event send anchor | blgeometryanchorlistener,65,13,0
1805,"[0, 0, 1, 1, 0, 1]",an implementation of the visitor shape for painter subclasses.,implementation visitor shape painter subclass,i am an event listener that listens anchor moved event send by anchor | BlGeometryAnchorListener,event listener listens anchor moved event send anchor | blgeometryanchorlistener,62,9,0
1806,"[0, 0, 1, 1, 0, 1]",I am an event listener that listens backbone moved event send By anchor,event listener listens backbone moved event send anchor,i am an event listener that listens anchor moved event send by anchor | BlGeometryAnchorListener,event listener listens anchor moved event send anchor | blgeometryanchorlistener,71,13,0
1807,"[0, 0, 1, 1, 0, 1]",an effectuation of the visitor pattern for puma subclasses.,effectuation visitor pattern puma subclass,i am an event listener that listens anchor moved event send by anchor | BlGeometryAnchorListener,event listener listens anchor moved event send anchor | blgeometryanchorlistener,59,9,0
1808,"[0, 0, 1, 1, 0, 1]",an implementation of the visitant model for cougar subclasses.,implementation visitant model cougar subclass,i am an event listener that listens anchor moved event send by anchor | BlGeometryAnchorListener,event listener listens anchor moved event send anchor | blgeometryanchorlistener,62,9,0
1809,"[0, 0, 1, 1, 0, 1]",i am an event auditor that listen anchor Moved event post by anchor,event auditor listen anchor moved event post anchor,i am an event listener that listens anchor moved event send by anchor | BlGeometryAnchorListener,event listener listens anchor moved event send anchor | blgeometryanchorlistener,67,13,0
1810,"[0, 0, 1, 1, 0, 1]",i am an event listener That heed Anchor Moved event Send by anchor,event listener heed anchor moved event send anchor,i am an event listener that listens anchor moved event send by anchor | BlGeometryAnchorListener,event listener listens anchor moved event send anchor | blgeometryanchorlistener,66,13,0
1811,"[0, 0, 1, 1, 0, 1]",i am an upshot hearer that listens anchor Moved Event send by anchor,upshot hearer listens anchor moved event send anchor,i am an event listener that listens anchor moved event send by anchor | BlGeometryAnchorListener,event listener listens anchor moved event send anchor | blgeometryanchorlistener,68,13,0
1812,"[0, 0, 1, 1, 0, 1]",i Am an Event listener that listens anchor moved event direct by Anchor,event listener listens anchor moved event direct anchor,i am an event listener that listens anchor moved event send by anchor | BlGeometryAnchorListener,event listener listens anchor moved event send anchor | blgeometryanchorlistener,71,13,0
1813,"[0, 0, 1, 1, 0, 1]",i am An upshot listener that Listens anchor moved result direct by anchor,upshot listener listens anchor moved result direct anchor,i am an event listener that listens anchor moved event send by anchor | BlGeometryAnchorListener,event listener listens anchor moved event send anchor | blgeometryanchorlistener,73,13,0
1814,"[0, 0, 1, 1, 0, 1]",i am an result listener that Listens anchorperson moved event send by mainstay,result listener listens anchorperson moved event send mainstay,i am an event listener that listens anchor moved event send by anchor | BlGeometryAnchorListener,event listener listens anchor moved event send anchor | blgeometryanchorlistener,78,13,0
1815,"[0, 0, 1, 1, 0, 1]",I am an event Listener that listens anchor run consequence send By anchor,event listener listens anchor run consequence send anchor,i am an event listener that listens anchor moved event send by anchor | BlGeometryAnchorListener,event listener listens anchor moved event send anchor | blgeometryanchorlistener,73,13,0
1816,"[0, 0, 1, 1, 0, 1]",i am an event hearer that listens anchor moved upshot send by anchor,event hearer listens anchor moved upshot send anchor,i am an event listener that listens anchor moved event send by anchor | BlGeometryAnchorListener,event listener listens anchor moved event send anchor | blgeometryanchorlistener,68,13,0
1817,"[0, 0, 1, 1, 0, 1]",An effectuation of the visitor pattern for painter subclasses.,effectuation visitor pattern painter subclass,i am an event listener that listens anchor moved event send by anchor | BlGeometryAnchorListener,event listener listens anchor moved event send anchor | blgeometryanchorlistener,62,9,0
1818,"[0, 0, 1, 1, 0, 1]",An implementation of The visitor pattern for painter subclasses.,implementation visitor pattern painter subclass,i am an event listener that listens anchor moved event send by anchor | BlGeometryAnchorListener,event listener listens anchor moved event send anchor | blgeometryanchorlistener,64,9,0
1819,"[0, 0, 1, 1, 0, 1]",an Implementation of the visitor blueprint for puma Subclasses.,implementation visitor blueprint puma subclass,i am an event listener that listens anchor moved event send by anchor | BlGeometryAnchorListener,event listener listens anchor moved event send anchor | blgeometryanchorlistener,63,9,0
1820,"[0, 0, 1, 1, 0, 1]",an execution of The Visitor pattern for painter subclasses.,execution visitor pattern painter subclass,i am an event listener that listens anchor moved event send by anchor | BlGeometryAnchorListener,event listener listens anchor moved event send anchor | blgeometryanchorlistener,59,9,0
1821,"[0, 0, 1, 1, 0, 1]",i am an Event listener that listens anchor touched event send by anchor,event listener listens anchor touched event send anchor,i am an event listener that listens anchor moved event send by anchor | BlGeometryAnchorListener,event listener listens anchor moved event send anchor | blgeometryanchorlistener,71,13,0
1822,"[1, 0, 1, 0, 0, 0]",you can import new picture using method Name brglamorousicons class #importiconsfromdirectory Using the script below.,import new picture using method name brglamorousicons class importiconsfromdirectory using script,the click event is fired when a pointing device button a mouse s primary button is pressed and released on a single element. | BlClickEvent,click event fired pointing device button mouse primary button pressed released single element | blclickevent,117,15,0
1823,"[1, 0, 1, 0, 0, 0]",you can import new icons using method name brglamorousicons class #importiconsfromdirectory using The script below.,import new icon using method name brglamorousicons class importiconsfromdirectory using script,the click event is fired when a pointing device button a mouse s primary button is pressed and released on a single element. | BlClickEvent,click event fired pointing device button mouse primary button pressed released single element | blclickevent,115,15,0
1824,"[1, 0, 1, 0, 0, 0]",you Can import new icons using method advert brglamorousicons class #importiconsfromdirectory using the script below.,import new icon using method advert brglamorousicons class importiconsfromdirectory using script,the click event is fired when a pointing device button a mouse s primary button is pressed and released on a single element. | BlClickEvent,click event fired pointing device button mouse primary button pressed released single element | blclickevent,117,15,0
1825,"[1, 0, 1, 0, 0, 0]",the tick event is fired when a point twist button A mouse s primary button is pressed and released on a exclusive Element.,tick event fired point twist button mouse primary button pressed released exclusive element,the click event is fired when a pointing device button a mouse s primary button is pressed and released on a single element. | BlClickEvent,click event fired pointing device button mouse primary button pressed released single element | blclickevent,122,23,0
1826,"[1, 0, 1, 0, 0, 0]",you can import new Icons using method Name brglamorousicons class #importiconsfromdirectory using the script below.,import new icon using method name brglamorousicons class importiconsfromdirectory using script,the click event is fired when a pointing device button a mouse s primary button is pressed and released on a single element. | BlClickEvent,click event fired pointing device button mouse primary button pressed released single element | blclickevent,115,15,0
1827,"[1, 0, 1, 0, 0, 0]",you Can import new icons using Method name brglamorousicons class #importiconsfromdirectory use the script below.,import new icon using method name brglamorousicons class importiconsfromdirectory use script,the click event is fired when a pointing device button a mouse s primary button is pressed and released on a single element. | BlClickEvent,click event fired pointing device button mouse primary button pressed released single element | blclickevent,113,15,0
1828,"[1, 0, 1, 0, 0, 0]",the tick event is fired when a pointing device clit a mouse s basal clitoris is bid and released on a undivided element.,tick event fired pointing device clit mouse basal clitoris bid released undivided element,the click event is fired when a pointing device button a mouse s primary button is pressed and released on a single element. | BlClickEvent,click event fired pointing device button mouse primary button pressed released single element | blclickevent,120,23,0
1829,"[1, 0, 1, 0, 0, 0]",You can import new icons practice method name brglamorousicons class #importiconsfromdirectory use the script below.,import new icon practice method name brglamorousicons class importiconsfromdirectory use script,the click event is fired when a pointing device button a mouse s primary button is pressed and released on a single element. | BlClickEvent,click event fired pointing device button mouse primary button pressed released single element | blclickevent,116,15,0
1830,"[1, 0, 1, 0, 0, 0]",the clack upshot is displace when a Pointing device button a creep s primary Button is pressed and released on a single element.,clack upshot displace pointing device button creep primary button pressed released single element,the click event is fired when a pointing device button a mouse s primary button is pressed and released on a single element. | BlClickEvent,click event fired pointing device button mouse primary button pressed released single element | blclickevent,128,23,0
1831,"[1, 0, 1, 0, 0, 0]",The click consequence is raise when a pointing device button a creep S primary button is pressed and released on a single element.,click consequence raise pointing device button creep primary button pressed released single element,the click event is fired when a pointing device button a mouse s primary button is pressed and released on a single element. | BlClickEvent,click event fired pointing device button mouse primary button pressed released single element | blclickevent,130,23,0
1832,"[1, 0, 1, 0, 0, 0]",you can import new icons apply method name brglamorousicons class #importiconsfromdirectory apply the script below.,import new icon apply method name brglamorousicons class importiconsfromdirectory apply script,the click event is fired when a pointing device button a mouse s primary button is pressed and released on a single element. | BlClickEvent,click event fired pointing device button mouse primary button pressed released single element | blclickevent,115,15,0
1833,"[1, 0, 1, 0, 0, 0]",the click event is fired when a pointing device release a mouse s primary push is pressed and released on a single element.,click event fired pointing device release mouse primary push pressed released single element,the click event is fired when a pointing device button a mouse s primary button is pressed and released on a single element. | BlClickEvent,click event fired pointing device button mouse primary button pressed released single element | blclickevent,123,23,0
1834,"[1, 0, 1, 0, 0, 0]",the chink Event is fired When a pointing Device clitoris a mouse s chief button is pressed and resign on a single element.,chink event fired pointing device clitoris mouse chief button pressed resign single element,the click event is fired when a pointing device button a mouse s primary button is pressed and released on a single element. | BlClickEvent,click event fired pointing device button mouse primary button pressed released single element | blclickevent,122,23,0
1835,"[1, 0, 1, 0, 0, 0]",the click event is fired when a pointing twist button a pussyfoot s principal button is pressed and released on a single element.,click event fired pointing twist button pussyfoot principal button pressed released single element,the click event is fired when a pointing device button a mouse s primary button is pressed and released on a single element. | BlClickEvent,click event fired pointing device button mouse primary button pressed released single element | blclickevent,129,23,0
1836,"[1, 0, 1, 0, 0, 0]",the clink event is Fired When a pointing device button a mouse s primary button is pressed and resign On a individual element.,clink event fired pointing device button mouse primary button pressed resign individual element,the click event is fired when a pointing device button a mouse s primary button is pressed and released on a single element. | BlClickEvent,click event fired pointing device button mouse primary button pressed released single element | blclickevent,126,23,0
1837,"[1, 0, 1, 0, 0, 0]",you can import new picture utilize Method Name brglamorousicons class #importiconsfromdirectory using the script Below.,import new picture utilize method name brglamorousicons class importiconsfromdirectory using script,the click event is fired when a pointing device button a mouse s primary button is pressed and released on a single element. | BlClickEvent,click event fired pointing device button mouse primary button pressed released single element | blclickevent,119,15,0
1838,"[1, 0, 1, 0, 0, 0]",You can import new ikon using method name brglamorousicons class #importiconsfromdirectory using the script below.,import new ikon using method name brglamorousicons class importiconsfromdirectory using script,the click event is fired when a pointing device button a mouse s primary button is pressed and released on a single element. | BlClickEvent,click event fired pointing device button mouse primary button pressed released single element | blclickevent,114,15,0
1839,"[1, 0, 1, 0, 0, 0]",you can import new Icons employ Method name brglamorousicons class #importiconsfromdirectory using the script below.,import new icon employ method name brglamorousicons class importiconsfromdirectory using script,the click event is fired when a pointing device button a mouse s primary button is pressed and released on a single element. | BlClickEvent,click event fired pointing device button mouse primary button pressed released single element | blclickevent,116,15,0
1840,"[1, 0, 1, 0, 0, 0]",You can import new icon practice method name brglamorousicons class #importiconsfromdirectory using the script below.,import new icon practice method name brglamorousicons class importiconsfromdirectory using script,the click event is fired when a pointing device button a mouse s primary button is pressed and released on a single element. | BlClickEvent,click event fired pointing device button mouse primary button pressed released single element | blclickevent,117,15,0
1841,"[1, 0, 1, 0, 0, 0]",you can import new image using Method name brglamorousicons class #importiconsfromdirectory practice the script below.,import new image using method name brglamorousicons class importiconsfromdirectory practice script,the click event is fired when a pointing device button a mouse s primary button is pressed and released on a single element. | BlClickEvent,click event fired pointing device button mouse primary button pressed released single element | blclickevent,118,15,0
1842,"[1, 0, 1, 0, 0, 0]",the penetrate effect is fired when a pointing Device Button a shiner s primary button is pressed and released on a one Element.,penetrate effect fired pointing device button shiner primary button pressed released one element,the click event is fired when a pointing device button a mouse s primary button is pressed and released on a single element. | BlClickEvent,click event fired pointing device button mouse primary button pressed released single element | blclickevent,127,23,0
1843,"[1, 0, 1, 0, 0, 0]",the click Event is fired When a pointing device button a mouse s Primary button is pressed and released on a single element.,click event fired pointing device button mouse primary button pressed released single element,the click event is fired when a pointing device button a mouse s primary button is pressed and released on a single element. | BlClickEvent,click event fired pointing device button mouse primary button pressed released single element | blclickevent,124,23,0
1844,"[1, 0, 1, 0, 0, 0]",you can import New picture using method name brglamorousicons class #importiconsfromdirectory practice The script below.,import new picture using method name brglamorousicons class importiconsfromdirectory practice script,the click event is fired when a pointing device button a mouse s primary button is pressed and released on a single element. | BlClickEvent,click event fired pointing device button mouse primary button pressed released single element | blclickevent,120,15,0
1845,"[1, 0, 1, 0, 0, 0]",the flick event is Fired When a pointing gimmick push a mouse s primary release is pressed and released on a Single element.,flick event fired pointing gimmick push mouse primary release pressed released single element,the click event is fired when a pointing device button a mouse s primary button is pressed and released on a single element. | BlClickEvent,click event fired pointing device button mouse primary button pressed released single element | blclickevent,124,23,0
1846,"[1, 0, 1, 0, 0, 0]",you can import new icons Using method name brglamorousicons class #importiconsfromdirectory Using the handwriting below.,import new icon using method name brglamorousicons class importiconsfromdirectory using handwriting,the click event is fired when a pointing device button a mouse s primary button is pressed and released on a single element. | BlClickEvent,click event fired pointing device button mouse primary button pressed released single element | blclickevent,120,15,0
1847,"[1, 0, 1, 0, 0, 0]",you can import new icons using Method gens brglamorousicons class #importiconsfromdirectory practice the handwriting below.,import new icon using method gen brglamorousicons class importiconsfromdirectory practice handwriting,the click event is fired when a pointing device button a mouse s primary button is pressed and released on a single element. | BlClickEvent,click event fired pointing device button mouse primary button pressed released single element | blclickevent,123,15,0
1848,"[1, 0, 1, 0, 0, 0]",the Click event is fired when a indicate device button a mouse s primary Button is pressed and released on a unity element.,click event fired indicate device button mouse primary button pressed released unity element,the click event is fired when a pointing device button a mouse s primary button is pressed and released on a single element. | BlClickEvent,click event fired pointing device button mouse primary button pressed released single element | blclickevent,123,23,0
1849,"[1, 0, 1, 0, 0, 0]",you can import new picture Using method name brglamorousicons class #importiconsfromdirectory practice the script below.,import new picture using method name brglamorousicons class importiconsfromdirectory practice script,the click event is fired when a pointing device button a mouse s primary button is pressed and released on a single element. | BlClickEvent,click event fired pointing device button mouse primary button pressed released single element | blclickevent,120,15,0
1850,"[1, 0, 1, 0, 0, 0]",you can import new icons Using method name brglamorousicons class #importiconsfromdirectory using the script below.,import new icon using method name brglamorousicons class importiconsfromdirectory using script,the click event is fired when a pointing device button a mouse s primary button is pressed and released on a single element. | BlClickEvent,click event fired pointing device button mouse primary button pressed released single element | blclickevent,115,15,0
1851,"[1, 0, 1, 0, 0, 0]",you can import new icons using method name brglamorousicons class #importiconsfromdirectory using the script Below.,import new icon using method name brglamorousicons class importiconsfromdirectory using script,the click event is fired when a pointing device button a mouse s primary button is pressed and released on a single element. | BlClickEvent,click event fired pointing device button mouse primary button pressed released single element | blclickevent,115,15,0
1852,"[1, 0, 1, 0, 0, 0]",the clink event is Fired when a pointing device release a shiner s elemental button is pressed and released on a single element.,clink event fired pointing device release shiner elemental button pressed released single element,the click event is fired when a pointing device button a mouse s primary button is pressed and released on a single element. | BlClickEvent,click event fired pointing device button mouse primary button pressed released single element | blclickevent,128,23,0
1853,"[1, 0, 1, 0, 0, 0]",The click case Is sack when A pointing device button a mouse S primary release Is pressed and released on a single element.,click case sack pointing device button mouse primary release pressed released single element,the click event is fired when a pointing device button a mouse s primary button is pressed and released on a single element. | BlClickEvent,click event fired pointing device button mouse primary button pressed released single element | blclickevent,123,23,0
1854,"[1, 0, 1, 0, 0, 0]",the chatter upshot is fired when a manoeuvre device clitoris a mouse s elemental button is squeeze and released On a single element.,chatter upshot fired manoeuvre device clitoris mouse elemental button squeeze released single element,the click event is fired when a pointing device button a mouse s primary button is pressed and released on a single element. | BlClickEvent,click event fired pointing device button mouse primary button pressed released single element | blclickevent,132,23,0
1855,"[1, 0, 1, 0, 0, 0]",The detent Event Is fired when a pointing device push a Mouse S main button is pressed and Released On a unmarried element.,detent event fired pointing device push mouse main button pressed released unmarried element,the click event is fired when a pointing device button a mouse s primary button is pressed and released on a single element. | BlClickEvent,click event fired pointing device button mouse primary button pressed released single element | blclickevent,123,23,0
1856,"[1, 0, 1, 0, 0, 0]",The tick issue is terminate when a pointing device button a mouse s primary button is pressed and exhaust on A single element.,tick issue terminate pointing device button mouse primary button pressed exhaust single element,the click event is fired when a pointing device button a mouse s primary button is pressed and released on a single element. | BlClickEvent,click event fired pointing device button mouse primary button pressed released single element | blclickevent,126,23,0
1857,"[1, 0, 1, 0, 0, 0]",the tick case is fuel when a pointing gimmick button a pussyfoot s elementary button is pressed and released on a I Element.,tick case fuel pointing gimmick button pussyfoot elementary button pressed released element,the click event is fired when a pointing device button a mouse s primary button is pressed and released on a single element. | BlClickEvent,click event fired pointing device button mouse primary button pressed released single element | blclickevent,124,23,0
1858,"[1, 0, 1, 0, 0, 0]",you Can import new picture use method key brglamorousicons class #importiconsfromdirectory victimization the script below.,import new picture use method key brglamorousicons class importiconsfromdirectory victimization script,the click event is fired when a pointing device button a mouse s primary button is pressed and released on a single element. | BlClickEvent,click event fired pointing device button mouse primary button pressed released single element | blclickevent,122,15,0
1859,"[1, 0, 1, 0, 0, 0]",you can import new image using method name brglamorousicons class #importiconsfromdirectory using the script below.,import new image using method name brglamorousicons class importiconsfromdirectory using script,the click event is fired when a pointing device button a mouse s primary button is pressed and released on a single element. | BlClickEvent,click event fired pointing device button mouse primary button pressed released single element | blclickevent,115,15,0
1860,"[1, 0, 1, 0, 0, 0]",you can import new icons using method name brglamorousicons class #importiconsfromdirectory Using the script below.,import new icon using method name brglamorousicons class importiconsfromdirectory using script,the click event is fired when a pointing device button a mouse s primary button is pressed and released on a single element. | BlClickEvent,click event fired pointing device button mouse primary button pressed released single element | blclickevent,115,15,0
1861,"[1, 0, 1, 0, 0, 0]",the click event is fired when a pointing device push a mouse s primary push Is pressed and released on a ace element.,click event fired pointing device push mouse primary push pressed released ace element,the click event is fired when a pointing device button a mouse s primary button is pressed and released on a single element. | BlClickEvent,click event fired pointing device button mouse primary button pressed released single element | blclickevent,117,23,0
1862,"[1, 0, 1, 0, 0, 0]",you can import new Icons using Method name brglamorousicons class #importiconsfromdirectory Using the script below.,import new icon using method name brglamorousicons class importiconsfromdirectory using script,the click event is fired when a pointing device button a mouse s primary button is pressed and released on a single element. | BlClickEvent,click event fired pointing device button mouse primary button pressed released single element | blclickevent,115,15,0
1863,"[1, 0, 1, 0, 0, 0]",the click case is discharge when a pointing Device clit a pussyfoot s primary clitoris is pressed and released on a single element.,click case discharge pointing device clit pussyfoot primary clitoris pressed released single element,the click event is fired when a pointing device button a mouse s primary button is pressed and released on a single element. | BlClickEvent,click event fired pointing device button mouse primary button pressed released single element | blclickevent,131,23,0
1864,"[1, 0, 1, 0, 0, 0]",the click event is fired when a pointing device clitoris a mouse s primary button is contract and issue on a single element.,click event fired pointing device clitoris mouse primary button contract issue single element,the click event is fired when a pointing device button a mouse s primary button is pressed and released on a single element. | BlClickEvent,click event fired pointing device button mouse primary button pressed released single element | blclickevent,124,23,0
1865,"[1, 0, 1, 0, 0, 0]",the click event is fired when a pointing Device Button A creep s elemental button is pressed and released on a single element.,click event fired pointing device button creep elemental button pressed released single element,the click event is fired when a pointing device button a mouse s primary button is pressed and released on a single element. | BlClickEvent,click event fired pointing device button mouse primary button pressed released single element | blclickevent,126,23,0
1866,"[1, 0, 1, 0, 0, 0]",the click Event Is fired When a sharpen device button a creep s primary button Is pressed and Released on a single element.,click event fired sharpen device button creep primary button pressed released single element,the click event is fired when a pointing device button a mouse s primary button is pressed and released on a single element. | BlClickEvent,click event fired pointing device button mouse primary button pressed released single element | blclickevent,123,23,0
1867,"[1, 0, 1, 0, 0, 0]",you can import new icons using method name Brglamorousicons class #importiconsfromdirectory using the script below.,import new icon using method name brglamorousicons class importiconsfromdirectory using script,the click event is fired when a pointing device button a mouse s primary button is pressed and released on a single element. | BlClickEvent,click event fired pointing device button mouse primary button pressed released single element | blclickevent,115,15,0
1868,"[1, 0, 1, 0, 0, 0]",the click event is fired when a pointing device button a mouse s primary Button is urge and Released on A single element.,click event fired pointing device button mouse primary button urge released single element,the click event is fired when a pointing device button a mouse s primary button is pressed and released on a single element. | BlClickEvent,click event fired pointing device button mouse primary button pressed released single element | blclickevent,121,23,0
1869,"[1, 0, 1, 0, 0, 0]",you can import new icons using method describe brglamorousicons class #importiconsfromdirectory using the script below.,import new icon using method describe brglamorousicons class importiconsfromdirectory using script,the click event is fired when a pointing device button a mouse s primary button is pressed and released on a single element. | BlClickEvent,click event fired pointing device button mouse primary button pressed released single element | blclickevent,119,15,0
1870,"[1, 0, 1, 0, 0, 0]",The click event Is fired when a pointing twist button a shiner s primary release is pressed and released on a single Element.,click event fired pointing twist button shiner primary release pressed released single element,the click event is fired when a pointing device button a mouse s primary button is pressed and released on a single element. | BlClickEvent,click event fired pointing device button mouse primary button pressed released single element | blclickevent,125,23,0
1871,"[1, 0, 1, 0, 0, 0]",the Click event is fired when a pointing twist push a mouse s primary release is pressed and released on a single element.,click event fired pointing twist push mouse primary release pressed released single element,the click event is fired when a pointing device button a mouse s primary button is pressed and released on a single element. | BlClickEvent,click event fired pointing device button mouse primary button pressed released single element | blclickevent,122,23,0
1872,"[1, 0, 1, 0, 0, 0]",the clink event is fired when a signal gimmick Button a mouse s primary button is pressed and released on a single element.,clink event fired signal gimmick button mouse primary button pressed released single element,the click event is fired when a pointing device button a mouse s primary button is pressed and released on a single element. | BlClickEvent,click event fired pointing device button mouse primary button pressed released single element | blclickevent,123,23,0
1873,"[1, 0, 1, 0, 0, 0]",you can import New icons using method advert brglamorousicons class #importiconsfromdirectory practice the script below.,import new icon using method advert brglamorousicons class importiconsfromdirectory practice script,the click event is fired when a pointing device button a mouse s primary button is pressed and released on a single element. | BlClickEvent,click event fired pointing device button mouse primary button pressed released single element | blclickevent,120,15,0
1874,"[1, 0, 1, 0, 0, 0]",You can import new icons using method Name brglamorousicons class #importiconsfromdirectory using the script below.,import new icon using method name brglamorousicons class importiconsfromdirectory using script,the click event is fired when a pointing device button a mouse s primary button is pressed and released on a single element. | BlClickEvent,click event fired pointing device button mouse primary button pressed released single element | blclickevent,115,15,0
1875,"[1, 0, 1, 0, 0, 0]",you can import new icons using method name brglamorousicons class #importiconsfromdirectory Using The script below.,import new icon using method name brglamorousicons class importiconsfromdirectory using script,the click event is fired when a pointing device button a mouse s primary button is pressed and released on a single element. | BlClickEvent,click event fired pointing device button mouse primary button pressed released single element | blclickevent,115,15,0
1876,"[1, 0, 1, 0, 0, 0]",you can import new Icons using method name brglamorousicons class #importiconsfromdirectory using the script below.,import new icon using method name brglamorousicons class importiconsfromdirectory using script,the click event is fired when a pointing device button a mouse s primary button is pressed and released on a single element. | BlClickEvent,click event fired pointing device button mouse primary button pressed released single element | blclickevent,115,15,0
1877,"[1, 0, 1, 0, 0, 0]",you can import new icon using method identify brglamorousicons class #importiconsfromdirectory using the script below.,import new icon using method identify brglamorousicons class importiconsfromdirectory using script,the click event is fired when a pointing device button a mouse s primary button is pressed and released on a single element. | BlClickEvent,click event fired pointing device button mouse primary button pressed released single element | blclickevent,118,15,0
1878,"[1, 0, 1, 0, 0, 0]",the Click event is can when a repoint device button a mouse s master button is pressed and released on a single element.,click event repoint device button mouse master button pressed released single element,the click event is fired when a pointing device button a mouse s primary button is pressed and released on a single element. | BlClickEvent,click event fired pointing device button mouse primary button pressed released single element | blclickevent,120,23,0
1879,"[1, 0, 1, 0, 0, 0]",you Can import new icons using method list brglamorousicons class #importiconsfromdirectory using The script below.,import new icon using method list brglamorousicons class importiconsfromdirectory using script,the click event is fired when a pointing device button a mouse s primary button is pressed and released on a single element. | BlClickEvent,click event fired pointing device button mouse primary button pressed released single element | blclickevent,115,15,0
1880,"[1, 0, 1, 0, 0, 0]",you can import New icons expend method name brglamorousicons class #importiconsfromdirectory using the handwriting below.,import new icon expend method name brglamorousicons class importiconsfromdirectory using handwriting,the click event is fired when a pointing device button a mouse s primary button is pressed and released on a single element. | BlClickEvent,click event fired pointing device button mouse primary button pressed released single element | blclickevent,121,15,0
1881,"[1, 0, 1, 0, 0, 0]",you can import new icons using method discover brglamorousicons class #importiconsfromdirectory using the script Below.,import new icon using method discover brglamorousicons class importiconsfromdirectory using script,the click event is fired when a pointing device button a mouse s primary button is pressed and released on a single element. | BlClickEvent,click event fired pointing device button mouse primary button pressed released single element | blclickevent,119,15,0
1882,"[1, 0, 1, 0, 0, 0]",The click event is dismissed when A pointing gimmick button a mouse s master button is pressed and released on a single Element.,click event dismissed pointing gimmick button mouse master button pressed released single element,the click event is fired when a pointing device button a mouse s primary button is pressed and released on a single element. | BlClickEvent,click event fired pointing device button mouse primary button pressed released single element | blclickevent,128,23,0
1883,"[1, 0, 1, 0, 0, 0]",the click upshot is fired when a pointing device button a mouse s master button is pressed and liberate on a single element.,click upshot fired pointing device button mouse master button pressed liberate single element,the click event is fired when a pointing device button a mouse s primary button is pressed and released on a single element. | BlClickEvent,click event fired pointing device button mouse primary button pressed released single element | blclickevent,124,23,0
1884,"[1, 0, 1, 0, 0, 0]",you can import new image using Method describe brglamorousicons class #importiconsfromdirectory use the script below.,import new image using method describe brglamorousicons class importiconsfromdirectory use script,the click event is fired when a pointing device button a mouse s primary button is pressed and released on a single element. | BlClickEvent,click event fired pointing device button mouse primary button pressed released single element | blclickevent,117,15,0
1885,"[1, 0, 1, 0, 0, 0]",you can import new icons Using method describe brglamorousicons class #importiconsfromdirectory using the book below.,import new icon using method describe brglamorousicons class importiconsfromdirectory using book,the click event is fired when a pointing device button a mouse s primary button is pressed and released on a single element. | BlClickEvent,click event fired pointing device button mouse primary button pressed released single element | blclickevent,117,15,0
1886,"[1, 0, 1, 0, 0, 0]",you can import new icons using method name brglamorousicons class #importiconsfromdirectory using The Script below.,import new icon using method name brglamorousicons class importiconsfromdirectory using script,the click event is fired when a pointing device button a mouse s primary button is pressed and released on a single element. | BlClickEvent,click event fired pointing device button mouse primary button pressed released single element | blclickevent,115,15,0
1887,"[1, 0, 1, 0, 0, 0]",the click Event is fired when a pointing device button a Mouse s Primary button is contract and released on a single element.,click event fired pointing device button mouse primary button contract released single element,the click event is fired when a pointing device button a mouse s primary button is pressed and released on a single element. | BlClickEvent,click event fired pointing device button mouse primary button pressed released single element | blclickevent,125,23,0
1888,"[1, 0, 1, 0, 0, 0]",the Click event is burn when a pointing Device button a Mouse s elemental button is compact and released on a Single element.,click event burn pointing device button mouse elemental button compact released single element,the click event is fired when a pointing device button a mouse s primary button is pressed and released on a single element. | BlClickEvent,click event fired pointing device button mouse primary button pressed released single element | blclickevent,125,23,0
1889,"[1, 0, 1, 0, 0, 0]",the Click event is fired when A pointing device clitoris a pussyfoot s Primary Button is pressed and released on a exclusive element.,click event fired pointing device clitoris pussyfoot primary button pressed released exclusive element,the click event is fired when a pointing device button a mouse s primary button is pressed and released on a single element. | BlClickEvent,click event fired pointing device button mouse primary button pressed released single element | blclickevent,133,23,0
1890,"[1, 0, 1, 0, 0, 0]",you can import new icons using method gens brglamorousicons class #importiconsfromdirectory Using the script below.,import new icon using method gen brglamorousicons class importiconsfromdirectory using script,the click event is fired when a pointing device button a mouse s primary button is pressed and released on a single element. | BlClickEvent,click event fired pointing device button mouse primary button pressed released single element | blclickevent,115,15,0
1891,"[1, 0, 1, 0, 0, 0]",the click event is fired when a pointing device button a shiner s Primary button is Pressed and released on A unity element.,click event fired pointing device button shiner primary button pressed released unity element,the click event is fired when a pointing device button a mouse s primary button is pressed and released on a single element. | BlClickEvent,click event fired pointing device button mouse primary button pressed released single element | blclickevent,124,23,0
1892,"[1, 0, 1, 0, 0, 0]",you can import New icons using method describe brglamorousicons class #importiconsfromdirectory using the script below.,import new icon using method describe brglamorousicons class importiconsfromdirectory using script,the click event is fired when a pointing device button a mouse s primary button is pressed and released on a single element. | BlClickEvent,click event fired pointing device button mouse primary button pressed released single element | blclickevent,119,15,0
1893,"[1, 0, 1, 0, 0, 0]",you can import new icons using method epithet brglamorousicons class #importiconsfromdirectory using the playscript below.,import new icon using method epithet brglamorousicons class importiconsfromdirectory using playscript,the click event is fired when a pointing device button a mouse s primary button is pressed and released on a single element. | BlClickEvent,click event fired pointing device button mouse primary button pressed released single element | blclickevent,122,15,0
1894,"[1, 0, 1, 0, 0, 0]",you can import new icons using method figure brglamorousicons class #importiconsfromdirectory using the book Below.,import new icon using method figure brglamorousicons class importiconsfromdirectory using book,the click event is fired when a pointing device button a mouse s primary button is pressed and released on a single element. | BlClickEvent,click event fired pointing device button mouse primary button pressed released single element | blclickevent,115,15,0
1895,"[1, 0, 1, 0, 0, 0]",the click event is raise when a pointing device button a creep s chief button is Pressed and released on a single element.,click event raise pointing device button creep chief button pressed released single element,the click event is fired when a pointing device button a mouse s primary button is pressed and released on a single element. | BlClickEvent,click event fired pointing device button mouse primary button pressed released single element | blclickevent,122,23,0
1896,"[1, 0, 1, 0, 0, 0]",you can import new image use method mention Brglamorousicons class #importiconsfromdirectory Using the script below.,import new image use method mention brglamorousicons class importiconsfromdirectory using script,the click event is fired when a pointing device button a mouse s primary button is pressed and released on a single element. | BlClickEvent,click event fired pointing device button mouse primary button pressed released single element | blclickevent,116,15,0
1897,"[1, 0, 1, 0, 0, 0]",the dawn Event Is fired When a pointing twist button a shiner s main push is pressed and released on a single element.,dawn event fired pointing twist button shiner main push pressed released single element,the click event is fired when a pointing device button a mouse s primary button is pressed and released on a single element. | BlClickEvent,click event fired pointing device button mouse primary button pressed released single element | blclickevent,118,23,0
1898,"[1, 0, 1, 0, 0, 0]",you can import new icons victimization method key brglamorousicons class #importiconsfromdirectory using the script below.,import new icon victimization method key brglamorousicons class importiconsfromdirectory using script,the click event is fired when a pointing device button a mouse s primary button is pressed and released on a single element. | BlClickEvent,click event fired pointing device button mouse primary button pressed released single element | blclickevent,122,15,0
1899,"[1, 0, 1, 0, 0, 0]",the click event is provoke when a guide device button a mouse s primary button is pressed and released On a single element.,click event provoke guide device button mouse primary button pressed released single element,the click event is fired when a pointing device button a mouse s primary button is pressed and released on a single element. | BlClickEvent,click event fired pointing device button mouse primary button pressed released single element | blclickevent,123,23,0
1900,"[1, 0, 1, 0, 0, 0]",the click upshot is fired when a pointing twist clit a mouse s primary button is pressed and released On a bingle element.,click upshot fired pointing twist clit mouse primary button pressed released bingle element,the click event is fired when a pointing device button a mouse s primary button is pressed and released on a single element. | BlClickEvent,click event fired pointing device button mouse primary button pressed released single element | blclickevent,122,23,0
1901,"[1, 0, 1, 0, 0, 0]",the flick event is fired when a orient device button a mouse s primary clitoris is agitate and released on a Single element.,flick event fired orient device button mouse primary clitoris agitate released single element,the click event is fired when a pointing device button a mouse s primary button is pressed and released on a single element. | BlClickEvent,click event fired pointing device button mouse primary button pressed released single element | blclickevent,124,23,0
1902,"[1, 0, 1, 0, 0, 0]",you can import new icons use method name brglamorousicons class #importiconsfromdirectory using the script below.,import new icon use method name brglamorousicons class importiconsfromdirectory using script,the click event is fired when a pointing device button a mouse s primary button is pressed and released on a single element. | BlClickEvent,click event fired pointing device button mouse primary button pressed released single element | blclickevent,113,15,0
1903,"[1, 0, 1, 0, 0, 0]",the click event is fuel when a channelise device button a sneak s primary button is Pressed and released on a single element.,click event fuel channelise device button sneak primary button pressed released single element,the click event is fired when a pointing device button a mouse s primary button is pressed and released on a single element. | BlClickEvent,click event fired pointing device button mouse primary button pressed released single element | blclickevent,125,23,0
1904,"[1, 0, 1, 0, 0, 0]",You can import new Icons using method refer brglamorousicons class #importiconsfromdirectory using the script below.,import new icon using method refer brglamorousicons class importiconsfromdirectory using script,the click event is fired when a pointing device button a mouse s primary button is pressed and released on a single element. | BlClickEvent,click event fired pointing device button mouse primary button pressed released single element | blclickevent,116,15,0
1905,"[1, 0, 1, 0, 0, 0]",the click event is fired when a pointing device clitoris a creep s main Button is Pressed And released On a single element.,click event fired pointing device clitoris creep main button pressed released single element,the click event is fired when a pointing device button a mouse s primary button is pressed and released on a single element. | BlClickEvent,click event fired pointing device button mouse primary button pressed released single element | blclickevent,123,23,0
1906,"[1, 0, 1, 0, 0, 0]",you can import new icons using method epithet brglamorousicons class #importiconsfromdirectory utilise the handwriting Below.,import new icon using method epithet brglamorousicons class importiconsfromdirectory utilise handwriting,the click event is fired when a pointing device button a mouse s primary button is pressed and released on a single element. | BlClickEvent,click event fired pointing device button mouse primary button pressed released single element | blclickevent,125,15,0
1907,"[1, 0, 1, 0, 0, 0]",the Click event is fired when a guide device button a creep s chief button is agitate and released on a Single element.,click event fired guide device button creep chief button agitate released single element,the click event is fired when a pointing device button a mouse s primary button is pressed and released on a single element. | BlClickEvent,click event fired pointing device button mouse primary button pressed released single element | blclickevent,119,23,0
1908,"[1, 0, 1, 0, 0, 0]",the click outcome is fired when a pointing twist clitoris a shiner s Primary Button is pressed and released on a single Element.,click outcome fired pointing twist clitoris shiner primary button pressed released single element,the click event is fired when a pointing device button a mouse s primary button is pressed and released on a single element. | BlClickEvent,click event fired pointing device button mouse primary button pressed released single element | blclickevent,128,23,0
1909,"[1, 0, 1, 0, 0, 0]",the penetrate consequence is elicit when a pointing device button a mouse s master push is weightlift and released on a one element.,penetrate consequence elicit pointing device button mouse master push weightlift released one element,the click event is fired when a pointing device button a mouse s primary button is pressed and released on a single element. | BlClickEvent,click event fired pointing device button mouse primary button pressed released single element | blclickevent,132,23,0
1910,"[1, 0, 1, 0, 0, 0]",The tick event is fired when a luff device button a mouse s main Button is urge and publish on A unity element.,tick event fired luff device button mouse main button urge publish unity element,the click event is fired when a pointing device button a mouse s primary button is pressed and released on a single element. | BlClickEvent,click event fired pointing device button mouse primary button pressed released single element | blclickevent,111,23,0
1911,"[1, 0, 1, 0, 0, 0]",the chatter event is Fired when A pointing device button a pussyfoot s Primary button is pressed and released on a single element.,chatter event fired pointing device button pussyfoot primary button pressed released single element,the click event is fired when a pointing device button a mouse s primary button is pressed and released on a single element. | BlClickEvent,click event fired pointing device button mouse primary button pressed released single element | blclickevent,130,23,0
1912,"[1, 0, 1, 0, 0, 0]",the click event is fired when A pointing twist button a mouse s primary release Is pressed and released on a bingle element.,click event fired pointing twist button mouse primary release pressed released bingle element,the click event is fired when a pointing device button a mouse s primary button is pressed and released on a single element. | BlClickEvent,click event fired pointing device button mouse primary button pressed released single element | blclickevent,124,23,0
1913,"[1, 0, 1, 0, 0, 0]",you can import new picture using Method name brglamorousicons class #importiconsfromdirectory using the script below.,import new picture using method name brglamorousicons class importiconsfromdirectory using script,the click event is fired when a pointing device button a mouse s primary button is pressed and released on a single element. | BlClickEvent,click event fired pointing device button mouse primary button pressed released single element | blclickevent,117,15,0
1914,"[1, 0, 1, 0, 0, 0]",the snap case is fired when a pointing device button A mouse s primary button is contract and liberate on a Single element.,snap case fired pointing device button mouse primary button contract liberate single element,the click event is fired when a pointing device button a mouse s primary button is pressed and released on a single element. | BlClickEvent,click event fired pointing device button mouse primary button pressed released single element | blclickevent,123,23,0
1915,"[1, 0, 1, 0, 0, 0]",the dog event is fired when a pointing Device push a mouse s Primary push is compact and issue on A unity element.,dog event fired pointing device push mouse primary push compact issue unity element,the click event is fired when a pointing device button a mouse s primary button is pressed and released on a single element. | BlClickEvent,click event fired pointing device button mouse primary button pressed released single element | blclickevent,114,23,0
1916,"[1, 0, 1, 0, 0, 0]",you can import new icon using method name brglamorousicons class #importiconsfromdirectory using the playscript below.,import new icon using method name brglamorousicons class importiconsfromdirectory using playscript,the click event is fired when a pointing device button a mouse s primary button is pressed and released on a single element. | BlClickEvent,click event fired pointing device button mouse primary button pressed released single element | blclickevent,118,15,0
1917,"[1, 0, 1, 0, 0, 0]",the chink event Is fired when a pointing device button a mouse s primary clit Is pressed and resign On a single element.,chink event fired pointing device button mouse primary clit pressed resign single element,the click event is fired when a pointing device button a mouse s primary button is pressed and released on a single element. | BlClickEvent,click event fired pointing device button mouse primary button pressed released single element | blclickevent,120,23,0
1918,"[1, 0, 1, 0, 0, 0]",You can import new icons using method advert brglamorousicons class #importiconsfromdirectory practice the script below.,import new icon using method advert brglamorousicons class importiconsfromdirectory practice script,the click event is fired when a pointing device button a mouse s primary button is pressed and released on a single element. | BlClickEvent,click event fired pointing device button mouse primary button pressed released single element | blclickevent,120,15,0
1919,"[1, 0, 1, 0, 0, 0]",the click Event is fired when a place gimmick clitoris a sneak s chief button is fight and Released on a ace element.,click event fired place gimmick clitoris sneak chief button fight released ace element,the click event is fired when a pointing device button a mouse s primary button is pressed and released on a single element. | BlClickEvent,click event fired pointing device button mouse primary button pressed released single element | blclickevent,117,23,0
1920,"[0, 0, 1, 1, 1, 0]",this shape represent an openstreetmap setting Object which tracks the camera zoom raze and translation to build a view of the corresponding constituent of the openstreetmap.,shape represent openstreetmap setting object track camera zoom raze translation build view corresponding constituent openstreetmap,i am an example of a custom stencil that creates a rounded rectangular element with cusomizable background color and corner radius | BrExampleColoredElementStencil,example custom stencil creates rounded rectangular element cusomizable background color corner radius | brexamplecoloredelementstencil,173,26,1
1921,"[0, 0, 1, 1, 1, 0]",i am an example of a Custom stencil that creates A rounded rectangular element With cusomizable backdrop discolor and corner radius,example custom stencil creates rounded rectangular element cusomizable backdrop discolor corner radius,i am an example of a custom stencil that creates a rounded rectangular element with cusomizable background color and corner radius | BrExampleColoredElementStencil,example custom stencil creates rounded rectangular element cusomizable background color corner radius | brexamplecoloredelementstencil,131,21,0
1922,"[0, 0, 1, 1, 1, 0]",i am an example Of a custom stencil that creates a rounded orthogonal element with cusomizable background color and corner radius,example custom stencil creates rounded orthogonal element cusomizable background color corner radius,i am an example of a custom stencil that creates a rounded rectangular element with cusomizable background color and corner radius | BrExampleColoredElementStencil,example custom stencil creates rounded rectangular element cusomizable background color corner radius | brexamplecoloredelementstencil,129,21,0
1923,"[0, 0, 1, 1, 1, 0]",i am an example Of a custom stencil that create a rounded rectangular element with Cusomizable background color and niche radius,example custom stencil create rounded rectangular element cusomizable background color niche radius,i am an example of a custom stencil that creates a rounded rectangular element with cusomizable background color and corner radius | BrExampleColoredElementStencil,example custom stencil creates rounded rectangular element cusomizable background color corner radius | brexamplecoloredelementstencil,128,21,0
1924,"[0, 0, 1, 1, 1, 0]",i am an example of a usage stencil that creates a rounded rectangular element with cusomizable background distort and corner radius,example usage stencil creates rounded rectangular element cusomizable background distort corner radius,i am an example of a custom stencil that creates a rounded rectangular element with cusomizable background color and corner radius | BrExampleColoredElementStencil,example custom stencil creates rounded rectangular element cusomizable background color corner radius | brexamplecoloredelementstencil,131,21,0
1925,"[0, 0, 1, 1, 1, 0]",i Am an example of a impost stencil that creates A assault rectangular element with cusomizable background color and corner radius,example impost stencil creates assault rectangular element cusomizable background color corner radius,i am an example of a custom stencil that creates a rounded rectangular element with cusomizable background color and corner radius | BrExampleColoredElementStencil,example custom stencil creates rounded rectangular element cusomizable background color corner radius | brexamplecoloredelementstencil,130,21,0
1926,"[0, 0, 1, 1, 1, 0]",this shape represent an openstreetmap background Object which Tracks the camera zoom level and displacement to build a view of the corresponding part of the openstreetmap.,shape represent openstreetmap background object track camera zoom level displacement build view corresponding part openstreetmap,i am an example of a custom stencil that creates a rounded rectangular element with cusomizable background color and corner radius | BrExampleColoredElementStencil,example custom stencil creates rounded rectangular element cusomizable background color corner radius | brexamplecoloredelementstencil,171,26,1
1927,"[0, 0, 1, 1, 1, 0]",i am an example of a custom stencil That creates a rounded rectangular element with cusomizable background Color and corner radius,example custom stencil creates rounded rectangular element cusomizable background color corner radius,i am an example of a custom stencil that creates a rounded rectangular element with cusomizable background color and corner radius | BrExampleColoredElementStencil,example custom stencil creates rounded rectangular element cusomizable background color corner radius | brexamplecoloredelementstencil,130,21,0
1928,"[0, 0, 1, 1, 1, 0]",i am An model of a custom stencil that creates a rounded orthogonal element with cusomizable background color and quoin radius,model custom stencil creates rounded orthogonal element cusomizable background color quoin radius,i am an example of a custom stencil that creates a rounded rectangular element with cusomizable background color and corner radius | BrExampleColoredElementStencil,example custom stencil creates rounded rectangular element cusomizable background color corner radius | brexamplecoloredelementstencil,126,21,0
1929,"[0, 0, 1, 1, 1, 0]",i am an Example of a custom stencil that creates A rounded rectangular Element with cusomizable background discolour and corner radius,example custom stencil creates rounded rectangular element cusomizable background discolour corner radius,i am an example of a custom stencil that creates a rounded rectangular element with cusomizable background color and corner radius | BrExampleColoredElementStencil,example custom stencil creates rounded rectangular element cusomizable background color corner radius | brexamplecoloredelementstencil,134,21,0
1930,"[0, 0, 1, 1, 1, 0]",this shape Represent an openstreetmap background target which tracks the Camera zoom level and transformation to build a view of the corresponding part of the openstreetmap.,shape represent openstreetmap background target track camera zoom level transformation build view corresponding part openstreetmap,i am an example of a custom stencil that creates a rounded rectangular element with cusomizable background color and corner radius | BrExampleColoredElementStencil,example custom stencil creates rounded rectangular element cusomizable background color corner radius | brexamplecoloredelementstencil,173,26,1
1931,"[0, 0, 1, 1, 1, 0]",this mould Represent an openstreetmap backcloth object which tracks the camera zoom level And translation to progress a view of the Corresponding Part of the openstreetmap.,mould represent openstreetmap backcloth object track camera zoom level translation progress view corresponding part openstreetmap,i am an example of a custom stencil that creates a rounded rectangular element with cusomizable background color and corner radius | BrExampleColoredElementStencil,example custom stencil creates rounded rectangular element cusomizable background color corner radius | brexamplecoloredelementstencil,172,26,1
1932,"[0, 0, 1, 1, 1, 0]",i am an example of a custom stencil That produce A Rounded rectangular Element with cusomizable scope color and corner radius,example custom stencil produce rounded rectangular element cusomizable scope color corner radius,i am an example of a custom stencil that creates a rounded rectangular element with cusomizable background color and corner radius | BrExampleColoredElementStencil,example custom stencil creates rounded rectangular element cusomizable background color corner radius | brexamplecoloredelementstencil,125,21,0
1933,"[0, 0, 1, 1, 1, 0]",i Am an example of a custom stencil that create a Rounded orthogonal element with Cusomizable background colorise and corner radius,example custom stencil create rounded orthogonal element cusomizable background colorise corner radius,i am an example of a custom stencil that creates a rounded rectangular element with cusomizable background color and corner radius | BrExampleColoredElementStencil,example custom stencil creates rounded rectangular element cusomizable background color corner radius | brexamplecoloredelementstencil,131,21,0
1934,"[0, 0, 1, 1, 1, 0]",this shape comprise an openstreetmap ground object which tracks the camera zoom level and displacement to frame a view of the corresponding part of the openstreetmap.,shape comprise openstreetmap ground object track camera zoom level displacement frame view corresponding part openstreetmap,i am an example of a custom stencil that creates a rounded rectangular element with cusomizable background color and corner radius | BrExampleColoredElementStencil,example custom stencil creates rounded rectangular element cusomizable background color corner radius | brexamplecoloredelementstencil,166,26,1
1935,"[0, 0, 1, 1, 1, 0]",i am an example of A impost stencil that make a rounded rectangular ingredient with cusomizable background color And quoin spoke,example impost stencil make rounded rectangular ingredient cusomizable background color quoin spoke,i am an example of a custom stencil that creates a rounded rectangular element with cusomizable background color and corner radius | BrExampleColoredElementStencil,example custom stencil creates rounded rectangular element cusomizable background color corner radius | brexamplecoloredelementstencil,128,21,0
1936,"[0, 0, 1, 1, 1, 0]",this shape Represent an openstreetmap background object which tracks the Camera zoom level and Translation to Build a view of The comparable piece of the openstreetmap.,shape represent openstreetmap background object track camera zoom level translation build view comparable piece openstreetmap,i am an example of a custom stencil that creates a rounded rectangular element with cusomizable background color and corner radius | BrExampleColoredElementStencil,example custom stencil creates rounded rectangular element cusomizable background color corner radius | brexamplecoloredelementstencil,168,26,1
1937,"[0, 0, 1, 1, 1, 0]",i am an Example Of A custom stencil that creates a Rounded rectangular element with Cusomizable Background Color and corner radius,example custom stencil creates rounded rectangular element cusomizable background color corner radius,i am an example of a custom stencil that creates a rounded rectangular element with cusomizable background color and corner radius | BrExampleColoredElementStencil,example custom stencil creates rounded rectangular element cusomizable background color corner radius | brexamplecoloredelementstencil,130,21,0
1938,"[0, 0, 1, 1, 1, 0]",i am an example of a customs stencil that make a Rounded rectangular element with cusomizable backdrop color and corner radius,example custom stencil make rounded rectangular element cusomizable backdrop color corner radius,i am an example of a custom stencil that creates a rounded rectangular element with cusomizable background color and corner radius | BrExampleColoredElementStencil,example custom stencil creates rounded rectangular element cusomizable background color corner radius | brexamplecoloredelementstencil,126,21,0
1939,"[0, 0, 1, 1, 1, 0]",this shape be an openstreetmap setting object which tracks the Camera zoom Level and rendering to Build a view of The tally Part of the openstreetmap.,shape openstreetmap setting object track camera zoom level rendering build view tally part openstreetmap,i am an example of a custom stencil that creates a rounded rectangular element with cusomizable background color and corner radius | BrExampleColoredElementStencil,example custom stencil creates rounded rectangular element cusomizable background color corner radius | brexamplecoloredelementstencil,150,26,1
1940,"[0, 0, 1, 1, 1, 0]",i am an example of a custom stencil that creates a rounded rectangular ingredient with cusomizable background color And corner spoke,example custom stencil creates rounded rectangular ingredient cusomizable background color corner spoke,i am an example of a custom stencil that creates a rounded rectangular element with cusomizable background color and corner radius | BrExampleColoredElementStencil,example custom stencil creates rounded rectangular element cusomizable background color corner radius | brexamplecoloredelementstencil,132,21,0
1941,"[0, 0, 1, 1, 1, 0]",i Am an example Of a tradition stencil that make A round orthogonal Element with cusomizable Background color and tree spoke,example tradition stencil make round orthogonal element cusomizable background color tree spoke,i am an example of a custom stencil that creates a rounded rectangular element with cusomizable background color and corner radius | BrExampleColoredElementStencil,example custom stencil creates rounded rectangular element cusomizable background color corner radius | brexamplecoloredelementstencil,124,21,0
1942,"[0, 0, 1, 1, 1, 0]",This shape interpret an openstreetmap background object which tracks the camera zoom Level and translation to build a reckon of the corresponding office of the openstreetmap.,shape interpret openstreetmap background object track camera zoom level translation build reckon corresponding office openstreetmap,i am an example of a custom stencil that creates a rounded rectangular element with cusomizable background color and corner radius | BrExampleColoredElementStencil,example custom stencil creates rounded rectangular element cusomizable background color corner radius | brexamplecoloredelementstencil,174,26,1
1943,"[0, 0, 1, 1, 1, 0]",this shape represent an openstreetmap background object which tracks the camera whizz level and translation To build a View of the corresponding parting of The Openstreetmap.,shape represent openstreetmap background object track camera whizz level translation build view corresponding parting openstreetmap,i am an example of a custom stencil that creates a rounded rectangular element with cusomizable background color and corner radius | BrExampleColoredElementStencil,example custom stencil creates rounded rectangular element cusomizable background color corner radius | brexamplecoloredelementstencil,174,26,1
1944,"[0, 0, 1, 1, 1, 0]",this shape represent an openstreetmap desktop object which cut the camera zoom Level and translation to shape a view of the corresponding part of the openstreetmap.,shape represent openstreetmap desktop object cut camera zoom level translation shape view corresponding part openstreetmap,i am an example of a custom stencil that creates a rounded rectangular element with cusomizable background color and corner radius | BrExampleColoredElementStencil,example custom stencil creates rounded rectangular element cusomizable background color corner radius | brexamplecoloredelementstencil,164,26,1
1945,"[0, 0, 1, 1, 1, 0]",this shape represent an openstreetmap background object which tracks the camera zoom tied And translation to build a view of the jibe part Of The openstreetmap.,shape represent openstreetmap background object track camera zoom tied translation build view jibe part openstreetmap,i am an example of a custom stencil that creates a rounded rectangular element with cusomizable background color and corner radius | BrExampleColoredElementStencil,example custom stencil creates rounded rectangular element cusomizable background color corner radius | brexamplecoloredelementstencil,160,26,1
1946,"[0, 0, 1, 1, 1, 0]",i am an example of a customs stencil that creates a rounded rectangular element with cusomizable ground Color and corner radius,example custom stencil creates rounded rectangular element cusomizable ground color corner radius,i am an example of a custom stencil that creates a rounded rectangular element with cusomizable background color and corner radius | BrExampleColoredElementStencil,example custom stencil creates rounded rectangular element cusomizable background color corner radius | brexamplecoloredelementstencil,127,21,0
1947,"[0, 0, 1, 1, 1, 0]",i am an example Of a tradition stencil that make a labialize rectangular constituent with cusomizable background color and corner radius,example tradition stencil make labialize rectangular constituent cusomizable background color corner radius,i am an example of a custom stencil that creates a rounded rectangular element with cusomizable background color and corner radius | BrExampleColoredElementStencil,example custom stencil creates rounded rectangular element cusomizable background color corner radius | brexamplecoloredelementstencil,136,21,0
1948,"[0, 0, 1, 1, 1, 0]",i am An example of a custom stencil that creates a rounded rectangular Element with cusomizable background color and corner radius,example custom stencil creates rounded rectangular element cusomizable background color corner radius,i am an example of a custom stencil that creates a rounded rectangular element with cusomizable background color and corner radius | BrExampleColoredElementStencil,example custom stencil creates rounded rectangular element cusomizable background color corner radius | brexamplecoloredelementstencil,130,21,0
1949,"[0, 0, 1, 1, 1, 0]",i am an exemplar of a tradition stencil that make a rounded rectangular element with cusomizable Background emblazon and quoin radius,exemplar tradition stencil make rounded rectangular element cusomizable background emblazon quoin radius,i am an example of a custom stencil that creates a rounded rectangular element with cusomizable background color and corner radius | BrExampleColoredElementStencil,example custom stencil creates rounded rectangular element cusomizable background color corner radius | brexamplecoloredelementstencil,133,21,0
1950,"[0, 0, 1, 1, 1, 0]",this shape represent An openstreetmap background object which tracks the camera soar Level and translation to build a view of the corresponding start of The openstreetmap.,shape represent openstreetmap background object track camera soar level translation build view corresponding start openstreetmap,i am an example of a custom stencil that creates a rounded rectangular element with cusomizable background color and corner radius | BrExampleColoredElementStencil,example custom stencil creates rounded rectangular element cusomizable background color corner radius | brexamplecoloredelementstencil,171,26,1
1951,"[0, 0, 1, 1, 1, 0]",i am An example of a custom stencil that creates a rounded rectangular element with cusomizable background color and corner radius,example custom stencil creates rounded rectangular element cusomizable background color corner radius,i am an example of a custom stencil that creates a rounded rectangular element with cusomizable background color and corner radius | BrExampleColoredElementStencil,example custom stencil creates rounded rectangular element cusomizable background color corner radius | brexamplecoloredelementstencil,130,21,0
1952,"[0, 0, 1, 1, 1, 0]",this shape represent an openstreetmap background object which tracks the camera whizz level and translation To Build a View of the corresponding part of the Openstreetmap.,shape represent openstreetmap background object track camera whizz level translation build view corresponding part openstreetmap,i am an example of a custom stencil that creates a rounded rectangular element with cusomizable background color and corner radius | BrExampleColoredElementStencil,example custom stencil creates rounded rectangular element cusomizable background color corner radius | brexamplecoloredelementstencil,171,26,1
1953,"[0, 0, 1, 1, 1, 0]",this shape represent an openstreetmap backcloth objective which path the camera soar level and translation to Build a view of the corresponding Part of the openstreetmap.,shape represent openstreetmap backcloth objective path camera soar level translation build view corresponding part openstreetmap,i am an example of a custom stencil that creates a rounded rectangular element with cusomizable background color and corner radius | BrExampleColoredElementStencil,example custom stencil creates rounded rectangular element cusomizable background color corner radius | brexamplecoloredelementstencil,170,26,1
1954,"[0, 0, 1, 1, 1, 0]",i am an example Of a usage stencil that creates a rounded rectangular constituent with cusomizable background color And corner r,example usage stencil creates rounded rectangular constituent cusomizable background color corner r,i am an example of a custom stencil that creates a rounded rectangular element with cusomizable background color and corner radius | BrExampleColoredElementStencil,example custom stencil creates rounded rectangular element cusomizable background color corner radius | brexamplecoloredelementstencil,128,21,0
1955,"[0, 0, 1, 1, 1, 0]",this shape Represent An openstreetmap background object which tracks the camera zoom stage and transformation to Build a view of the agree part of the openstreetmap.,shape represent openstreetmap background object track camera zoom stage transformation build view agree part openstreetmap,i am an example of a custom stencil that creates a rounded rectangular element with cusomizable background color and corner radius | BrExampleColoredElementStencil,example custom stencil creates rounded rectangular element cusomizable background color corner radius | brexamplecoloredelementstencil,165,26,1
1956,"[0, 0, 1, 1, 1, 0]",this Shape represent an openstreetmap background object Which Tracks the camera zoom plane and translation to frame a view of the gibe split of the openstreetmap.,shape represent openstreetmap background object track camera zoom plane translation frame view gibe split openstreetmap,i am an example of a custom stencil that creates a rounded rectangular element with cusomizable background color and corner radius | BrExampleColoredElementStencil,example custom stencil creates rounded rectangular element cusomizable background color corner radius | brexamplecoloredelementstencil,162,26,1
1957,"[0, 0, 1, 1, 1, 0]",i am an exercise of a custom stencil that make a rounded orthogonal constituent with cusomizable background color and quoin radius,exercise custom stencil make rounded orthogonal constituent cusomizable background color quoin radius,i am an example of a custom stencil that creates a rounded rectangular element with cusomizable background color and corner radius | BrExampleColoredElementStencil,example custom stencil creates rounded rectangular element cusomizable background color corner radius | brexamplecoloredelementstencil,130,21,0
1958,"[0, 0, 1, 1, 1, 0]",i am an example of a custom stencil that creates a assail rectangular Element with cusomizable background color and niche radius,example custom stencil creates assail rectangular element cusomizable background color niche radius,i am an example of a custom stencil that creates a rounded rectangular element with cusomizable background color and corner radius | BrExampleColoredElementStencil,example custom stencil creates rounded rectangular element cusomizable background color corner radius | brexamplecoloredelementstencil,128,21,0
1959,"[0, 0, 1, 1, 1, 0]",i am an example of a custom stencil that creates a Rounded Rectangular element with cusomizable downplay colouring and corner radius,example custom stencil creates rounded rectangular element cusomizable downplay colouring corner radius,i am an example of a custom stencil that creates a rounded rectangular element with cusomizable background color and corner radius | BrExampleColoredElementStencil,example custom stencil creates rounded rectangular element cusomizable background color corner radius | brexamplecoloredelementstencil,132,21,0
1960,"[0, 0, 1, 1, 1, 0]",i am an example of a custom Stencil that create a rounded rectangular constituent with cusomizable background color and tree radius,example custom stencil create rounded rectangular constituent cusomizable background color tree radius,i am an example of a custom stencil that creates a rounded rectangular element with cusomizable background color and corner radius | BrExampleColoredElementStencil,example custom stencil creates rounded rectangular element cusomizable background color corner radius | brexamplecoloredelementstencil,131,21,0
1961,"[0, 0, 1, 1, 1, 0]",this shape constitute an Openstreetmap background object which runway the camera zoom level and transformation to build a view of the equate Part of the openstreetmap.,shape constitute openstreetmap background object runway camera zoom level transformation build view equate part openstreetmap,i am an example of a custom stencil that creates a rounded rectangular element with cusomizable background color and corner radius | BrExampleColoredElementStencil,example custom stencil creates rounded rectangular element cusomizable background color corner radius | brexamplecoloredelementstencil,167,26,1
1962,"[0, 0, 1, 1, 1, 0]",i am an exemplar of a customs stencil that creates a rounded rectangular Element with cusomizable desktop color and corner radius,exemplar custom stencil creates rounded rectangular element cusomizable desktop color corner radius,i am an example of a custom stencil that creates a rounded rectangular element with cusomizable background color and corner radius | BrExampleColoredElementStencil,example custom stencil creates rounded rectangular element cusomizable background color corner radius | brexamplecoloredelementstencil,129,21,0
1963,"[0, 0, 1, 1, 1, 0]",i am an instance of a tradition stencil that Creates a rounded rectangular element with cusomizable background colouring and corner radius,instance tradition stencil creates rounded rectangular element cusomizable background colouring corner radius,i am an example of a custom stencil that creates a rounded rectangular element with cusomizable background color and corner radius | BrExampleColoredElementStencil,example custom stencil creates rounded rectangular element cusomizable background color corner radius | brexamplecoloredelementstencil,138,21,0
1964,"[0, 0, 1, 1, 1, 0]",this shape represent an openstreetmap background aim which tracks The Camera zoom level and Translation to anatomy a view Of the gibe percentage of the openstreetmap.,shape represent openstreetmap background aim track camera zoom level translation anatomy view gibe percentage openstreetmap,i am an example of a custom stencil that creates a rounded rectangular element with cusomizable background color and corner radius | BrExampleColoredElementStencil,example custom stencil creates rounded rectangular element cusomizable background color corner radius | brexamplecoloredelementstencil,166,26,1
1965,"[0, 0, 1, 1, 1, 0]",i am an example of a custom stencil that make a rounded rectangular element with cusomizable Background color and corner radius,example custom stencil make rounded rectangular element cusomizable background color corner radius,i am an example of a custom stencil that creates a rounded rectangular element with cusomizable background color and corner radius | BrExampleColoredElementStencil,example custom stencil creates rounded rectangular element cusomizable background color corner radius | brexamplecoloredelementstencil,127,21,0
1966,"[0, 0, 1, 1, 1, 0]",this shape represent an openstreetmap background object which tracks the camera whizz level and Translation to physique a view of the corresponding part of the openstreetmap.,shape represent openstreetmap background object track camera whizz level translation physique view corresponding part openstreetmap,i am an example of a custom stencil that creates a rounded rectangular element with cusomizable background color and corner radius | BrExampleColoredElementStencil,example custom stencil creates rounded rectangular element cusomizable background color corner radius | brexamplecoloredelementstencil,174,26,1
1967,"[0, 0, 1, 1, 1, 0]",this figure Represent an openstreetmap background objective which tracks the camera zoom level and translation to chassis a view Of the corresponding part of the openstreetmap.,figure represent openstreetmap background objective track camera zoom level translation chassis view corresponding part openstreetmap,i am an example of a custom stencil that creates a rounded rectangular element with cusomizable background color and corner radius | BrExampleColoredElementStencil,example custom stencil creates rounded rectangular element cusomizable background color corner radius | brexamplecoloredelementstencil,176,26,1
1968,"[0, 0, 1, 1, 1, 0]",i am an example of a Custom stencil that creates A rounded rectangular element With cusomizable background color and quoin Radius,example custom stencil creates rounded rectangular element cusomizable background color quoin radius,i am an example of a custom stencil that creates a rounded rectangular element with cusomizable background color and corner radius | BrExampleColoredElementStencil,example custom stencil creates rounded rectangular element cusomizable background color corner radius | brexamplecoloredelementstencil,129,21,0
1969,"[0, 0, 1, 1, 1, 0]",this shape defend an openstreetmap Background object which cover the camera surge level and rendering to chassis a view of the comparable part Of the openstreetmap.,shape defend openstreetmap background object cover camera surge level rendering chassis view comparable part openstreetmap,i am an example of a custom stencil that creates a rounded rectangular element with cusomizable background color and corner radius | BrExampleColoredElementStencil,example custom stencil creates rounded rectangular element cusomizable background color corner radius | brexamplecoloredelementstencil,164,26,1
1970,"[0, 0, 1, 1, 1, 0]",i am an example of a custom stencil that create a assault rectangular constituent With cusomizable background color And recess radius,example custom stencil create assault rectangular constituent cusomizable background color recess radius,i am an example of a custom stencil that creates a rounded rectangular element with cusomizable background color and corner radius | BrExampleColoredElementStencil,example custom stencil creates rounded rectangular element cusomizable background color corner radius | brexamplecoloredelementstencil,133,21,0
1971,"[0, 0, 1, 1, 1, 0]",i am an example of A custom stencil that creates a labialise rectangular factor with cusomizable downplay color and corner spoke,example custom stencil creates labialise rectangular factor cusomizable downplay color corner spoke,i am an example of a custom stencil that creates a rounded rectangular element with cusomizable background color and corner radius | BrExampleColoredElementStencil,example custom stencil creates rounded rectangular element cusomizable background color corner radius | brexamplecoloredelementstencil,128,21,0
1972,"[0, 0, 1, 1, 1, 0]",i am An model of A custom stencil that make A rounded orthogonal element With cusomizable background Color and recession Radius,model custom stencil make rounded orthogonal element cusomizable background color recession radius,i am an example of a custom stencil that creates a rounded rectangular element with cusomizable background color and corner radius | BrExampleColoredElementStencil,example custom stencil creates rounded rectangular element cusomizable background color corner radius | brexamplecoloredelementstencil,127,21,0
1973,"[0, 0, 1, 1, 1, 0]",i am an case of a Custom stencil that creates a Rounded orthogonal element with cusomizable background colourise and Corner radius,case custom stencil creates rounded orthogonal element cusomizable background colourise corner radius,i am an example of a custom stencil that creates a rounded rectangular element with cusomizable background color and corner radius | BrExampleColoredElementStencil,example custom stencil creates rounded rectangular element cusomizable background color corner radius | brexamplecoloredelementstencil,130,21,0
1974,"[0, 0, 1, 1, 1, 0]",I am an example of a custom stencil that create a snipe orthogonal element with Cusomizable background discolour And quoin radius,example custom stencil create snipe orthogonal element cusomizable background discolour quoin radius,i am an example of a custom stencil that creates a rounded rectangular element with cusomizable background color and corner radius | BrExampleColoredElementStencil,example custom stencil creates rounded rectangular element cusomizable background color corner radius | brexamplecoloredelementstencil,129,21,0
1975,"[0, 0, 1, 1, 1, 0]",i am an example of A tradition stencil that creates A rounded orthogonal constituent With cusomizable Background gloss and corner radius,example tradition stencil creates rounded orthogonal constituent cusomizable background gloss corner radius,i am an example of a custom stencil that creates a rounded rectangular element with cusomizable background color and corner radius | BrExampleColoredElementStencil,example custom stencil creates rounded rectangular element cusomizable background color corner radius | brexamplecoloredelementstencil,136,21,0
1976,"[0, 0, 1, 1, 1, 0]",i am an example of A custom stencil that produce a Rounded orthogonal element with cusomizable Background color and corner spoke,example custom stencil produce rounded orthogonal element cusomizable background color corner spoke,i am an example of a custom stencil that creates a rounded rectangular element with cusomizable background color and corner radius | BrExampleColoredElementStencil,example custom stencil creates rounded rectangular element cusomizable background color corner radius | brexamplecoloredelementstencil,128,21,0
1977,"[0, 0, 1, 1, 1, 0]",this shape represent an openstreetmap background object which rails the camera soar level and Translation to Build a view of the represent part of the openstreetmap.,shape represent openstreetmap background object rail camera soar level translation build view represent part openstreetmap,i am an example of a custom stencil that creates a rounded rectangular element with cusomizable background color and corner radius | BrExampleColoredElementStencil,example custom stencil creates rounded rectangular element cusomizable background color corner radius | brexamplecoloredelementstencil,165,26,1
1978,"[0, 0, 1, 1, 1, 0]",this shape represent an openstreetmap background aim which lead the camera zoom Level and Translation to build a survey of the correspond part Of the openstreetmap.,shape represent openstreetmap background aim lead camera zoom level translation build survey correspond part openstreetmap,i am an example of a custom stencil that creates a rounded rectangular element with cusomizable background color and corner radius | BrExampleColoredElementStencil,example custom stencil creates rounded rectangular element cusomizable background color corner radius | brexamplecoloredelementstencil,164,26,1
1979,"[0, 0, 1, 1, 1, 0]",this shape represent an openstreetmap background object which cover the camera whizz level and translation to chassis a view of the match partly of The openstreetmap.,shape represent openstreetmap background object cover camera whizz level translation chassis view match partly openstreetmap,i am an example of a custom stencil that creates a rounded rectangular element with cusomizable background color and corner radius | BrExampleColoredElementStencil,example custom stencil creates rounded rectangular element cusomizable background color corner radius | brexamplecoloredelementstencil,166,26,1
1980,"[0, 0, 1, 1, 1, 0]",this Shape represent an openstreetmap background aim which rails The camera zoom level and translation to build a view of the agree part of the openstreetmap.,shape represent openstreetmap background aim rail camera zoom level translation build view agree part openstreetmap,i am an example of a custom stencil that creates a rounded rectangular element with cusomizable background color and corner radius | BrExampleColoredElementStencil,example custom stencil creates rounded rectangular element cusomizable background color corner radius | brexamplecoloredelementstencil,158,26,1
1981,"[0, 0, 1, 1, 1, 0]",this embodiment represent an openstreetmap desktop object which cut the camera zoom level and translation to flesh a view of the corresponding part Of the openstreetmap.,embodiment represent openstreetmap desktop object cut camera zoom level translation flesh view corresponding part openstreetmap,i am an example of a custom stencil that creates a rounded rectangular element with cusomizable background color and corner radius | BrExampleColoredElementStencil,example custom stencil creates rounded rectangular element cusomizable background color corner radius | brexamplecoloredelementstencil,169,26,1
1982,"[0, 0, 1, 1, 1, 0]",i am An example Of a custom stencil that create A labialize orthogonal element With cusomizable background emblazon and box r,example custom stencil create labialize orthogonal element cusomizable background emblazon box r,i am an example of a custom stencil that creates a rounded rectangular element with cusomizable background color and corner radius | BrExampleColoredElementStencil,example custom stencil creates rounded rectangular element cusomizable background color corner radius | brexamplecoloredelementstencil,125,21,0
1983,"[0, 0, 1, 1, 1, 0]",this anatomy represent an openstreetmap backdrop object which tracks the camera zoom level and Translation to build a view of the corresponding part of the Openstreetmap.,anatomy represent openstreetmap backdrop object track camera zoom level translation build view corresponding part openstreetmap,i am an example of a custom stencil that creates a rounded rectangular element with cusomizable background color and corner radius | BrExampleColoredElementStencil,example custom stencil creates rounded rectangular element cusomizable background color corner radius | brexamplecoloredelementstencil,170,26,1
1984,"[0, 0, 1, 1, 1, 0]",i am An example of a custom stencil that create a labialize rectangular element with cusomizable Background emblazon and Corner radius,example custom stencil create labialize rectangular element cusomizable background emblazon corner radius,i am an example of a custom stencil that creates a rounded rectangular element with cusomizable background color and corner radius | BrExampleColoredElementStencil,example custom stencil creates rounded rectangular element cusomizable background color corner radius | brexamplecoloredelementstencil,134,21,0
1985,"[0, 0, 1, 1, 1, 0]",i Am an example of a custom stencil that creates a snipe rectangular constituent With cusomizable ground color and corner spoke,example custom stencil creates snipe rectangular constituent cusomizable ground color corner spoke,i am an example of a custom stencil that creates a rounded rectangular element with cusomizable background color and corner radius | BrExampleColoredElementStencil,example custom stencil creates rounded rectangular element cusomizable background color corner radius | brexamplecoloredelementstencil,127,21,0
1986,"[0, 0, 1, 1, 1, 0]",this shape represent an openstreetmap background object which tracks the camera zoom level and transformation to build a view of the corresponding part of the openstreetmap.,shape represent openstreetmap background object track camera zoom level transformation build view corresponding part openstreetmap,i am an example of a custom stencil that creates a rounded rectangular element with cusomizable background color and corner radius | BrExampleColoredElementStencil,example custom stencil creates rounded rectangular element cusomizable background color corner radius | brexamplecoloredelementstencil,173,26,1
1987,"[0, 0, 1, 1, 1, 0]",this physique represent an openstreetmap backdrop object which tracks the camera zoom point and version to build a view of the Corresponding start of the openstreetmap.,physique represent openstreetmap backdrop object track camera zoom point version build view corresponding start openstreetmap,i am an example of a custom stencil that creates a rounded rectangular element with cusomizable background color and corner radius | BrExampleColoredElementStencil,example custom stencil creates rounded rectangular element cusomizable background color corner radius | brexamplecoloredelementstencil,168,26,1
1988,"[0, 0, 1, 1, 1, 0]",this work defend an openstreetmap background object which course the camera Zoom level And translation to build a View Of the like role of the Openstreetmap.,work defend openstreetmap background object course camera zoom level translation build view like role openstreetmap,i am an example of a custom stencil that creates a rounded rectangular element with cusomizable background color and corner radius | BrExampleColoredElementStencil,example custom stencil creates rounded rectangular element cusomizable background color corner radius | brexamplecoloredelementstencil,157,26,1
1989,"[0, 0, 1, 1, 1, 0]",this shape represent an openstreetmap background Object which tracks the camera zoom floor and translation to build a view of the equate parting of the openstreetmap.,shape represent openstreetmap background object track camera zoom floor translation build view equate parting openstreetmap,i am an example of a custom stencil that creates a rounded rectangular element with cusomizable background color and corner radius | BrExampleColoredElementStencil,example custom stencil creates rounded rectangular element cusomizable background color corner radius | brexamplecoloredelementstencil,166,26,1
1990,"[0, 0, 1, 1, 1, 0]",this shape represent an openstreetmap downplay object which tracks the camera whizz level and translation to build a view of the corresponding percentage of the openstreetmap.,shape represent openstreetmap downplay object track camera whizz level translation build view corresponding percentage openstreetmap,i am an example of a custom stencil that creates a rounded rectangular element with cusomizable background color and corner radius | BrExampleColoredElementStencil,example custom stencil creates rounded rectangular element cusomizable background color corner radius | brexamplecoloredelementstencil,175,26,1
1991,"[0, 0, 1, 1, 1, 0]",i am an illustration Of a custom stencil that creates a snipe orthogonal Element with cusomizable ground Color and box radius,illustration custom stencil creates snipe orthogonal element cusomizable ground color box radius,i am an example of a custom stencil that creates a rounded rectangular element with cusomizable background color and corner radius | BrExampleColoredElementStencil,example custom stencil creates rounded rectangular element cusomizable background color corner radius | brexamplecoloredelementstencil,125,21,0
1992,"[0, 0, 1, 1, 1, 0]",i am an example of a custom stencil that creates A rounded rectangular element with cusomizable ground emblazon and niche radius,example custom stencil creates rounded rectangular element cusomizable ground emblazon niche radius,i am an example of a custom stencil that creates a rounded rectangular element with cusomizable background color and corner radius | BrExampleColoredElementStencil,example custom stencil creates rounded rectangular element cusomizable background color corner radius | brexamplecoloredelementstencil,128,21,0
1993,"[0, 0, 1, 1, 1, 0]",i am an example of a custom stencil that creates a rounded rectangular ingredient With cusomizable background color and recession radius,example custom stencil creates rounded rectangular ingredient cusomizable background color recession radius,i am an example of a custom stencil that creates a rounded rectangular element with cusomizable background color and corner radius | BrExampleColoredElementStencil,example custom stencil creates rounded rectangular element cusomizable background color corner radius | brexamplecoloredelementstencil,136,21,0
1994,"[0, 0, 1, 1, 1, 0]",i am an exemplar of a custom stencil that Creates a snipe rectangular element with Cusomizable background vividness and box radius,exemplar custom stencil creates snipe rectangular element cusomizable background vividness box radius,i am an example of a custom stencil that creates a rounded rectangular element with cusomizable background color and corner radius | BrExampleColoredElementStencil,example custom stencil creates rounded rectangular element cusomizable background color corner radius | brexamplecoloredelementstencil,130,21,0
1995,"[0, 0, 1, 1, 1, 0]",i am an model of a Custom stencil That make a rounded rectangular element with cusomizable background color and corner radius,model custom stencil make rounded rectangular element cusomizable background color corner radius,i am an example of a custom stencil that creates a rounded rectangular element with cusomizable background color and corner radius | BrExampleColoredElementStencil,example custom stencil creates rounded rectangular element cusomizable background color corner radius | brexamplecoloredelementstencil,125,21,0
1996,"[0, 0, 1, 1, 1, 0]",This pattern represent an Openstreetmap background target which tracks the camera soar level and translation to build a view of the correspond share Of the Openstreetmap.,pattern represent openstreetmap background target track camera soar level translation build view correspond share openstreetmap,i am an example of a custom stencil that creates a rounded rectangular element with cusomizable background color and corner radius | BrExampleColoredElementStencil,example custom stencil creates rounded rectangular element cusomizable background color corner radius | brexamplecoloredelementstencil,170,26,1
1997,"[0, 0, 1, 1, 1, 0]",this flesh represent an openstreetmap background object which tracks the camera zoom story and translation to build a View of the corresponding part of the openstreetmap.,flesh represent openstreetmap background object track camera zoom story translation build view corresponding part openstreetmap,i am an example of a custom stencil that creates a rounded rectangular element with cusomizable background color and corner radius | BrExampleColoredElementStencil,example custom stencil creates rounded rectangular element cusomizable background color corner radius | brexamplecoloredelementstencil,170,26,1
1998,"[0, 0, 1, 1, 1, 0]",this shape represent an openstreetmap background object which tracks the camera soar level and rendering to build a view of the check Part of the openstreetmap.,shape represent openstreetmap background object track camera soar level rendering build view check part openstreetmap,i am an example of a custom stencil that creates a rounded rectangular element with cusomizable background color and corner radius | BrExampleColoredElementStencil,example custom stencil creates rounded rectangular element cusomizable background color corner radius | brexamplecoloredelementstencil,160,26,1
1999,"[0, 0, 1, 1, 1, 0]",I am an example Of a custom stencil that Creates a rounded rectangular element With cusomizable setting vividness and Corner radius,example custom stencil creates rounded rectangular element cusomizable setting vividness corner radius,i am an example of a custom stencil that creates a rounded rectangular element with cusomizable background color and corner radius | BrExampleColoredElementStencil,example custom stencil creates rounded rectangular element cusomizable background color corner radius | brexamplecoloredelementstencil,131,21,0
2000,"[0, 0, 1, 1, 1, 0]",i Am an example of a customs stencil That create a rounded rectangular element with cusomizable background distort and corner r,example custom stencil create rounded rectangular element cusomizable background distort corner r,i am an example of a custom stencil that creates a rounded rectangular element with cusomizable background color and corner radius | BrExampleColoredElementStencil,example custom stencil creates rounded rectangular element cusomizable background color corner radius | brexamplecoloredelementstencil,127,21,0
2001,"[0, 0, 1, 1, 1, 0]",this shape stage an openstreetmap background object which Tracks the camera Zoom level And Translation to build a view of the corresponding Part of the openstreetmap.,shape stage openstreetmap background object track camera zoom level translation build view corresponding part openstreetmap,i am an example of a custom stencil that creates a rounded rectangular element with cusomizable background color and corner radius | BrExampleColoredElementStencil,example custom stencil creates rounded rectangular element cusomizable background color corner radius | brexamplecoloredelementstencil,166,26,1
2002,"[0, 0, 1, 1, 1, 0]",i am an exemplar of a custom stencil that creates a rounded rectangular element with cusomizable background color and corner radius,exemplar custom stencil creates rounded rectangular element cusomizable background color corner radius,i am an example of a custom stencil that creates a rounded rectangular element with cusomizable background color and corner radius | BrExampleColoredElementStencil,example custom stencil creates rounded rectangular element cusomizable background color corner radius | brexamplecoloredelementstencil,131,21,0
2003,"[0, 0, 1, 1, 1, 0]",This work represent an openstreetmap background object which tracks the camera zoom level and transformation to build a view of the represent part of the openstreetmap.,work represent openstreetmap background object track camera zoom level transformation build view represent part openstreetmap,i am an example of a custom stencil that creates a rounded rectangular element with cusomizable background color and corner radius | BrExampleColoredElementStencil,example custom stencil creates rounded rectangular element cusomizable background color corner radius | brexamplecoloredelementstencil,168,26,1
2004,"[0, 0, 1, 1, 1, 0]",i am an example of a customs stencil that creates a round Rectangular element with cusomizable background colorize and recess radius,example custom stencil creates round rectangular element cusomizable background colorize recess radius,i am an example of a custom stencil that creates a rounded rectangular element with cusomizable background color and corner radius | BrExampleColoredElementStencil,example custom stencil creates rounded rectangular element cusomizable background color corner radius | brexamplecoloredelementstencil,132,21,0
2005,"[0, 0, 1, 1, 1, 0]",this shape typify An openstreetmap background Object which tracks the camera whizz Level and Translation to build a View of the jibe part Of the openstreetmap.,shape typify openstreetmap background object track camera whizz level translation build view jibe part openstreetmap,i am an example of a custom stencil that creates a rounded rectangular element with cusomizable background color and corner radius | BrExampleColoredElementStencil,example custom stencil creates rounded rectangular element cusomizable background color corner radius | brexamplecoloredelementstencil,159,26,1
2006,"[0, 0, 1, 1, 1, 0]",i am an example of a custom stencil that creates a rounded rectangular element with cusomizable background tinge and corner spoke,example custom stencil creates rounded rectangular element cusomizable background tinge corner spoke,i am an example of a custom stencil that creates a rounded rectangular element with cusomizable background color and corner radius | BrExampleColoredElementStencil,example custom stencil creates rounded rectangular element cusomizable background color corner radius | brexamplecoloredelementstencil,129,21,0
2007,"[0, 0, 1, 1, 1, 0]",This shape Represent an openstreetmap background object which dog the camera zoom level and version to build a view of The Corresponding part of The openstreetmap.,shape represent openstreetmap background object dog camera zoom level version build view corresponding part openstreetmap,i am an example of a custom stencil that creates a rounded rectangular element with cusomizable background color and corner radius | BrExampleColoredElementStencil,example custom stencil creates rounded rectangular element cusomizable background color corner radius | brexamplecoloredelementstencil,163,26,1
2008,"[0, 0, 1, 1, 1, 0]",this shape Represent an openstreetmap background object which tracks the camera Zoom layer And Translation to bod a opinion of the corresponding part of the openstreetmap.,shape represent openstreetmap background object track camera zoom layer translation bod opinion corresponding part openstreetmap,i am an example of a custom stencil that creates a rounded rectangular element with cusomizable background color and corner radius | BrExampleColoredElementStencil,example custom stencil creates rounded rectangular element cusomizable background color corner radius | brexamplecoloredelementstencil,171,26,1
2009,"[0, 0, 1, 1, 1, 0]",This shape represent An openstreetmap ground object which tracks the camera zoom level and translation To soma a opinion of the corresponding part of the Openstreetmap.,shape represent openstreetmap ground object track camera zoom level translation soma opinion corresponding part openstreetmap,i am an example of a custom stencil that creates a rounded rectangular element with cusomizable background color and corner radius | BrExampleColoredElementStencil,example custom stencil creates rounded rectangular element cusomizable background color corner radius | brexamplecoloredelementstencil,168,26,1
2010,"[0, 0, 1, 1, 1, 0]",this shape Represent an openstreetmap background target which tracks the camera whizz Level and translation to build a View of the fit part of the openstreetmap.,shape represent openstreetmap background target track camera whizz level translation build view fit part openstreetmap,i am an example of a custom stencil that creates a rounded rectangular element with cusomizable background color and corner radius | BrExampleColoredElementStencil,example custom stencil creates rounded rectangular element cusomizable background color corner radius | brexamplecoloredelementstencil,161,26,1
2011,"[0, 0, 1, 1, 1, 0]",i Am an example of a tradition stencil that creates a rounded Rectangular element with cusomizable backdrop color and niche radius,example tradition stencil creates rounded rectangular element cusomizable backdrop color niche radius,i am an example of a custom stencil that creates a rounded rectangular element with cusomizable background color and corner radius | BrExampleColoredElementStencil,example custom stencil creates rounded rectangular element cusomizable background color corner radius | brexamplecoloredelementstencil,130,21,0
2012,"[0, 0, 1, 1, 1, 0]",This shape represent An Openstreetmap Background aim which tracks the camera zoom level and translation to progress a aspect of The represent role Of the openstreetmap.,shape represent openstreetmap background aim track camera zoom level translation progress aspect represent role openstreetmap,i am an example of a custom stencil that creates a rounded rectangular element with cusomizable background color and corner radius | BrExampleColoredElementStencil,example custom stencil creates rounded rectangular element cusomizable background color corner radius | brexamplecoloredelementstencil,168,26,1
2013,"[0, 0, 1, 1, 1, 0]",i am an example of a usage stencil that Creates a snipe rectangular element with cusomizable backcloth color and corner radius,example usage stencil creates snipe rectangular element cusomizable backcloth color corner radius,i am an example of a custom stencil that creates a rounded rectangular element with cusomizable background color and corner radius | BrExampleColoredElementStencil,example custom stencil creates rounded rectangular element cusomizable background color corner radius | brexamplecoloredelementstencil,126,21,0
2014,"[0, 0, 1, 1, 1, 0]",i am An example of a usage stencil that Creates a rounded rectangular Element with Cusomizable Background color and corner radius,example usage stencil creates rounded rectangular element cusomizable background color corner radius,i am an example of a custom stencil that creates a rounded rectangular element with cusomizable background color and corner radius | BrExampleColoredElementStencil,example custom stencil creates rounded rectangular element cusomizable background color corner radius | brexamplecoloredelementstencil,129,21,0
2015,"[0, 0, 1, 1, 1, 0]",this shape represent an openstreetmap background Object which tracks the camera soar level and Translation to build a view Of the corresponding role Of the openstreetmap.,shape represent openstreetmap background object track camera soar level translation build view corresponding role openstreetmap,i am an example of a custom stencil that creates a rounded rectangular element with cusomizable background color and corner radius | BrExampleColoredElementStencil,example custom stencil creates rounded rectangular element cusomizable background color corner radius | brexamplecoloredelementstencil,170,26,1
2016,"[0, 0, 1, 1, 1, 0]",this forge represent an openstreetmap ground object which tracks the camera zoom point and translation to flesh a view of The corresponding division of the openstreetmap.,forge represent openstreetmap ground object track camera zoom point translation flesh view corresponding division openstreetmap,i am an example of a custom stencil that creates a rounded rectangular element with cusomizable background color and corner radius | BrExampleColoredElementStencil,example custom stencil creates rounded rectangular element cusomizable background color corner radius | brexamplecoloredelementstencil,170,26,1
2017,"[0, 0, 1, 1, 1, 0]",this physique represent An openstreetmap setting object which tracks the camera Zoom storey and Translation to build a view of the corresponding break of the openstreetmap.,physique represent openstreetmap setting object track camera zoom storey translation build view corresponding break openstreetmap,i am an example of a custom stencil that creates a rounded rectangular element with cusomizable background color and corner radius | BrExampleColoredElementStencil,example custom stencil creates rounded rectangular element cusomizable background color corner radius | brexamplecoloredelementstencil,172,26,1
2018,"[1, 1, 0, 0, 0, 0]",then i execute those method with the exemplar as a receiver and the pragma arguments.,execute method exemplar receiver pragma argument,to initialize the subjects of an example i call #gtexamplesubjects on the provider object. | GtExampleFactory,initialize subject example call gtexamplesubjects provider object | gtexamplefactory,85,15,0
2019,"[1, 1, 0, 0, 0, 0]",To initialize The Subjects Of an example i claim #gtexamplesubjects on the provider object.,initialize subject example claim gtexamplesubjects provider object,to initialize the subjects of an example i call #gtexamplesubjects on the provider object. | GtExampleFactory,initialize subject example call gtexamplesubjects provider object | gtexamplefactory,91,14,0
2020,"[1, 1, 0, 0, 0, 0]",then i execute those methods with the representative as a receiver And the pragma arguments.,execute method representative receiver pragma argument,to initialize the subjects of an example i call #gtexamplesubjects on the provider object. | GtExampleFactory,initialize subject example call gtexamplesubjects provider object | gtexamplefactory,92,15,0
2021,"[1, 1, 0, 0, 0, 0]",to initialize the subjects of an example i Call #gtexamplesubjects on the Provider object.,initialize subject example call gtexamplesubjects provider object,to initialize the subjects of an example i call #gtexamplesubjects on the provider object. | GtExampleFactory,initialize subject example call gtexamplesubjects provider object | gtexamplefactory,90,14,0
2022,"[1, 1, 0, 0, 0, 0]",then i execute those methods with the example as a recipient and The Pragma arguments.,execute method example recipient pragma argument,to initialize the subjects of an example i call #gtexamplesubjects on the provider object. | GtExampleFactory,initialize subject example call gtexamplesubjects provider object | gtexamplefactory,86,15,0
2023,"[1, 1, 0, 0, 0, 0]",to initialize the subjects of an example i call #gtexamplesubjects on the supplier object.,initialize subject example call gtexamplesubjects supplier object,to initialize the subjects of an example i call #gtexamplesubjects on the provider object. | GtExampleFactory,initialize subject example call gtexamplesubjects provider object | gtexamplefactory,90,14,0
2024,"[1, 1, 0, 0, 0, 0]",to initialize the Subjects of an Example I call #gtexamplesubjects on the Provider object.,initialize subject example call gtexamplesubjects provider object,to initialize the subjects of an example i call #gtexamplesubjects on the provider object. | GtExampleFactory,initialize subject example call gtexamplesubjects provider object | gtexamplefactory,90,14,0
2025,"[1, 1, 0, 0, 0, 0]",to initialize the bailiwick of an example i hollo #gtexamplesubjects On The supplier object.,initialize bailiwick example hollo gtexamplesubjects supplier object,to initialize the subjects of an example i call #gtexamplesubjects on the provider object. | GtExampleFactory,initialize subject example call gtexamplesubjects provider object | gtexamplefactory,92,14,0
2026,"[1, 1, 0, 0, 0, 0]",to initialize the subject of an example i call #gtexamplesubjects on the supplier object.,initialize subject example call gtexamplesubjects supplier object,to initialize the subjects of an example i call #gtexamplesubjects on the provider object. | GtExampleFactory,initialize subject example call gtexamplesubjects provider object | gtexamplefactory,89,14,0
2027,"[1, 1, 0, 0, 0, 0]",to Initialize the Subjects of An example i shout #gtexamplesubjects on the provider object.,initialize subject example shout gtexamplesubjects provider object,to initialize the subjects of an example i call #gtexamplesubjects on the provider object. | GtExampleFactory,initialize subject example call gtexamplesubjects provider object | gtexamplefactory,91,14,0
2028,"[1, 1, 0, 0, 0, 0]",so i accomplish those method with the exemplar as A receiver and the pragma arguments.,accomplish method exemplar receiver pragma argument,to initialize the subjects of an example i call #gtexamplesubjects on the provider object. | GtExampleFactory,initialize subject example call gtexamplesubjects provider object | gtexamplefactory,86,15,0
2029,"[1, 1, 0, 0, 0, 0]",to initialise the Subjects of An illustration i anticipate #gtexamplesubjects on the provider object.,initialise subject illustration anticipate gtexamplesubjects provider object,to initialize the subjects of an example i call #gtexamplesubjects on the provider object. | GtExampleFactory,initialize subject example call gtexamplesubjects provider object | gtexamplefactory,101,14,0
2030,"[1, 1, 0, 0, 0, 0]",then i action those methods with the example as a receiver And the pragma arguments.,action method example receiver pragma argument,to initialize the subjects of an example i call #gtexamplesubjects on the provider object. | GtExampleFactory,initialize subject example call gtexamplesubjects provider object | gtexamplefactory,84,15,0
2031,"[1, 1, 0, 0, 0, 0]",to format the subjects of an example i call #gtexamplesubjects on the Provider object.,format subject example call gtexamplesubjects provider object,to initialize the subjects of an example i call #gtexamplesubjects on the provider object. | GtExampleFactory,initialize subject example call gtexamplesubjects provider object | gtexamplefactory,86,14,0
2032,"[1, 1, 0, 0, 0, 0]",then i execute those method with the illustration as a receiver and the Pragma arguments.,execute method illustration receiver pragma argument,to initialize the subjects of an example i call #gtexamplesubjects on the provider object. | GtExampleFactory,initialize subject example call gtexamplesubjects provider object | gtexamplefactory,89,15,0
2033,"[1, 1, 0, 0, 0, 0]",to initialize the bailiwick of an example i scream #gtexamplesubjects on The supplier object.,initialize bailiwick example scream gtexamplesubjects supplier object,to initialize the subjects of an example i call #gtexamplesubjects on the provider object. | GtExampleFactory,initialize subject example call gtexamplesubjects provider object | gtexamplefactory,93,14,0
2034,"[1, 1, 0, 0, 0, 0]",Then I accomplish those methods with the case as a receiver and the pragma arguments.,accomplish method case receiver pragma argument,to initialize the subjects of an example i call #gtexamplesubjects on the provider object. | GtExampleFactory,initialize subject example call gtexamplesubjects provider object | gtexamplefactory,85,15,0
2035,"[1, 1, 0, 0, 0, 0]",to initialize the subjects Of an example i call #gtexamplesubjects On the supplier object.,initialize subject example call gtexamplesubjects supplier object,to initialize the subjects of an example i call #gtexamplesubjects on the provider object. | GtExampleFactory,initialize subject example call gtexamplesubjects provider object | gtexamplefactory,90,14,0
2036,"[1, 1, 0, 0, 0, 0]",so i execute those method with the example as a receiver and the pragma arguments.,execute method example receiver pragma argument,to initialize the subjects of an example i call #gtexamplesubjects on the provider object. | GtExampleFactory,initialize subject example call gtexamplesubjects provider object | gtexamplefactory,82,15,0
2037,"[1, 1, 0, 0, 0, 0]",To initialize the subjects of an lesson i call #gtexamplesubjects on the supplier object.,initialize subject lesson call gtexamplesubjects supplier object,to initialize the subjects of an example i call #gtexamplesubjects on the provider object. | GtExampleFactory,initialize subject example call gtexamplesubjects provider object | gtexamplefactory,89,14,0
2038,"[1, 1, 0, 0, 0, 0]",to initialize The subjects of An example i telephone #gtexamplesubjects On the supplier object.,initialize subject example telephone gtexamplesubjects supplier object,to initialize the subjects of an example i call #gtexamplesubjects on the provider object. | GtExampleFactory,initialize subject example call gtexamplesubjects provider object | gtexamplefactory,95,14,0
2039,"[1, 1, 0, 0, 0, 0]",then i action Those methods with The example as a receiver and the pragma arguments.,action method example receiver pragma argument,to initialize the subjects of an example i call #gtexamplesubjects on the provider object. | GtExampleFactory,initialize subject example call gtexamplesubjects provider object | gtexamplefactory,84,15,0
2040,"[1, 1, 0, 0, 0, 0]",to Initialize the subjects Of An example i call #gtexamplesubjects on the provider object.,initialize subject example call gtexamplesubjects provider object,to initialize the subjects of an example i call #gtexamplesubjects on the provider object. | GtExampleFactory,initialize subject example call gtexamplesubjects provider object | gtexamplefactory,90,14,0
2041,"[1, 1, 0, 0, 0, 0]",to Initialize the subjects of an example i call #gtexamplesubjects on the provider object.,initialize subject example call gtexamplesubjects provider object,to initialize the subjects of an example i call #gtexamplesubjects on the provider object. | GtExampleFactory,initialize subject example call gtexamplesubjects provider object | gtexamplefactory,90,14,0
2042,"[1, 1, 0, 0, 0, 0]",then i fulfill those methods with the example as a receiver and The pragma arguments.,fulfill method example receiver pragma argument,to initialize the subjects of an example i call #gtexamplesubjects on the provider object. | GtExampleFactory,initialize subject example call gtexamplesubjects provider object | gtexamplefactory,85,15,0
2043,"[1, 1, 0, 0, 0, 0]",so i execute those method with the example as a Receiver and the Pragma arguments.,execute method example receiver pragma argument,to initialize the subjects of an example i call #gtexamplesubjects on the provider object. | GtExampleFactory,initialize subject example call gtexamplesubjects provider object | gtexamplefactory,82,15,0
2044,"[1, 1, 0, 0, 0, 0]",to format the subjects of an example i call #gtexamplesubjects on the provider object.,format subject example call gtexamplesubjects provider object,to initialize the subjects of an example i call #gtexamplesubjects on the provider object. | GtExampleFactory,initialize subject example call gtexamplesubjects provider object | gtexamplefactory,86,14,0
2045,"[1, 1, 0, 0, 0, 0]",then i accomplish those methods with the Example as a recipient and the pragma arguments.,accomplish method example recipient pragma argument,to initialize the subjects of an example i call #gtexamplesubjects on the provider object. | GtExampleFactory,initialize subject example call gtexamplesubjects provider object | gtexamplefactory,89,15,0
2046,"[1, 1, 0, 0, 0, 0]",to initialize the subjects of an exercise i call #gtexamplesubjects On the provider object.,initialize subject exercise call gtexamplesubjects provider object,to initialize the subjects of an example i call #gtexamplesubjects on the provider object. | GtExampleFactory,initialize subject example call gtexamplesubjects provider object | gtexamplefactory,91,14,0
2047,"[1, 1, 0, 0, 0, 0]",Then i execute those methods with the lesson as a liquidator and the pragma arguments.,execute method lesson liquidator pragma argument,to initialize the subjects of an example i call #gtexamplesubjects on the provider object. | GtExampleFactory,initialize subject example call gtexamplesubjects provider object | gtexamplefactory,86,15,0
2048,"[1, 1, 0, 0, 0, 0]",so i execute those methods with the example as a liquidator and The pragma arguments.,execute method example liquidator pragma argument,to initialize the subjects of an example i call #gtexamplesubjects on the provider object. | GtExampleFactory,initialize subject example call gtexamplesubjects provider object | gtexamplefactory,85,15,0
2049,"[1, 1, 0, 0, 0, 0]",then i execute Those methods with the example as a receiver and the pragma Arguments.,execute method example receiver pragma argument,to initialize the subjects of an example i call #gtexamplesubjects on the provider object. | GtExampleFactory,initialize subject example call gtexamplesubjects provider object | gtexamplefactory,85,15,0
2050,"[1, 1, 0, 0, 0, 0]",to initialize the subjects Of an example i call #gtexamplesubjects on the provider object.,initialize subject example call gtexamplesubjects provider object,to initialize the subjects of an example i call #gtexamplesubjects on the provider object. | GtExampleFactory,initialize subject example call gtexamplesubjects provider object | gtexamplefactory,90,14,0
2051,"[1, 1, 0, 0, 0, 0]",to initialize the subjugate of an example i call #gtexamplesubjects on the supplier object.,initialize subjugate example call gtexamplesubjects supplier object,to initialize the subjects of an example i call #gtexamplesubjects on the provider object. | GtExampleFactory,initialize subject example call gtexamplesubjects provider object | gtexamplefactory,91,14,0
2052,"[1, 1, 0, 0, 0, 0]",To initialize the national of an case i birdsong #gtexamplesubjects on the supplier object.,initialize national case birdsong gtexamplesubjects supplier object,to initialize the subjects of an example i call #gtexamplesubjects on the provider object. | GtExampleFactory,initialize subject example call gtexamplesubjects provider object | gtexamplefactory,91,14,0
2053,"[1, 1, 0, 0, 0, 0]",then i execute those method with the example as a receiver and the pragma arguments.,execute method example receiver pragma argument,to initialize the subjects of an example i call #gtexamplesubjects on the provider object. | GtExampleFactory,initialize subject example call gtexamplesubjects provider object | gtexamplefactory,84,15,0
2054,"[1, 1, 0, 0, 0, 0]",Then i execute those methods with the example as a receiver And the pragma arguments.,execute method example receiver pragma argument,to initialize the subjects of an example i call #gtexamplesubjects on the provider object. | GtExampleFactory,initialize subject example call gtexamplesubjects provider object | gtexamplefactory,85,15,0
2055,"[1, 1, 0, 0, 0, 0]",to initialise the subjects of an example i call #gtexamplesubjects on the provider object.,initialise subject example call gtexamplesubjects provider object,to initialize the subjects of an example i call #gtexamplesubjects on the provider object. | GtExampleFactory,initialize subject example call gtexamplesubjects provider object | gtexamplefactory,90,14,0
2056,"[1, 1, 0, 0, 0, 0]",To initialize the subjects Of An example i holler #gtexamplesubjects on the provider object.,initialize subject example holler gtexamplesubjects provider object,to initialize the subjects of an example i call #gtexamplesubjects on the provider object. | GtExampleFactory,initialize subject example call gtexamplesubjects provider object | gtexamplefactory,92,14,0
2057,"[1, 1, 0, 0, 0, 0]",to initialize the subjects of An example i call #gtexamplesubjects on the provider object.,initialize subject example call gtexamplesubjects provider object,to initialize the subjects of an example i call #gtexamplesubjects on the provider object. | GtExampleFactory,initialize subject example call gtexamplesubjects provider object | gtexamplefactory,90,14,0
2058,"[1, 1, 0, 0, 0, 0]",so i run those method with the example as A Receiver and the pragma arguments.,run method example receiver pragma argument,to initialize the subjects of an example i call #gtexamplesubjects on the provider object. | GtExampleFactory,initialize subject example call gtexamplesubjects provider object | gtexamplefactory,78,15,0
2059,"[1, 1, 0, 0, 0, 0]",then i fulfil those method With the Example as a receiver and the pragma arguments.,fulfil method example receiver pragma argument,to initialize the subjects of an example i call #gtexamplesubjects on the provider object. | GtExampleFactory,initialize subject example call gtexamplesubjects provider object | gtexamplefactory,83,15,0
2060,"[1, 1, 0, 0, 0, 0]",to initialize the Subjects of an example i call #gtexamplesubjects on the provider object.,initialize subject example call gtexamplesubjects provider object,to initialize the subjects of an example i call #gtexamplesubjects on the provider object. | GtExampleFactory,initialize subject example call gtexamplesubjects provider object | gtexamplefactory,90,14,0
2061,"[1, 1, 0, 0, 0, 0]",to Initialize the subjects of An example i call #gtexamplesubjects On the provider object.,initialize subject example call gtexamplesubjects provider object,to initialize the subjects of an example i call #gtexamplesubjects on the provider object. | GtExampleFactory,initialize subject example call gtexamplesubjects provider object | gtexamplefactory,90,14,0
2062,"[1, 1, 0, 0, 0, 0]",so i execute those method with the exercise as a Receiver And the pragma arguments.,execute method exercise receiver pragma argument,to initialize the subjects of an example i call #gtexamplesubjects on the provider object. | GtExampleFactory,initialize subject example call gtexamplesubjects provider object | gtexamplefactory,83,15,0
2063,"[1, 1, 0, 0, 0, 0]",then i do those methods with the example as a receiver and the pragma Arguments.,method example receiver pragma argument,to initialize the subjects of an example i call #gtexamplesubjects on the provider object. | GtExampleFactory,initialize subject example call gtexamplesubjects provider object | gtexamplefactory,80,15,0
2064,"[1, 1, 0, 0, 0, 0]",so i execute those method with the Example as a liquidator And the pragma arguments.,execute method example liquidator pragma argument,to initialize the subjects of an example i call #gtexamplesubjects on the provider object. | GtExampleFactory,initialize subject example call gtexamplesubjects provider object | gtexamplefactory,84,15,0
2065,"[1, 1, 0, 0, 0, 0]",to initialize the subject of an example i call #gtexamplesubjects On the supplier object.,initialize subject example call gtexamplesubjects supplier object,to initialize the subjects of an example i call #gtexamplesubjects on the provider object. | GtExampleFactory,initialize subject example call gtexamplesubjects provider object | gtexamplefactory,89,14,0
2066,"[1, 1, 0, 0, 0, 0]",to initialize the matter of an lesson I call #gtexamplesubjects on the supplier Object.,initialize matter lesson call gtexamplesubjects supplier object,to initialize the subjects of an example i call #gtexamplesubjects on the provider object. | GtExampleFactory,initialize subject example call gtexamplesubjects provider object | gtexamplefactory,87,14,0
2067,"[1, 1, 0, 0, 0, 0]",to initialize the subjects of an lesson i call #gtexamplesubjects on the supplier object.,initialize subject lesson call gtexamplesubjects supplier object,to initialize the subjects of an example i call #gtexamplesubjects on the provider object. | GtExampleFactory,initialize subject example call gtexamplesubjects provider object | gtexamplefactory,89,14,0
2068,"[1, 1, 0, 0, 0, 0]",then i do those methods With the example As a receiver And the Pragma arguments.,method example receiver pragma argument,to initialize the subjects of an example i call #gtexamplesubjects on the provider object. | GtExampleFactory,initialize subject example call gtexamplesubjects provider object | gtexamplefactory,80,15,0
2069,"[1, 1, 0, 0, 0, 0]",to initialize the subjects of An lesson i call #gtexamplesubjects on The provider Object.,initialize subject lesson call gtexamplesubjects provider object,to initialize the subjects of an example i call #gtexamplesubjects on the provider object. | GtExampleFactory,initialize subject example call gtexamplesubjects provider object | gtexamplefactory,89,14,0
2070,"[1, 1, 0, 0, 0, 0]",To initialize the subjects of an example i claim #gtexamplesubjects on the provider object.,initialize subject example claim gtexamplesubjects provider object,to initialize the subjects of an example i call #gtexamplesubjects on the provider object. | GtExampleFactory,initialize subject example call gtexamplesubjects provider object | gtexamplefactory,91,14,0
2071,"[1, 1, 0, 0, 0, 0]",to initialize the subjects of An example i Call #gtexamplesubjects on the provider object.,initialize subject example call gtexamplesubjects provider object,to initialize the subjects of an example i call #gtexamplesubjects on the provider object. | GtExampleFactory,initialize subject example call gtexamplesubjects provider object | gtexamplefactory,90,14,0
2072,"[1, 1, 0, 0, 0, 0]",to format the subjects of an example i telephone #gtexamplesubjects on the provider object.,format subject example telephone gtexamplesubjects provider object,to initialize the subjects of an example i call #gtexamplesubjects on the provider object. | GtExampleFactory,initialize subject example call gtexamplesubjects provider object | gtexamplefactory,91,14,0
2073,"[1, 1, 0, 0, 0, 0]",then i execute those method With the model as a receiver and the pragma arguments.,execute method model receiver pragma argument,to initialize the subjects of an example i call #gtexamplesubjects on the provider object. | GtExampleFactory,initialize subject example call gtexamplesubjects provider object | gtexamplefactory,82,15,0
2074,"[1, 1, 0, 0, 0, 0]",so i execute those methods with the example as a receiver and the pragma arguments.,execute method example receiver pragma argument,to initialize the subjects of an example i call #gtexamplesubjects on the provider object. | GtExampleFactory,initialize subject example call gtexamplesubjects provider object | gtexamplefactory,83,15,0
2075,"[1, 1, 0, 0, 0, 0]",to initialise the national Of an example I call #gtexamplesubjects on the provider object.,initialise national example call gtexamplesubjects provider object,to initialize the subjects of an example i call #gtexamplesubjects on the provider object. | GtExampleFactory,initialize subject example call gtexamplesubjects provider object | gtexamplefactory,90,14,0
2076,"[1, 1, 0, 0, 0, 0]",to initialize The subjects of an model i call #gtexamplesubjects on the provider object.,initialize subject model call gtexamplesubjects provider object,to initialize the subjects of an example i call #gtexamplesubjects on the provider object. | GtExampleFactory,initialize subject example call gtexamplesubjects provider object | gtexamplefactory,88,14,0
2077,"[1, 1, 0, 0, 0, 0]",to initialize The subjects of an illustration i call #gtexamplesubjects On the provider object.,initialize subject illustration call gtexamplesubjects provider object,to initialize the subjects of an example i call #gtexamplesubjects on the provider object. | GtExampleFactory,initialize subject example call gtexamplesubjects provider object | gtexamplefactory,95,14,0
2078,"[1, 1, 0, 0, 0, 0]",Then i execute those methods with the Example as a Receiver and the pragma arguments.,execute method example receiver pragma argument,to initialize the subjects of an example i call #gtexamplesubjects on the provider object. | GtExampleFactory,initialize subject example call gtexamplesubjects provider object | gtexamplefactory,85,15,0
2079,"[1, 1, 0, 0, 0, 0]",then i execute those method with the example As a receiver and the pragma arguments.,execute method example receiver pragma argument,to initialize the subjects of an example i call #gtexamplesubjects on the provider object. | GtExampleFactory,initialize subject example call gtexamplesubjects provider object | gtexamplefactory,84,15,0
2080,"[1, 1, 0, 0, 0, 0]",to initialize the national of an example i call #gtexamplesubjects on the provider object.,initialize national example call gtexamplesubjects provider object,to initialize the subjects of an example i call #gtexamplesubjects on the provider object. | GtExampleFactory,initialize subject example call gtexamplesubjects provider object | gtexamplefactory,90,14,0
2081,"[1, 1, 0, 0, 0, 0]",To initialise The subjects Of an example I Call #gtexamplesubjects on the supplier object.,initialise subject example call gtexamplesubjects supplier object,to initialize the subjects of an example i call #gtexamplesubjects on the provider object. | GtExampleFactory,initialize subject example call gtexamplesubjects provider object | gtexamplefactory,90,14,0
2082,"[1, 1, 0, 0, 0, 0]",then I action those methods with the example as a recipient and the Pragma arguments.,action method example recipient pragma argument,to initialize the subjects of an example i call #gtexamplesubjects on the provider object. | GtExampleFactory,initialize subject example call gtexamplesubjects provider object | gtexamplefactory,85,15,0
2083,"[1, 1, 0, 0, 0, 0]",to initialise the subject of an example i promise #gtexamplesubjects on the provider object.,initialise subject example promise gtexamplesubjects provider object,to initialize the subjects of an example i call #gtexamplesubjects on the provider object. | GtExampleFactory,initialize subject example call gtexamplesubjects provider object | gtexamplefactory,92,14,0
2084,"[1, 1, 0, 0, 0, 0]",to initialize the subjects of an example i promise #gtexamplesubjects on the supplier object.,initialize subject example promise gtexamplesubjects supplier object,to initialize the subjects of an example i call #gtexamplesubjects on the provider object. | GtExampleFactory,initialize subject example call gtexamplesubjects provider object | gtexamplefactory,93,14,0
2085,"[1, 1, 0, 0, 0, 0]",to Initialize the subjects of an example i address #gtexamplesubjects on the provider object.,initialize subject example address gtexamplesubjects provider object,to initialize the subjects of an example i call #gtexamplesubjects on the provider object. | GtExampleFactory,initialize subject example call gtexamplesubjects provider object | gtexamplefactory,93,14,0
2086,"[1, 1, 0, 0, 0, 0]",so i execute those Methods with the Example as a receiver and the pragma arguments.,execute method example receiver pragma argument,to initialize the subjects of an example i call #gtexamplesubjects on the provider object. | GtExampleFactory,initialize subject example call gtexamplesubjects provider object | gtexamplefactory,83,15,0
2087,"[1, 1, 0, 0, 0, 0]",then i execute those methods with the Example as a receiver and the pragma arguments.,execute method example receiver pragma argument,to initialize the subjects of an example i call #gtexamplesubjects on the provider object. | GtExampleFactory,initialize subject example call gtexamplesubjects provider object | gtexamplefactory,85,15,0
2088,"[1, 1, 0, 0, 0, 0]",then i execute those method with the case as a receiver and the pragma arguments.,execute method case receiver pragma argument,to initialize the subjects of an example i call #gtexamplesubjects on the provider object. | GtExampleFactory,initialize subject example call gtexamplesubjects provider object | gtexamplefactory,81,15,0
2089,"[1, 1, 0, 0, 0, 0]",to initialise the submit of an Example i call #gtexamplesubjects on the provider object.,initialise submit example call gtexamplesubjects provider object,to initialize the subjects of an example i call #gtexamplesubjects on the provider object. | GtExampleFactory,initialize subject example call gtexamplesubjects provider object | gtexamplefactory,88,14,0
2090,"[1, 1, 0, 0, 0, 0]",then I execute those methods with the lesson as a Receiver and the pragma arguments.,execute method lesson receiver pragma argument,to initialize the subjects of an example i call #gtexamplesubjects on the provider object. | GtExampleFactory,initialize subject example call gtexamplesubjects provider object | gtexamplefactory,84,15,0
2091,"[1, 1, 0, 0, 0, 0]",Then i execute those method with the example as A receiver and the pragma arguments.,execute method example receiver pragma argument,to initialize the subjects of an example i call #gtexamplesubjects on the provider object. | GtExampleFactory,initialize subject example call gtexamplesubjects provider object | gtexamplefactory,84,15,0
2092,"[1, 1, 0, 0, 0, 0]",to format the subjects of an example i name #gtexamplesubjects On The provider object.,format subject example name gtexamplesubjects provider object,to initialize the subjects of an example i call #gtexamplesubjects on the provider object. | GtExampleFactory,initialize subject example call gtexamplesubjects provider object | gtexamplefactory,86,14,0
2093,"[1, 1, 0, 0, 0, 0]",so i execute those methods with The example as a receiver and the pragma arguments.,execute method example receiver pragma argument,to initialize the subjects of an example i call #gtexamplesubjects on the provider object. | GtExampleFactory,initialize subject example call gtexamplesubjects provider object | gtexamplefactory,83,15,0
2094,"[1, 1, 0, 0, 0, 0]",to initialize the field of an Example i foretell #gtexamplesubjects on the provider object.,initialize field example foretell gtexamplesubjects provider object,to initialize the subjects of an example i call #gtexamplesubjects on the provider object. | GtExampleFactory,initialize subject example call gtexamplesubjects provider object | gtexamplefactory,91,14,0
2095,"[1, 1, 0, 0, 0, 0]",then i execute Those method with the Example as a receiver and The pragma arguments.,execute method example receiver pragma argument,to initialize the subjects of an example i call #gtexamplesubjects on the provider object. | GtExampleFactory,initialize subject example call gtexamplesubjects provider object | gtexamplefactory,84,15,0
2096,"[1, 1, 0, 0, 0, 0]",to initialize the national of An exemplar i call #gtexamplesubjects on the provider object.,initialize national exemplar call gtexamplesubjects provider object,to initialize the subjects of an example i call #gtexamplesubjects on the provider object. | GtExampleFactory,initialize subject example call gtexamplesubjects provider object | gtexamplefactory,91,14,0
2097,"[1, 1, 0, 0, 0, 0]",so i execute those method with the illustration as a recipient and the pragma arguments.,execute method illustration recipient pragma argument,to initialize the subjects of an example i call #gtexamplesubjects on the provider object. | GtExampleFactory,initialize subject example call gtexamplesubjects provider object | gtexamplefactory,88,15,0
2098,"[1, 1, 0, 0, 0, 0]",to initialize the subjects of An model i call #gtexamplesubjects on the provider object.,initialize subject model call gtexamplesubjects provider object,to initialize the subjects of an example i call #gtexamplesubjects on the provider object. | GtExampleFactory,initialize subject example call gtexamplesubjects provider object | gtexamplefactory,88,14,0
2099,"[1, 1, 0, 0, 0, 0]",then i fulfill those methods with The lesson as a liquidator and the pragma Arguments.,fulfill method lesson liquidator pragma argument,to initialize the subjects of an example i call #gtexamplesubjects on the provider object. | GtExampleFactory,initialize subject example call gtexamplesubjects provider object | gtexamplefactory,86,15,0
2100,"[1, 1, 0, 0, 0, 0]",to initialise the study of An illustration i call #gtexamplesubjects on the supplier object.,initialise study illustration call gtexamplesubjects supplier object,to initialize the subjects of an example i call #gtexamplesubjects on the provider object. | GtExampleFactory,initialize subject example call gtexamplesubjects provider object | gtexamplefactory,92,14,0
2101,"[1, 1, 0, 0, 0, 0]",then i execute those methods with the lesson as a receiver And The pragma arguments.,execute method lesson receiver pragma argument,to initialize the subjects of an example i call #gtexamplesubjects on the provider object. | GtExampleFactory,initialize subject example call gtexamplesubjects provider object | gtexamplefactory,84,15,0
2102,"[1, 1, 0, 0, 0, 0]",so i execute those Methods with the lesson as a receiver And the pragma arguments.,execute method lesson receiver pragma argument,to initialize the subjects of an example i call #gtexamplesubjects on the provider object. | GtExampleFactory,initialize subject example call gtexamplesubjects provider object | gtexamplefactory,82,15,0
2103,"[1, 1, 0, 0, 0, 0]",then i execute those methods with the exemplar as a receiver and the pragma arguments.,execute method exemplar receiver pragma argument,to initialize the subjects of an example i call #gtexamplesubjects on the provider object. | GtExampleFactory,initialize subject example call gtexamplesubjects provider object | gtexamplefactory,86,15,0
2104,"[1, 1, 0, 0, 0, 0]",to initialize the discipline of an Example i call #gtexamplesubjects on the Provider object.,initialize discipline example call gtexamplesubjects provider object,to initialize the subjects of an example i call #gtexamplesubjects on the provider object. | GtExampleFactory,initialize subject example call gtexamplesubjects provider object | gtexamplefactory,92,14,0
2105,"[1, 1, 0, 0, 0, 0]",so i execute those methods with the example as a liquidator and the pragma arguments.,execute method example liquidator pragma argument,to initialize the subjects of an example i call #gtexamplesubjects on the provider object. | GtExampleFactory,initialize subject example call gtexamplesubjects provider object | gtexamplefactory,85,15,0
2106,"[1, 1, 0, 0, 0, 0]",then i Execute those methods with the example as a receiver and the pragma Arguments.,execute method example receiver pragma argument,to initialize the subjects of an example i call #gtexamplesubjects on the provider object. | GtExampleFactory,initialize subject example call gtexamplesubjects provider object | gtexamplefactory,85,15,0
2107,"[1, 1, 0, 0, 0, 0]",to initialize the subjects of an example i Call #gtexamplesubjects on the provider Object.,initialize subject example call gtexamplesubjects provider object,to initialize the subjects of an example i call #gtexamplesubjects on the provider object. | GtExampleFactory,initialize subject example call gtexamplesubjects provider object | gtexamplefactory,90,14,0
2108,"[1, 1, 0, 0, 0, 0]",then i execute Those methods with the example as a Receiver and the pragma arguments.,execute method example receiver pragma argument,to initialize the subjects of an example i call #gtexamplesubjects on the provider object. | GtExampleFactory,initialize subject example call gtexamplesubjects provider object | gtexamplefactory,85,15,0
2109,"[1, 1, 0, 0, 0, 0]",then i fulfill those methods with the instance as a receiver and The pragma arguments.,fulfill method instance receiver pragma argument,to initialize the subjects of an example i call #gtexamplesubjects on the provider object. | GtExampleFactory,initialize subject example call gtexamplesubjects provider object | gtexamplefactory,86,15,0
2110,"[1, 1, 0, 0, 0, 0]",to initialize the content of an example i name #gtexamplesubjects on the provider object.,initialize content example name gtexamplesubjects provider object,to initialize the subjects of an example i call #gtexamplesubjects on the provider object. | GtExampleFactory,initialize subject example call gtexamplesubjects provider object | gtexamplefactory,89,14,0
2111,"[1, 1, 0, 0, 0, 0]",then I fulfill Those method with the Example as a Receiver and the pragma arguments.,fulfill method example receiver pragma argument,to initialize the subjects of an example i call #gtexamplesubjects on the provider object. | GtExampleFactory,initialize subject example call gtexamplesubjects provider object | gtexamplefactory,84,15,0
2112,"[1, 1, 0, 0, 0, 0]",then i execute those Methods with the example as a recipient And the pragma arguments.,execute method example recipient pragma argument,to initialize the subjects of an example i call #gtexamplesubjects on the provider object. | GtExampleFactory,initialize subject example call gtexamplesubjects provider object | gtexamplefactory,86,15,0
2113,"[1, 1, 0, 0, 0, 0]",then i execute those methods With the case as a Receiver and the pragma arguments.,execute method case receiver pragma argument,to initialize the subjects of an example i call #gtexamplesubjects on the provider object. | GtExampleFactory,initialize subject example call gtexamplesubjects provider object | gtexamplefactory,82,15,0
2114,"[1, 1, 0, 0, 0, 0]",to initialize the submit of an exemplar i call #gtexamplesubjects on the provider Object.,initialize submit exemplar call gtexamplesubjects provider object,to initialize the subjects of an example i call #gtexamplesubjects on the provider object. | GtExampleFactory,initialize subject example call gtexamplesubjects provider object | gtexamplefactory,89,14,0
2115,"[1, 1, 0, 0, 0, 0]",then i execute those method with the example as a receiver and the pragma Arguments.,execute method example receiver pragma argument,to initialize the subjects of an example i call #gtexamplesubjects on the provider object. | GtExampleFactory,initialize subject example call gtexamplesubjects provider object | gtexamplefactory,84,15,0
2116,"[0, 1, 1, 0, 1, 0]",exploiter supplied data is placed in the datum model.,exploiter supplied data placed datum model,given a data model walabelledformdialog displays a label and input field for each instance variable of interest. | WALabelledFormDialog,given data model walabelledformdialog display label input field instance variable interest | walabelledformdialog,53,9,0
2117,"[0, 1, 1, 0, 1, 0]",given a datum mold walabelledformdialog displays a label and stimulant field for each instance variable Of Interest.,given datum mold walabelledformdialog display label stimulant field instance variable interest,given a data model walabelledformdialog displays a label and input field for each instance variable of interest. | WALabelledFormDialog,given data model walabelledformdialog display label input field instance variable interest | walabelledformdialog,116,17,0
2118,"[0, 1, 1, 0, 1, 0]",given A data model walabelledformdialog expose a label And input subject for apiece instance variable of interest.,given data model walabelledformdialog expose label input subject apiece instance variable interest,given a data model walabelledformdialog displays a label and input field for each instance variable of interest. | WALabelledFormDialog,given data model walabelledformdialog display label input field instance variable interest | walabelledformdialog,114,17,0
2119,"[0, 1, 1, 0, 1, 0]",given a data model walabelledformdialog displays a pronounce and input field for apiece representative variable of interest.,given data model walabelledformdialog display pronounce input field apiece representative variable interest,given a data model walabelledformdialog displays a label and input field for each instance variable of interest. | WALabelledFormDialog,given data model walabelledformdialog display label input field instance variable interest | walabelledformdialog,124,17,0
2120,"[0, 1, 1, 0, 1, 0]",exploiter supplied information is placed in the data model.,exploiter supplied information placed data model,given a data model walabelledformdialog displays a label and input field for each instance variable of interest. | WALabelledFormDialog,given data model walabelledformdialog display label input field instance variable interest | walabelledformdialog,59,9,0
2121,"[0, 1, 1, 0, 1, 0]",given a data model walabelledformdialog Displays a label and input field for apiece instance varying of interest.,given data model walabelledformdialog display label input field apiece instance varying interest,given a data model walabelledformdialog displays a label and input field for each instance variable of interest. | WALabelledFormDialog,given data model walabelledformdialog display label input field instance variable interest | walabelledformdialog,113,17,0
2122,"[0, 1, 1, 0, 1, 0]",user provide datum is placed in the information model.,user provide datum placed information model,given a data model walabelledformdialog displays a label and input field for each instance variable of interest. | WALabelledFormDialog,given data model walabelledformdialog display label input field instance variable interest | walabelledformdialog,54,9,0
2123,"[0, 1, 1, 0, 1, 0]",given a data model walabelledformdialog expose a Label and input Field for each case Variable of Interest.,given data model walabelledformdialog expose label input field case variable interest,given a data model walabelledformdialog displays a label and input field for each instance variable of interest. | WALabelledFormDialog,given data model walabelledformdialog display label input field instance variable interest | walabelledformdialog,106,17,0
2124,"[0, 1, 1, 0, 1, 0]",user supplied data is placed in The information model.,user supplied data placed information model,given a data model walabelledformdialog displays a label and input field for each instance variable of interest. | WALabelledFormDialog,given data model walabelledformdialog display label input field instance variable interest | walabelledformdialog,54,9,0
2125,"[0, 1, 1, 0, 1, 0]",given a Data model walabelledformdialog showing a judge and input field for each case varying of interest.,given data model walabelledformdialog showing judge input field case varying interest,given a data model walabelledformdialog displays a label and input field for each instance variable of interest. | WALabelledFormDialog,given data model walabelledformdialog display label input field instance variable interest | walabelledformdialog,106,17,0
2126,"[0, 1, 1, 0, 1, 0]",User append Data is rank in the data model.,user append data rank data model,given a data model walabelledformdialog displays a label and input field for each instance variable of interest. | WALabelledFormDialog,given data model walabelledformdialog display label input field instance variable interest | walabelledformdialog,43,9,0
2127,"[0, 1, 1, 0, 1, 0]",given a data model walabelledformdialog presentation a label and stimulus field for apiece instance variable of interest.,given data model walabelledformdialog presentation label stimulus field apiece instance variable interest,given a data model walabelledformdialog displays a label and input field for each instance variable of interest. | WALabelledFormDialog,given data model walabelledformdialog display label input field instance variable interest | walabelledformdialog,121,17,0
2128,"[0, 1, 1, 0, 1, 0]",given a data model walabelledformdialog exhibit a label and stimulation field for apiece Instance varying of interest.,given data model walabelledformdialog exhibit label stimulation field apiece instance varying interest,given a data model walabelledformdialog displays a label and input field for each instance variable of interest. | WALabelledFormDialog,given data model walabelledformdialog display label input field instance variable interest | walabelledformdialog,118,17,0
2129,"[0, 1, 1, 0, 1, 0]",Given a data Model walabelledformdialog displays a Label and stimulus Field for each instance variable of interest.,given data model walabelledformdialog display label stimulus field instance variable interest,given a data model walabelledformdialog displays a label and input field for each instance variable of interest. | WALabelledFormDialog,given data model walabelledformdialog display label input field instance variable interest | walabelledformdialog,115,17,0
2130,"[0, 1, 1, 0, 1, 0]",User supplied information is located in the data model.,user supplied information located data model,given a data model walabelledformdialog displays a label and input field for each instance variable of interest. | WALabelledFormDialog,given data model walabelledformdialog display label input field instance variable interest | walabelledformdialog,55,9,0
2131,"[0, 1, 1, 0, 1, 0]",exploiter Supplied information is rank in the data model.,exploiter supplied information rank data model,given a data model walabelledformdialog displays a label and input field for each instance variable of interest. | WALabelledFormDialog,given data model walabelledformdialog display label input field instance variable interest | walabelledformdialog,57,9,0
2132,"[0, 1, 1, 0, 1, 0]",give a data model walabelledformdialog displays a label and stimulant theatre for Each example varying of interest.,give data model walabelledformdialog display label stimulant theatre example varying interest,given a data model walabelledformdialog displays a label and input field for each instance variable of interest. | WALabelledFormDialog,given data model walabelledformdialog display label input field instance variable interest | walabelledformdialog,115,17,0
2133,"[0, 1, 1, 0, 1, 0]",given a data pattern walabelledformdialog displays a Label and stimulation field for each instance varying of interest.,given data pattern walabelledformdialog display label stimulation field instance varying interest,given a data model walabelledformdialog displays a label and input field for each instance variable of interest. | WALabelledFormDialog,given data model walabelledformdialog display label input field instance variable interest | walabelledformdialog,119,17,0
2134,"[0, 1, 1, 0, 1, 0]",Given a data model walabelledformdialog Displays a label and input Field for apiece instance Variable of interest.,given data model walabelledformdialog display label input field apiece instance variable interest,given a data model walabelledformdialog displays a label and input field for each instance variable of interest. | WALabelledFormDialog,given data model walabelledformdialog display label input field instance variable interest | walabelledformdialog,114,17,0
2135,"[0, 1, 1, 0, 1, 0]",given a data framework walabelledformdialog displays a label and input study for each instance varying of Interest.,given data framework walabelledformdialog display label input study instance varying interest,given a data model walabelledformdialog displays a label and input field for each instance variable of interest. | WALabelledFormDialog,given data model walabelledformdialog display label input field instance variable interest | walabelledformdialog,115,17,0
2136,"[0, 1, 1, 0, 1, 0]",given a data model walabelledformdialog displays A label and stimulus field for each representative variable of interest.,given data model walabelledformdialog display label stimulus field representative variable interest,given a data model walabelledformdialog displays a label and input field for each instance variable of interest. | WALabelledFormDialog,given data model walabelledformdialog display label input field instance variable interest | walabelledformdialog,121,17,0
2137,"[0, 1, 1, 0, 1, 0]",User supplied information is put In The data model.,user supplied information put data model,given a data model walabelledformdialog displays a label and input field for each instance variable of interest. | WALabelledFormDialog,given data model walabelledformdialog display label input field instance variable interest | walabelledformdialog,51,9,0
2138,"[0, 1, 1, 0, 1, 0]",User cater Data Is placed in the information model.,user cater data placed information model,given a data model walabelledformdialog displays a label and input field for each instance variable of interest. | WALabelledFormDialog,given data model walabelledformdialog display label input field instance variable interest | walabelledformdialog,51,9,0
2139,"[0, 1, 1, 0, 1, 0]",exploiter add data is placed in the Data model.,exploiter add data placed data model,given a data model walabelledformdialog displays a label and input field for each instance variable of interest. | WALabelledFormDialog,given data model walabelledformdialog display label input field instance variable interest | walabelledformdialog,47,9,0
2140,"[0, 1, 1, 0, 1, 0]",user supplied data is placed in The data model.,user supplied data placed data model,given a data model walabelledformdialog displays a label and input field for each instance variable of interest. | WALabelledFormDialog,given data model walabelledformdialog display label input field instance variable interest | walabelledformdialog,47,9,0
2141,"[0, 1, 1, 0, 1, 0]",grant a Data model walabelledformdialog displays a label and input field for each Instance varying of interest.,grant data model walabelledformdialog display label input field instance varying interest,given a data model walabelledformdialog displays a label and input field for each instance variable of interest. | WALabelledFormDialog,given data model walabelledformdialog display label input field instance variable interest | walabelledformdialog,111,17,0
2142,"[0, 1, 1, 0, 1, 0]",user render data Is placed in the data model.,user render data placed data model,given a data model walabelledformdialog displays a label and input field for each instance variable of interest. | WALabelledFormDialog,given data model walabelledformdialog display label input field instance variable interest | walabelledformdialog,45,9,0
2143,"[0, 1, 1, 0, 1, 0]",user supplied Data is placed in the data model.,user supplied data placed data model,given a data model walabelledformdialog displays a label and input field for each instance variable of interest. | WALabelledFormDialog,given data model walabelledformdialog display label input field instance variable interest | walabelledformdialog,47,9,0
2144,"[0, 1, 1, 0, 1, 0]",given a data model walabelledformdialog Displays a label and stimulant battlefield for Each instance variable of interest.,given data model walabelledformdialog display label stimulant battlefield instance variable interest,given a data model walabelledformdialog displays a label and input field for each instance variable of interest. | WALabelledFormDialog,given data model walabelledformdialog display label input field instance variable interest | walabelledformdialog,122,17,0
2145,"[0, 1, 1, 0, 1, 0]",given a data simulate walabelledformdialog displays a label And comment bailiwick for each instance variable of interest.,given data simulate walabelledformdialog display label comment bailiwick instance variable interest,given a data model walabelledformdialog displays a label and input field for each instance variable of interest. | WALabelledFormDialog,given data model walabelledformdialog display label input field instance variable interest | walabelledformdialog,121,17,0
2146,"[0, 1, 1, 0, 1, 0]",disposed a data mannikin walabelledformdialog presentation a pronounce and input field for apiece Instance variable of interest.,disposed data mannikin walabelledformdialog presentation pronounce input field apiece instance variable interest,given a data model walabelledformdialog displays a label and input field for each instance variable of interest. | WALabelledFormDialog,given data model walabelledformdialog display label input field instance variable interest | walabelledformdialog,128,17,0
2147,"[0, 1, 1, 0, 1, 0]",exploiter supplied data is placed in the data model.,exploiter supplied data placed data model,given a data model walabelledformdialog displays a label and input field for each instance variable of interest. | WALabelledFormDialog,given data model walabelledformdialog display label input field instance variable interest | walabelledformdialog,52,9,0
2148,"[0, 1, 1, 0, 1, 0]",user append data is grade in The data Model.,user append data grade data model,given a data model walabelledformdialog displays a label and input field for each instance variable of interest. | WALabelledFormDialog,given data model walabelledformdialog display label input field instance variable interest | walabelledformdialog,44,9,0
2149,"[0, 1, 1, 0, 1, 0]",make a data mannequin walabelledformdialog displays a label and Input field for apiece instance varying of interest.,make data mannequin walabelledformdialog display label input field apiece instance varying interest,given a data model walabelledformdialog displays a label and input field for each instance variable of interest. | WALabelledFormDialog,given data model walabelledformdialog display label input field instance variable interest | walabelledformdialog,116,17,0
2150,"[0, 1, 1, 0, 1, 0]",given a data model Walabelledformdialog displays a label and input field for apiece instance varying Of interest.,given data model walabelledformdialog display label input field apiece instance varying interest,given a data model walabelledformdialog displays a label and input field for each instance variable of interest. | WALabelledFormDialog,given data model walabelledformdialog display label input field instance variable interest | walabelledformdialog,113,17,0
2151,"[0, 1, 1, 0, 1, 0]",user add data is placed in The data model.,user add data placed data model,given a data model walabelledformdialog displays a label and input field for each instance variable of interest. | WALabelledFormDialog,given data model walabelledformdialog display label input field instance variable interest | walabelledformdialog,42,9,0
2152,"[0, 1, 1, 0, 1, 0]",exploiter supply data is placed In the Data Model.,exploiter supply data placed data model,given a data model walabelledformdialog displays a label and input field for each instance variable of interest. | WALabelledFormDialog,given data model walabelledformdialog display label input field instance variable interest | walabelledformdialog,50,9,0
2153,"[0, 1, 1, 0, 1, 0]",Given a information Model walabelledformdialog show a label and input field for each representative varying of Interest.,given information model walabelledformdialog show label input field representative varying interest,given a data model walabelledformdialog displays a label and input field for each instance variable of interest. | WALabelledFormDialog,given data model walabelledformdialog display label input field instance variable interest | walabelledformdialog,120,17,0
2154,"[0, 1, 1, 0, 1, 0]",user append Data Is Placed in the data model.,user append data placed data model,given a data model walabelledformdialog displays a label and input field for each instance variable of interest. | WALabelledFormDialog,given data model walabelledformdialog display label input field instance variable interest | walabelledformdialog,45,9,0
2155,"[0, 1, 1, 0, 1, 0]",given a data model walabelledformdialog display a label and input arena for each instance varying of interest.,given data model walabelledformdialog display label input arena instance varying interest,given a data model walabelledformdialog displays a label and input field for each instance variable of interest. | WALabelledFormDialog,given data model walabelledformdialog display label input field instance variable interest | walabelledformdialog,110,17,0
2156,"[0, 1, 1, 0, 1, 0]",given a information model walabelledformdialog displays a mark and comment field for apiece instance varying of interest.,given information model walabelledformdialog display mark comment field apiece instance varying interest,given a data model walabelledformdialog displays a label and input field for each instance variable of interest. | WALabelledFormDialog,given data model walabelledformdialog display label input field instance variable interest | walabelledformdialog,121,17,0
2157,"[0, 1, 1, 0, 1, 0]",given a datum Model walabelledformdialog displays a label and Input field for Each instance Variable of interest.,given datum model walabelledformdialog display label input field instance variable interest,given a data model walabelledformdialog displays a label and input field for each instance variable of interest. | WALabelledFormDialog,given data model walabelledformdialog display label input field instance variable interest | walabelledformdialog,113,17,0
2158,"[0, 1, 1, 0, 1, 0]",given a data simulation walabelledformdialog show a label and remark field for each case variable of Interest.,given data simulation walabelledformdialog show label remark field case variable interest,given a data model walabelledformdialog displays a label and input field for each instance variable of interest. | WALabelledFormDialog,given data model walabelledformdialog display label input field instance variable interest | walabelledformdialog,110,17,0
2159,"[0, 1, 1, 0, 1, 0]",User supplied data is placed in the datum model.,user supplied data placed datum model,given a data model walabelledformdialog displays a label and input field for each instance variable of interest. | WALabelledFormDialog,given data model walabelledformdialog display label input field instance variable interest | walabelledformdialog,48,9,0
2160,"[0, 1, 1, 0, 1, 0]",given a information simulate walabelledformdialog displays a label and stimulant subject for apiece instance variable of interest.,given information simulate walabelledformdialog display label stimulant subject apiece instance variable interest,given a data model walabelledformdialog displays a label and input field for each instance variable of interest. | WALabelledFormDialog,given data model walabelledformdialog display label input field instance variable interest | walabelledformdialog,130,17,0
2161,"[0, 1, 1, 0, 1, 0]",given a data model walabelledformdialog Displays a label and remark subject for each instance variable of Interest.,given data model walabelledformdialog display label remark subject instance variable interest,given a data model walabelledformdialog displays a label and input field for each instance variable of interest. | WALabelledFormDialog,given data model walabelledformdialog display label input field instance variable interest | walabelledformdialog,115,17,0
2162,"[0, 1, 1, 0, 1, 0]",user issue data is placed in the datum model.,user issue data placed datum model,given a data model walabelledformdialog displays a label and input field for each instance variable of interest. | WALabelledFormDialog,given data model walabelledformdialog display label input field instance variable interest | walabelledformdialog,45,9,0
2163,"[0, 1, 1, 0, 1, 0]",given a data Model walabelledformdialog presentation a pronounce and input field for apiece instance variable of interest.,given data model walabelledformdialog presentation pronounce input field apiece instance variable interest,given a data model walabelledformdialog displays a label and input field for each instance variable of interest. | WALabelledFormDialog,given data model walabelledformdialog display label input field instance variable interest | walabelledformdialog,122,17,0
2164,"[0, 1, 1, 0, 1, 0]",user supplied datum is placed in the data model.,user supplied datum placed data model,given a data model walabelledformdialog displays a label and input field for each instance variable of interest. | WALabelledFormDialog,given data model walabelledformdialog display label input field instance variable interest | walabelledformdialog,48,9,0
2165,"[0, 1, 1, 0, 1, 0]",afford a data simulation walabelledformdialog Displays a judge and stimulant field for apiece instance variable of interest.,afford data simulation walabelledformdialog display judge stimulant field apiece instance variable interest,given a data model walabelledformdialog displays a label and input field for each instance variable of interest. | WALabelledFormDialog,given data model walabelledformdialog display label input field instance variable interest | walabelledformdialog,124,17,0
2166,"[0, 1, 1, 0, 1, 0]",pay A data Model walabelledformdialog displays a label and input field for apiece instance varying of interest.,pay data model walabelledformdialog display label input field apiece instance varying interest,given a data model walabelledformdialog displays a label and input field for each instance variable of interest. | WALabelledFormDialog,given data model walabelledformdialog display label input field instance variable interest | walabelledformdialog,111,17,0
2167,"[0, 1, 1, 0, 1, 0]",given a data model walabelledformdialog display a label and Input field for each case Variable of Interest.,given data model walabelledformdialog display label input field case variable interest,given a data model walabelledformdialog displays a label and input field for each instance variable of interest. | WALabelledFormDialog,given data model walabelledformdialog display label input field instance variable interest | walabelledformdialog,107,17,0
2168,"[0, 1, 1, 0, 1, 0]",present A data mold walabelledformdialog displays a label And input domain for apiece instance variable of interest.,present data mold walabelledformdialog display label input domain apiece instance variable interest,given a data model walabelledformdialog displays a label and input field for each instance variable of interest. | WALabelledFormDialog,given data model walabelledformdialog display label input field instance variable interest | walabelledformdialog,116,17,0
2169,"[0, 1, 1, 0, 1, 0]",given A Data model walabelledformdialog displays A Label and comment field for each illustrate variable Of interest.,given data model walabelledformdialog display label comment field illustrate variable interest,given a data model walabelledformdialog displays a label and input field for each instance variable of interest. | WALabelledFormDialog,given data model walabelledformdialog display label input field instance variable interest | walabelledformdialog,116,17,0
2170,"[0, 1, 1, 0, 1, 0]",given a information model Walabelledformdialog displays a label and input domain for each instance varying Of interest.,given information model walabelledformdialog display label input domain instance varying interest,given a data model walabelledformdialog displays a label and input field for each instance variable of interest. | WALabelledFormDialog,given data model walabelledformdialog display label input field instance variable interest | walabelledformdialog,119,17,0
2171,"[0, 1, 1, 0, 1, 0]",have a data model walabelledformdialog show a tag and input field for apiece illustrate variable of interest.,data model walabelledformdialog show tag input field apiece illustrate variable interest,given a data model walabelledformdialog displays a label and input field for each instance variable of interest. | WALabelledFormDialog,given data model walabelledformdialog display label input field instance variable interest | walabelledformdialog,109,17,0
2172,"[0, 1, 1, 0, 1, 0]",given a data modelling walabelledformdialog Displays A label and Input field for apiece instance varying of interest.,given data modelling walabelledformdialog display label input field apiece instance varying interest,given a data model walabelledformdialog displays a label and input field for each instance variable of interest. | WALabelledFormDialog,given data model walabelledformdialog display label input field instance variable interest | walabelledformdialog,117,17,0
2173,"[0, 1, 1, 0, 1, 0]",given a data model walabelledformdialog showing a label and input field for each instance varying of interest.,given data model walabelledformdialog showing label input field instance varying interest,given a data model walabelledformdialog displays a label and input field for each instance variable of interest. | WALabelledFormDialog,given data model walabelledformdialog display label input field instance variable interest | walabelledformdialog,110,17,0
2174,"[0, 1, 1, 0, 1, 0]",user supplied data is target In the datum model.,user supplied data target datum model,given a data model walabelledformdialog displays a label and input field for each instance variable of interest. | WALabelledFormDialog,given data model walabelledformdialog display label input field instance variable interest | walabelledformdialog,48,9,0
2175,"[0, 1, 1, 0, 1, 0]",user supplied data is placed in The datum model.,user supplied data placed datum model,given a data model walabelledformdialog displays a label and input field for each instance variable of interest. | WALabelledFormDialog,given data model walabelledformdialog display label input field instance variable interest | walabelledformdialog,48,9,0
2176,"[0, 1, 1, 0, 1, 0]",user supplied data is placed in the information model.,user supplied data placed information model,given a data model walabelledformdialog displays a label and input field for each instance variable of interest. | WALabelledFormDialog,given data model walabelledformdialog display label input field instance variable interest | walabelledformdialog,54,9,0
2177,"[0, 1, 1, 0, 1, 0]",exploiter supplied datum is identify in the data model.,exploiter supplied datum identify data model,given a data model walabelledformdialog displays a label and input field for each instance variable of interest. | WALabelledFormDialog,given data model walabelledformdialog display label input field instance variable interest | walabelledformdialog,55,9,0
2178,"[0, 1, 1, 0, 1, 0]",user supplied data is placed in the Data model.,user supplied data placed data model,given a data model walabelledformdialog displays a label and input field for each instance variable of interest. | WALabelledFormDialog,given data model walabelledformdialog display label input field instance variable interest | walabelledformdialog,47,9,0
2179,"[0, 1, 1, 0, 1, 0]",user Supplied data is grade in the data model.,user supplied data grade data model,given a data model walabelledformdialog displays a label and input field for each instance variable of interest. | WALabelledFormDialog,given data model walabelledformdialog display label input field instance variable interest | walabelledformdialog,46,9,0
2180,"[0, 1, 1, 0, 1, 0]",exploiter render Data is placed in the data model.,exploiter render data placed data model,given a data model walabelledformdialog displays a label and input field for each instance variable of interest. | WALabelledFormDialog,given data model walabelledformdialog display label input field instance variable interest | walabelledformdialog,50,9,0
2181,"[0, 1, 1, 0, 1, 0]",founder a data model walabelledformdialog displays a pronounce and Input field for each instance variable of Interest.,founder data model walabelledformdialog display pronounce input field instance variable interest,given a data model walabelledformdialog displays a label and input field for each instance variable of interest. | WALabelledFormDialog,given data model walabelledformdialog display label input field instance variable interest | walabelledformdialog,118,17,0
2182,"[0, 1, 1, 0, 1, 0]",user append data is placed in the data model.,user append data placed data model,given a data model walabelledformdialog displays a label and input field for each instance variable of interest. | WALabelledFormDialog,given data model walabelledformdialog display label input field instance variable interest | walabelledformdialog,45,9,0
2183,"[0, 1, 1, 0, 1, 0]",given a data pose walabelledformdialog displays A label and input field for each instance variable of interest.,given data pose walabelledformdialog display label input field instance variable interest,given a data model walabelledformdialog displays a label and input field for each instance variable of interest. | WALabelledFormDialog,given data model walabelledformdialog display label input field instance variable interest | walabelledformdialog,111,17,0
2184,"[0, 1, 1, 0, 1, 0]",Given a data model walabelledformdialog showing a label and Input field for apiece exemplify variable of interest.,given data model walabelledformdialog showing label input field apiece exemplify variable interest,given a data model walabelledformdialog displays a label and input field for each instance variable of interest. | WALabelledFormDialog,given data model walabelledformdialog display label input field instance variable interest | walabelledformdialog,114,17,0
2185,"[0, 1, 1, 0, 1, 0]",given a data model walabelledformdialog displays a label and input plain for Each representative varying of interest.,given data model walabelledformdialog display label input plain representative varying interest,given a data model walabelledformdialog displays a label and input field for each instance variable of interest. | WALabelledFormDialog,given data model walabelledformdialog display label input field instance variable interest | walabelledformdialog,117,17,0
2186,"[0, 1, 1, 0, 1, 0]",given a information model walabelledformdialog Displays A Label and comment area for apiece instance variable of interest.,given information model walabelledformdialog display label comment area apiece instance variable interest,given a data model walabelledformdialog displays a label and input field for each instance variable of interest. | WALabelledFormDialog,given data model walabelledformdialog display label input field instance variable interest | walabelledformdialog,122,17,0
2187,"[0, 1, 1, 0, 1, 0]",Given A data Model walabelledformdialog displays a label and Input field for apiece Instance varying of Interest.,given data model walabelledformdialog display label input field apiece instance varying interest,given a data model walabelledformdialog displays a label and input field for each instance variable of interest. | WALabelledFormDialog,given data model walabelledformdialog display label input field instance variable interest | walabelledformdialog,113,17,0
2188,"[0, 1, 1, 0, 1, 0]",User supplied data Is Placed in the information model.,user supplied data placed information model,given a data model walabelledformdialog displays a label and input field for each instance variable of interest. | WALabelledFormDialog,given data model walabelledformdialog display label input field instance variable interest | walabelledformdialog,54,9,0
2189,"[0, 1, 1, 0, 1, 0]",user Supplied Data is placed in the datum model.,user supplied data placed datum model,given a data model walabelledformdialog displays a label and input field for each instance variable of interest. | WALabelledFormDialog,given data model walabelledformdialog display label input field instance variable interest | walabelledformdialog,48,9,0
2190,"[0, 1, 1, 0, 1, 0]",exploiter supplied Data is placed in the datum model.,exploiter supplied data placed datum model,given a data model walabelledformdialog displays a label and input field for each instance variable of interest. | WALabelledFormDialog,given data model walabelledformdialog display label input field instance variable interest | walabelledformdialog,53,9,0
2191,"[0, 1, 1, 0, 1, 0]",given a data model walabelledformdialog displays A label and remark orbit for apiece instance varying Of interest.,given data model walabelledformdialog display label remark orbit apiece instance varying interest,given a data model walabelledformdialog displays a label and input field for each instance variable of interest. | WALabelledFormDialog,given data model walabelledformdialog display label input field instance variable interest | walabelledformdialog,114,17,0
2192,"[0, 1, 1, 0, 1, 0]",given a data model walabelledformdialog displays a label and input field for each exemplify variable of interest.,given data model walabelledformdialog display label input field exemplify variable interest,given a data model walabelledformdialog displays a label and input field for each instance variable of interest. | WALabelledFormDialog,given data model walabelledformdialog display label input field instance variable interest | walabelledformdialog,113,17,0
2193,"[0, 1, 1, 0, 1, 0]",establish A Data model walabelledformdialog displays a label and Input field for apiece instance variable of Interest.,establish data model walabelledformdialog display label input field apiece instance variable interest,given a data model walabelledformdialog displays a label and input field for each instance variable of interest. | WALabelledFormDialog,given data model walabelledformdialog display label input field instance variable interest | walabelledformdialog,118,17,0
2194,"[0, 1, 1, 0, 1, 0]",precondition a data model walabelledformdialog presentation a label And input field for each illustration varying of interest.,precondition data model walabelledformdialog presentation label input field illustration varying interest,given a data model walabelledformdialog displays a label and input field for each instance variable of interest. | WALabelledFormDialog,given data model walabelledformdialog display label input field instance variable interest | walabelledformdialog,126,17,0
2195,"[0, 1, 1, 0, 1, 0]",user Supplied data is placed in the data model.,user supplied data placed data model,given a data model walabelledformdialog displays a label and input field for each instance variable of interest. | WALabelledFormDialog,given data model walabelledformdialog display label input field instance variable interest | walabelledformdialog,47,9,0
2196,"[0, 1, 1, 0, 1, 0]",given a Data Model walabelledformdialog displays a Label and Input Field for each instance Variable of interest.,given data model walabelledformdialog display label input field instance variable interest,given a data model walabelledformdialog displays a label and input field for each instance variable of interest. | WALabelledFormDialog,given data model walabelledformdialog display label input field instance variable interest | walabelledformdialog,112,17,0
2197,"[0, 1, 1, 0, 1, 0]",given a data model walabelledformdialog displays a judge and comment Field for each instance Variable of interest.,given data model walabelledformdialog display judge comment field instance variable interest,given a data model walabelledformdialog displays a label and input field for each instance variable of interest. | WALabelledFormDialog,given data model walabelledformdialog display label input field instance variable interest | walabelledformdialog,114,17,0
2198,"[0, 1, 1, 0, 1, 0]",User supplied data is placed In the data model.,user supplied data placed data model,given a data model walabelledformdialog displays a label and input field for each instance variable of interest. | WALabelledFormDialog,given data model walabelledformdialog display label input field instance variable interest | walabelledformdialog,47,9,0
2199,"[0, 1, 1, 0, 1, 0]",exploiter supply data is placed in The Data model.,exploiter supply data placed data model,given a data model walabelledformdialog displays a label and input field for each instance variable of interest. | WALabelledFormDialog,given data model walabelledformdialog display label input field instance variable interest | walabelledformdialog,50,9,0
2200,"[0, 1, 1, 0, 1, 0]",given a datum posture walabelledformdialog displays A Label and stimulation area for each instance variable of interest.,given datum posture walabelledformdialog display label stimulation area instance variable interest,given a data model walabelledformdialog displays a label and input field for each instance variable of interest. | WALabelledFormDialog,given data model walabelledformdialog display label input field instance variable interest | walabelledformdialog,120,17,0
2201,"[0, 1, 1, 0, 1, 0]",user supplied data Is Placed in the data model.,user supplied data placed data model,given a data model walabelledformdialog displays a label and input field for each instance variable of interest. | WALabelledFormDialog,given data model walabelledformdialog display label input field instance variable interest | walabelledformdialog,47,9,0
2202,"[0, 1, 1, 0, 1, 0]",Given a data model walabelledformdialog displays a Label and input field for apiece representative variable of interest.,given data model walabelledformdialog display label input field apiece representative variable interest,given a data model walabelledformdialog displays a label and input field for each instance variable of interest. | WALabelledFormDialog,given data model walabelledformdialog display label input field instance variable interest | walabelledformdialog,120,17,0
2203,"[0, 1, 1, 0, 1, 0]",Given a data modeling walabelledformdialog displays a tag and stimulation field for each instance variable of interest.,given data modeling walabelledformdialog display tag stimulation field instance variable interest,given a data model walabelledformdialog displays a label and input field for each instance variable of interest. | WALabelledFormDialog,given data model walabelledformdialog display label input field instance variable interest | walabelledformdialog,119,17,0
2204,"[0, 1, 1, 0, 1, 0]",user supplied data Is placed in the data model.,user supplied data placed data model,given a data model walabelledformdialog displays a label and input field for each instance variable of interest. | WALabelledFormDialog,given data model walabelledformdialog display label input field instance variable interest | walabelledformdialog,47,9,0
2205,"[0, 1, 1, 0, 1, 0]",minded a data model walabelledformdialog displays a label and input field for each instance variable of interest.,minded data model walabelledformdialog display label input field instance variable interest,given a data model walabelledformdialog displays a label and input field for each instance variable of interest. | WALabelledFormDialog,given data model walabelledformdialog display label input field instance variable interest | walabelledformdialog,113,17,0
2206,"[0, 1, 1, 0, 1, 0]",given a data simulate walabelledformdialog displays a judge and remark sphere for Each illustration variable of interest.,given data simulate walabelledformdialog display judge remark sphere illustration variable interest,given a data model walabelledformdialog displays a label and input field for each instance variable of interest. | WALabelledFormDialog,given data model walabelledformdialog display label input field instance variable interest | walabelledformdialog,121,17,0
2207,"[0, 1, 1, 0, 1, 0]",Given A data model walabelledformdialog displays a judge And input field for Each instance variable Of interest.,given data model walabelledformdialog display judge input field instance variable interest,given a data model walabelledformdialog displays a label and input field for each instance variable of interest. | WALabelledFormDialog,given data model walabelledformdialog display label input field instance variable interest | walabelledformdialog,112,17,0
2208,"[0, 1, 1, 0, 1, 0]",given a data posture walabelledformdialog displays a tag and input field for each instance varying of Interest.,given data posture walabelledformdialog display tag input field instance varying interest,given a data model walabelledformdialog displays a label and input field for each instance variable of interest. | WALabelledFormDialog,given data model walabelledformdialog display label input field instance variable interest | walabelledformdialog,111,17,0
2209,"[0, 1, 1, 0, 1, 0]",user Supplied data is placed in the datum model.,user supplied data placed datum model,given a data model walabelledformdialog displays a label and input field for each instance variable of interest. | WALabelledFormDialog,given data model walabelledformdialog display label input field instance variable interest | walabelledformdialog,48,9,0
2210,"[0, 1, 1, 0, 1, 0]",user ply data Is placed in the data model.,user ply data placed data model,given a data model walabelledformdialog displays a label and input field for each instance variable of interest. | WALabelledFormDialog,given data model walabelledformdialog display label input field instance variable interest | walabelledformdialog,42,9,0
2211,"[0, 1, 1, 0, 1, 0]",user supplied Data is grade in the datum model.,user supplied data grade datum model,given a data model walabelledformdialog displays a label and input field for each instance variable of interest. | WALabelledFormDialog,given data model walabelledformdialog display label input field instance variable interest | walabelledformdialog,47,9,0
2212,"[0, 1, 1, 0, 1, 0]",given a data poser walabelledformdialog Displays a label and input field for each instance Variable of Interest.,given data poser walabelledformdialog display label input field instance variable interest,given a data model walabelledformdialog displays a label and input field for each instance variable of interest. | WALabelledFormDialog,given data model walabelledformdialog display label input field instance variable interest | walabelledformdialog,112,17,0
2213,"[0, 1, 1, 0, 1, 0]",given a data example walabelledformdialog displays A mark and input field for each Instance variable of interest.,given data example walabelledformdialog display mark input field instance variable interest,given a data model walabelledformdialog displays a label and input field for each instance variable of interest. | WALabelledFormDialog,given data model walabelledformdialog display label input field instance variable interest | walabelledformdialog,113,17,0
2214,"[1, 1, 0, 0, 1, 0]",the default forge has one button ok .,default forge one button ok,the default form has one button ok . | WALabelledFormDialog,default form one button ok | walabelledformdialog,37,8,0
2215,"[1, 1, 0, 0, 1, 0]",Override the buttons method to change the text or number of submit clitoris on the form.,override button method change text number submit clitoris form,the default form has one button ok . | WALabelledFormDialog,default form one button ok | walabelledformdialog,88,16,0
2216,"[1, 1, 0, 0, 1, 0]",the Default Form has one release ok .,default form one release ok,the default form has one button ok . | WALabelledFormDialog,default form one button ok | walabelledformdialog,37,8,0
2217,"[1, 1, 0, 0, 1, 0]",override the clitoris method to Change the text or number of take buttons on the form.,override clitoris method change text number take button form,the default form has one button ok . | WALabelledFormDialog,default form one button ok | walabelledformdialog,86,16,0
2218,"[1, 1, 0, 0, 1, 0]",the nonremittal form has One button Ok .,nonremittal form one button ok,the default form has one button ok . | WALabelledFormDialog,default form one button ok | walabelledformdialog,40,8,0
2219,"[1, 1, 0, 0, 1, 0]",the nonpayment form has one Button Ok .,nonpayment form one button ok,the default form has one button ok . | WALabelledFormDialog,default form one button ok | walabelledformdialog,39,8,0
2220,"[1, 1, 0, 0, 1, 0]",the nonremittal form Has one button ok .,nonremittal form one button ok,the default form has one button ok . | WALabelledFormDialog,default form one button ok | walabelledformdialog,40,8,0
2221,"[1, 1, 0, 0, 1, 0]",the default Form has one release ok .,default form one release ok,the default form has one button ok . | WALabelledFormDialog,default form one button ok | walabelledformdialog,37,8,0
2222,"[1, 1, 0, 0, 1, 0]",override the push method to change the text or number of submit buttons on the form.,override push method change text number submit button form,the default form has one button ok . | WALabelledFormDialog,default form one button ok | walabelledformdialog,84,16,0
2223,"[1, 1, 0, 0, 1, 0]",overthrow the push method to variety the text or number of submit buttons on the form.,overthrow push method variety text number submit button form,the default form has one button ok . | WALabelledFormDialog,default form one button ok | walabelledformdialog,86,16,0
2224,"[1, 1, 0, 0, 1, 0]",override the buttons method To change The text or number of submit buttons on the form.,override button method change text number submit button form,the default form has one button ok . | WALabelledFormDialog,default form one button ok | walabelledformdialog,87,16,0
2225,"[1, 1, 0, 0, 1, 0]",override The clit method to change the text Or number of subject buttons on the form.,override clit method change text number subject button form,the default form has one button ok . | WALabelledFormDialog,default form one button ok | walabelledformdialog,85,16,0
2226,"[1, 1, 0, 0, 1, 0]",The default Form has One release ok .,default form one release ok,the default form has one button ok . | WALabelledFormDialog,default form one button ok | walabelledformdialog,37,8,0
2227,"[1, 1, 0, 0, 1, 0]",the default form has one button Ok .,default form one button ok,the default form has one button ok . | WALabelledFormDialog,default form one button ok | walabelledformdialog,36,8,0
2228,"[1, 1, 0, 0, 1, 0]",override the Buttons method to change the text or number of submit buttons on the form.,override button method change text number submit button form,the default form has one button ok . | WALabelledFormDialog,default form one button ok | walabelledformdialog,87,16,0
2229,"[1, 1, 0, 0, 1, 0]",the default form Has one clit ok .,default form one clit ok,the default form has one button ok . | WALabelledFormDialog,default form one button ok | walabelledformdialog,34,8,0
2230,"[1, 1, 0, 0, 1, 0]",the default manikin has one button ok .,default manikin one button ok,the default form has one button ok . | WALabelledFormDialog,default form one button ok | walabelledformdialog,39,8,0
2231,"[1, 1, 0, 0, 1, 0]",override the buttons method to change the text or number of submit button on the form.,override button method change text number submit button form,the default form has one button ok . | WALabelledFormDialog,default form one button ok | walabelledformdialog,86,16,0
2232,"[1, 1, 0, 0, 1, 0]",override the buttons method to change the text or bit of submit buttons on the form.,override button method change text bit submit button form,the default form has one button ok . | WALabelledFormDialog,default form one button ok | walabelledformdialog,84,16,0
2233,"[1, 1, 0, 0, 1, 0]",the default Form Has one button ok .,default form one button ok,the default form has one button ok . | WALabelledFormDialog,default form one button ok | walabelledformdialog,36,8,0
2234,"[1, 1, 0, 0, 1, 0]",The default form has one button ok .,default form one button ok,the default form has one button ok . | WALabelledFormDialog,default form one button ok | walabelledformdialog,36,8,0
2235,"[1, 1, 0, 0, 1, 0]",overthrow the buttons method to change the schoolbook Or number of submit clitoris on the form.,overthrow button method change schoolbook number submit clitoris form,the default form has one button ok . | WALabelledFormDialog,default form one button ok | walabelledformdialog,95,16,0
2236,"[1, 1, 0, 0, 1, 0]",the default form has one Button ok .,default form one button ok,the default form has one button ok . | WALabelledFormDialog,default form one button ok | walabelledformdialog,36,8,0
2237,"[1, 1, 0, 0, 1, 0]",the Default signifier has one button ok .,default signifier one button ok,the default form has one button ok . | WALabelledFormDialog,default form one button ok | walabelledformdialog,41,8,0
2238,"[1, 1, 0, 0, 1, 0]",the default form has one push ok .,default form one push ok,the default form has one button ok . | WALabelledFormDialog,default form one button ok | walabelledformdialog,34,8,0
2239,"[1, 1, 0, 0, 1, 0]",override The buttons method to change the Text or act of submit clit On the form.,override button method change text act submit clit form,the default form has one button ok . | WALabelledFormDialog,default form one button ok | walabelledformdialog,81,16,0
2240,"[1, 1, 0, 0, 1, 0]",override The release Method to modification the text or number of submit clit on the form.,override release method modification text number submit clit form,the default form has one button ok . | WALabelledFormDialog,default form one button ok | walabelledformdialog,90,16,0
2241,"[1, 1, 0, 0, 1, 0]",reverse the buttons method to change The text or number of submit release on the form.,reverse button method change text number submit release form,the default form has one button ok . | WALabelledFormDialog,default form one button ok | walabelledformdialog,86,16,0
2242,"[1, 1, 0, 0, 1, 0]",override the clit method to commute The schoolbook or number of submit button On the form.,override clit method commute schoolbook number submit button form,the default form has one button ok . | WALabelledFormDialog,default form one button ok | walabelledformdialog,90,16,0
2243,"[1, 1, 0, 0, 1, 0]",the nonremittal form has one button ok .,nonremittal form one button ok,the default form has one button ok . | WALabelledFormDialog,default form one button ok | walabelledformdialog,40,8,0
2244,"[1, 1, 0, 0, 1, 0]",nullification the Buttons method to change the text or act of submit release on the form.,nullification button method change text act submit release form,the default form has one button ok . | WALabelledFormDialog,default form one button ok | walabelledformdialog,89,16,0
2245,"[1, 1, 0, 0, 1, 0]",the nonpayment form has one button ok .,nonpayment form one button ok,the default form has one button ok . | WALabelledFormDialog,default form one button ok | walabelledformdialog,39,8,0
2246,"[1, 1, 0, 0, 1, 0]",The default shape has one release ok .,default shape one release ok,the default form has one button ok . | WALabelledFormDialog,default form one button ok | walabelledformdialog,38,8,0
2247,"[1, 1, 0, 0, 1, 0]",the Default form has one button ok .,default form one button ok,the default form has one button ok . | WALabelledFormDialog,default form one button ok | walabelledformdialog,36,8,0
2248,"[1, 1, 0, 0, 1, 0]",override the buttons method to alteration the schoolbook or number of render Buttons on the form.,override button method alteration schoolbook number render button form,the default form has one button ok . | WALabelledFormDialog,default form one button ok | walabelledformdialog,97,16,0
2249,"[1, 1, 0, 0, 1, 0]",override the buttons method to change the textbook or routine of submit push On the form.,override button method change textbook routine submit push form,the default form has one button ok . | WALabelledFormDialog,default form one button ok | walabelledformdialog,89,16,0
2250,"[1, 1, 0, 0, 1, 0]",the Default form has One button ok .,default form one button ok,the default form has one button ok . | WALabelledFormDialog,default form one button ok | walabelledformdialog,36,8,0
2251,"[1, 1, 0, 0, 1, 0]",override the buttons method to exchange the schoolbook or number of Submit buttons on The form.,override button method exchange schoolbook number submit button form,the default form has one button ok . | WALabelledFormDialog,default form one button ok | walabelledformdialog,95,16,0
2252,"[1, 1, 0, 0, 1, 0]",nullification the buttons method to switch the text or number of submit buttons on the form.,nullification button method switch text number submit button form,the default form has one button ok . | WALabelledFormDialog,default form one button ok | walabelledformdialog,92,16,0
2253,"[1, 1, 0, 0, 1, 0]",the default form has one clit ok .,default form one clit ok,the default form has one button ok . | WALabelledFormDialog,default form one button ok | walabelledformdialog,34,8,0
2254,"[1, 1, 0, 0, 1, 0]",the nonremittal anatomy has one Button ok .,nonremittal anatomy one button ok,the default form has one button ok . | WALabelledFormDialog,default form one button ok | walabelledformdialog,43,8,0
2255,"[1, 1, 0, 0, 1, 0]",override the buttons method to change the Text Or number of submit buttons on The form.,override button method change text number submit button form,the default form has one button ok . | WALabelledFormDialog,default form one button ok | walabelledformdialog,87,16,0
2256,"[1, 1, 0, 0, 1, 0]",overturn the buttons method to Change the schoolbook or number of relegate buttons on the form.,overturn button method change schoolbook number relegate button form,the default form has one button ok . | WALabelledFormDialog,default form one button ok | walabelledformdialog,95,16,0
2257,"[1, 1, 0, 0, 1, 0]",the Default conformation Has one push ok .,default conformation one push ok,the default form has one button ok . | WALabelledFormDialog,default form one button ok | walabelledformdialog,42,8,0
2258,"[1, 1, 0, 0, 1, 0]",the default form has one clitoris ok .,default form one clitoris ok,the default form has one button ok . | WALabelledFormDialog,default form one button ok | walabelledformdialog,38,8,0
2259,"[1, 1, 0, 0, 1, 0]",override the buttons method to transfer the text or number of submit clit on The form.,override button method transfer text number submit clit form,the default form has one button ok . | WALabelledFormDialog,default form one button ok | walabelledformdialog,86,16,0
2260,"[1, 1, 0, 0, 1, 0]",the Default form has one button Ok .,default form one button ok,the default form has one button ok . | WALabelledFormDialog,default form one button ok | walabelledformdialog,36,8,0
2261,"[1, 1, 0, 0, 1, 0]",the default class has one button ok .,default class one button ok,the default form has one button ok . | WALabelledFormDialog,default form one button ok | walabelledformdialog,37,8,0
2262,"[1, 1, 0, 0, 1, 0]",override the buttons method to change the text or number of subject buttons on the form.,override button method change text number subject button form,the default form has one button ok . | WALabelledFormDialog,default form one button ok | walabelledformdialog,88,16,0
2263,"[1, 1, 0, 0, 1, 0]",override the buttons method to change the text or number of relegate clit On The form.,override button method change text number relegate clit form,the default form has one button ok . | WALabelledFormDialog,default form one button ok | walabelledformdialog,86,16,0
2264,"[1, 1, 0, 0, 1, 0]",override the buttons Method to change the text or turn of submit clitoris on the form.,override button method change text turn submit clitoris form,the default form has one button ok . | WALabelledFormDialog,default form one button ok | walabelledformdialog,86,16,0
2265,"[1, 1, 0, 0, 1, 0]",override the push method to change the Text or number of submit buttons on The form.,override push method change text number submit button form,the default form has one button ok . | WALabelledFormDialog,default form one button ok | walabelledformdialog,84,16,0
2266,"[1, 1, 0, 0, 1, 0]",override the buttons method to deepen The text or number of submit buttons on the form.,override button method deepen text number submit button form,the default form has one button ok . | WALabelledFormDialog,default form one button ok | walabelledformdialog,87,16,0
2267,"[1, 1, 0, 0, 1, 0]",override the buttons method to change the text or number of Submit Buttons on the form.,override button method change text number submit button form,the default form has one button ok . | WALabelledFormDialog,default form one button ok | walabelledformdialog,87,16,0
2268,"[1, 1, 0, 0, 1, 0]",the default phase has one clitoris ok .,default phase one clitoris ok,the default form has one button ok . | WALabelledFormDialog,default form one button ok | walabelledformdialog,39,8,0
2269,"[1, 1, 0, 0, 1, 0]",overthrow the buttons Method to alteration the Text or number of state buttons on the form.,overthrow button method alteration text number state button form,the default form has one button ok . | WALabelledFormDialog,default form one button ok | walabelledformdialog,91,16,0
2270,"[1, 1, 0, 0, 1, 0]",the default form Has one button ok .,default form one button ok,the default form has one button ok . | WALabelledFormDialog,default form one button ok | walabelledformdialog,36,8,0
2271,"[1, 1, 0, 0, 1, 0]",the Default organize has one button ok .,default organize one button ok,the default form has one button ok . | WALabelledFormDialog,default form one button ok | walabelledformdialog,40,8,0
2272,"[1, 1, 0, 0, 1, 0]",override the button method to change the text or come of submit clit on the form.,override button method change text come submit clit form,the default form has one button ok . | WALabelledFormDialog,default form one button ok | walabelledformdialog,81,16,0
2273,"[1, 1, 0, 0, 1, 0]",overturn the buttons method to vary the Text Or number of submit buttons on the form.,overturn button method vary text number submit button form,the default form has one button ok . | WALabelledFormDialog,default form one button ok | walabelledformdialog,85,16,0
2274,"[1, 1, 0, 0, 1, 0]",override the buttons method to switch the schoolbook or Number of Submit buttons on the Form.,override button method switch schoolbook number submit button form,the default form has one button ok . | WALabelledFormDialog,default form one button ok | walabelledformdialog,93,16,0
2275,"[1, 1, 0, 0, 1, 0]",override the buttons method to change The textbook or number of submit buttons on the form.,override button method change textbook number submit button form,the default form has one button ok . | WALabelledFormDialog,default form one button ok | walabelledformdialog,91,16,0
2276,"[1, 1, 0, 0, 1, 0]",the nonpayment form has One clitoris ok .,nonpayment form one clitoris ok,the default form has one button ok . | WALabelledFormDialog,default form one button ok | walabelledformdialog,41,8,0
2277,"[1, 1, 0, 0, 1, 0]",override the clit method to change the text or number of present buttons on the form.,override clit method change text number present button form,the default form has one button ok . | WALabelledFormDialog,default form one button ok | walabelledformdialog,85,16,0
2278,"[1, 1, 0, 0, 1, 0]",nullification the buttons method to change the text or number of submit buttons On the form.,nullification button method change text number submit button form,the default form has one button ok . | WALabelledFormDialog,default form one button ok | walabelledformdialog,92,16,0
2279,"[1, 1, 0, 0, 1, 0]",overturn the buttons method to change the text Or number of reconcile Buttons on the Form.,overturn button method change text number reconcile button form,the default form has one button ok . | WALabelledFormDialog,default form one button ok | walabelledformdialog,90,16,0
2280,"[1, 1, 0, 0, 1, 0]",the Default work has one clitoris Ok .,default work one clitoris ok,the default form has one button ok . | WALabelledFormDialog,default form one button ok | walabelledformdialog,38,8,0
2281,"[1, 1, 0, 0, 1, 0]",the nonremittal Form has one clit Ok .,nonremittal form one clit ok,the default form has one button ok . | WALabelledFormDialog,default form one button ok | walabelledformdialog,38,8,0
2282,"[1, 1, 0, 0, 1, 0]",Override the buttons method to change the text or number Of submit buttons on the form.,override button method change text number submit button form,the default form has one button ok . | WALabelledFormDialog,default form one button ok | walabelledformdialog,87,16,0
2283,"[1, 1, 0, 0, 1, 0]",reverse the buttons method to change the textbook or number of submit buttons on the form.,reverse button method change textbook number submit button form,the default form has one button ok . | WALabelledFormDialog,default form one button ok | walabelledformdialog,90,16,0
2284,"[1, 1, 0, 0, 1, 0]",override the button method to change The schoolbook or figure of defer release on the form.,override button method change schoolbook figure defer release form,the default form has one button ok . | WALabelledFormDialog,default form one button ok | walabelledformdialog,91,16,0
2285,"[1, 1, 0, 0, 1, 0]",override the buttons method to change the schoolbook or routine of submit buttons On the form.,override button method change schoolbook routine submit button form,the default form has one button ok . | WALabelledFormDialog,default form one button ok | walabelledformdialog,94,16,0
2286,"[1, 1, 0, 0, 1, 0]",the default manakin has one button ok .,default manakin one button ok,the default form has one button ok . | WALabelledFormDialog,default form one button ok | walabelledformdialog,39,8,0
2287,"[1, 1, 0, 0, 1, 0]",The default form has one button Ok .,default form one button ok,the default form has one button ok . | WALabelledFormDialog,default form one button ok | walabelledformdialog,36,8,0
2288,"[1, 1, 0, 0, 1, 0]",The default form has one clitoris ok .,default form one clitoris ok,the default form has one button ok . | WALabelledFormDialog,default form one button ok | walabelledformdialog,38,8,0
2289,"[1, 1, 0, 0, 1, 0]",override the buttons method to Change the text or number of submit clitoris on the Form.,override button method change text number submit clitoris form,the default form has one button ok . | WALabelledFormDialog,default form one button ok | walabelledformdialog,88,16,0
2290,"[1, 1, 0, 0, 1, 0]",the default constitute has one button ok .,default constitute one button ok,the default form has one button ok . | WALabelledFormDialog,default form one button ok | walabelledformdialog,42,8,0
2291,"[1, 1, 0, 0, 1, 0]",the nonpayment form has One button ok .,nonpayment form one button ok,the default form has one button ok . | WALabelledFormDialog,default form one button ok | walabelledformdialog,39,8,0
2292,"[1, 1, 0, 0, 1, 0]",The nonpayment form has one release ok .,nonpayment form one release ok,the default form has one button ok . | WALabelledFormDialog,default form one button ok | walabelledformdialog,40,8,0
2293,"[1, 1, 0, 0, 1, 0]",override the buttons method to deepen the Text or numerate of submit buttons on the form.,override button method deepen text numerate submit button form,the default form has one button ok . | WALabelledFormDialog,default form one button ok | walabelledformdialog,89,16,0
2294,"[1, 1, 0, 0, 1, 0]",the nonremittal form has one release ok .,nonremittal form one release ok,the default form has one button ok . | WALabelledFormDialog,default form one button ok | walabelledformdialog,41,8,0
2295,"[1, 1, 0, 0, 1, 0]",overthrow the buttons method to change the text or come of submit Buttons on the form.,overthrow button method change text come submit button form,the default form has one button ok . | WALabelledFormDialog,default form one button ok | walabelledformdialog,86,16,0
2296,"[1, 1, 0, 0, 1, 0]",The default form has one clit Ok .,default form one clit ok,the default form has one button ok . | WALabelledFormDialog,default form one button ok | walabelledformdialog,34,8,0
2297,"[1, 1, 0, 0, 1, 0]",override the buttons method to Change the Text or Number of submit buttons on the form.,override button method change text number submit button form,the default form has one button ok . | WALabelledFormDialog,default form one button ok | walabelledformdialog,87,16,0
2298,"[1, 1, 0, 0, 1, 0]",override the Buttons method to change The text or list of submit buttons on the form.,override button method change text list submit button form,the default form has one button ok . | WALabelledFormDialog,default form one button ok | walabelledformdialog,85,16,0
2299,"[1, 1, 0, 0, 1, 0]",overturn the buttons method to alter the text or numeral of submit buttons on the form.,overturn button method alter text numeral submit button form,the default form has one button ok . | WALabelledFormDialog,default form one button ok | walabelledformdialog,87,16,0
2300,"[1, 1, 0, 0, 1, 0]",the default form has one release ok .,default form one release ok,the default form has one button ok . | WALabelledFormDialog,default form one button ok | walabelledformdialog,37,8,0
2301,"[1, 1, 0, 0, 1, 0]",override the clit method to change the schoolbook or number of submit buttons on the form.,override clit method change schoolbook number submit button form,the default form has one button ok . | WALabelledFormDialog,default form one button ok | walabelledformdialog,90,16,0
2302,"[1, 1, 0, 0, 1, 0]",override the Buttons method to modify the text or count of bow buttons on the form.,override button method modify text count bow button form,the default form has one button ok . | WALabelledFormDialog,default form one button ok | walabelledformdialog,83,16,0
2303,"[1, 1, 0, 0, 1, 0]",overthrow the buttons method to commute the text or number of submit buttons On the form.,overthrow button method commute text number submit button form,the default form has one button ok . | WALabelledFormDialog,default form one button ok | walabelledformdialog,89,16,0
2304,"[1, 1, 0, 0, 1, 0]",the Default Form has one button ok .,default form one button ok,the default form has one button ok . | WALabelledFormDialog,default form one button ok | walabelledformdialog,36,8,0
2305,"[1, 1, 0, 0, 1, 0]",overrule the release method to change the text or number Of defer release on the form.,overrule release method change text number defer release form,the default form has one button ok . | WALabelledFormDialog,default form one button ok | walabelledformdialog,86,16,0
2306,"[1, 1, 0, 0, 1, 0]",override the clit method to Change the text or number of submit release On the Form.,override clit method change text number submit release form,the default form has one button ok . | WALabelledFormDialog,default form one button ok | walabelledformdialog,84,16,0
2307,"[1, 1, 0, 0, 1, 0]",the default Form has one button ok .,default form one button ok,the default form has one button ok . | WALabelledFormDialog,default form one button ok | walabelledformdialog,36,8,0
2308,"[1, 1, 0, 0, 1, 0]",the Default form has one clitoris ok .,default form one clitoris ok,the default form has one button ok . | WALabelledFormDialog,default form one button ok | walabelledformdialog,38,8,0
2309,"[1, 1, 0, 0, 1, 0]",override The buttons method to change the text or number of submit buttons on the form.,override button method change text number submit button form,the default form has one button ok . | WALabelledFormDialog,default form one button ok | walabelledformdialog,87,16,0
2310,"[1, 1, 0, 0, 1, 0]",override the clitoris method to shift the text or number of submit buttons On the form.,override clitoris method shift text number submit button form,the default form has one button ok . | WALabelledFormDialog,default form one button ok | walabelledformdialog,87,16,0
2311,"[1, 1, 0, 0, 1, 0]",The default anatomy has one Button ok .,default anatomy one button ok,the default form has one button ok . | WALabelledFormDialog,default form one button ok | walabelledformdialog,39,8,0
2312,"[1, 0, 0, 1, 0, 0]","hence, in bloc layout is not executed immediately afterward a property like the width of an element changes.",hence bloc layout executed immediately afterward property like width element change,"hence, in bloc layout is not executed immediately after a property like the width of an element changes. | BlLayout",hence bloc layout executed immediately property like width element change | bllayout,108,18,0
2313,"[1, 0, 0, 1, 0, 0]","hence, in bloc Layout is not perform immediately after a property like The Width of an element changes.",hence bloc layout perform immediately property like width element change,"hence, in bloc layout is not executed immediately after a property like the width of an element changes. | BlLayout",hence bloc layout executed immediately property like width element change | bllayout,103,18,0
2314,"[1, 0, 0, 1, 0, 0]","Hence, in axis layout Is not executed immediately after a holding like the breadth of an ingredient changes.",hence axis layout executed immediately holding like breadth ingredient change,"hence, in bloc layout is not executed immediately after a property like the width of an element changes. | BlLayout",hence bloc layout executed immediately property like width element change | bllayout,108,18,0
2315,"[1, 0, 0, 1, 0, 0]","hence, in bloc Layout is not executed immediately After a belongings like the Width of an component Changes.",hence bloc layout executed immediately belonging like width component change,"hence, in bloc layout is not executed immediately after a property like the width of an element changes. | BlLayout",hence bloc layout executed immediately property like width element change | bllayout,108,18,0
2316,"[1, 0, 0, 1, 0, 0]","hence, in bloc layout is not executed immediately after A property like the width of an ingredient changes.",hence bloc layout executed immediately property like width ingredient change,"hence, in bloc layout is not executed immediately after a property like the width of an element changes. | BlLayout",hence bloc layout executed immediately property like width element change | bllayout,107,18,0
2317,"[1, 0, 0, 1, 0, 0]","hence, in Bloc layout is not executed Immediately after a place like The width of An ingredient changes.",hence bloc layout executed immediately place like width ingredient change,"hence, in bloc layout is not executed immediately after a property like the width of an element changes. | BlLayout",hence bloc layout executed immediately property like width element change | bllayout,104,18,0
2318,"[1, 0, 0, 1, 0, 0]","Hence, in bloc layout is not executed instantly subsequently a belongings like the width of an element changes.",hence bloc layout executed instantly subsequently belonging like width element change,"hence, in bloc layout is not executed immediately after a property like the width of an element changes. | BlLayout",hence bloc layout executed immediately property like width element change | bllayout,111,18,0
2319,"[1, 0, 0, 1, 0, 0]","hence, In bloc layout is not fulfil directly after a property like the width of an element changes.",hence bloc layout fulfil directly property like width element change,"hence, in bloc layout is not executed immediately after a property like the width of an element changes. | BlLayout",hence bloc layout executed immediately property like width element change | bllayout,99,18,0
2320,"[1, 0, 0, 1, 0, 0]","hence, In Bloc layout is not fulfil now after A prop like the breadth of An constituent changes.",hence bloc layout fulfil prop like breadth constituent change,"hence, in bloc layout is not executed immediately after a property like the width of an element changes. | BlLayout",hence bloc layout executed immediately property like width element change | bllayout,96,18,0
2321,"[1, 0, 0, 1, 0, 0]","hence, in bloc layout is not executed immediately afterwards a property ilk the breadth of An component Changes.",hence bloc layout executed immediately afterwards property ilk breadth component change,"hence, in bloc layout is not executed immediately after a property like the width of an element changes. | BlLayout",hence bloc layout executed immediately property like width element change | bllayout,112,18,0
2322,"[1, 0, 0, 1, 0, 0]","hence, in bloc layout is not accomplish now after a property Like the breadth of an element changes.",hence bloc layout accomplish property like breadth element change,"hence, in bloc layout is not executed immediately after a property like the width of an element changes. | BlLayout",hence bloc layout executed immediately property like width element change | bllayout,100,18,0
2323,"[1, 0, 0, 1, 0, 0]","hence, in bloc layout is not Executed immediately later a property Like the breadth of an Element changes.",hence bloc layout executed immediately later property like breadth element change,"hence, in bloc layout is not executed immediately after a property like the width of an element changes. | BlLayout",hence bloc layout executed immediately property like width element change | bllayout,106,18,0
2324,"[1, 0, 0, 1, 0, 0]","hence, in bloc layout is not Executed Immediately subsequently a property alike the breadth of an element changes.",hence bloc layout executed immediately subsequently property alike breadth element change,"hence, in bloc layout is not executed immediately after a property like the width of an element changes. | BlLayout",hence bloc layout executed immediately property like width element change | bllayout,114,18,0
2325,"[1, 0, 0, 1, 0, 0]","Hence, in axis layout is not executed Immediately after a prop Like the breadth of an Element changes.",hence axis layout executed immediately prop like breadth element change,"hence, in bloc layout is not executed immediately after a property like the width of an element changes. | BlLayout",hence bloc layout executed immediately property like width element change | bllayout,102,18,0
2326,"[1, 0, 0, 1, 0, 0]","Hence, in bloc layout is Not run immediately after a attribute like The breadth of An constituent changes.",hence bloc layout run immediately attribute like breadth constituent change,"hence, in bloc layout is not executed immediately after a property like the width of an element changes. | BlLayout",hence bloc layout executed immediately property like width element change | bllayout,106,18,0
2327,"[1, 0, 0, 1, 0, 0]","Hence, in bloc layout is not execute immediately after a property like the width of an element changes.",hence bloc layout execute immediately property like width element change,"hence, in bloc layout is not executed immediately after a property like the width of an element changes. | BlLayout",hence bloc layout executed immediately property like width element change | bllayout,103,18,0
2328,"[1, 0, 0, 1, 0, 0]","hence, in axis layout is not execute immediately After a property ilk the width of an element changes.",hence axis layout execute immediately property ilk width element change,"hence, in bloc layout is not executed immediately after a property like the width of an element changes. | BlLayout",hence bloc layout executed immediately property like width element change | bllayout,102,18,0
2329,"[1, 0, 0, 1, 0, 0]","hence, in bloc Layout is not executed immediately after a property similar the breadth Of an element Changes.",hence bloc layout executed immediately property similar breadth element change,"hence, in bloc layout is not executed immediately after a property like the width of an element changes. | BlLayout",hence bloc layout executed immediately property like width element change | bllayout,109,18,0
2330,"[1, 0, 0, 1, 0, 0]","hence, in axis layout is not executed immediately after a belongings similar the Width of an element changes.",hence axis layout executed immediately belonging similar width element change,"hence, in bloc layout is not executed immediately after a property like the width of an element changes. | BlLayout",hence bloc layout executed immediately property like width element change | bllayout,109,18,0
2331,"[1, 0, 0, 1, 0, 0]","Hence, in bloc layout is not Executed immediately later a prop like the breadth of an constituent changes.",hence bloc layout executed immediately later prop like breadth constituent change,"hence, in bloc layout is not executed immediately after a property like the width of an element changes. | BlLayout",hence bloc layout executed immediately property like width element change | bllayout,106,18,0
2332,"[1, 0, 0, 1, 0, 0]","hence, in bloc layout is not execute instantly afterwards a Property like the width of an element changes.",hence bloc layout execute instantly afterwards property like width element change,"hence, in bloc layout is not executed immediately after a property like the width of an element changes. | BlLayout",hence bloc layout executed immediately property like width element change | bllayout,106,18,0
2333,"[1, 0, 0, 1, 0, 0]","hence, in bloc layout is not executed immediately subsequently a property like The breadth of an component changes.",hence bloc layout executed immediately subsequently property like breadth component change,"hence, in bloc layout is not executed immediately after a property like the width of an element changes. | BlLayout",hence bloc layout executed immediately property like width element change | bllayout,115,18,0
2334,"[1, 0, 0, 1, 0, 0]","hence, in axis layout is not fulfil now after a dimension alike the breadth of an component Changes.",hence axis layout fulfil dimension alike breadth component change,"hence, in bloc layout is not executed immediately after a property like the width of an element changes. | BlLayout",hence bloc layout executed immediately property like width element change | bllayout,100,18,0
2335,"[1, 0, 0, 1, 0, 0]","hence, in bloc layout is not execute directly after a prop like the width of an element changes.",hence bloc layout execute directly prop like width element change,"hence, in bloc layout is not executed immediately after a property like the width of an element changes. | BlLayout",hence bloc layout executed immediately property like width element change | bllayout,96,18,0
2336,"[1, 0, 0, 1, 0, 0]","hence, in bloc layout Is not execute immediately after a property corresponding the width Of an factor changes.",hence bloc layout execute immediately property corresponding width factor change,"hence, in bloc layout is not executed immediately after a property like the width of an element changes. | BlLayout",hence bloc layout executed immediately property like width element change | bllayout,111,18,0
2337,"[1, 0, 0, 1, 0, 0]","hence, in bloc layout is not executed instantly after a property care the breadth of an element changes.",hence bloc layout executed instantly property care breadth element change,"hence, in bloc layout is not executed immediately after a property like the width of an element changes. | BlLayout",hence bloc layout executed immediately property like width element change | bllayout,104,18,0
2338,"[1, 0, 0, 1, 0, 0]","Hence, in bloc layout is not executed immediately afterward a property wish the width of an factor changes.",hence bloc layout executed immediately afterward property wish width factor change,"hence, in bloc layout is not executed immediately after a property like the width of an element changes. | BlLayout",hence bloc layout executed immediately property like width element change | bllayout,107,18,0
2339,"[1, 0, 0, 1, 0, 0]","hence, In bloc layout is not executed Immediately after a property like the breadth of an component changes.",hence bloc layout executed immediately property like breadth component change,"hence, in bloc layout is not executed immediately after a property like the width of an element changes. | BlLayout",hence bloc layout executed immediately property like width element change | bllayout,108,18,0
2340,"[1, 0, 0, 1, 0, 0]","hence, in axis layout is not Executed immediately After a prop Like The width of an element changes.",hence axis layout executed immediately prop like width element change,"hence, in bloc layout is not executed immediately after a property like the width of an element changes. | BlLayout",hence bloc layout executed immediately property like width element change | bllayout,100,18,0
2341,"[1, 0, 0, 1, 0, 0]","hence, in bloc layout is not executed immediately after a dimension ilk the width of an element changes.",hence bloc layout executed immediately dimension ilk width element change,"hence, in bloc layout is not executed immediately after a property like the width of an element changes. | BlLayout",hence bloc layout executed immediately property like width element change | bllayout,104,18,0
2342,"[1, 0, 0, 1, 0, 0]","hence, in bloc layout is not perform immediately later a dimension ilk the breadth of an element changes.",hence bloc layout perform immediately later dimension ilk breadth element change,"hence, in bloc layout is not executed immediately after a property like the width of an element changes. | BlLayout",hence bloc layout executed immediately property like width element change | bllayout,105,18,0
2343,"[1, 0, 0, 1, 0, 0]","hence, in bloc layout is not executed immediately after a property like the width of an Element changes.",hence bloc layout executed immediately property like width element change,"hence, in bloc layout is not executed immediately after a property like the width of an element changes. | BlLayout",hence bloc layout executed immediately property like width element change | bllayout,104,18,0
2344,"[1, 0, 0, 1, 0, 0]","Hence, in bloc layout is not executed immediately after a place Like the width of an constituent changes.",hence bloc layout executed immediately place like width constituent change,"hence, in bloc layout is not executed immediately after a property like the width of an element changes. | BlLayout",hence bloc layout executed immediately property like width element change | bllayout,105,18,0
2345,"[1, 0, 0, 1, 0, 0]","hence, in bloc layout Is not executed Immediately afterward a property Like the width of an factor changes.",hence bloc layout executed immediately afterward property like width factor change,"hence, in bloc layout is not executed immediately after a property like the width of an element changes. | BlLayout",hence bloc layout executed immediately property like width element change | bllayout,107,18,0
2346,"[1, 0, 0, 1, 0, 0]","hence, in bloc layout Is Not executed immediately after a property like the width of an factor changes.",hence bloc layout executed immediately property like width factor change,"hence, in bloc layout is not executed immediately after a property like the width of an element changes. | BlLayout",hence bloc layout executed immediately property like width element change | bllayout,103,18,0
2347,"[1, 0, 0, 1, 0, 0]","hence, in bloc layout Is not executed immediately subsequently a property like the width of an element changes.",hence bloc layout executed immediately subsequently property like width element change,"hence, in bloc layout is not executed immediately after a property like the width of an element changes. | BlLayout",hence bloc layout executed immediately property like width element change | bllayout,111,18,0
2348,"[1, 0, 0, 1, 0, 0]","hence, in bloc layout is not run immediately after a property like the width of An element changes.",hence bloc layout run immediately property like width element change,"hence, in bloc layout is not executed immediately after a property like the width of an element changes. | BlLayout",hence bloc layout executed immediately property like width element change | bllayout,99,18,0
2349,"[1, 0, 0, 1, 0, 0]","hence, In bloc layout Is not executed immediately afterward a place same the width of an element changes.",hence bloc layout executed immediately afterward place width element change,"hence, in bloc layout is not executed immediately after a property like the width of an element changes. | BlLayout",hence bloc layout executed immediately property like width element change | bllayout,105,18,0
2350,"[1, 0, 0, 1, 0, 0]","Hence, in axis layout is not executed immediately after a property like the width of an element changes.",hence axis layout executed immediately property like width element change,"hence, in bloc layout is not executed immediately after a property like the width of an element changes. | BlLayout",hence bloc layout executed immediately property like width element change | bllayout,104,18,0
2351,"[1, 0, 0, 1, 0, 0]","hence, in axis layout is not executed immediately subsequently a place similar the width of an element changes.",hence axis layout executed immediately subsequently place similar width element change,"hence, in bloc layout is not executed immediately after a property like the width of an element changes. | BlLayout",hence bloc layout executed immediately property like width element change | bllayout,111,18,0
2352,"[1, 0, 0, 1, 0, 0]","hence, in bloc layout Is not executed immediately after a prop like the width of an element Changes.",hence bloc layout executed immediately prop like width element change,"hence, in bloc layout is not executed immediately after a property like the width of an element changes. | BlLayout",hence bloc layout executed immediately property like width element change | bllayout,100,18,0
2353,"[1, 0, 0, 1, 0, 0]","hence, in Bloc layout is not executed immediately afterwards A property like the width of An element changes.",hence bloc layout executed immediately afterwards property like width element change,"hence, in bloc layout is not executed immediately after a property like the width of an element changes. | BlLayout",hence bloc layout executed immediately property like width element change | bllayout,109,18,0
2354,"[1, 0, 0, 1, 0, 0]","hence, in Bloc layout is not do immediately later a property like the breadth of an element changes.",hence bloc layout immediately later property like breadth element change,"hence, in bloc layout is not executed immediately after a property like the width of an element changes. | BlLayout",hence bloc layout executed immediately property like width element change | bllayout,100,18,0
2355,"[1, 0, 0, 1, 0, 0]","hence, in axis layout is not executed immediately after a property like the width of an ingredient Changes.",hence axis layout executed immediately property like width ingredient change,"hence, in bloc layout is not executed immediately after a property like the width of an element changes. | BlLayout",hence bloc layout executed immediately property like width element change | bllayout,107,18,0
2356,"[1, 0, 0, 1, 0, 0]","hence, In bloc Layout is not executed Immediately after a property like the Width of An element changes.",hence bloc layout executed immediately property like width element change,"hence, in bloc layout is not executed immediately after a property like the width of an element changes. | BlLayout",hence bloc layout executed immediately property like width element change | bllayout,104,18,0
2357,"[1, 0, 0, 1, 0, 0]","hence, in axis layout is not executed straightaway after a property like the width of an factor changes.",hence axis layout executed straightaway property like width factor change,"hence, in bloc layout is not executed immediately after a property like the width of an element changes. | BlLayout",hence bloc layout executed immediately property like width element change | bllayout,104,18,0
2358,"[1, 0, 0, 1, 0, 0]","hence, in bloc layout is Not Executed Immediately after a property like the width of an element changes.",hence bloc layout executed immediately property like width element change,"hence, in bloc layout is not executed immediately after a property like the width of an element changes. | BlLayout",hence bloc layout executed immediately property like width element change | bllayout,104,18,0
2359,"[1, 0, 0, 1, 0, 0]","hence, in bloc layout is not executed immediately afterward a Property like the width Of an element changes.",hence bloc layout executed immediately afterward property like width element change,"hence, in bloc layout is not executed immediately after a property like the width of an element changes. | BlLayout",hence bloc layout executed immediately property like width element change | bllayout,108,18,0
2360,"[1, 0, 0, 1, 0, 0]","hence, in Bloc layout is not executed immediately after a property like the width of an element changes.",hence bloc layout executed immediately property like width element change,"hence, in bloc layout is not executed immediately after a property like the width of an element changes. | BlLayout",hence bloc layout executed immediately property like width element change | bllayout,104,18,0
2361,"[1, 0, 0, 1, 0, 0]","hence, in bloc layout is not executed immediately after a property Like the width of an element changes.",hence bloc layout executed immediately property like width element change,"hence, in bloc layout is not executed immediately after a property like the width of an element changes. | BlLayout",hence bloc layout executed immediately property like width element change | bllayout,104,18,0
2362,"[1, 0, 0, 1, 0, 0]","hence, in axis layout is not executed now after a property wish the width of An element Changes.",hence axis layout executed property wish width element change,"hence, in bloc layout is not executed immediately after a property like the width of an element changes. | BlLayout",hence bloc layout executed immediately property like width element change | bllayout,96,18,0
2363,"[1, 0, 0, 1, 0, 0]","hence, in bloc layout is not Executed immediately subsequently a property comparable the breadth of an ingredient changes.",hence bloc layout executed immediately subsequently property comparable breadth ingredient change,"hence, in bloc layout is not executed immediately after a property like the width of an element changes. | BlLayout",hence bloc layout executed immediately property like width element change | bllayout,122,18,0
2364,"[1, 0, 0, 1, 0, 0]","hence, in bloc layout is not Executed immediately afterward a prop like The width of an element changes.",hence bloc layout executed immediately afterward prop like width element change,"hence, in bloc layout is not executed immediately after a property like the width of an element changes. | BlLayout",hence bloc layout executed immediately property like width element change | bllayout,104,18,0
2365,"[1, 0, 0, 1, 0, 0]","hence, in axis layout is not executed directly afterwards a property like the width of an element changes.",hence axis layout executed directly afterwards property like width element change,"hence, in bloc layout is not executed immediately after a property like the width of an element changes. | BlLayout",hence bloc layout executed immediately property like width element change | bllayout,106,18,0
2366,"[1, 0, 0, 1, 0, 0]","hence, In Bloc layout is not executed immediately after a Property like the width of an element changes.",hence bloc layout executed immediately property like width element change,"hence, in bloc layout is not executed immediately after a property like the width of an element changes. | BlLayout",hence bloc layout executed immediately property like width element change | bllayout,104,18,0
2367,"[1, 0, 0, 1, 0, 0]","hence, in bloc layout is not executed immediately afterwards a property like the breadth of an ingredient changes.",hence bloc layout executed immediately afterwards property like breadth ingredient change,"hence, in bloc layout is not executed immediately after a property like the width of an element changes. | BlLayout",hence bloc layout executed immediately property like width element change | bllayout,114,18,0
2368,"[1, 0, 0, 1, 0, 0]","hence, in bloc layout Is not executed instantly after a property like the width of An factor changes.",hence bloc layout executed instantly property like width factor change,"hence, in bloc layout is not executed immediately after a property like the width of an element changes. | BlLayout",hence bloc layout executed immediately property like width element change | bllayout,101,18,0
2369,"[1, 0, 0, 1, 0, 0]","hence, in Bloc layout is not perform now After a property like the width of An element changes.",hence bloc layout perform property like width element change,"hence, in bloc layout is not executed immediately after a property like the width of an element changes. | BlLayout",hence bloc layout executed immediately property like width element change | bllayout,95,18,0
2370,"[1, 0, 0, 1, 0, 0]","hence, In bloc Layout is Not executed immediately after a property like the width of an element changes.",hence bloc layout executed immediately property like width element change,"hence, in bloc layout is not executed immediately after a property like the width of an element changes. | BlLayout",hence bloc layout executed immediately property like width element change | bllayout,104,18,0
2371,"[1, 0, 0, 1, 0, 0]","hence, In bloc layout is not perform straightaway after a property like The width of an ingredient Changes.",hence bloc layout perform straightaway property like width ingredient change,"hence, in bloc layout is not executed immediately after a property like the width of an element changes. | BlLayout",hence bloc layout executed immediately property like width element change | bllayout,107,18,0
2372,"[1, 0, 0, 1, 0, 0]","hence, in axis Layout is Not accomplish immediately After a property Like the width of an element changes.",hence axis layout accomplish immediately property like width element change,"hence, in bloc layout is not executed immediately after a property like the width of an element changes. | BlLayout",hence bloc layout executed immediately property like width element change | bllayout,106,18,0
2373,"[1, 0, 0, 1, 0, 0]","hence, in bloc layout is not executed immediately later a prop like the width of an element changes.",hence bloc layout executed immediately later prop like width element change,"hence, in bloc layout is not executed immediately after a property like the width of an element changes. | BlLayout",hence bloc layout executed immediately property like width element change | bllayout,100,18,0
2374,"[1, 0, 0, 1, 0, 0]","hence, In bloc layout is not executed immediately after a prop like the width of an Element changes.",hence bloc layout executed immediately prop like width element change,"hence, in bloc layout is not executed immediately after a property like the width of an element changes. | BlLayout",hence bloc layout executed immediately property like width element change | bllayout,100,18,0
2375,"[1, 0, 0, 1, 0, 0]","hence, in bloc layout is not executed Immediately after a property Like the width of an ingredient changes.",hence bloc layout executed immediately property like width ingredient change,"hence, in bloc layout is not executed immediately after a property like the width of an element changes. | BlLayout",hence bloc layout executed immediately property like width element change | bllayout,107,18,0
2376,"[1, 0, 0, 1, 0, 0]","hence, in bloc layout is not executed now after a holding like the width of an element changes.",hence bloc layout executed holding like width element change,"hence, in bloc layout is not executed immediately after a property like the width of an element changes. | BlLayout",hence bloc layout executed immediately property like width element change | bllayout,95,18,0
2377,"[1, 0, 0, 1, 0, 0]","hence, in bloc layout is not Executed immediately after a property like the width of an element changes.",hence bloc layout executed immediately property like width element change,"hence, in bloc layout is not executed immediately after a property like the width of an element changes. | BlLayout",hence bloc layout executed immediately property like width element change | bllayout,104,18,0
2378,"[1, 0, 0, 1, 0, 0]","Hence, in bloc layout is not fulfill immediately after a place similar the width of an element changes.",hence bloc layout fulfill immediately place similar width element change,"hence, in bloc layout is not executed immediately after a property like the width of an element changes. | BlLayout",hence bloc layout executed immediately property like width element change | bllayout,103,18,0
2379,"[1, 0, 0, 1, 0, 0]","hence, in axis Layout Is not Executed immediately after a Property like The breadth of an element changes.",hence axis layout executed immediately property like breadth element change,"hence, in bloc layout is not executed immediately after a property like the width of an element changes. | BlLayout",hence bloc layout executed immediately property like width element change | bllayout,106,18,0
2380,"[1, 0, 0, 1, 0, 0]","hence, in axis layout is not fulfill Immediately subsequently a Property like the breadth of an element changes.",hence axis layout fulfill immediately subsequently property like breadth element change,"hence, in bloc layout is not executed immediately after a property like the width of an element changes. | BlLayout",hence bloc layout executed immediately property like width element change | bllayout,112,18,0
2381,"[1, 0, 0, 1, 0, 0]","hence, in bloc layout is Not executed immediately afterwards a property wish the width of an constituent changes.",hence bloc layout executed immediately afterwards property wish width constituent change,"hence, in bloc layout is not executed immediately after a property like the width of an element changes. | BlLayout",hence bloc layout executed immediately property like width element change | bllayout,113,18,0
2382,"[1, 0, 0, 1, 0, 0]","hence, in axis layout is not run Immediately after a property like the width Of an element changes.",hence axis layout run immediately property like width element change,"hence, in bloc layout is not executed immediately after a property like the width of an element changes. | BlLayout",hence bloc layout executed immediately property like width element change | bllayout,99,18,0
2383,"[1, 0, 0, 1, 0, 0]","hence, In bloc layout Is not executed immediately subsequently a prop Like the breadth of an element changes.",hence bloc layout executed immediately subsequently prop like breadth element change,"hence, in bloc layout is not executed immediately after a property like the width of an element changes. | BlLayout",hence bloc layout executed immediately property like width element change | bllayout,109,18,0
2384,"[1, 0, 0, 1, 0, 0]","hence, In Bloc layout is not executed immediately after a property alike the width Of an element changes.",hence bloc layout executed immediately property alike width element change,"hence, in bloc layout is not executed immediately after a property like the width of an element changes. | BlLayout",hence bloc layout executed immediately property like width element change | bllayout,105,18,0
2385,"[1, 0, 0, 1, 0, 0]","hence, in bloc layout is Not executed immediately after a property like the width of An element changes.",hence bloc layout executed immediately property like width element change,"hence, in bloc layout is not executed immediately after a property like the width of an element changes. | BlLayout",hence bloc layout executed immediately property like width element change | bllayout,104,18,0
2386,"[1, 0, 0, 1, 0, 0]","hence, in Bloc layout is not perform immediately after a property ilk the width of an element changes.",hence bloc layout perform immediately property ilk width element change,"hence, in bloc layout is not executed immediately after a property like the width of an element changes. | BlLayout",hence bloc layout executed immediately property like width element change | bllayout,102,18,0
2387,"[1, 0, 0, 1, 0, 0]","Hence, in axis layout is not accomplish Immediately later a property like the breadth of an element changes.",hence axis layout accomplish immediately later property like breadth element change,"hence, in bloc layout is not executed immediately after a property like the width of an element changes. | BlLayout",hence bloc layout executed immediately property like width element change | bllayout,108,18,0
2388,"[1, 0, 0, 1, 0, 0]","hence, in axis layout is not executed forthwith afterward a property like the width of an element changes.",hence axis layout executed forthwith afterward property like width element change,"hence, in bloc layout is not executed immediately after a property like the width of an element changes. | BlLayout",hence bloc layout executed immediately property like width element change | bllayout,106,18,0
2389,"[1, 0, 0, 1, 0, 0]","hence, in axis layout is not executed instantly after a property like the width of an component Changes.",hence axis layout executed instantly property like width component change,"hence, in bloc layout is not executed immediately after a property like the width of an element changes. | BlLayout",hence bloc layout executed immediately property like width element change | bllayout,104,18,0
2390,"[1, 0, 0, 1, 0, 0]","hence, in bloc layout is not execute immediately later a property Like the width of an element changes.",hence bloc layout execute immediately later property like width element change,"hence, in bloc layout is not executed immediately after a property like the width of an element changes. | BlLayout",hence bloc layout executed immediately property like width element change | bllayout,103,18,0
2391,"[1, 0, 0, 1, 0, 0]","hence, in bloc layout is not do immediately after a property like the width of an element changes.",hence bloc layout immediately property like width element change,"hence, in bloc layout is not executed immediately after a property like the width of an element changes. | BlLayout",hence bloc layout executed immediately property like width element change | bllayout,98,18,0
2392,"[1, 0, 0, 1, 0, 0]","hence, in bloc layout Is not executed immediately after a property similar the width of An component changes.",hence bloc layout executed immediately property similar width component change,"hence, in bloc layout is not executed immediately after a property like the width of an element changes. | BlLayout",hence bloc layout executed immediately property like width element change | bllayout,109,18,0
2393,"[1, 0, 0, 1, 0, 0]","hence, in bloc layout is not execute now after a property same the width of an factor Changes.",hence bloc layout execute property width factor change,"hence, in bloc layout is not executed immediately after a property like the width of an element changes. | BlLayout",hence bloc layout executed immediately property like width element change | bllayout,94,18,0
2394,"[1, 0, 0, 1, 0, 0]","hence, in bloc layout is not executed immediately subsequently A property like the width of an constituent Changes.",hence bloc layout executed immediately subsequently property like width constituent change,"hence, in bloc layout is not executed immediately after a property like the width of an element changes. | BlLayout",hence bloc layout executed immediately property like width element change | bllayout,115,18,0
2395,"[1, 0, 0, 1, 0, 0]","hence, in bloc layout is not executed instantly after a property comparable the width of An Element changes.",hence bloc layout executed instantly property comparable width element change,"hence, in bloc layout is not executed immediately after a property like the width of an element changes. | BlLayout",hence bloc layout executed immediately property like width element change | bllayout,108,18,0
2396,"[1, 0, 0, 1, 0, 0]","hence, in axis layout is not executed immediately after a property same the breadth of an factor changes.",hence axis layout executed immediately property breadth factor change,"hence, in bloc layout is not executed immediately after a property like the width of an element changes. | BlLayout",hence bloc layout executed immediately property like width element change | bllayout,105,18,0
2397,"[1, 0, 0, 1, 0, 0]","hence, in bloc layout is Not action now afterward a property care the breadth of an constituent changes.",hence bloc layout action afterward property care breadth constituent change,"hence, in bloc layout is not executed immediately after a property like the width of an element changes. | BlLayout",hence bloc layout executed immediately property like width element change | bllayout,104,18,0
2398,"[1, 0, 0, 1, 0, 0]","hence, In axis Layout is not run immediately after a Property alike the breadth Of an element changes.",hence axis layout run immediately property alike breadth element change,"hence, in bloc layout is not executed immediately after a property like the width of an element changes. | BlLayout",hence bloc layout executed immediately property like width element change | bllayout,102,18,0
2399,"[1, 0, 0, 1, 0, 0]","Hence, in axis layout is not executed Immediately after a property corresponding the width Of an element changes.",hence axis layout executed immediately property corresponding width element change,"hence, in bloc layout is not executed immediately after a property like the width of an element changes. | BlLayout",hence bloc layout executed immediately property like width element change | bllayout,113,18,0
2400,"[1, 0, 0, 1, 0, 0]","hence, in bloc layout is not execute immediately after a attribute similar the width of an element changes.",hence bloc layout execute immediately attribute similar width element change,"hence, in bloc layout is not executed immediately after a property like the width of an element changes. | BlLayout",hence bloc layout executed immediately property like width element change | bllayout,107,18,0
2401,"[1, 0, 0, 1, 0, 0]","hence, in bloc Layout is not executed immediately after a property like The width of an Element changes.",hence bloc layout executed immediately property like width element change,"hence, in bloc layout is not executed immediately after a property like the width of an element changes. | BlLayout",hence bloc layout executed immediately property like width element change | bllayout,104,18,0
2402,"[1, 0, 0, 1, 0, 0]","hence, in bloc layout Is not fulfill immediately after a holding like the breadth of an constituent changes.",hence bloc layout fulfill immediately holding like breadth constituent change,"hence, in bloc layout is not executed immediately after a property like the width of an element changes. | BlLayout",hence bloc layout executed immediately property like width element change | bllayout,108,18,0
2403,"[1, 0, 0, 1, 0, 0]","hence, in bloc layout is not executed directly after a property like the width of an element changes.",hence bloc layout executed directly property like width element change,"hence, in bloc layout is not executed immediately after a property like the width of an element changes. | BlLayout",hence bloc layout executed immediately property like width element change | bllayout,101,18,0
2404,"[1, 0, 0, 1, 0, 0]","hence, in bloc layout Is not executed now subsequently a property Like the breadth of an element changes.",hence bloc layout executed subsequently property like breadth element change,"hence, in bloc layout is not executed immediately after a property like the width of an element changes. | BlLayout",hence bloc layout executed immediately property like width element change | bllayout,105,18,0
2405,"[1, 0, 0, 1, 0, 0]","hence, in bloc Layout is not action immediately after a property wish the Width of an Element changes.",hence bloc layout action immediately property wish width element change,"hence, in bloc layout is not executed immediately after a property like the width of an element changes. | BlLayout",hence bloc layout executed immediately property like width element change | bllayout,102,18,0
2406,"[1, 0, 0, 1, 0, 0]","hence, in bloc layout is not executed straightaway After a Property like the width of an Element Changes.",hence bloc layout executed straightaway property like width element change,"hence, in bloc layout is not executed immediately after a property like the width of an element changes. | BlLayout",hence bloc layout executed immediately property like width element change | bllayout,105,18,0
2407,"[1, 0, 0, 1, 0, 0]","hence, in bloc layout is not executed directly after a property like the width of An element changes.",hence bloc layout executed directly property like width element change,"hence, in bloc layout is not executed immediately after a property like the width of an element changes. | BlLayout",hence bloc layout executed immediately property like width element change | bllayout,101,18,0
2408,"[1, 0, 0, 1, 0, 0]","hence, in Bloc layout Is not executed immediately after a property like the width of an element changes.",hence bloc layout executed immediately property like width element change,"hence, in bloc layout is not executed immediately after a property like the width of an element changes. | BlLayout",hence bloc layout executed immediately property like width element change | bllayout,104,18,0
2409,"[1, 0, 0, 1, 0, 0]","hence, in bloc layout is not executed immediately After A property alike the width of an element changes.",hence bloc layout executed immediately property alike width element change,"hence, in bloc layout is not executed immediately after a property like the width of an element changes. | BlLayout",hence bloc layout executed immediately property like width element change | bllayout,105,18,0
2410,"[1, 0, 0, 1, 0, 0]","hence, in bloc layout is not executed immediately subsequently a property like the width of an element changes.",hence bloc layout executed immediately subsequently property like width element change,"hence, in bloc layout is not executed immediately after a property like the width of an element changes. | BlLayout",hence bloc layout executed immediately property like width element change | bllayout,111,18,0
2411,"[0, 1, 0, 0, 0, 1]","there is no perfect strategy, therefore understanding the remainder between them is an important pace in learning How to work with textbook in bloc.",perfect strategy therefore understanding remainder important pace learning work textbook bloc,"there is no perfect strategy, therefore understanding the differences between them is an important step in learning how to work with text in bloc. | BlTextElementMeasurementStrategyExamples",perfect strategy therefore understanding difference important step learning work text bloc | bltextelementmeasurementstrategyexamples,148,24,0
2412,"[0, 1, 0, 0, 0, 1]","thither is no perfect strategy, therefore understanding the differences between them is an important step in learning how to work with text in bloc.",thither perfect strategy therefore understanding difference important step learning work text bloc,"there is no perfect strategy, therefore understanding the differences between them is an important step in learning how to work with text in bloc. | BlTextElementMeasurementStrategyExamples",perfect strategy therefore understanding difference important step learning work text bloc | bltextelementmeasurementstrategyexamples,148,24,0
2413,"[0, 1, 0, 0, 0, 1]","there is no perfect strategy, therefore sympathize the dispute between them is an crucial maltreat in learning how to work with textbook in bloc.",perfect strategy therefore sympathize dispute crucial maltreat learning work textbook bloc,"there is no perfect strategy, therefore understanding the differences between them is an important step in learning how to work with text in bloc. | BlTextElementMeasurementStrategyExamples",perfect strategy therefore understanding difference important step learning work text bloc | bltextelementmeasurementstrategyexamples,145,24,0
2414,"[0, 1, 0, 0, 0, 1]","there is no perfect Strategy, therefore understanding the Differences betwixt them is an authoritative step in learning how to work with textbook In bloc.",perfect strategy therefore understanding difference betwixt authoritative step learning work textbook bloc,"there is no perfect strategy, therefore understanding the differences between them is an important step in learning how to work with text in bloc. | BlTextElementMeasurementStrategyExamples",perfect strategy therefore understanding difference important step learning work text bloc | bltextelementmeasurementstrategyexamples,154,24,0
2415,"[0, 1, 0, 0, 0, 1]","thither is No perfect strategy, so Understanding the differences betwixt Them is an Important step in learning how to work with text in bloc.",thither perfect strategy understanding difference betwixt important step learning work text bloc,"there is no perfect strategy, therefore understanding the differences between them is an important step in learning how to work with text in bloc. | BlTextElementMeasurementStrategyExamples",perfect strategy therefore understanding difference important step learning work text bloc | bltextelementmeasurementstrategyexamples,141,24,0
2416,"[0, 1, 0, 0, 0, 1]","There is no perfect strategy, therefore understanding the deviation betwixt them is an important step in learning how to make with textbook in bloc.",perfect strategy therefore understanding deviation betwixt important step learning make textbook bloc,"there is no perfect strategy, therefore understanding the differences between them is an important step in learning how to work with text in bloc. | BlTextElementMeasurementStrategyExamples",perfect strategy therefore understanding difference important step learning work text bloc | bltextelementmeasurementstrategyexamples,148,24,0
2417,"[0, 1, 0, 0, 0, 1]","thither is no perfect strategy, thus sympathize the departure betwixt them is an Important step in learning how to shape with schoolbook in bloc.",thither perfect strategy thus sympathize departure betwixt important step learning shape schoolbook bloc,"there is no perfect strategy, therefore understanding the differences between them is an important step in learning how to work with text in bloc. | BlTextElementMeasurementStrategyExamples",perfect strategy therefore understanding difference important step learning work text bloc | bltextelementmeasurementstrategyexamples,145,24,0
2418,"[0, 1, 0, 0, 0, 1]","There is no perfect strategy, therefore understanding the differences between them is an important Step in learn how to work With Text in bloc.",perfect strategy therefore understanding difference important step learn work text bloc,"there is no perfect strategy, therefore understanding the differences between them is an important step in learning how to work with text in bloc. | BlTextElementMeasurementStrategyExamples",perfect strategy therefore understanding difference important step learning work text bloc | bltextelementmeasurementstrategyexamples,143,24,0
2419,"[0, 1, 0, 0, 0, 1]","There is no Perfect strategy, therefore understanding the dispute betwixt them is An important step in learning how to mold with textbook in bloc.",perfect strategy therefore understanding dispute betwixt important step learning mold textbook bloc,"there is no perfect strategy, therefore understanding the differences between them is an important step in learning how to work with text in bloc. | BlTextElementMeasurementStrategyExamples",perfect strategy therefore understanding difference important step learning work text bloc | bltextelementmeasurementstrategyexamples,146,24,0
2420,"[0, 1, 0, 0, 0, 1]","thither Is no hone strategy, therefore understanding the differences between them is an authoritative gradation In encyclopaedism how to Work with text In bloc.",thither hone strategy therefore understanding difference authoritative gradation encyclopaedism work text bloc,"there is no perfect strategy, therefore understanding the differences between them is an important step in learning how to work with text in bloc. | BlTextElementMeasurementStrategyExamples",perfect strategy therefore understanding difference important step learning work text bloc | bltextelementmeasurementstrategyexamples,160,24,0
2421,"[0, 1, 0, 0, 0, 1]","thither is no perfect strategy, so understanding the differences between them is An important step in read How to work with schoolbook in bloc.",thither perfect strategy understanding difference important step read work schoolbook bloc,"there is no perfect strategy, therefore understanding the differences between them is an important step in learning how to work with text in bloc. | BlTextElementMeasurementStrategyExamples",perfect strategy therefore understanding difference important step learning work text bloc | bltextelementmeasurementstrategyexamples,143,24,0
2422,"[0, 1, 0, 0, 0, 1]","there is no perfect strategy, hence understanding the remainder between Them is an important step in study how to work with text in bloc.",perfect strategy hence understanding remainder important step study work text bloc,"there is no perfect strategy, therefore understanding the differences between them is an important step in learning how to work with text in bloc. | BlTextElementMeasurementStrategyExamples",perfect strategy therefore understanding difference important step learning work text bloc | bltextelementmeasurementstrategyexamples,137,24,0
2423,"[0, 1, 0, 0, 0, 1]","There is no perfect strategy, thence understanding the Differences between them is an Important step in learning how to work with textbook in bloc.",perfect strategy thence understanding difference important step learning work textbook bloc,"there is no perfect strategy, therefore understanding the differences between them is an important step in learning how to work with text in bloc. | BlTextElementMeasurementStrategyExamples",perfect strategy therefore understanding difference important step learning work text bloc | bltextelementmeasurementstrategyexamples,147,24,0
2424,"[0, 1, 0, 0, 0, 1]","there is no perfect Strategy, therefore understanding The differences between them is an important stair in learning how to work with textbook In bloc.",perfect strategy therefore understanding difference important stair learning work textbook bloc,"there is no perfect strategy, therefore understanding the differences between them is an important step in learning how to work with text in bloc. | BlTextElementMeasurementStrategyExamples",perfect strategy therefore understanding difference important step learning work text bloc | bltextelementmeasurementstrategyexamples,151,24,0
2425,"[0, 1, 0, 0, 0, 1]","there is no perfect strategy, therefore understanding The differences between them is an important step in Learning how to work with text in Bloc.",perfect strategy therefore understanding difference important step learning work text bloc,"there is no perfect strategy, therefore understanding the differences between them is an important step in learning how to work with text in bloc. | BlTextElementMeasurementStrategyExamples",perfect strategy therefore understanding difference important step learning work text bloc | bltextelementmeasurementstrategyexamples,146,24,0
2426,"[0, 1, 0, 0, 0, 1]","there is no unadulterated strategy, Therefore understanding the differences between them is an authoritative step in learning how to work with text in bloc.",unadulterated strategy therefore understanding difference authoritative step learning work text bloc,"there is no perfect strategy, therefore understanding the differences between them is an important step in learning how to work with text in bloc. | BlTextElementMeasurementStrategyExamples",perfect strategy therefore understanding difference important step learning work text bloc | bltextelementmeasurementstrategyexamples,156,24,0
2427,"[0, 1, 0, 0, 0, 1]","there is no perfect strategy, therefore empathize the differences Between them is an crucial step in learning how to work with text in bloc.",perfect strategy therefore empathize difference crucial step learning work text bloc,"there is no perfect strategy, therefore understanding the differences between them is an important step in learning how to work with text in bloc. | BlTextElementMeasurementStrategyExamples",perfect strategy therefore understanding difference important step learning work text bloc | bltextelementmeasurementstrategyexamples,140,24,0
2428,"[0, 1, 0, 0, 0, 1]","there is no perfect strategy, Therefore translate the differences betwixt Them is an crucial step in read how to knead With textbook in bloc.",perfect strategy therefore translate difference betwixt crucial step read knead textbook bloc,"there is no perfect strategy, therefore understanding the differences between them is an important step in learning how to work with text in bloc. | BlTextElementMeasurementStrategyExamples",perfect strategy therefore understanding difference important step learning work text bloc | bltextelementmeasurementstrategyexamples,141,24,0
2429,"[0, 1, 0, 0, 0, 1]","There is No perfect strategy, therefore understanding the differences betwixt them is an Important step In learning how to solve with textbook in bloc.",perfect strategy therefore understanding difference betwixt important step learning solve textbook bloc,"there is no perfect strategy, therefore understanding the differences between them is an important step in learning how to work with text in bloc. | BlTextElementMeasurementStrategyExamples",perfect strategy therefore understanding difference important step learning work text bloc | bltextelementmeasurementstrategyexamples,151,24,0
2430,"[0, 1, 0, 0, 0, 1]","there is no Perfect strategy, therefore understanding the departure between them is an important stair in learning How to work with text in Bloc.",perfect strategy therefore understanding departure important stair learning work text bloc,"there is no perfect strategy, therefore understanding the differences between them is an important step in learning how to work with text in bloc. | BlTextElementMeasurementStrategyExamples",perfect strategy therefore understanding difference important step learning work text bloc | bltextelementmeasurementstrategyexamples,145,24,0
2431,"[0, 1, 0, 0, 0, 1]","there is no perfect strategy, therefore Understanding the differences betwixt them is an authoritative step in learning how to Work with text in bloc.",perfect strategy therefore understanding difference betwixt authoritative step learning work text bloc,"there is no perfect strategy, therefore understanding the differences between them is an important step in learning how to work with text in bloc. | BlTextElementMeasurementStrategyExamples",perfect strategy therefore understanding difference important step learning work text bloc | bltextelementmeasurementstrategyexamples,150,24,0
2432,"[0, 1, 0, 0, 0, 1]","thither is no perfect strategy, Therefore understanding the Differences betwixt them is An important step in con how to exercise with textbook in bloc.",thither perfect strategy therefore understanding difference betwixt important step con exercise textbook bloc,"there is no perfect strategy, therefore understanding the differences between them is an important step in learning how to work with text in bloc. | BlTextElementMeasurementStrategyExamples",perfect strategy therefore understanding difference important step learning work text bloc | bltextelementmeasurementstrategyexamples,151,24,0
2433,"[0, 1, 0, 0, 0, 1]","there Is no thoroughgoing strategy, hence understanding the differences Between them is an important step in acquisition how to work with text in bloc.",thoroughgoing strategy hence understanding difference important step acquisition work text bloc,"there is no perfect strategy, therefore understanding the differences between them is an important step in learning how to work with text in bloc. | BlTextElementMeasurementStrategyExamples",perfect strategy therefore understanding difference important step learning work text bloc | bltextelementmeasurementstrategyexamples,151,24,0
2434,"[0, 1, 0, 0, 0, 1]","there is no everlasting strategy, thence agreement the difference Between them is an important tone in learning how to Work with text in bloc.",everlasting strategy thence agreement difference important tone learning work text bloc,"there is no perfect strategy, therefore understanding the differences between them is an important step in learning how to work with text in bloc. | BlTextElementMeasurementStrategyExamples",perfect strategy therefore understanding difference important step learning work text bloc | bltextelementmeasurementstrategyexamples,142,24,0
2435,"[0, 1, 0, 0, 0, 1]","there is no perfect strategy, therefore understanding the deviation betwixt them is an crucial step in Learning how to Work with textbook In bloc.",perfect strategy therefore understanding deviation betwixt crucial step learning work textbook bloc,"there is no perfect strategy, therefore understanding the differences between them is an important step in learning how to work with text in bloc. | BlTextElementMeasurementStrategyExamples",perfect strategy therefore understanding difference important step learning work text bloc | bltextelementmeasurementstrategyexamples,146,24,0
2436,"[0, 1, 0, 0, 0, 1]","there is no perfect strategy, thence understanding the differences between them is An important pace in learning how to work with Text In bloc.",perfect strategy thence understanding difference important pace learning work text bloc,"there is no perfect strategy, therefore understanding the differences between them is an important step in learning how to work with text in bloc. | BlTextElementMeasurementStrategyExamples",perfect strategy therefore understanding difference important step learning work text bloc | bltextelementmeasurementstrategyexamples,143,24,0
2437,"[0, 1, 0, 0, 0, 1]","there is no perfect Strategy, therefore understanding the deviation between them is an authoritative step in learning how To Work with text in bloc.",perfect strategy therefore understanding deviation authoritative step learning work text bloc,"there is no perfect strategy, therefore understanding the differences between them is an important step in learning how to work with text in bloc. | BlTextElementMeasurementStrategyExamples",perfect strategy therefore understanding difference important step learning work text bloc | bltextelementmeasurementstrategyexamples,148,24,0
2438,"[0, 1, 0, 0, 0, 1]","There is no perfect strategy, consequently understanding the differences betwixt them is an important footmark in Learning how to oeuvre With text In bloc.",perfect strategy consequently understanding difference betwixt important footmark learning oeuvre text bloc,"there is no perfect strategy, therefore understanding the differences between them is an important step in learning how to work with text in bloc. | BlTextElementMeasurementStrategyExamples",perfect strategy therefore understanding difference important step learning work text bloc | bltextelementmeasurementstrategyexamples,155,24,0
2439,"[0, 1, 0, 0, 0, 1]","there is no perfect strategy, therefore understanding the differences between them is an significant step in eruditeness how to Work with text in bloc.",perfect strategy therefore understanding difference significant step eruditeness work text bloc,"there is no perfect strategy, therefore understanding the differences between them is an important step in learning how to work with text in bloc. | BlTextElementMeasurementStrategyExamples",perfect strategy therefore understanding difference important step learning work text bloc | bltextelementmeasurementstrategyexamples,151,24,0
2440,"[0, 1, 0, 0, 0, 1]","thither Is no perfect strategy, therefore apprehension the differences betwixt them Is an important step in learning how to work with text in bloc.",thither perfect strategy therefore apprehension difference betwixt important step learning work text bloc,"there is no perfect strategy, therefore understanding the differences between them is an important step in learning how to work with text in bloc. | BlTextElementMeasurementStrategyExamples",perfect strategy therefore understanding difference important step learning work text bloc | bltextelementmeasurementstrategyexamples,147,24,0
2441,"[0, 1, 0, 0, 0, 1]","there is no gross Strategy, therefore Understanding the differences between them is an important step in learning how to work with textbook in Bloc.",gross strategy therefore understanding difference important step learning work textbook bloc,"there is no perfect strategy, therefore understanding the differences between them is an important step in learning how to work with text in bloc. | BlTextElementMeasurementStrategyExamples",perfect strategy therefore understanding difference important step learning work text bloc | bltextelementmeasurementstrategyexamples,148,24,0
2442,"[0, 1, 0, 0, 0, 1]","There is no perfect strategy, therefore understanding The differences betwixt them is an important Step in learning how to work with text in bloc.",perfect strategy therefore understanding difference betwixt important step learning work text bloc,"there is no perfect strategy, therefore understanding the differences between them is an important step in learning how to work with text in bloc. | BlTextElementMeasurementStrategyExamples",perfect strategy therefore understanding difference important step learning work text bloc | bltextelementmeasurementstrategyexamples,146,24,0
2443,"[0, 1, 0, 0, 0, 1]","there is no consummate strategy, therefore read the differences Between them is an Important step in learning how To work with text in bloc.",consummate strategy therefore read difference important step learning work text bloc,"there is no perfect strategy, therefore understanding the differences between them is an important step in learning how to work with text in bloc. | BlTextElementMeasurementStrategyExamples",perfect strategy therefore understanding difference important step learning work text bloc | bltextelementmeasurementstrategyexamples,140,24,0
2444,"[0, 1, 0, 0, 0, 1]","thither is no perfect strategy, consequently understanding the Differences between them is an important footprint in learning how to work with textbook in bloc.",thither perfect strategy consequently understanding difference important footprint learning work textbook bloc,"there is no perfect strategy, therefore understanding the differences between them is an important step in learning how to work with text in bloc. | BlTextElementMeasurementStrategyExamples",perfect strategy therefore understanding difference important step learning work text bloc | bltextelementmeasurementstrategyexamples,160,24,0
2445,"[0, 1, 0, 0, 0, 1]","there is no perfect strategy, therefore reason the divergence Between them is an important maltreat in learning how to Work with Text in bloc.",perfect strategy therefore reason divergence important maltreat learning work text bloc,"there is no perfect strategy, therefore understanding the differences between them is an important step in learning how to work with text in bloc. | BlTextElementMeasurementStrategyExamples",perfect strategy therefore understanding difference important step learning work text bloc | bltextelementmeasurementstrategyexamples,142,24,0
2446,"[0, 1, 0, 0, 0, 1]","there is no arrant strategy, therefore see the differences betwixt them is an important footmark in see how to Work with text in bloc.",arrant strategy therefore see difference betwixt important footmark see work text bloc,"there is no perfect strategy, therefore understanding the differences between them is an important step in learning how to work with text in bloc. | BlTextElementMeasurementStrategyExamples",perfect strategy therefore understanding difference important step learning work text bloc | bltextelementmeasurementstrategyexamples,134,24,0
2447,"[0, 1, 0, 0, 0, 1]","there is no everlasting strategy, consequently understanding the differences between them is an important step in instruct how to Work With schoolbook in bloc.",everlasting strategy consequently understanding difference important step instruct work schoolbook bloc,"there is no perfect strategy, therefore understanding the differences between them is an important step in learning how to work with text in bloc. | BlTextElementMeasurementStrategyExamples",perfect strategy therefore understanding difference important step learning work text bloc | bltextelementmeasurementstrategyexamples,159,24,0
2448,"[0, 1, 0, 0, 0, 1]","there is no hone strategy, therefore understanding the differences between them is an Important stair in Learning How to forge with text in bloc.",hone strategy therefore understanding difference important stair learning forge text bloc,"there is no perfect strategy, therefore understanding the differences between them is an important step in learning how to work with text in bloc. | BlTextElementMeasurementStrategyExamples",perfect strategy therefore understanding difference important step learning work text bloc | bltextelementmeasurementstrategyexamples,145,24,0
2449,"[0, 1, 0, 0, 0, 1]","there is no perfect strategy, therefore understanding the differences between them is an important step in con how to work With Text In bloc.",perfect strategy therefore understanding difference important step con work text bloc,"there is no perfect strategy, therefore understanding the differences between them is an important step in learning how to work with text in bloc. | BlTextElementMeasurementStrategyExamples",perfect strategy therefore understanding difference important step learning work text bloc | bltextelementmeasurementstrategyexamples,141,24,0
2450,"[0, 1, 0, 0, 0, 1]","there is no perfect strategy, therefore understanding the differences betwixt them is an important tone in Learning how To Work with text In bloc.",perfect strategy therefore understanding difference betwixt important tone learning work text bloc,"there is no perfect strategy, therefore understanding the differences between them is an important step in learning how to work with text in bloc. | BlTextElementMeasurementStrategyExamples",perfect strategy therefore understanding difference important step learning work text bloc | bltextelementmeasurementstrategyexamples,146,24,0
2451,"[0, 1, 0, 0, 0, 1]","there is no perfect strategy, therefore understanding the differences betwixt them is an important step in learning how to Work with text in Bloc.",perfect strategy therefore understanding difference betwixt important step learning work text bloc,"there is no perfect strategy, therefore understanding the differences between them is an important step in learning how to work with text in bloc. | BlTextElementMeasurementStrategyExamples",perfect strategy therefore understanding difference important step learning work text bloc | bltextelementmeasurementstrategyexamples,146,24,0
2452,"[0, 1, 0, 0, 0, 1]","there is no perfect strategy, Therefore understanding the Differences betwixt them is an important step in learning how to work With Text in bloc.",perfect strategy therefore understanding difference betwixt important step learning work text bloc,"there is no perfect strategy, therefore understanding the differences between them is an important step in learning how to work with text in bloc. | BlTextElementMeasurementStrategyExamples",perfect strategy therefore understanding difference important step learning work text bloc | bltextelementmeasurementstrategyexamples,146,24,0
2453,"[0, 1, 0, 0, 0, 1]","there Is no perfect strategy, thus infer the differences between them is an important step In watch how to work with text in Bloc.",perfect strategy thus infer difference important step watch work text bloc,"there is no perfect strategy, therefore understanding the differences between them is an important step in learning how to work with text in bloc. | BlTextElementMeasurementStrategyExamples",perfect strategy therefore understanding difference important step learning work text bloc | bltextelementmeasurementstrategyexamples,130,24,0
2454,"[0, 1, 0, 0, 0, 1]","thither is no perfect Strategy, hence understanding the remainder between them Is an important step in learning how to work with text In bloc.",thither perfect strategy hence understanding remainder important step learning work text bloc,"there is no perfect strategy, therefore understanding the differences between them is an important step in learning how to work with text in bloc. | BlTextElementMeasurementStrategyExamples",perfect strategy therefore understanding difference important step learning work text bloc | bltextelementmeasurementstrategyexamples,142,24,0
2455,"[0, 1, 0, 0, 0, 1]","thither is no perfect strategy, therefore understanding the Differences between them is an authoritative step in learning how to sour with Text in bloc.",thither perfect strategy therefore understanding difference authoritative step learning sour text bloc,"there is no perfect strategy, therefore understanding the differences between them is an important step in learning how to work with text in bloc. | BlTextElementMeasurementStrategyExamples",perfect strategy therefore understanding difference important step learning work text bloc | bltextelementmeasurementstrategyexamples,152,24,0
2456,"[0, 1, 0, 0, 0, 1]","there is no perfect Strategy, therefore understanding the differences between them is an important step in Learning how To work with text in bloc.",perfect strategy therefore understanding difference important step learning work text bloc,"there is no perfect strategy, therefore understanding the differences between them is an important step in learning how to work with text in bloc. | BlTextElementMeasurementStrategyExamples",perfect strategy therefore understanding difference important step learning work text bloc | bltextelementmeasurementstrategyexamples,146,24,0
2457,"[0, 1, 0, 0, 0, 1]","thither is no complete Strategy, therefore understanding the differences between them is An important step in learning how to work with text In bloc.",thither complete strategy therefore understanding difference important step learning work text bloc,"there is no perfect strategy, therefore understanding the differences between them is an important step in learning how to work with text in bloc. | BlTextElementMeasurementStrategyExamples",perfect strategy therefore understanding difference important step learning work text bloc | bltextelementmeasurementstrategyexamples,149,24,0
2458,"[0, 1, 0, 0, 0, 1]","there is no staring strategy, therefore understanding the Differences between them is an important step in scholarship how to work with text in bloc.",staring strategy therefore understanding difference important step scholarship work text bloc,"there is no perfect strategy, therefore understanding the differences between them is an important step in learning how to work with text in bloc. | BlTextElementMeasurementStrategyExamples",perfect strategy therefore understanding difference important step learning work text bloc | bltextelementmeasurementstrategyexamples,149,24,0
2459,"[0, 1, 0, 0, 0, 1]","there is no perfect strategy, therefore agreement the differences between them is an important step in learning how to work with text in bloc.",perfect strategy therefore agreement difference important step learning work text bloc,"there is no perfect strategy, therefore understanding the differences between them is an important step in learning how to work with text in bloc. | BlTextElementMeasurementStrategyExamples",perfect strategy therefore understanding difference important step learning work text bloc | bltextelementmeasurementstrategyexamples,142,24,0
2460,"[0, 1, 0, 0, 0, 1]","there is no perfect strategy, therefore understanding the dispute between them is an crucial step in learning how to work with text In bloc.",perfect strategy therefore understanding dispute crucial step learning work text bloc,"there is no perfect strategy, therefore understanding the differences between them is an important step in learning how to work with text in bloc. | BlTextElementMeasurementStrategyExamples",perfect strategy therefore understanding difference important step learning work text bloc | bltextelementmeasurementstrategyexamples,140,24,0
2461,"[0, 1, 0, 0, 0, 1]","There is No perfect strategy, therefore understanding the difference between them is an important step in learning how to work with text in bloc.",perfect strategy therefore understanding difference important step learning work text bloc,"there is no perfect strategy, therefore understanding the differences between them is an important step in learning how to work with text in bloc. | BlTextElementMeasurementStrategyExamples",perfect strategy therefore understanding difference important step learning work text bloc | bltextelementmeasurementstrategyexamples,145,24,0
2462,"[0, 1, 0, 0, 0, 1]","There is no everlasting strategy, thus translate The differences betwixt them is an authoritative step in learning how to work with text In bloc.",everlasting strategy thus translate difference betwixt authoritative step learning work text bloc,"there is no perfect strategy, therefore understanding the differences between them is an important step in learning how to work with text in bloc. | BlTextElementMeasurementStrategyExamples",perfect strategy therefore understanding difference important step learning work text bloc | bltextelementmeasurementstrategyexamples,145,24,0
2463,"[0, 1, 0, 0, 0, 1]","there is no perfect strategy, Therefore understanding the Differences between them is an crucial step in Learning how To work with text in bloc.",perfect strategy therefore understanding difference crucial step learning work text bloc,"there is no perfect strategy, therefore understanding the differences between them is an important step in learning how to work with text in bloc. | BlTextElementMeasurementStrategyExamples",perfect strategy therefore understanding difference important step learning work text bloc | bltextelementmeasurementstrategyexamples,144,24,0
2464,"[0, 1, 0, 0, 0, 1]","there is no perfect strategy, therefore agreement the differences between them Is an authoritative step in instruct how to Work with text in bloc.",perfect strategy therefore agreement difference authoritative step instruct work text bloc,"there is no perfect strategy, therefore understanding the differences between them is an important step in learning how to work with text in bloc. | BlTextElementMeasurementStrategyExamples",perfect strategy therefore understanding difference important step learning work text bloc | bltextelementmeasurementstrategyexamples,146,24,0
2465,"[0, 1, 0, 0, 0, 1]","thither is no gross strategy, therefore understanding the differences Between them is an important step in encyclopaedism how to work with text in bloc.",thither gross strategy therefore understanding difference important step encyclopaedism work text bloc,"there is no perfect strategy, therefore understanding the differences between them is an important step in learning how to work with text in bloc. | BlTextElementMeasurementStrategyExamples",perfect strategy therefore understanding difference important step learning work text bloc | bltextelementmeasurementstrategyexamples,152,24,0
2466,"[0, 1, 0, 0, 0, 1]","there is no perfect strategy, Therefore understanding the differences betwixt them is an important step in learning how to shape with text in Bloc.",perfect strategy therefore understanding difference betwixt important step learning shape text bloc,"there is no perfect strategy, therefore understanding the differences between them is an important step in learning how to work with text in bloc. | BlTextElementMeasurementStrategyExamples",perfect strategy therefore understanding difference important step learning work text bloc | bltextelementmeasurementstrategyexamples,147,24,0
2467,"[0, 1, 0, 0, 0, 1]","thither is No perfect strategy, therefore understanding the differences between Them is an crucial step in erudition how To work With text in Bloc.",thither perfect strategy therefore understanding difference crucial step erudition work text bloc,"there is no perfect strategy, therefore understanding the differences between them is an important step in learning how to work with text in bloc. | BlTextElementMeasurementStrategyExamples",perfect strategy therefore understanding difference important step learning work text bloc | bltextelementmeasurementstrategyexamples,147,24,0
2468,"[0, 1, 0, 0, 0, 1]","thither Is no perfect strategy, thence understanding the Differences betwixt them is an significant step in learning how to work with schoolbook in bloc.",thither perfect strategy thence understanding difference betwixt significant step learning work schoolbook bloc,"there is no perfect strategy, therefore understanding the differences between them is an important step in learning how to work with text in bloc. | BlTextElementMeasurementStrategyExamples",perfect strategy therefore understanding difference important step learning work text bloc | bltextelementmeasurementstrategyexamples,153,24,0
2469,"[0, 1, 0, 0, 0, 1]","there is no perfect strategy, consequently Understanding the differences between them is an important step in larn how to crop with textbook in bloc.",perfect strategy consequently understanding difference important step larn crop textbook bloc,"there is no perfect strategy, therefore understanding the differences between them is an important step in learning how to work with text in bloc. | BlTextElementMeasurementStrategyExamples",perfect strategy therefore understanding difference important step learning work text bloc | bltextelementmeasurementstrategyexamples,149,24,0
2470,"[0, 1, 0, 0, 0, 1]","there is no perfect strategy, hence Understanding the differences between them is an important Step in learning how to influence with textbook in bloc.",perfect strategy hence understanding difference important step learning influence textbook bloc,"there is no perfect strategy, therefore understanding the differences between them is an important step in learning how to work with text in bloc. | BlTextElementMeasurementStrategyExamples",perfect strategy therefore understanding difference important step learning work text bloc | bltextelementmeasurementstrategyexamples,151,24,0
2471,"[0, 1, 0, 0, 0, 1]","thither is no perfect strategy, therefore understanding the Differences betwixt them is an authoritative footstep in Learning how To study with text In bloc.",thither perfect strategy therefore understanding difference betwixt authoritative footstep learning study text bloc,"there is no perfect strategy, therefore understanding the differences between them is an important step in learning how to work with text in bloc. | BlTextElementMeasurementStrategyExamples",perfect strategy therefore understanding difference important step learning work text bloc | bltextelementmeasurementstrategyexamples,157,24,0
2472,"[0, 1, 0, 0, 0, 1]","there is no everlasting strategy, therefore understanding the differences betwixt Them is an important step in learning how To Work with text in bloc.",everlasting strategy therefore understanding difference betwixt important step learning work text bloc,"there is no perfect strategy, therefore understanding the differences between them is an important step in learning how to work with text in bloc. | BlTextElementMeasurementStrategyExamples",perfect strategy therefore understanding difference important step learning work text bloc | bltextelementmeasurementstrategyexamples,150,24,0
2473,"[0, 1, 0, 0, 0, 1]","thither is no perfect strategy, therefore understanding The differences between them is an important tread in learning how to work with Text in Bloc.",thither perfect strategy therefore understanding difference important tread learning work text bloc,"there is no perfect strategy, therefore understanding the differences between them is an important step in learning how to work with text in bloc. | BlTextElementMeasurementStrategyExamples",perfect strategy therefore understanding difference important step learning work text bloc | bltextelementmeasurementstrategyexamples,149,24,0
2474,"[0, 1, 0, 0, 0, 1]","there Is no perfect strategy, therefore Understanding The Differences between them Is an important abuse in learning how to mold with text in Bloc.",perfect strategy therefore understanding difference important abuse learning mold text bloc,"there is no perfect strategy, therefore understanding the differences between them is an important step in learning how to work with text in bloc. | BlTextElementMeasurementStrategyExamples",perfect strategy therefore understanding difference important step learning work text bloc | bltextelementmeasurementstrategyexamples,147,24,0
2475,"[0, 1, 0, 0, 0, 1]","there is no perfect strategy, hence understanding the differences between them is An important step in scholarship how to work with Text in bloc.",perfect strategy hence understanding difference important step scholarship work text bloc,"there is no perfect strategy, therefore understanding the differences between them is an important step in learning how to work with text in bloc. | BlTextElementMeasurementStrategyExamples",perfect strategy therefore understanding difference important step learning work text bloc | bltextelementmeasurementstrategyexamples,145,24,0
2476,"[0, 1, 0, 0, 0, 1]","there is no perfect strategy, therefore understanding the differences between them is an important abuse in learning how to influence with text in bloc.",perfect strategy therefore understanding difference important abuse learning influence text bloc,"there is no perfect strategy, therefore understanding the differences between them is an important step in learning how to work with text in bloc. | BlTextElementMeasurementStrategyExamples",perfect strategy therefore understanding difference important step learning work text bloc | bltextelementmeasurementstrategyexamples,152,24,0
2477,"[0, 1, 0, 0, 0, 1]","there is No perfect strategy, thus understanding the differences betwixt them Is an important Step in Learning how to work with text in Bloc.",perfect strategy thus understanding difference betwixt important step learning work text bloc,"there is no perfect strategy, therefore understanding the differences between them is an important step in learning how to work with text in bloc. | BlTextElementMeasurementStrategyExamples",perfect strategy therefore understanding difference important step learning work text bloc | bltextelementmeasurementstrategyexamples,141,24,0
2478,"[0, 1, 0, 0, 0, 1]","there is no arrant strategy, thence discernment the difference betwixt them is An important step in learning how to exploit With Text in bloc.",arrant strategy thence discernment difference betwixt important step learning exploit text bloc,"there is no perfect strategy, therefore understanding the differences between them is an important step in learning how to work with text in bloc. | BlTextElementMeasurementStrategyExamples",perfect strategy therefore understanding difference important step learning work text bloc | bltextelementmeasurementstrategyexamples,142,24,0
2479,"[0, 1, 0, 0, 0, 1]","there is no complete strategy, therefore sympathy the differences betwixt them is an important step in learning how To work with Text in bloc.",complete strategy therefore sympathy difference betwixt important step learning work text bloc,"there is no perfect strategy, therefore understanding the differences between them is an important step in learning how to work with text in bloc. | BlTextElementMeasurementStrategyExamples",perfect strategy therefore understanding difference important step learning work text bloc | bltextelementmeasurementstrategyexamples,142,24,0
2480,"[0, 1, 0, 0, 0, 1]","thither is no perfect strategy, thus understanding the differences betwixt them is an important step in take how to wreak with text in bloc.",thither perfect strategy thus understanding difference betwixt important step take wreak text bloc,"there is no perfect strategy, therefore understanding the differences between them is an important step in learning how to work with text in bloc. | BlTextElementMeasurementStrategyExamples",perfect strategy therefore understanding difference important step learning work text bloc | bltextelementmeasurementstrategyexamples,140,24,0
2481,"[0, 1, 0, 0, 0, 1]","there is no perfect strategy, therefore understanding the differences Between them is An important step in encyclopedism how to work with text in Bloc.",perfect strategy therefore understanding difference important step encyclopedism work text bloc,"there is no perfect strategy, therefore understanding the differences between them is an important step in learning how to work with text in bloc. | BlTextElementMeasurementStrategyExamples",perfect strategy therefore understanding difference important step learning work text bloc | bltextelementmeasurementstrategyexamples,151,24,0
2482,"[0, 1, 0, 0, 0, 1]","there is no perfect strategy, thus understanding the differences between them is an important step In learning how to forge with text in Bloc.",perfect strategy thus understanding difference important step learning forge text bloc,"there is no perfect strategy, therefore understanding the differences between them is an important step in learning how to work with text in bloc. | BlTextElementMeasurementStrategyExamples",perfect strategy therefore understanding difference important step learning work text bloc | bltextelementmeasurementstrategyexamples,142,24,0
2483,"[0, 1, 0, 0, 0, 1]","thither is no perfect strategy, so understanding the differences between them is an important Step in learning how to play with Text in bloc.",thither perfect strategy understanding difference important step learning play text bloc,"there is no perfect strategy, therefore understanding the differences between them is an important step in learning how to work with text in bloc. | BlTextElementMeasurementStrategyExamples",perfect strategy therefore understanding difference important step learning work text bloc | bltextelementmeasurementstrategyexamples,141,24,0
2484,"[0, 1, 0, 0, 0, 1]","there is no perfect strategy, therefore understanding the differences between them is an significant step in learning how to Work with text in bloc.",perfect strategy therefore understanding difference significant step learning work text bloc,"there is no perfect strategy, therefore understanding the differences between them is an important step in learning how to work with text in bloc. | BlTextElementMeasurementStrategyExamples",perfect strategy therefore understanding difference important step learning work text bloc | bltextelementmeasurementstrategyexamples,148,24,0
2485,"[0, 1, 0, 0, 0, 1]","thither is no perfect strategy, therefore understanding the differences between them is an important step in learning how to exercise with text in bloc.",thither perfect strategy therefore understanding difference important step learning exercise text bloc,"there is no perfect strategy, therefore understanding the differences between them is an important step in learning how to work with text in bloc. | BlTextElementMeasurementStrategyExamples",perfect strategy therefore understanding difference important step learning work text bloc | bltextelementmeasurementstrategyexamples,152,24,0
2486,"[0, 1, 0, 0, 0, 1]","there is no thoroughgoing strategy, thence empathise the Differences between them is an significant step in learning how to work with Text in bloc.",thoroughgoing strategy thence empathise difference significant step learning work text bloc,"there is no perfect strategy, therefore understanding the differences between them is an important step in learning how to work with text in bloc. | BlTextElementMeasurementStrategyExamples",perfect strategy therefore understanding difference important step learning work text bloc | bltextelementmeasurementstrategyexamples,147,24,0
2487,"[0, 1, 0, 0, 0, 1]","thither is no Perfect strategy, therefore understanding the differences between them is An important Step in learning how to work with textbook in bloc.",thither perfect strategy therefore understanding difference important step learning work textbook bloc,"there is no perfect strategy, therefore understanding the differences between them is an important step in learning how to work with text in bloc. | BlTextElementMeasurementStrategyExamples",perfect strategy therefore understanding difference important step learning work text bloc | bltextelementmeasurementstrategyexamples,152,24,0
2488,"[0, 1, 0, 0, 0, 1]","there is no utter strategy, therefore understanding the divergence between them is an crucial step in learning how to work with schoolbook in bloc.",utter strategy therefore understanding divergence crucial step learning work schoolbook bloc,"there is no perfect strategy, therefore understanding the differences between them is an important step in learning how to work with text in bloc. | BlTextElementMeasurementStrategyExamples",perfect strategy therefore understanding difference important step learning work text bloc | bltextelementmeasurementstrategyexamples,147,24,0
2489,"[0, 1, 0, 0, 0, 1]","thither is no perfect Strategy, hence sympathy the differences between them is an important abuse in learning how to form with text in bloc.",thither perfect strategy hence sympathy difference important abuse learning form text bloc,"there is no perfect strategy, therefore understanding the differences between them is an important step in learning how to work with text in bloc. | BlTextElementMeasurementStrategyExamples",perfect strategy therefore understanding difference important step learning work text bloc | bltextelementmeasurementstrategyexamples,140,24,0
2490,"[0, 1, 0, 0, 0, 1]","thither is no staring strategy, therefore understanding the deviation between Them Is an important step in memorize how To work with text in bloc.",thither staring strategy therefore understanding deviation important step memorize work text bloc,"there is no perfect strategy, therefore understanding the differences between them is an important step in learning how to work with text in bloc. | BlTextElementMeasurementStrategyExamples",perfect strategy therefore understanding difference important step learning work text bloc | bltextelementmeasurementstrategyexamples,146,24,0
2491,"[0, 1, 0, 0, 0, 1]","there is No perfect strategy, consequently understand the differences betwixt them is an important step in learning how to work With Text in bloc.",perfect strategy consequently understand difference betwixt important step learning work text bloc,"there is no perfect strategy, therefore understanding the differences between them is an important step in learning how to work with text in bloc. | BlTextElementMeasurementStrategyExamples",perfect strategy therefore understanding difference important step learning work text bloc | bltextelementmeasurementstrategyexamples,146,24,0
2492,"[0, 1, 0, 0, 0, 1]","thither is no perfect Strategy, therefore understanding the difference between them is an important step In learning How to work with text in bloc.",thither perfect strategy therefore understanding difference important step learning work text bloc,"there is no perfect strategy, therefore understanding the differences between them is an important step in learning how to work with text in bloc. | BlTextElementMeasurementStrategyExamples",perfect strategy therefore understanding difference important step learning work text bloc | bltextelementmeasurementstrategyexamples,147,24,0
2493,"[0, 1, 0, 0, 0, 1]","there is no perfect Strategy, therefore understanding the differences between them Is an important step in encyclopedism how to play with text in bloc.",perfect strategy therefore understanding difference important step encyclopedism play text bloc,"there is no perfect strategy, therefore understanding the differences between them is an important step in learning how to work with text in bloc. | BlTextElementMeasurementStrategyExamples",perfect strategy therefore understanding difference important step learning work text bloc | bltextelementmeasurementstrategyexamples,151,24,0
2494,"[0, 1, 0, 0, 0, 1]","thither is no utter strategy, therefore sympathise the Differences between them is An important step in learning how to work with schoolbook in bloc.",thither utter strategy therefore sympathise difference important step learning work schoolbook bloc,"there is no perfect strategy, therefore understanding the differences between them is an important step in learning how to work with text in bloc. | BlTextElementMeasurementStrategyExamples",perfect strategy therefore understanding difference important step learning work text bloc | bltextelementmeasurementstrategyexamples,149,24,0
2495,"[0, 1, 0, 0, 0, 1]","There is no complete strategy, therefore understanding the differences between them is an significant step in learnedness how to work with text in bloc.",complete strategy therefore understanding difference significant step learnedness work text bloc,"there is no perfect strategy, therefore understanding the differences between them is an important step in learning how to work with text in bloc. | BlTextElementMeasurementStrategyExamples",perfect strategy therefore understanding difference important step learning work text bloc | bltextelementmeasurementstrategyexamples,152,24,0
2496,"[0, 1, 0, 0, 0, 1]","thither is no perfective strategy, therefore interpret the conflict betwixt them is an important step in acquisition how to work with schoolbook in bloc.",thither perfective strategy therefore interpret conflict betwixt important step acquisition work schoolbook bloc,"there is no perfect strategy, therefore understanding the differences between them is an important step in learning how to work with text in bloc. | BlTextElementMeasurementStrategyExamples",perfect strategy therefore understanding difference important step learning work text bloc | bltextelementmeasurementstrategyexamples,153,24,0
2497,"[0, 1, 0, 0, 0, 1]","thither is no perfect strategy, therefore translate the differences Between them is an authoritative step in learning how to work with schoolbook in bloc.",thither perfect strategy therefore translate difference authoritative step learning work schoolbook bloc,"there is no perfect strategy, therefore understanding the differences between them is an important step in learning how to work with text in bloc. | BlTextElementMeasurementStrategyExamples",perfect strategy therefore understanding difference important step learning work text bloc | bltextelementmeasurementstrategyexamples,154,24,0
2498,"[0, 1, 0, 0, 0, 1]","thither is no Perfect strategy, therefore Understanding the deviation between them Is an Important abuse in learning how to Work with text in bloc.",thither perfect strategy therefore understanding deviation important abuse learning work text bloc,"there is no perfect strategy, therefore understanding the differences between them is an important step in learning how to work with text in bloc. | BlTextElementMeasurementStrategyExamples",perfect strategy therefore understanding difference important step learning work text bloc | bltextelementmeasurementstrategyexamples,147,24,0
2499,"[0, 1, 0, 0, 0, 1]","there is no perfect strategy, therefore sympathize the differences between them is an authoritative step in learning How to work with Text in bloc.",perfect strategy therefore sympathize difference authoritative step learning work text bloc,"there is no perfect strategy, therefore understanding the differences between them is an important step in learning how to work with text in bloc. | BlTextElementMeasurementStrategyExamples",perfect strategy therefore understanding difference important step learning work text bloc | bltextelementmeasurementstrategyexamples,147,24,0
2500,"[0, 1, 0, 0, 0, 1]","thither is no Perfect strategy, Therefore understanding the differences betwixt them is an significant step in learning how to work with text in bloc.",thither perfect strategy therefore understanding difference betwixt significant step learning work text bloc,"there is no perfect strategy, therefore understanding the differences between them is an important step in learning how to work with text in bloc. | BlTextElementMeasurementStrategyExamples",perfect strategy therefore understanding difference important step learning work text bloc | bltextelementmeasurementstrategyexamples,150,24,0
2501,"[0, 1, 0, 0, 0, 1]","there is no perfect strategy, hence understanding the differences between them is an important step in larn how to work with text in bloc.",perfect strategy hence understanding difference important step larn work text bloc,"there is no perfect strategy, therefore understanding the differences between them is an important step in learning how to work with text in bloc. | BlTextElementMeasurementStrategyExamples",perfect strategy therefore understanding difference important step learning work text bloc | bltextelementmeasurementstrategyexamples,138,24,0
2502,"[0, 1, 0, 0, 0, 1]","thither Is no perfect strategy, therefore understanding the differences betwixt them is an important step in learning how to solve with text in Bloc.",thither perfect strategy therefore understanding difference betwixt important step learning solve text bloc,"there is no perfect strategy, therefore understanding the differences between them is an important step in learning how to work with text in bloc. | BlTextElementMeasurementStrategyExamples",perfect strategy therefore understanding difference important step learning work text bloc | bltextelementmeasurementstrategyexamples,149,24,0
2503,"[0, 1, 0, 0, 0, 1]","there is No Perfect strategy, therefore interpret the differences between them is an important step in learning how to cultivate with text in bloc.",perfect strategy therefore interpret difference important step learning cultivate text bloc,"there is no perfect strategy, therefore understanding the differences between them is an important step in learning how to work with text in bloc. | BlTextElementMeasurementStrategyExamples",perfect strategy therefore understanding difference important step learning work text bloc | bltextelementmeasurementstrategyexamples,147,24,0
2504,"[0, 1, 0, 0, 0, 1]","there is no perfect strategy, therefore reason the difference between Them is an authoritative footfall in learning how to knead with schoolbook in bloc.",perfect strategy therefore reason difference authoritative footfall learning knead schoolbook bloc,"there is no perfect strategy, therefore understanding the differences between them is an important step in learning how to work with text in bloc. | BlTextElementMeasurementStrategyExamples",perfect strategy therefore understanding difference important step learning work text bloc | bltextelementmeasurementstrategyexamples,153,24,0
2505,"[0, 1, 0, 0, 0, 1]","thither is No gross strategy, therefore understanding the departure between them is an important footfall in encyclopedism how to Work with textbook In bloc.",thither gross strategy therefore understanding departure important footfall encyclopedism work textbook bloc,"there is no perfect strategy, therefore understanding the differences between them is an important step in learning how to work with text in bloc. | BlTextElementMeasurementStrategyExamples",perfect strategy therefore understanding difference important step learning work text bloc | bltextelementmeasurementstrategyexamples,157,24,0
2506,"[0, 1, 0, 0, 0, 1]","there is no perfect strategy, consequently understanding the difference betwixt them is an important step in learning How to work with schoolbook in bloc.",perfect strategy consequently understanding difference betwixt important step learning work schoolbook bloc,"there is no perfect strategy, therefore understanding the differences between them is an important step in learning how to work with text in bloc. | BlTextElementMeasurementStrategyExamples",perfect strategy therefore understanding difference important step learning work text bloc | bltextelementmeasurementstrategyexamples,154,24,0
2507,"[0, 1, 0, 0, 0, 1]","there is No perfect strategy, so understanding the Differences between Them is an important step in teach How to work with Text in bloc.",perfect strategy understanding difference important step teach work text bloc,"there is no perfect strategy, therefore understanding the differences between them is an important step in learning how to work with text in bloc. | BlTextElementMeasurementStrategyExamples",perfect strategy therefore understanding difference important step learning work text bloc | bltextelementmeasurementstrategyexamples,136,24,0
2508,"[0, 1, 0, 0, 0, 1]","thither is No perfective strategy, therefore savvy the differences between them is An important step in Learning how to work with text in bloc.",thither perfective strategy therefore savvy difference important step learning work text bloc,"there is no perfect strategy, therefore understanding the differences between them is an important step in learning how to work with text in bloc. | BlTextElementMeasurementStrategyExamples",perfect strategy therefore understanding difference important step learning work text bloc | bltextelementmeasurementstrategyexamples,143,24,0
2509,"[0, 1, 0, 0, 0, 1]","there is no unadulterated strategy, hence agreement the differences betwixt them is an important stride in learning how to work with Text in bloc.",unadulterated strategy hence agreement difference betwixt important stride learning work text bloc,"there is no perfect strategy, therefore understanding the differences between them is an important step in learning how to work with text in bloc. | BlTextElementMeasurementStrategyExamples",perfect strategy therefore understanding difference important step learning work text bloc | bltextelementmeasurementstrategyexamples,146,24,0
2510,"[1, 0, 0, 0, 0, 1]",i only Work with strategies of type class gtrlsemantictagreleasestrategy .,work strategy type class gtrlsemantictagreleasestrategy,i only work with strategies of type class gtrlsemantictagreleasestrategy . | GtRlCommitAndTagReleaseAction,work strategy type class gtrlsemantictagreleasestrategy | gtrlcommitandtagreleaseaction,74,10,0
2511,"[1, 0, 0, 0, 0, 1]",I just solve with scheme of type class gtrlsemantictagreleasestrategy .,solve scheme type class gtrlsemantictagreleasestrategy,i only work with strategies of type class gtrlsemantictagreleasestrategy . | GtRlCommitAndTagReleaseAction,work strategy type class gtrlsemantictagreleasestrategy | gtrlcommitandtagreleaseaction,71,10,0
2512,"[1, 0, 0, 0, 0, 1]",i only work with strategies of character class gtrlsemantictagreleasestrategy .,work strategy character class gtrlsemantictagreleasestrategy,i only work with strategies of type class gtrlsemantictagreleasestrategy . | GtRlCommitAndTagReleaseAction,work strategy type class gtrlsemantictagreleasestrategy | gtrlcommitandtagreleaseaction,79,10,0
2513,"[1, 0, 0, 0, 0, 1]",i only work with strategy of Type class Gtrlsemantictagreleasestrategy .,work strategy type class gtrlsemantictagreleasestrategy,i only work with strategies of type class gtrlsemantictagreleasestrategy . | GtRlCommitAndTagReleaseAction,work strategy type class gtrlsemantictagreleasestrategy | gtrlcommitandtagreleaseaction,72,10,0
2514,"[1, 0, 0, 0, 0, 1]",I just crop with strategies of type class gtrlsemantictagreleasestrategy .,crop strategy type class gtrlsemantictagreleasestrategy,i only work with strategies of type class gtrlsemantictagreleasestrategy . | GtRlCommitAndTagReleaseAction,work strategy type class gtrlsemantictagreleasestrategy | gtrlcommitandtagreleaseaction,74,10,0
2515,"[1, 0, 0, 0, 0, 1]",i Only make with strategies of type class gtrlsemantictagreleasestrategy .,make strategy type class gtrlsemantictagreleasestrategy,i only work with strategies of type class gtrlsemantictagreleasestrategy . | GtRlCommitAndTagReleaseAction,work strategy type class gtrlsemantictagreleasestrategy | gtrlcommitandtagreleaseaction,74,10,0
2516,"[1, 0, 0, 0, 0, 1]",i Only Work with strategy of type class gtrlsemantictagreleasestrategy .,work strategy type class gtrlsemantictagreleasestrategy,i only work with strategies of type class gtrlsemantictagreleasestrategy . | GtRlCommitAndTagReleaseAction,work strategy type class gtrlsemantictagreleasestrategy | gtrlcommitandtagreleaseaction,72,10,0
2517,"[1, 0, 0, 0, 0, 1]",i Only form with scheme of type class gtrlsemantictagreleasestrategy .,form scheme type class gtrlsemantictagreleasestrategy,i only work with strategies of type class gtrlsemantictagreleasestrategy . | GtRlCommitAndTagReleaseAction,work strategy type class gtrlsemantictagreleasestrategy | gtrlcommitandtagreleaseaction,70,10,0
2518,"[1, 0, 0, 0, 0, 1]",I but work with strategies of type class gtrlsemantictagreleasestrategy .,work strategy type class gtrlsemantictagreleasestrategy,i only work with strategies of type class gtrlsemantictagreleasestrategy . | GtRlCommitAndTagReleaseAction,work strategy type class gtrlsemantictagreleasestrategy | gtrlcommitandtagreleaseaction,73,10,0
2519,"[1, 0, 0, 0, 0, 1]",i only work with Strategies of type class gtrlsemantictagreleasestrategy .,work strategy type class gtrlsemantictagreleasestrategy,i only work with strategies of type class gtrlsemantictagreleasestrategy . | GtRlCommitAndTagReleaseAction,work strategy type class gtrlsemantictagreleasestrategy | gtrlcommitandtagreleaseaction,74,10,0
2520,"[1, 0, 0, 0, 0, 1]",i but work with strategies of case class gtrlsemantictagreleasestrategy .,work strategy case class gtrlsemantictagreleasestrategy,i only work with strategies of type class gtrlsemantictagreleasestrategy . | GtRlCommitAndTagReleaseAction,work strategy type class gtrlsemantictagreleasestrategy | gtrlcommitandtagreleaseaction,73,10,0
2521,"[1, 0, 0, 0, 0, 1]",i but forge With Strategies of type class gtrlsemantictagreleasestrategy .,forge strategy type class gtrlsemantictagreleasestrategy,i only work with strategies of type class gtrlsemantictagreleasestrategy . | GtRlCommitAndTagReleaseAction,work strategy type class gtrlsemantictagreleasestrategy | gtrlcommitandtagreleaseaction,74,10,0
2522,"[1, 0, 0, 0, 0, 1]",I entirely work with strategies of Type class gtrlsemantictagreleasestrategy .,entirely work strategy type class gtrlsemantictagreleasestrategy,i only work with strategies of type class gtrlsemantictagreleasestrategy . | GtRlCommitAndTagReleaseAction,work strategy type class gtrlsemantictagreleasestrategy | gtrlcommitandtagreleaseaction,78,10,0
2523,"[1, 0, 0, 0, 0, 1]",i Only work with strategies of type class gtrlsemantictagreleasestrategy .,work strategy type class gtrlsemantictagreleasestrategy,i only work with strategies of type class gtrlsemantictagreleasestrategy . | GtRlCommitAndTagReleaseAction,work strategy type class gtrlsemantictagreleasestrategy | gtrlcommitandtagreleaseaction,74,10,0
2524,"[1, 0, 0, 0, 0, 1]",i solely knead With strategies of Type class gtrlsemantictagreleasestrategy .,solely knead strategy type class gtrlsemantictagreleasestrategy,i only work with strategies of type class gtrlsemantictagreleasestrategy . | GtRlCommitAndTagReleaseAction,work strategy type class gtrlsemantictagreleasestrategy | gtrlcommitandtagreleaseaction,77,10,0
2525,"[1, 0, 0, 0, 0, 1]",i but work With strategies of case class gtrlsemantictagreleasestrategy .,work strategy case class gtrlsemantictagreleasestrategy,i only work with strategies of type class gtrlsemantictagreleasestrategy . | GtRlCommitAndTagReleaseAction,work strategy type class gtrlsemantictagreleasestrategy | gtrlcommitandtagreleaseaction,73,10,0
2526,"[1, 0, 0, 0, 0, 1]",I alone Work With strategy of eccentric class gtrlsemantictagreleasestrategy .,alone work strategy eccentric class gtrlsemantictagreleasestrategy,i only work with strategies of type class gtrlsemantictagreleasestrategy . | GtRlCommitAndTagReleaseAction,work strategy type class gtrlsemantictagreleasestrategy | gtrlcommitandtagreleaseaction,78,10,0
2527,"[1, 0, 0, 0, 0, 1]",i only work With strategy of type class gtrlsemantictagreleasestrategy .,work strategy type class gtrlsemantictagreleasestrategy,i only work with strategies of type class gtrlsemantictagreleasestrategy . | GtRlCommitAndTagReleaseAction,work strategy type class gtrlsemantictagreleasestrategy | gtrlcommitandtagreleaseaction,72,10,0
2528,"[1, 0, 0, 0, 0, 1]",i only process with strategy of typecast class gtrlsemantictagreleasestrategy .,process strategy typecast class gtrlsemantictagreleasestrategy,i only work with strategies of type class gtrlsemantictagreleasestrategy . | GtRlCommitAndTagReleaseAction,work strategy type class gtrlsemantictagreleasestrategy | gtrlcommitandtagreleaseaction,79,10,0
2529,"[1, 0, 0, 0, 0, 1]",I only work with strategies of type class gtrlsemantictagreleasestrategy .,work strategy type class gtrlsemantictagreleasestrategy,i only work with strategies of type class gtrlsemantictagreleasestrategy . | GtRlCommitAndTagReleaseAction,work strategy type class gtrlsemantictagreleasestrategy | gtrlcommitandtagreleaseaction,74,10,0
2530,"[1, 0, 0, 0, 0, 1]",i lone work with strategies of type class gtrlsemantictagreleasestrategy .,lone work strategy type class gtrlsemantictagreleasestrategy,i only work with strategies of type class gtrlsemantictagreleasestrategy . | GtRlCommitAndTagReleaseAction,work strategy type class gtrlsemantictagreleasestrategy | gtrlcommitandtagreleaseaction,74,10,0
2531,"[1, 0, 0, 0, 0, 1]",i only exercise with strategies of type class gtrlsemantictagreleasestrategy .,exercise strategy type class gtrlsemantictagreleasestrategy,i only work with strategies of type class gtrlsemantictagreleasestrategy . | GtRlCommitAndTagReleaseAction,work strategy type class gtrlsemantictagreleasestrategy | gtrlcommitandtagreleaseaction,78,10,0
2532,"[1, 0, 0, 0, 0, 1]",i only workplace with strategies of type class gtrlsemantictagreleasestrategy .,workplace strategy type class gtrlsemantictagreleasestrategy,i only work with strategies of type class gtrlsemantictagreleasestrategy . | GtRlCommitAndTagReleaseAction,work strategy type class gtrlsemantictagreleasestrategy | gtrlcommitandtagreleaseaction,79,10,0
2533,"[1, 0, 0, 0, 0, 1]",i only work with strategies of typecast class gtrlsemantictagreleasestrategy .,work strategy typecast class gtrlsemantictagreleasestrategy,i only work with strategies of type class gtrlsemantictagreleasestrategy . | GtRlCommitAndTagReleaseAction,work strategy type class gtrlsemantictagreleasestrategy | gtrlcommitandtagreleaseaction,78,10,0
2534,"[1, 0, 0, 0, 0, 1]",i merely work With strategies of Type class gtrlsemantictagreleasestrategy .,merely work strategy type class gtrlsemantictagreleasestrategy,i only work with strategies of type class gtrlsemantictagreleasestrategy . | GtRlCommitAndTagReleaseAction,work strategy type class gtrlsemantictagreleasestrategy | gtrlcommitandtagreleaseaction,76,10,0
2535,"[1, 0, 0, 0, 0, 1]",i simply lick with strategies of Type class gtrlsemantictagreleasestrategy .,simply lick strategy type class gtrlsemantictagreleasestrategy,i only work with strategies of type class gtrlsemantictagreleasestrategy . | GtRlCommitAndTagReleaseAction,work strategy type class gtrlsemantictagreleasestrategy | gtrlcommitandtagreleaseaction,76,10,0
2536,"[1, 0, 0, 0, 0, 1]",i solely work with Strategies of character class gtrlsemantictagreleasestrategy .,solely work strategy character class gtrlsemantictagreleasestrategy,i only work with strategies of type class gtrlsemantictagreleasestrategy . | GtRlCommitAndTagReleaseAction,work strategy type class gtrlsemantictagreleasestrategy | gtrlcommitandtagreleaseaction,81,10,0
2537,"[1, 0, 0, 0, 0, 1]",I only work with strategies of Type class gtrlsemantictagreleasestrategy .,work strategy type class gtrlsemantictagreleasestrategy,i only work with strategies of type class gtrlsemantictagreleasestrategy . | GtRlCommitAndTagReleaseAction,work strategy type class gtrlsemantictagreleasestrategy | gtrlcommitandtagreleaseaction,74,10,0
2538,"[1, 0, 0, 0, 0, 1]",i lone Work with scheme of type class gtrlsemantictagreleasestrategy .,lone work scheme type class gtrlsemantictagreleasestrategy,i only work with strategies of type class gtrlsemantictagreleasestrategy . | GtRlCommitAndTagReleaseAction,work strategy type class gtrlsemantictagreleasestrategy | gtrlcommitandtagreleaseaction,70,10,0
2539,"[1, 0, 0, 0, 0, 1]",i but work With strategies of type class gtrlsemantictagreleasestrategy .,work strategy type class gtrlsemantictagreleasestrategy,i only work with strategies of type class gtrlsemantictagreleasestrategy . | GtRlCommitAndTagReleaseAction,work strategy type class gtrlsemantictagreleasestrategy | gtrlcommitandtagreleaseaction,73,10,0
2540,"[1, 0, 0, 0, 0, 1]",i merely work with Strategies of character class gtrlsemantictagreleasestrategy .,merely work strategy character class gtrlsemantictagreleasestrategy,i only work with strategies of type class gtrlsemantictagreleasestrategy . | GtRlCommitAndTagReleaseAction,work strategy type class gtrlsemantictagreleasestrategy | gtrlcommitandtagreleaseaction,81,10,0
2541,"[1, 0, 0, 0, 0, 1]",i only bring With scheme of character class gtrlsemantictagreleasestrategy .,bring scheme character class gtrlsemantictagreleasestrategy,i only work with strategies of type class gtrlsemantictagreleasestrategy . | GtRlCommitAndTagReleaseAction,work strategy type class gtrlsemantictagreleasestrategy | gtrlcommitandtagreleaseaction,76,10,0
2542,"[1, 0, 0, 0, 0, 1]",i only exploit With strategies of type class gtrlsemantictagreleasestrategy .,exploit strategy type class gtrlsemantictagreleasestrategy,i only work with strategies of type class gtrlsemantictagreleasestrategy . | GtRlCommitAndTagReleaseAction,work strategy type class gtrlsemantictagreleasestrategy | gtrlcommitandtagreleaseaction,77,10,0
2543,"[1, 0, 0, 0, 0, 1]",i just work with strategies of type class gtrlsemantictagreleasestrategy .,work strategy type class gtrlsemantictagreleasestrategy,i only work with strategies of type class gtrlsemantictagreleasestrategy . | GtRlCommitAndTagReleaseAction,work strategy type class gtrlsemantictagreleasestrategy | gtrlcommitandtagreleaseaction,74,10,0
2544,"[1, 0, 0, 0, 0, 1]",i simply work with strategies Of type class gtrlsemantictagreleasestrategy .,simply work strategy type class gtrlsemantictagreleasestrategy,i only work with strategies of type class gtrlsemantictagreleasestrategy . | GtRlCommitAndTagReleaseAction,work strategy type class gtrlsemantictagreleasestrategy | gtrlcommitandtagreleaseaction,76,10,0
2545,"[1, 0, 0, 0, 0, 1]",i Only Work with strategies of type class Gtrlsemantictagreleasestrategy .,work strategy type class gtrlsemantictagreleasestrategy,i only work with strategies of type class gtrlsemantictagreleasestrategy . | GtRlCommitAndTagReleaseAction,work strategy type class gtrlsemantictagreleasestrategy | gtrlcommitandtagreleaseaction,74,10,0
2546,"[1, 0, 0, 0, 0, 1]",i simply work with scheme of type class gtrlsemantictagreleasestrategy .,simply work scheme type class gtrlsemantictagreleasestrategy,i only work with strategies of type class gtrlsemantictagreleasestrategy . | GtRlCommitAndTagReleaseAction,work strategy type class gtrlsemantictagreleasestrategy | gtrlcommitandtagreleaseaction,72,10,0
2547,"[1, 0, 0, 0, 0, 1]",i simply work with strategies of typecast class gtrlsemantictagreleasestrategy .,simply work strategy typecast class gtrlsemantictagreleasestrategy,i only work with strategies of type class gtrlsemantictagreleasestrategy . | GtRlCommitAndTagReleaseAction,work strategy type class gtrlsemantictagreleasestrategy | gtrlcommitandtagreleaseaction,80,10,0
2548,"[1, 0, 0, 0, 0, 1]",i only forge with strategies of eccentric class gtrlsemantictagreleasestrategy .,forge strategy eccentric class gtrlsemantictagreleasestrategy,i only work with strategies of type class gtrlsemantictagreleasestrategy . | GtRlCommitAndTagReleaseAction,work strategy type class gtrlsemantictagreleasestrategy | gtrlcommitandtagreleaseaction,80,10,0
2549,"[1, 0, 0, 0, 0, 1]",i only operate with scheme of character class gtrlsemantictagreleasestrategy .,operate scheme character class gtrlsemantictagreleasestrategy,i only work with strategies of type class gtrlsemantictagreleasestrategy . | GtRlCommitAndTagReleaseAction,work strategy type class gtrlsemantictagreleasestrategy | gtrlcommitandtagreleaseaction,78,10,0
2550,"[1, 0, 0, 0, 0, 1]",i just bring with strategies of type class gtrlsemantictagreleasestrategy .,bring strategy type class gtrlsemantictagreleasestrategy,i only work with strategies of type class gtrlsemantictagreleasestrategy . | GtRlCommitAndTagReleaseAction,work strategy type class gtrlsemantictagreleasestrategy | gtrlcommitandtagreleaseaction,75,10,0
2551,"[1, 0, 0, 0, 0, 1]",i only employment with strategies of typecast class gtrlsemantictagreleasestrategy .,employment strategy typecast class gtrlsemantictagreleasestrategy,i only work with strategies of type class gtrlsemantictagreleasestrategy . | GtRlCommitAndTagReleaseAction,work strategy type class gtrlsemantictagreleasestrategy | gtrlcommitandtagreleaseaction,84,10,0
2552,"[1, 0, 0, 0, 0, 1]",i only work with strategies of typewrite class gtrlsemantictagreleasestrategy .,work strategy typewrite class gtrlsemantictagreleasestrategy,i only work with strategies of type class gtrlsemantictagreleasestrategy . | GtRlCommitAndTagReleaseAction,work strategy type class gtrlsemantictagreleasestrategy | gtrlcommitandtagreleaseaction,79,10,0
2553,"[1, 0, 0, 0, 0, 1]",i only shape with Strategies of typecast class gtrlsemantictagreleasestrategy .,shape strategy typecast class gtrlsemantictagreleasestrategy,i only work with strategies of type class gtrlsemantictagreleasestrategy . | GtRlCommitAndTagReleaseAction,work strategy type class gtrlsemantictagreleasestrategy | gtrlcommitandtagreleaseaction,79,10,0
2554,"[1, 0, 0, 0, 0, 1]",I only run With strategies Of type class gtrlsemantictagreleasestrategy .,run strategy type class gtrlsemantictagreleasestrategy,i only work with strategies of type class gtrlsemantictagreleasestrategy . | GtRlCommitAndTagReleaseAction,work strategy type class gtrlsemantictagreleasestrategy | gtrlcommitandtagreleaseaction,73,10,0
2555,"[1, 0, 0, 0, 0, 1]",I Only Work with strategies of typecast class gtrlsemantictagreleasestrategy .,work strategy typecast class gtrlsemantictagreleasestrategy,i only work with strategies of type class gtrlsemantictagreleasestrategy . | GtRlCommitAndTagReleaseAction,work strategy type class gtrlsemantictagreleasestrategy | gtrlcommitandtagreleaseaction,78,10,0
2556,"[1, 0, 0, 0, 0, 1]",i only work with strategy of case class gtrlsemantictagreleasestrategy .,work strategy case class gtrlsemantictagreleasestrategy,i only work with strategies of type class gtrlsemantictagreleasestrategy . | GtRlCommitAndTagReleaseAction,work strategy type class gtrlsemantictagreleasestrategy | gtrlcommitandtagreleaseaction,72,10,0
2557,"[1, 0, 0, 0, 0, 1]",i Only work with strategy of type class gtrlsemantictagreleasestrategy .,work strategy type class gtrlsemantictagreleasestrategy,i only work with strategies of type class gtrlsemantictagreleasestrategy . | GtRlCommitAndTagReleaseAction,work strategy type class gtrlsemantictagreleasestrategy | gtrlcommitandtagreleaseaction,72,10,0
2558,"[1, 0, 0, 0, 0, 1]",i only work with scheme of character class gtrlsemantictagreleasestrategy .,work scheme character class gtrlsemantictagreleasestrategy,i only work with strategies of type class gtrlsemantictagreleasestrategy . | GtRlCommitAndTagReleaseAction,work strategy type class gtrlsemantictagreleasestrategy | gtrlcommitandtagreleaseaction,75,10,0
2559,"[1, 0, 0, 0, 0, 1]",i only bring with strategies of type class gtrlsemantictagreleasestrategy .,bring strategy type class gtrlsemantictagreleasestrategy,i only work with strategies of type class gtrlsemantictagreleasestrategy . | GtRlCommitAndTagReleaseAction,work strategy type class gtrlsemantictagreleasestrategy | gtrlcommitandtagreleaseaction,75,10,0
2560,"[1, 0, 0, 0, 0, 1]",i entirely work with strategies of type class gtrlsemantictagreleasestrategy .,entirely work strategy type class gtrlsemantictagreleasestrategy,i only work with strategies of type class gtrlsemantictagreleasestrategy . | GtRlCommitAndTagReleaseAction,work strategy type class gtrlsemantictagreleasestrategy | gtrlcommitandtagreleaseaction,78,10,0
2561,"[1, 0, 0, 0, 0, 1]",i entirely work with strategies of Type class gtrlsemantictagreleasestrategy .,entirely work strategy type class gtrlsemantictagreleasestrategy,i only work with strategies of type class gtrlsemantictagreleasestrategy . | GtRlCommitAndTagReleaseAction,work strategy type class gtrlsemantictagreleasestrategy | gtrlcommitandtagreleaseaction,78,10,0
2562,"[1, 0, 0, 0, 0, 1]",i solely work with scheme of typewrite class Gtrlsemantictagreleasestrategy .,solely work scheme typewrite class gtrlsemantictagreleasestrategy,i only work with strategies of type class gtrlsemantictagreleasestrategy . | GtRlCommitAndTagReleaseAction,work strategy type class gtrlsemantictagreleasestrategy | gtrlcommitandtagreleaseaction,77,10,0
2563,"[1, 0, 0, 0, 0, 1]",i only Work with strategies of character class gtrlsemantictagreleasestrategy .,work strategy character class gtrlsemantictagreleasestrategy,i only work with strategies of type class gtrlsemantictagreleasestrategy . | GtRlCommitAndTagReleaseAction,work strategy type class gtrlsemantictagreleasestrategy | gtrlcommitandtagreleaseaction,79,10,0
2564,"[1, 0, 0, 0, 0, 1]",I only Work With strategy of type class gtrlsemantictagreleasestrategy .,work strategy type class gtrlsemantictagreleasestrategy,i only work with strategies of type class gtrlsemantictagreleasestrategy . | GtRlCommitAndTagReleaseAction,work strategy type class gtrlsemantictagreleasestrategy | gtrlcommitandtagreleaseaction,72,10,0
2565,"[1, 0, 0, 0, 0, 1]",i only work with strategies of case class gtrlsemantictagreleasestrategy .,work strategy case class gtrlsemantictagreleasestrategy,i only work with strategies of type class gtrlsemantictagreleasestrategy . | GtRlCommitAndTagReleaseAction,work strategy type class gtrlsemantictagreleasestrategy | gtrlcommitandtagreleaseaction,74,10,0
2566,"[1, 0, 0, 0, 0, 1]",i sole work with strategies of type class gtrlsemantictagreleasestrategy .,sole work strategy type class gtrlsemantictagreleasestrategy,i only work with strategies of type class gtrlsemantictagreleasestrategy . | GtRlCommitAndTagReleaseAction,work strategy type class gtrlsemantictagreleasestrategy | gtrlcommitandtagreleaseaction,74,10,0
2567,"[1, 0, 0, 0, 0, 1]",I only work with strategies of case class gtrlsemantictagreleasestrategy .,work strategy case class gtrlsemantictagreleasestrategy,i only work with strategies of type class gtrlsemantictagreleasestrategy . | GtRlCommitAndTagReleaseAction,work strategy type class gtrlsemantictagreleasestrategy | gtrlcommitandtagreleaseaction,74,10,0
2568,"[1, 0, 0, 0, 0, 1]",i only wreak With strategies of Type class gtrlsemantictagreleasestrategy .,wreak strategy type class gtrlsemantictagreleasestrategy,i only work with strategies of type class gtrlsemantictagreleasestrategy . | GtRlCommitAndTagReleaseAction,work strategy type class gtrlsemantictagreleasestrategy | gtrlcommitandtagreleaseaction,75,10,0
2569,"[1, 0, 0, 0, 0, 1]",i but work with strategy of character class gtrlsemantictagreleasestrategy .,work strategy character class gtrlsemantictagreleasestrategy,i only work with strategies of type class gtrlsemantictagreleasestrategy . | GtRlCommitAndTagReleaseAction,work strategy type class gtrlsemantictagreleasestrategy | gtrlcommitandtagreleaseaction,76,10,0
2570,"[1, 0, 0, 0, 0, 1]",i only operate with Strategies Of type class gtrlsemantictagreleasestrategy .,operate strategy type class gtrlsemantictagreleasestrategy,i only work with strategies of type class gtrlsemantictagreleasestrategy . | GtRlCommitAndTagReleaseAction,work strategy type class gtrlsemantictagreleasestrategy | gtrlcommitandtagreleaseaction,77,10,0
2571,"[1, 0, 0, 0, 0, 1]",i exclusively work with strategies of type class gtrlsemantictagreleasestrategy .,exclusively work strategy type class gtrlsemantictagreleasestrategy,i only work with strategies of type class gtrlsemantictagreleasestrategy . | GtRlCommitAndTagReleaseAction,work strategy type class gtrlsemantictagreleasestrategy | gtrlcommitandtagreleaseaction,81,10,0
2572,"[1, 0, 0, 0, 0, 1]",i just sour with strategies of type class gtrlsemantictagreleasestrategy .,sour strategy type class gtrlsemantictagreleasestrategy,i only work with strategies of type class gtrlsemantictagreleasestrategy . | GtRlCommitAndTagReleaseAction,work strategy type class gtrlsemantictagreleasestrategy | gtrlcommitandtagreleaseaction,74,10,0
2573,"[1, 0, 0, 0, 0, 1]",i Only employment With strategies of type class gtrlsemantictagreleasestrategy .,employment strategy type class gtrlsemantictagreleasestrategy,i only work with strategies of type class gtrlsemantictagreleasestrategy . | GtRlCommitAndTagReleaseAction,work strategy type class gtrlsemantictagreleasestrategy | gtrlcommitandtagreleaseaction,80,10,0
2574,"[1, 0, 0, 0, 0, 1]",i only work With scheme of type class gtrlsemantictagreleasestrategy .,work scheme type class gtrlsemantictagreleasestrategy,i only work with strategies of type class gtrlsemantictagreleasestrategy . | GtRlCommitAndTagReleaseAction,work strategy type class gtrlsemantictagreleasestrategy | gtrlcommitandtagreleaseaction,70,10,0
2575,"[1, 0, 0, 0, 0, 1]",i only work with scheme of typewrite class gtrlsemantictagreleasestrategy .,work scheme typewrite class gtrlsemantictagreleasestrategy,i only work with strategies of type class gtrlsemantictagreleasestrategy . | GtRlCommitAndTagReleaseAction,work strategy type class gtrlsemantictagreleasestrategy | gtrlcommitandtagreleaseaction,75,10,0
2576,"[1, 0, 0, 0, 0, 1]",i only work with strategies Of character class gtrlsemantictagreleasestrategy .,work strategy character class gtrlsemantictagreleasestrategy,i only work with strategies of type class gtrlsemantictagreleasestrategy . | GtRlCommitAndTagReleaseAction,work strategy type class gtrlsemantictagreleasestrategy | gtrlcommitandtagreleaseaction,79,10,0
2577,"[1, 0, 0, 0, 0, 1]",i solely turn with strategies Of type class gtrlsemantictagreleasestrategy .,solely turn strategy type class gtrlsemantictagreleasestrategy,i only work with strategies of type class gtrlsemantictagreleasestrategy . | GtRlCommitAndTagReleaseAction,work strategy type class gtrlsemantictagreleasestrategy | gtrlcommitandtagreleaseaction,76,10,0
2578,"[1, 0, 0, 0, 0, 1]",i only work with Strategies of eccentric class gtrlsemantictagreleasestrategy .,work strategy eccentric class gtrlsemantictagreleasestrategy,i only work with strategies of type class gtrlsemantictagreleasestrategy . | GtRlCommitAndTagReleaseAction,work strategy type class gtrlsemantictagreleasestrategy | gtrlcommitandtagreleaseaction,79,10,0
2579,"[1, 0, 0, 0, 0, 1]",i only work with scheme of type class gtrlsemantictagreleasestrategy .,work scheme type class gtrlsemantictagreleasestrategy,i only work with strategies of type class gtrlsemantictagreleasestrategy . | GtRlCommitAndTagReleaseAction,work strategy type class gtrlsemantictagreleasestrategy | gtrlcommitandtagreleaseaction,70,10,0
2580,"[1, 0, 0, 0, 0, 1]",i lone work With strategies of type class gtrlsemantictagreleasestrategy .,lone work strategy type class gtrlsemantictagreleasestrategy,i only work with strategies of type class gtrlsemantictagreleasestrategy . | GtRlCommitAndTagReleaseAction,work strategy type class gtrlsemantictagreleasestrategy | gtrlcommitandtagreleaseaction,74,10,0
2581,"[1, 0, 0, 0, 0, 1]",i entirely work with scheme of type class gtrlsemantictagreleasestrategy .,entirely work scheme type class gtrlsemantictagreleasestrategy,i only work with strategies of type class gtrlsemantictagreleasestrategy . | GtRlCommitAndTagReleaseAction,work strategy type class gtrlsemantictagreleasestrategy | gtrlcommitandtagreleaseaction,74,10,0
2582,"[1, 0, 0, 0, 0, 1]",i Only work with strategies Of Type class gtrlsemantictagreleasestrategy .,work strategy type class gtrlsemantictagreleasestrategy,i only work with strategies of type class gtrlsemantictagreleasestrategy . | GtRlCommitAndTagReleaseAction,work strategy type class gtrlsemantictagreleasestrategy | gtrlcommitandtagreleaseaction,74,10,0
2583,"[1, 0, 0, 0, 0, 1]",i only form with strategy of type class gtrlsemantictagreleasestrategy .,form strategy type class gtrlsemantictagreleasestrategy,i only work with strategies of type class gtrlsemantictagreleasestrategy . | GtRlCommitAndTagReleaseAction,work strategy type class gtrlsemantictagreleasestrategy | gtrlcommitandtagreleaseaction,72,10,0
2584,"[1, 0, 0, 0, 0, 1]",i only Work with scheme of character class gtrlsemantictagreleasestrategy .,work scheme character class gtrlsemantictagreleasestrategy,i only work with strategies of type class gtrlsemantictagreleasestrategy . | GtRlCommitAndTagReleaseAction,work strategy type class gtrlsemantictagreleasestrategy | gtrlcommitandtagreleaseaction,75,10,0
2585,"[1, 0, 0, 0, 0, 1]",i only exercise with strategy of type class gtrlsemantictagreleasestrategy .,exercise strategy type class gtrlsemantictagreleasestrategy,i only work with strategies of type class gtrlsemantictagreleasestrategy . | GtRlCommitAndTagReleaseAction,work strategy type class gtrlsemantictagreleasestrategy | gtrlcommitandtagreleaseaction,76,10,0
2586,"[1, 0, 0, 0, 0, 1]",i only work With scheme Of type class gtrlsemantictagreleasestrategy .,work scheme type class gtrlsemantictagreleasestrategy,i only work with strategies of type class gtrlsemantictagreleasestrategy . | GtRlCommitAndTagReleaseAction,work strategy type class gtrlsemantictagreleasestrategy | gtrlcommitandtagreleaseaction,70,10,0
2587,"[1, 0, 0, 0, 0, 1]",i only work with strategies of Type class gtrlsemantictagreleasestrategy .,work strategy type class gtrlsemantictagreleasestrategy,i only work with strategies of type class gtrlsemantictagreleasestrategy . | GtRlCommitAndTagReleaseAction,work strategy type class gtrlsemantictagreleasestrategy | gtrlcommitandtagreleaseaction,74,10,0
2588,"[1, 0, 0, 0, 0, 1]",i only function with scheme of type class gtrlsemantictagreleasestrategy .,function scheme type class gtrlsemantictagreleasestrategy,i only work with strategies of type class gtrlsemantictagreleasestrategy . | GtRlCommitAndTagReleaseAction,work strategy type class gtrlsemantictagreleasestrategy | gtrlcommitandtagreleaseaction,74,10,0
2589,"[1, 0, 0, 0, 0, 1]",I only work With strategies of type class gtrlsemantictagreleasestrategy .,work strategy type class gtrlsemantictagreleasestrategy,i only work with strategies of type class gtrlsemantictagreleasestrategy . | GtRlCommitAndTagReleaseAction,work strategy type class gtrlsemantictagreleasestrategy | gtrlcommitandtagreleaseaction,74,10,0
2590,"[1, 0, 0, 0, 0, 1]",i sole process with strategies of type class gtrlsemantictagreleasestrategy .,sole process strategy type class gtrlsemantictagreleasestrategy,i only work with strategies of type class gtrlsemantictagreleasestrategy . | GtRlCommitAndTagReleaseAction,work strategy type class gtrlsemantictagreleasestrategy | gtrlcommitandtagreleaseaction,77,10,0
2591,"[1, 0, 0, 0, 0, 1]",i only Work with scheme of case class gtrlsemantictagreleasestrategy .,work scheme case class gtrlsemantictagreleasestrategy,i only work with strategies of type class gtrlsemantictagreleasestrategy . | GtRlCommitAndTagReleaseAction,work strategy type class gtrlsemantictagreleasestrategy | gtrlcommitandtagreleaseaction,70,10,0
2592,"[1, 0, 0, 0, 0, 1]",i merely work with strategies of type class gtrlsemantictagreleasestrategy .,merely work strategy type class gtrlsemantictagreleasestrategy,i only work with strategies of type class gtrlsemantictagreleasestrategy . | GtRlCommitAndTagReleaseAction,work strategy type class gtrlsemantictagreleasestrategy | gtrlcommitandtagreleaseaction,76,10,0
2593,"[1, 0, 0, 0, 0, 1]",i only work with strategies Of type class gtrlsemantictagreleasestrategy .,work strategy type class gtrlsemantictagreleasestrategy,i only work with strategies of type class gtrlsemantictagreleasestrategy . | GtRlCommitAndTagReleaseAction,work strategy type class gtrlsemantictagreleasestrategy | gtrlcommitandtagreleaseaction,74,10,0
2594,"[1, 0, 0, 0, 0, 1]",i only work with strategy of type class gtrlsemantictagreleasestrategy .,work strategy type class gtrlsemantictagreleasestrategy,i only work with strategies of type class gtrlsemantictagreleasestrategy . | GtRlCommitAndTagReleaseAction,work strategy type class gtrlsemantictagreleasestrategy | gtrlcommitandtagreleaseaction,72,10,0
2595,"[1, 0, 0, 0, 0, 1]",I only work with scheme of typecast class gtrlsemantictagreleasestrategy .,work scheme typecast class gtrlsemantictagreleasestrategy,i only work with strategies of type class gtrlsemantictagreleasestrategy . | GtRlCommitAndTagReleaseAction,work strategy type class gtrlsemantictagreleasestrategy | gtrlcommitandtagreleaseaction,74,10,0
2596,"[1, 0, 0, 0, 0, 1]",i only work with strategies of eccentric class gtrlsemantictagreleasestrategy .,work strategy eccentric class gtrlsemantictagreleasestrategy,i only work with strategies of type class gtrlsemantictagreleasestrategy . | GtRlCommitAndTagReleaseAction,work strategy type class gtrlsemantictagreleasestrategy | gtrlcommitandtagreleaseaction,79,10,0
2597,"[1, 0, 0, 0, 0, 1]",i Only work with strategies of Type class gtrlsemantictagreleasestrategy .,work strategy type class gtrlsemantictagreleasestrategy,i only work with strategies of type class gtrlsemantictagreleasestrategy . | GtRlCommitAndTagReleaseAction,work strategy type class gtrlsemantictagreleasestrategy | gtrlcommitandtagreleaseaction,74,10,0
2598,"[1, 0, 0, 0, 0, 1]",i simply make with scheme of type class gtrlsemantictagreleasestrategy .,simply make scheme type class gtrlsemantictagreleasestrategy,i only work with strategies of type class gtrlsemantictagreleasestrategy . | GtRlCommitAndTagReleaseAction,work strategy type class gtrlsemantictagreleasestrategy | gtrlcommitandtagreleaseaction,72,10,0
2599,"[1, 0, 0, 0, 0, 1]",I merely form with scheme of eccentric class gtrlsemantictagreleasestrategy .,merely form scheme eccentric class gtrlsemantictagreleasestrategy,i only work with strategies of type class gtrlsemantictagreleasestrategy . | GtRlCommitAndTagReleaseAction,work strategy type class gtrlsemantictagreleasestrategy | gtrlcommitandtagreleaseaction,77,10,0
2600,"[1, 0, 0, 0, 0, 1]",I Only work with strategies of Type class gtrlsemantictagreleasestrategy .,work strategy type class gtrlsemantictagreleasestrategy,i only work with strategies of type class gtrlsemantictagreleasestrategy . | GtRlCommitAndTagReleaseAction,work strategy type class gtrlsemantictagreleasestrategy | gtrlcommitandtagreleaseaction,74,10,0
2601,"[1, 0, 0, 0, 0, 1]",I only work with scheme of typewrite class gtrlsemantictagreleasestrategy .,work scheme typewrite class gtrlsemantictagreleasestrategy,i only work with strategies of type class gtrlsemantictagreleasestrategy . | GtRlCommitAndTagReleaseAction,work strategy type class gtrlsemantictagreleasestrategy | gtrlcommitandtagreleaseaction,75,10,0
2602,"[1, 0, 0, 0, 0, 1]",i exclusively work with strategies of type class Gtrlsemantictagreleasestrategy .,exclusively work strategy type class gtrlsemantictagreleasestrategy,i only work with strategies of type class gtrlsemantictagreleasestrategy . | GtRlCommitAndTagReleaseAction,work strategy type class gtrlsemantictagreleasestrategy | gtrlcommitandtagreleaseaction,81,10,0
2603,"[1, 0, 0, 0, 0, 1]",i merely work with strategies of case class gtrlsemantictagreleasestrategy .,merely work strategy case class gtrlsemantictagreleasestrategy,i only work with strategies of type class gtrlsemantictagreleasestrategy . | GtRlCommitAndTagReleaseAction,work strategy type class gtrlsemantictagreleasestrategy | gtrlcommitandtagreleaseaction,76,10,0
2604,"[1, 0, 0, 0, 0, 1]",i only function with strategies of type class gtrlsemantictagreleasestrategy .,function strategy type class gtrlsemantictagreleasestrategy,i only work with strategies of type class gtrlsemantictagreleasestrategy . | GtRlCommitAndTagReleaseAction,work strategy type class gtrlsemantictagreleasestrategy | gtrlcommitandtagreleaseaction,78,10,0
2605,"[1, 0, 0, 0, 0, 1]",I but go with strategies of type class gtrlsemantictagreleasestrategy .,go strategy type class gtrlsemantictagreleasestrategy,i only work with strategies of type class gtrlsemantictagreleasestrategy . | GtRlCommitAndTagReleaseAction,work strategy type class gtrlsemantictagreleasestrategy | gtrlcommitandtagreleaseaction,71,10,0
2606,"[1, 0, 0, 0, 0, 1]",i only work With strategies of type class gtrlsemantictagreleasestrategy .,work strategy type class gtrlsemantictagreleasestrategy,i only work with strategies of type class gtrlsemantictagreleasestrategy . | GtRlCommitAndTagReleaseAction,work strategy type class gtrlsemantictagreleasestrategy | gtrlcommitandtagreleaseaction,74,10,0
2607,"[1, 0, 0, 0, 0, 1]",i only work with strategies Of Type class gtrlsemantictagreleasestrategy .,work strategy type class gtrlsemantictagreleasestrategy,i only work with strategies of type class gtrlsemantictagreleasestrategy . | GtRlCommitAndTagReleaseAction,work strategy type class gtrlsemantictagreleasestrategy | gtrlcommitandtagreleaseaction,74,10,0
2608,"[1, 0, 0, 0, 0, 1]",i but work with Strategies of type class gtrlsemantictagreleasestrategy .,work strategy type class gtrlsemantictagreleasestrategy,i only work with strategies of type class gtrlsemantictagreleasestrategy . | GtRlCommitAndTagReleaseAction,work strategy type class gtrlsemantictagreleasestrategy | gtrlcommitandtagreleaseaction,73,10,0
2609,"[0, 0, 0, 1, 1, 0]",a rttextword represents one word of an pilot text.,rttextword represents one word pilot text,a rttextword represents one word of an original text. | RTTextWord,rttextword represents one word original text | rttextword,50,9,0
2610,"[0, 0, 0, 1, 1, 0]",a rttextword comprise one Word of an original text.,rttextword comprise one word original text,a rttextword represents one word of an original text. | RTTextWord,rttextword represents one word original text | rttextword,51,9,0
2611,"[0, 0, 0, 1, 1, 0]",a rttextword symbolize one discussion of an original text.,rttextword symbolize one discussion original text,a rttextword represents one word of an original text. | RTTextWord,rttextword represents one word original text | rttextword,58,9,0
2612,"[0, 0, 0, 1, 1, 0]",a rttextword represents One word of an archetype text.,rttextword represents one word archetype text,a rttextword represents one word of an original text. | RTTextWord,rttextword represents one word original text | rttextword,54,9,0
2613,"[0, 0, 0, 1, 1, 0]",A rttextword act one word of an master text.,rttextword act one word master text,a rttextword represents one word of an original text. | RTTextWord,rttextword represents one word original text | rttextword,44,9,0
2614,"[0, 0, 0, 1, 1, 0]",a rttextword represents one word of an original Text.,rttextword represents one word original text,a rttextword represents one word of an original text. | RTTextWord,rttextword represents one word original text | rttextword,53,9,0
2615,"[0, 0, 0, 1, 1, 0]",a rttextword Represents one word of an original text.,rttextword represents one word original text,a rttextword represents one word of an original text. | RTTextWord,rttextword represents one word original text | rttextword,53,9,0
2616,"[0, 0, 0, 1, 1, 0]",A rttextword play one word Of an original text.,rttextword play one word original text,a rttextword represents one word of an original text. | RTTextWord,rttextword represents one word original text | rttextword,47,9,0
2617,"[0, 0, 0, 1, 1, 0]",A rttextword defend one word of an master text.,rttextword defend one word master text,a rttextword represents one word of an original text. | RTTextWord,rttextword represents one word original text | rttextword,47,9,0
2618,"[0, 0, 0, 1, 1, 0]",a Rttextword represent one word of an Original text.,rttextword represent one word original text,a rttextword represents one word of an original text. | RTTextWord,rttextword represents one word original text | rttextword,52,9,0
2619,"[0, 0, 0, 1, 1, 0]",a rttextword Represents one Scripture of An original text.,rttextword represents one scripture original text,a rttextword represents one word of an original text. | RTTextWord,rttextword represents one word original text | rttextword,58,9,0
2620,"[0, 0, 0, 1, 1, 0]",a rttextword symbolise one word of an pilot text.,rttextword symbolise one word pilot text,a rttextword represents one word of an original text. | RTTextWord,rttextword represents one word original text | rttextword,49,9,0
2621,"[0, 0, 0, 1, 1, 0]",a rttextword represents one word of An original text.,rttextword represents one word original text,a rttextword represents one word of an original text. | RTTextWord,rttextword represents one word original text | rttextword,53,9,0
2622,"[0, 0, 0, 1, 1, 0]",A rttextword represents one word of an original text.,rttextword represents one word original text,a rttextword represents one word of an original text. | RTTextWord,rttextword represents one word original text | rttextword,53,9,0
2623,"[0, 0, 0, 1, 1, 0]",a rttextword represents one word of an Original text.,rttextword represents one word original text,a rttextword represents one word of an original text. | RTTextWord,rttextword represents one word original text | rttextword,53,9,0
2624,"[0, 0, 0, 1, 1, 0]",A rttextword represents one countersign of an archetype text.,rttextword represents one countersign archetype text,a rttextword represents one word of an original text. | RTTextWord,rttextword represents one word original text | rttextword,61,9,0
2625,"[0, 0, 0, 1, 1, 0]",A rttextword represents One countersign Of an master Text.,rttextword represents one countersign master text,a rttextword represents one word of an original text. | RTTextWord,rttextword represents one word original text | rttextword,58,9,0
2626,"[0, 0, 0, 1, 1, 0]",a rttextword symbolize one password of an original text.,rttextword symbolize one password original text,a rttextword represents one word of an original text. | RTTextWord,rttextword represents one word original text | rttextword,56,9,0
2627,"[0, 0, 0, 1, 1, 0]",a Rttextword Represents one Word of an master text.,rttextword represents one word master text,a rttextword represents one word of an original text. | RTTextWord,rttextword represents one word original text | rttextword,51,9,0
2628,"[0, 0, 0, 1, 1, 0]",A rttextword symbolize one word of an original text.,rttextword symbolize one word original text,a rttextword represents one word of an original text. | RTTextWord,rttextword represents one word original text | rttextword,52,9,0
2629,"[0, 0, 0, 1, 1, 0]",a rttextword interpret one word of an original text.,rttextword interpret one word original text,a rttextword represents one word of an original text. | RTTextWord,rttextword represents one word original text | rttextword,52,9,0
2630,"[0, 0, 0, 1, 1, 0]",A rttextword represents one formulate of an archetype text.,rttextword represents one formulate archetype text,a rttextword represents one word of an original text. | RTTextWord,rttextword represents one word original text | rttextword,59,9,0
2631,"[0, 0, 0, 1, 1, 0]",a rttextword interpret one word of an master text.,rttextword interpret one word master text,a rttextword represents one word of an original text. | RTTextWord,rttextword represents one word original text | rttextword,50,9,0
2632,"[0, 0, 0, 1, 1, 0]",a rttextword Represents one Word of an original text.,rttextword represents one word original text,a rttextword represents one word of an original text. | RTTextWord,rttextword represents one word original text | rttextword,53,9,0
2633,"[0, 0, 0, 1, 1, 0]",a rttextword map one word of an original text.,rttextword map one word original text,a rttextword represents one word of an original text. | RTTextWord,rttextword represents one word original text | rttextword,46,9,0
2634,"[0, 0, 0, 1, 1, 0]",a rttextword correspond one word of an original text.,rttextword correspond one word original text,a rttextword represents one word of an original text. | RTTextWord,rttextword represents one word original text | rttextword,53,9,0
2635,"[0, 0, 0, 1, 1, 0]",a rttextword represents One Bible of an archetype text.,rttextword represents one bible archetype text,a rttextword represents one word of an original text. | RTTextWord,rttextword represents one word original text | rttextword,55,9,0
2636,"[0, 0, 0, 1, 1, 0]",A rttextword represents One word of an original text.,rttextword represents one word original text,a rttextword represents one word of an original text. | RTTextWord,rttextword represents one word original text | rttextword,53,9,0
2637,"[0, 0, 0, 1, 1, 0]",a rttextword represents one formulate of an master text.,rttextword represents one formulate master text,a rttextword represents one word of an original text. | RTTextWord,rttextword represents one word original text | rttextword,56,9,0
2638,"[0, 0, 0, 1, 1, 0]",a rttextword represents one word of An master text.,rttextword represents one word master text,a rttextword represents one word of an original text. | RTTextWord,rttextword represents one word original text | rttextword,51,9,0
2639,"[0, 0, 0, 1, 1, 0]",a rttextword represent one word Of an original text.,rttextword represent one word original text,a rttextword represents one word of an original text. | RTTextWord,rttextword represents one word original text | rttextword,52,9,0
2640,"[0, 0, 0, 1, 1, 0]",a rttextword Represents one parole of an original Text.,rttextword represents one parole original text,a rttextword represents one word of an original text. | RTTextWord,rttextword represents one word original text | rttextword,55,9,0
2641,"[0, 0, 0, 1, 1, 0]",a rttextword Represents one discussion of an Original text.,rttextword represents one discussion original text,a rttextword represents one word of an original text. | RTTextWord,rttextword represents one word original text | rttextword,59,9,0
2642,"[0, 0, 0, 1, 1, 0]",a rttextword constitute one word of an original text.,rttextword constitute one word original text,a rttextword represents one word of an original text. | RTTextWord,rttextword represents one word original text | rttextword,53,9,0
2643,"[0, 0, 0, 1, 1, 0]",a rttextword represents one word of an master Text.,rttextword represents one word master text,a rttextword represents one word of an original text. | RTTextWord,rttextword represents one word original text | rttextword,51,9,0
2644,"[0, 0, 0, 1, 1, 0]",a rttextword represent one tidings of an archetype text.,rttextword represent one tidings archetype text,a rttextword represents one word of an original text. | RTTextWord,rttextword represents one word original text | rttextword,56,9,0
2645,"[0, 0, 0, 1, 1, 0]",a rttextword exemplify one word of an original text.,rttextword exemplify one word original text,a rttextword represents one word of an original text. | RTTextWord,rttextword represents one word original text | rttextword,52,9,0
2646,"[0, 0, 0, 1, 1, 0]",a rttextword represents one word of an master text.,rttextword represents one word master text,a rttextword represents one word of an original text. | RTTextWord,rttextword represents one word original text | rttextword,51,9,0
2647,"[0, 0, 0, 1, 1, 0]",a rttextword act one word of an original text.,rttextword act one word original text,a rttextword represents one word of an original text. | RTTextWord,rttextword represents one word original text | rttextword,46,9,0
2648,"[0, 0, 0, 1, 1, 0]",a Rttextword stage one word of an original text.,rttextword stage one word original text,a rttextword represents one word of an original text. | RTTextWord,rttextword represents one word original text | rttextword,48,9,0
2649,"[0, 0, 0, 1, 1, 0]",a rttextword represents one Word of an original text.,rttextword represents one word original text,a rttextword represents one word of an original text. | RTTextWord,rttextword represents one word original text | rttextword,53,9,0
2650,"[0, 0, 0, 1, 1, 0]",a rttextword represents one Scripture of An original text.,rttextword represents one scripture original text,a rttextword represents one word of an original text. | RTTextWord,rttextword represents one word original text | rttextword,58,9,0
2651,"[0, 0, 0, 1, 1, 0]",a rttextword represents one discussion of an original text.,rttextword represents one discussion original text,a rttextword represents one word of an original text. | RTTextWord,rttextword represents one word original text | rttextword,59,9,0
2652,"[0, 0, 0, 1, 1, 0]",a rttextword represents one word Of an pilot text.,rttextword represents one word pilot text,a rttextword represents one word of an original text. | RTTextWord,rttextword represents one word original text | rttextword,50,9,0
2653,"[0, 0, 0, 1, 1, 0]",a rttextword represents one news of An Original text.,rttextword represents one news original text,a rttextword represents one word of an original text. | RTTextWord,rttextword represents one word original text | rttextword,53,9,0
2654,"[0, 0, 0, 1, 1, 0]",a Rttextword represents one Book Of An original text.,rttextword represents one book original text,a rttextword represents one word of an original text. | RTTextWord,rttextword represents one word original text | rttextword,53,9,0
2655,"[0, 0, 0, 1, 1, 0]",A rttextword present one Logos of an original text.,rttextword present one logo original text,a rttextword represents one word of an original text. | RTTextWord,rttextword represents one word original text | rttextword,51,9,0
2656,"[0, 0, 0, 1, 1, 0]",a rttextword represents one word Of an original text.,rttextword represents one word original text,a rttextword represents one word of an original text. | RTTextWord,rttextword represents one word original text | rttextword,53,9,0
2657,"[0, 0, 0, 1, 1, 0]",A rttextword Represents One word of an original Text.,rttextword represents one word original text,a rttextword represents one word of an original text. | RTTextWord,rttextword represents one word original text | rttextword,53,9,0
2658,"[0, 0, 0, 1, 1, 0]",a rttextword defend one Word of an original Text.,rttextword defend one word original text,a rttextword represents one word of an original text. | RTTextWord,rttextword represents one word original text | rttextword,49,9,0
2659,"[0, 0, 0, 1, 1, 0]",a Rttextword represents one word of an original text.,rttextword represents one word original text,a rttextword represents one word of an original text. | RTTextWord,rttextword represents one word original text | rttextword,53,9,0
2660,"[0, 0, 0, 1, 1, 0]",a rttextword represent one news of An original text.,rttextword represent one news original text,a rttextword represents one word of an original text. | RTTextWord,rttextword represents one word original text | rttextword,52,9,0
2661,"[0, 0, 0, 1, 1, 0]",a rttextword typify one Son of an original text.,rttextword typify one son original text,a rttextword represents one word of an original text. | RTTextWord,rttextword represents one word original text | rttextword,48,9,0
2662,"[0, 0, 0, 1, 1, 0]",a rttextword represents one parole Of an original text.,rttextword represents one parole original text,a rttextword represents one word of an original text. | RTTextWord,rttextword represents one word original text | rttextword,55,9,0
2663,"[0, 0, 0, 1, 1, 0]",a rttextword comprise one articulate of an Original text.,rttextword comprise one articulate original text,a rttextword represents one word of an original text. | RTTextWord,rttextword represents one word original text | rttextword,57,9,0
2664,"[0, 0, 0, 1, 1, 0]",a Rttextword present one word of an master text.,rttextword present one word master text,a rttextword represents one word of an original text. | RTTextWord,rttextword represents one word original text | rttextword,48,9,0
2665,"[0, 0, 0, 1, 1, 0]",a Rttextword represents One Word of an archetype text.,rttextword represents one word archetype text,a rttextword represents one word of an original text. | RTTextWord,rttextword represents one word original text | rttextword,54,9,0
2666,"[0, 0, 0, 1, 1, 0]",a rttextword symbolize one word of an original text.,rttextword symbolize one word original text,a rttextword represents one word of an original text. | RTTextWord,rttextword represents one word original text | rttextword,52,9,0
2667,"[0, 0, 0, 1, 1, 0]",a rttextword interpret one word of An original text.,rttextword interpret one word original text,a rttextword represents one word of an original text. | RTTextWord,rttextword represents one word original text | rttextword,52,9,0
2668,"[0, 0, 0, 1, 1, 0]",a rttextword represents one watchword of an archetype Text.,rttextword represents one watchword archetype text,a rttextword represents one word of an original text. | RTTextWord,rttextword represents one word original text | rttextword,59,9,0
2669,"[0, 0, 0, 1, 1, 0]",a rttextword typify one Word of An master Text.,rttextword typify one word master text,a rttextword represents one word of an original text. | RTTextWord,rttextword represents one word original text | rttextword,47,9,0
2670,"[0, 0, 0, 1, 1, 0]",a rttextword represent one word of an Original text.,rttextword represent one word original text,a rttextword represents one word of an original text. | RTTextWord,rttextword represents one word original text | rttextword,52,9,0
2671,"[0, 0, 0, 1, 1, 0]",a rttextword Represents one password of an Original text.,rttextword represents one password original text,a rttextword represents one word of an original text. | RTTextWord,rttextword represents one word original text | rttextword,57,9,0
2672,"[0, 0, 0, 1, 1, 0]",a rttextword represents one intelligence of an original Text.,rttextword represents one intelligence original text,a rttextword represents one word of an original text. | RTTextWord,rttextword represents one word original text | rttextword,61,9,0
2673,"[0, 0, 0, 1, 1, 0]",A rttextword symbolize one watchword of an archetype text.,rttextword symbolize one watchword archetype text,a rttextword represents one word of an original text. | RTTextWord,rttextword represents one word original text | rttextword,58,9,0
2674,"[0, 0, 0, 1, 1, 0]",a Rttextword represents one word of an Original Text.,rttextword represents one word original text,a rttextword represents one word of an original text. | RTTextWord,rttextword represents one word original text | rttextword,53,9,0
2675,"[0, 0, 0, 1, 1, 0]",A Rttextword represents one word of an original text.,rttextword represents one word original text,a rttextword represents one word of an original text. | RTTextWord,rttextword represents one word original text | rttextword,53,9,0
2676,"[0, 0, 0, 1, 1, 0]",a rttextword represents one Book of an original text.,rttextword represents one book original text,a rttextword represents one word of an original text. | RTTextWord,rttextword represents one word original text | rttextword,53,9,0
2677,"[0, 0, 0, 1, 1, 0]",a rttextword represents one word of An pilot text.,rttextword represents one word pilot text,a rttextword represents one word of an original text. | RTTextWord,rttextword represents one word original text | rttextword,50,9,0
2678,"[0, 0, 0, 1, 1, 0]",a rttextword interpret One Book Of an original text.,rttextword interpret one book original text,a rttextword represents one word of an original text. | RTTextWord,rttextword represents one word original text | rttextword,52,9,0
2679,"[0, 0, 0, 1, 1, 0]",A rttextword exemplify one Scripture of an original text.,rttextword exemplify one scripture original text,a rttextword represents one word of an original text. | RTTextWord,rttextword represents one word original text | rttextword,57,9,0
2680,"[0, 0, 0, 1, 1, 0]",A rttextword represents One Word of an original text.,rttextword represents one word original text,a rttextword represents one word of an original text. | RTTextWord,rttextword represents one word original text | rttextword,53,9,0
2681,"[0, 0, 0, 1, 1, 0]",a rttextword represents one news of an original text.,rttextword represents one news original text,a rttextword represents one word of an original text. | RTTextWord,rttextword represents one word original text | rttextword,53,9,0
2682,"[0, 0, 0, 1, 1, 0]",a rttextword stage one Word of an pilot text.,rttextword stage one word pilot text,a rttextword represents one word of an original text. | RTTextWord,rttextword represents one word original text | rttextword,45,9,0
2683,"[0, 0, 0, 1, 1, 0]",a rttextword Represents one word of an pilot text.,rttextword represents one word pilot text,a rttextword represents one word of an original text. | RTTextWord,rttextword represents one word original text | rttextword,50,9,0
2684,"[0, 0, 0, 1, 1, 0]",a rttextword represents One word of an master text.,rttextword represents one word master text,a rttextword represents one word of an original text. | RTTextWord,rttextword represents one word original text | rttextword,51,9,0
2685,"[0, 0, 0, 1, 1, 0]",a rttextword represents one Word of an master text.,rttextword represents one word master text,a rttextword represents one word of an original text. | RTTextWord,rttextword represents one word original text | rttextword,51,9,0
2686,"[0, 0, 0, 1, 1, 0]",a Rttextword interpret One word of an original Text.,rttextword interpret one word original text,a rttextword represents one word of an original text. | RTTextWord,rttextword represents one word original text | rttextword,52,9,0
2687,"[0, 0, 0, 1, 1, 0]",a rttextword present one word of an original text.,rttextword present one word original text,a rttextword represents one word of an original text. | RTTextWord,rttextword represents one word original text | rttextword,50,9,0
2688,"[0, 0, 0, 1, 1, 0]",A rttextword map one word Of an original Text.,rttextword map one word original text,a rttextword represents one word of an original text. | RTTextWord,rttextword represents one word original text | rttextword,46,9,0
2689,"[0, 0, 0, 1, 1, 0]",a rttextword Represents One word of an master text.,rttextword represents one word master text,a rttextword represents one word of an original text. | RTTextWord,rttextword represents one word original text | rttextword,51,9,0
2690,"[0, 0, 0, 1, 1, 0]",a rttextword represents one word of an archetype text.,rttextword represents one word archetype text,a rttextword represents one word of an original text. | RTTextWord,rttextword represents one word original text | rttextword,54,9,0
2691,"[0, 0, 0, 1, 1, 0]",a rttextword represents one articulate of an original text.,rttextword represents one articulate original text,a rttextword represents one word of an original text. | RTTextWord,rttextword represents one word original text | rttextword,59,9,0
2692,"[0, 0, 0, 1, 1, 0]",a rttextword represents One word of an pilot text.,rttextword represents one word pilot text,a rttextword represents one word of an original text. | RTTextWord,rttextword represents one word original text | rttextword,50,9,0
2693,"[0, 0, 0, 1, 1, 0]",a rttextword represent one Word of an archetype text.,rttextword represent one word archetype text,a rttextword represents one word of an original text. | RTTextWord,rttextword represents one word original text | rttextword,53,9,0
2694,"[0, 0, 0, 1, 1, 0]",a rttextword Represents one news of an original text.,rttextword represents one news original text,a rttextword represents one word of an original text. | RTTextWord,rttextword represents one word original text | rttextword,53,9,0
2695,"[0, 0, 0, 1, 1, 0]",a rttextword represents one Logos Of An archetype text.,rttextword represents one logo archetype text,a rttextword represents one word of an original text. | RTTextWord,rttextword represents one word original text | rttextword,55,9,0
2696,"[0, 0, 0, 1, 1, 0]",a rttextword constitute One Word of an original text.,rttextword constitute one word original text,a rttextword represents one word of an original text. | RTTextWord,rttextword represents one word original text | rttextword,53,9,0
2697,"[0, 0, 0, 1, 1, 0]",a rttextword represents one watchword of an pilot text.,rttextword represents one watchword pilot text,a rttextword represents one word of an original text. | RTTextWord,rttextword represents one word original text | rttextword,55,9,0
2698,"[0, 0, 0, 1, 1, 0]",a Rttextword represents one word of an pilot text.,rttextword represents one word pilot text,a rttextword represents one word of an original text. | RTTextWord,rttextword represents one word original text | rttextword,50,9,0
2699,"[0, 0, 0, 1, 1, 0]",A rttextword represents one word of An archetype text.,rttextword represents one word archetype text,a rttextword represents one word of an original text. | RTTextWord,rttextword represents one word original text | rttextword,54,9,0
2700,"[0, 0, 0, 1, 1, 0]",a rttextword symbolise one news of an original text.,rttextword symbolise one news original text,a rttextword represents one word of an original text. | RTTextWord,rttextword represents one word original text | rttextword,52,9,0
2701,"[0, 0, 0, 1, 1, 0]",a rttextword represents one Son of an pilot text.,rttextword represents one son pilot text,a rttextword represents one word of an original text. | RTTextWord,rttextword represents one word original text | rttextword,49,9,0
2702,"[0, 0, 0, 1, 1, 0]",a rttextword symbolise one word of an Original text.,rttextword symbolise one word original text,a rttextword represents one word of an original text. | RTTextWord,rttextword represents one word original text | rttextword,52,9,0
2703,"[0, 0, 0, 1, 1, 0]",a rttextword be one word of an Original text.,rttextword one word original text,a rttextword represents one word of an original text. | RTTextWord,rttextword represents one word original text | rttextword,45,9,0
2704,"[0, 0, 0, 1, 1, 0]",a rttextword stage one formulate of an original text.,rttextword stage one formulate original text,a rttextword represents one word of an original text. | RTTextWord,rttextword represents one word original text | rttextword,53,9,0
2705,"[0, 0, 0, 1, 1, 0]",a Rttextword map one Logos of an pilot text.,rttextword map one logo pilot text,a rttextword represents one word of an original text. | RTTextWord,rttextword represents one word original text | rttextword,44,9,0
2706,"[0, 0, 0, 1, 1, 0]",a rttextword correspond one word of an pilot text.,rttextword correspond one word pilot text,a rttextword represents one word of an original text. | RTTextWord,rttextword represents one word original text | rttextword,50,9,0
2707,"[0, 0, 0, 1, 1, 0]",a rttextword represents One word of An original text.,rttextword represents one word original text,a rttextword represents one word of an original text. | RTTextWord,rttextword represents one word original text | rttextword,53,9,0
