index,labels,comment_sentence,comment_clean,combo,combo_clean,f_length,f_word_count,f_starts_verb
0,"[1, 0, 0, 0, 0]","when it s used as a decorator, call wraps the execution of the",used decorator call wrap execution,"when it s used as a decorator, call wraps the execution of the | Atomic",used decorator call wrap execution | atomic,62,13,0
1,"[1, 0, 0, 0, 0]","exit commits the transaction or releases the savepoint on normal exit,",exit commits transaction release savepoint normal exit,"exit commits the transaction or releases the savepoint on normal exit, | Atomic",exit commits transaction release savepoint normal exit | atomic,70,11,0
2,"[1, 0, 0, 0, 0]",it s possible to disable the creation of savepoints if the goal is to,possible disable creation savepoints goal,it s possible to disable the creation of savepoints if the goal is to | Atomic,possible disable creation savepoints goal | atomic,69,14,0
3,"[1, 0, 0, 0, 0]",a stack of savepoints identifiers is maintained as an attribute of the,stack savepoints identifier maintained attribute,a stack of savepoints identifiers is maintained as an attribute of the | Atomic,stack savepoints identifier maintained attribute | atomic,70,12,0
4,"[1, 0, 0, 0, 0]",none denotes the absence of a savepoint.,none denotes absence savepoint,none denotes the absence of a savepoint. | Atomic,none denotes absence savepoint | atomic,40,7,0
5,"[0, 0, 0, 1, 0]","implementation , there are only a few basic tests with the decorator",implementation basic test decorator,"implementation , there are only a few basic tests with the decorator | AtomicTests",implementation basic test decorator | atomictests,68,12,0
6,"[0, 0, 0, 1, 0]",it is intended that autofieldmixin become public api when it is possible to,intended autofieldmixin become public api possible,it is intended that autofieldmixin become public api when it is possible to | AutoFieldMeta,intended autofieldmixin become public api possible | autofieldmeta,75,13,0
7,"[0, 0, 0, 1, 0]",stored in the database.,stored database,stored in the database. | AutoFieldMeta,stored database | autofieldmeta,23,4,0
8,"[1, 0, 0, 0, 0]",automatically generated field as a subclass of autofield.,automatically generated field subclass autofield,automatically generated field as a subclass of autofield. | AutoFieldMeta,automatically generated field subclass autofield | autofieldmeta,57,8,0
9,"[1, 0, 0, 0, 0]",to be implemented on field to be used instead.,implemented field used instead,to be implemented on field to be used instead. | AutoFieldMeta,implemented field used instead | autofieldmeta,46,9,0
10,"[0, 0, 1, 0, 0]","when these issues have been addressed, this metaclass could be used to",issue addressed metaclass could used,"when these issues have been addressed, this metaclass could be used to | AutoFieldMeta",issue addressed metaclass could used | autofieldmeta,70,12,0
11,"[0, 0, 0, 0, 1]",a service specific account of type bar.,service specific account type bar,a service specific account of type bar. | BarAccount,service specific account type bar | baraccount,39,7,0
12,"[0, 0, 1, 0, 0]",use this class if you want access to all of the mechanisms which,use class want access mechanism,use this class if you want access to all of the mechanisms which | BaseCommand,use class want access mechanism | basecommand,64,13,0
13,"[0, 0, 1, 0, 0]",parse the command line arguments and work out what code to call in,parse command line argument work code call,parse the command line arguments and work out what code to call in | BaseCommand,parse command line argument work code call | basecommand,66,13,0
14,"[0, 0, 1, 0, 0]","response if you don t need to change any of that behavior,",response need change behavior,"response if you don t need to change any of that behavior, | BaseCommand",response need change behavior | basecommand,58,12,0
15,"[1, 0, 0, 0, 0]","the command parsing and execution behavior, the normal flow works",command parsing execution behavior normal flow work,"the command parsing and execution behavior, the normal flow works | BaseCommand",command parsing execution behavior normal flow work | basecommand,65,10,0
16,"[1, 0, 0, 0, 0]",django admin or manage^py loads the command class,django admin manage py load command class,django admin or manage^py loads the command class | BaseCommand,django admin manage py load command class | basecommand,49,8,0
17,"[1, 0, 0, 0, 0]",the run from argv method calls create parser to get,run argv method call create parser get,the run from argv method calls create parser to get | BaseCommand,run argv method call create parser get | basecommand,51,10,0
18,"[1, 0, 0, 0, 0]",any environment changes requested by options like,environment change requested option like,any environment changes requested by options like | BaseCommand,environment change requested option like | basecommand,49,7,0
19,"[1, 0, 0, 0, 0]","pythonpath , and then calls the execute method,",pythonpath call execute method,"pythonpath , and then calls the execute method, | BaseCommand",pythonpath call execute method | basecommand,47,8,0
20,"[1, 0, 0, 0, 0]",passing the parsed arguments.,passing parsed argument,passing the parsed arguments. | BaseCommand,passing parsed argument | basecommand,29,4,0
21,"[1, 0, 0, 0, 0]",calling the handle method with the parsed arguments any,calling handle method parsed argument,calling the handle method with the parsed arguments any | BaseCommand,calling handle method parsed argument | basecommand,55,9,0
22,"[1, 0, 0, 0, 0]","output and, if the command is intended to produce a block of",output command intended produce block,"output and, if the command is intended to produce a block of | BaseCommand",output command intended produce block | basecommand,60,12,0
23,"[1, 0, 0, 0, 0]","sql statements, will be wrapped in begin and commit .",sql statement wrapped begin commit,"sql statements, will be wrapped in begin and commit . | BaseCommand",sql statement wrapped begin commit | basecommand,53,10,0
24,"[1, 0, 0, 0, 0]",if handle or execute raised any exception eg,handle execute raised exception eg,if handle or execute raised any exception eg | BaseCommand,handle execute raised exception eg | basecommand,44,8,0
25,"[1, 0, 0, 0, 0]","commanderror , run from argv will instead print an error",commanderror run argv instead print error,"commanderror , run from argv will instead print an error | BaseCommand",commanderror run argv instead print error | basecommand,56,10,0
26,"[1, 0, 0, 0, 0]",message to stderr .,message stderr,message to stderr . | BaseCommand,message stderr | basecommand,19,4,0
27,"[0, 0, 1, 0, 0]",subclasses many built in commands and command types either place,subclass many built command command type either place,subclasses many built in commands and command types either place | BaseCommand,subclass many built command command type either place | basecommand,64,10,1
28,"[0, 0, 1, 0, 0]","all of their logic in handle , or perform some additional",logic handle perform additional,"all of their logic in handle , or perform some additional | BaseCommand",logic handle perform additional | basecommand,57,11,0
29,"[0, 0, 1, 0, 0]",parsing work in handle and then delegate from it to more,parsing work handle delegate,parsing work in handle and then delegate from it to more | BaseCommand,parsing work handle delegate | basecommand,56,11,0
30,"[0, 0, 1, 0, 0]",specialized methods as needed.,specialized method needed,specialized methods as needed. | BaseCommand,specialized method needed | basecommand,30,4,0
31,"[0, 1, 0, 0, 0]","a short description of the command, which will be printed in",short description command printed,"a short description of the command, which will be printed in | BaseCommand",short description command printed | basecommand,60,11,0
32,"[0, 1, 0, 0, 0]",output transaction,output transaction,output transaction | BaseCommand,output transaction | basecommand,18,2,0
33,"[0, 1, 0, 0, 0]",a boolean indicating whether the command outputs sql,boolean indicating whether command output sql,a boolean indicating whether the command outputs sql | BaseCommand,boolean indicating whether command output sql | basecommand,52,8,0
34,"[0, 1, 0, 0, 0]",wrapped with begin and commit .,wrapped begin commit,wrapped with begin and commit . | BaseCommand,wrapped begin commit | basecommand,31,6,0
35,"[0, 1, 0, 0, 0]",migrations on disk don t match the migrations in the database.,migration disk match migration database,migrations on disk don t match the migrations in the database. | BaseCommand,migration disk match migration database | basecommand,62,11,1
36,"[0, 1, 0, 0, 0]","a boolean if true , entire django project will be checked for errors",boolean true entire django project checked error,"a boolean if true , entire django project will be checked for errors | BaseCommand",boolean true entire django project checked error | basecommand,68,13,0
37,"[0, 1, 0, 0, 0]",prior to executing the command.,prior executing command,prior to executing the command. | BaseCommand,prior executing command | basecommand,31,5,0
38,"[0, 1, 0, 0, 0]",to validate an individual application s models,validate individual application model,to validate an individual application s models | BaseCommand,validate individual application model | basecommand,46,7,0
39,"[0, 1, 0, 0, 0]",app registry.,app registry,app registry. | BaseCommand,app registry | basecommand,13,2,0
40,"[0, 0, 1, 0, 1]",this class and its subclasses are responsible for emitting schema changing,class subclass responsible emitting schema changing,this class and its subclasses are responsible for emitting schema changing | BaseDatabaseSchemaEditor,class subclass responsible emitting schema changing | basedatabaseschemaeditor,74,11,1
41,"[0, 0, 1, 0, 1]","statements to the databases model creation removal alteration, field",statement database model creation removal alteration field,"statements to the databases model creation removal alteration, field | BaseDatabaseSchemaEditor",statement database model creation removal alteration field | basedatabaseschemaeditor,68,9,1
42,"[0, 0, 1, 0, 1]","renaming, index fiddling, and so on.",renaming index fiddling,"renaming, index fiddling, and so on. | BaseDatabaseSchemaEditor",renaming index fiddling | basedatabaseschemaeditor,36,6,0
43,"[0, 0, 0, 0, 1]",base class for all query expressions.,base class query expression,base class for all query expressions. | BaseExpression,base class query expression | baseexpression,37,6,0
44,"[0, 0, 1, 0, 0]",using this base class requires subclassing to provide a response mixin.,using base class requires subclassing provide response mixin,using this base class requires subclassing to provide a response mixin. | BaseUpdateView,using base class requires subclassing provide response mixin | baseupdateview,71,11,0
45,"[0, 0, 0, 0, 1]",list of objects published in a given year.,list object published given year,list of objects published in a given year. | BaseYearArchiveView,list object published given year | baseyeararchiveview,42,8,0
46,"[0, 0, 0, 0, 1]",secure password hashing using the bcrypt algorithm recommended,secure password hashing using bcrypt algorithm recommended,secure password hashing using the bcrypt algorithm recommended | BCryptSHA256PasswordHasher,secure password hashing using bcrypt algorithm recommended | bcryptsha passwordhasher,62,8,0
47,"[1, 0, 0, 0, 0]",must first install the bcrypt library.,must first install bcrypt library,must first install the bcrypt library. | BCryptSHA256PasswordHasher,must first install bcrypt library | bcryptsha passwordhasher,38,6,0
48,"[1, 0, 0, 0, 0]","for example, the following can be used in a",example following used,"for example, the following can be used in a | BoundWidget",example following used | boundwidget,43,9,0
49,"[1, 0, 0, 0, 0]",radio^choice label,radio choice label,radio^choice label | BoundWidget,radio choice label | boundwidget,18,2,0
50,"[0, 0, 0, 1, 0]",ensure only one instance of each alias exists per thread.,ensure one instance alias exists per thread,ensure only one instance of each alias exists per thread. | CacheHandler,ensure one instance alias exists per thread | cachehandler,57,10,0
51,"[0, 1, 0, 0, 1]",class for creating enumerated choices.,class creating enumerated choice,class for creating enumerated choices. | Choices,class creating enumerated choice | choice,38,5,1
52,"[0, 0, 0, 1, 0]",given a file like object as the,given file like object,given a file like object as the | ChunkIter,given file like object | chunkiter,31,7,0
53,"[0, 0, 0, 0, 1]",a class that can act as a client for testing purposes.,class act client testing purpose,a class that can act as a client for testing purposes. | Client,class act client testing purpose | client,54,11,0
54,"[0, 0, 0, 1, 0]","it allows the user to compose get and post requests, and",allows user compose get post request,"it allows the user to compose get and post requests, and | Client",allows user compose get post request | client,56,11,0
55,"[0, 0, 0, 1, 0]",the server response objects are annotated with the details,server response object annotated detail,the server response objects are annotated with the details | Client,server response object annotated detail | client,58,9,0
56,"[0, 0, 0, 1, 0]",process of serving the request.,process serving request,process of serving the request. | Client,process serving request | client,31,5,1
57,"[0, 0, 0, 1, 0]",thus session details for the lifetime of the client instance.,thus session detail lifetime client instance,thus session details for the lifetime of the client instance. | Client,thus session detail lifetime client instance | client,61,10,1
58,"[0, 0, 1, 0, 0]",this is not intended as a replacement for twill selenium or,intended replacement twill selenium,this is not intended as a replacement for twill selenium or | Client,intended replacement twill selenium | client,59,11,1
59,"[0, 0, 1, 0, 0]","contexts and templates produced by a view, rather than the",context template produced view rather,"contexts and templates produced by a view, rather than the | Client",context template produced view rather | client,58,10,1
60,"[0, 0, 1, 0, 0]",html rendered to the end user.,html rendered end user,html rendered to the end user. | Client,html rendered end user | client,30,6,0
61,"[0, 0, 0, 0, 1]",provide the ability to combine one or two objects with,provide ability combine one two object,provide the ability to combine one or two objects with | Combinable,provide ability combine one two object | combinable,54,10,0
62,"[0, 0, 0, 0, 1]",some connector.,connector,some connector. | Combinable,connector | combinable,15,2,0
63,"[1, 0, 0, 0, 0]",for example f foo f bar .,example f foo f bar,for example f foo f bar . | Combinable,example f foo f bar | combinable,25,7,0
64,"[0, 0, 0, 0, 1]",tests various hooks for using custom templates and contexts.,test various hook using custom template context,tests various hooks for using custom templates and contexts. | CustomArticleAdmin,test various hook using custom template context | customarticleadmin,60,9,1
65,"[0, 0, 0, 0, 1]",tests for the ability to mixin a custom validate key method to,test ability mixin custom validate key method,tests for the ability to mixin a custom validate key method to | CustomCacheKeyValidationTests,test ability mixin custom validate key method | customcachekeyvalidationtests,62,12,1
66,"[0, 0, 0, 1, 0]","backend, and override the default key validation.",backend override default key validation,"backend, and override the default key validation. | CustomCacheKeyValidationTests",backend override default key validation | customcachekeyvalidationtests,49,7,0
67,"[0, 1, 0, 0, 1]",tests a custom remoteusermiddleware subclass with custom http auth user,test custom remoteusermiddleware subclass custom http auth user,tests a custom remoteusermiddleware subclass with custom http auth user | CustomHeaderRemoteUserTest,test custom remoteusermiddleware subclass custom http auth user | customheaderremoteusertest,71,10,1
68,"[0, 0, 0, 0, 1]",used in the tests for the database argument in signals #13552,used test database argument signal,used in the tests for the database argument in signals #13552 | DatabaseReceiver,used test database argument signal | databasereceiver,61,11,0
69,"[0, 0, 0, 0, 1]",invalid to field was passed to admin view via url query string,invalid field passed admin view via url query string,invalid to field was passed to admin view via url query string | DisallowedModelAdminToField,invalid field passed admin view via url query string | disallowedmodeladmintofield,62,12,0
70,"[0, 0, 0, 0, 1]",django specific rest to html tweaks.,django specific rest html tweak,django specific rest to html tweaks. | DjangoHTMLTranslator,django specific rest html tweak | djangohtmltranslator,36,6,0
71,"[0, 0, 0, 0, 1]","after pickling, this class fails unpickling with an error about incorrect",pickling class fails unpickling error incorrect,"after pickling, this class fails unpickling with an error about incorrect | ExceptionThatFailsUnpickling",pickling class fails unpickling error incorrect | exceptionthatfailsunpickling,73,11,0
72,"[0, 0, 0, 0, 1]",arguments passed to init .,argument passed init,arguments passed to init . | ExceptionThatFailsUnpickling,argument passed init | exceptionthatfailsunpickling,26,5,1
73,"[0, 0, 0, 0, 1]",a wrapper around bytesio that restricts what can be read since data from,wrapper around bytesio restricts read since data,a wrapper around bytesio that restricts what can be read since data from | FakePayload,wrapper around bytesio restricts read since data | fakepayload,72,13,0
74,"[0, 0, 0, 0, 1]",the network can t be sought and cannot be read outside of its content,network sought cannot read outside content,the network can t be sought and cannot be read outside of its content | FakePayload,network sought cannot read outside content | fakepayload,69,14,0
75,"[0, 0, 0, 1, 0]",this makes sure that views can t do anything under the test client,make sure view anything test client,this makes sure that views can t do anything under the test client | FakePayload,make sure view anything test client | fakepayload,66,13,1
76,"[0, 0, 0, 1, 0]",try to store all messages in the first backend.,try store message first backend,try to store all messages in the first backend. | FallbackStorage,try store message first backend | fallbackstorage,47,9,0
77,"[0, 0, 0, 1, 0]",store any unstored,store unstored,store any unstored | FallbackStorage,store unstored | fallbackstorage,18,3,0
78,"[0, 0, 1, 0, 0]",model added for ticket 19838,model added ticket,model added for ticket 19838 | FootNote,model added ticket | footnote,28,5,0
79,"[0, 0, 0, 0, 1]",table column fields,table column field,table column fields | Group,table column field | group,19,3,0
80,"[0, 0, 0, 0, 1]",on the accept encoding header.,accept encoding header,on the accept encoding header. | GZipMiddleware,accept encoding header | gzipmiddleware,30,5,0
81,"[0, 0, 0, 0, 1]",a widget that splits input into two input type hidden inputs.,widget split input two input type hidden input,a widget that splits input into two input type hidden inputs. | HiddenRangeWidget,widget split input two input type hidden input | hiddenrangewidget,61,11,0
82,"[0, 0, 0, 1, 0]",the only difference is,difference,the only difference is | ImageFileDescriptor,difference | imagefiledescriptor,22,4,0
83,"[0, 0, 0, 1, 0]","assigning the width height to the width field height field, if appropriate.",assigning width height width field height field appropriate,"assigning the width height to the width field height field, if appropriate. | ImageFileDescriptor",assigning width height width field height field appropriate | imagefiledescriptor,75,12,0
84,"[0, 0, 0, 0, 1]",a form that replaces the model s url field with a custom one.,form replaces model url field custom one,a form that replaces the model s url field with a custom one. | IncompleteCategoryFormWithExclude,form replaces model url field custom one | incompletecategoryformwithexclude,61,13,0
85,"[0, 0, 0, 0, 1]",a model with a fk to itself.,model fk,a model with a fk to itself. | Individual,model fk | individual,28,7,0
86,"[1, 0, 1, 0, 0]",related instances rendering will be called programmatically in this case .,related instance rendering called programmatically case,related instances rendering will be called programmatically in this case . | Individual,related instance rendering called programmatically case | individual,74,11,0
87,"[0, 0, 0, 1, 1]",no more reads are allowed from this device.,read allowed device,no more reads are allowed from this device. | InputStreamExhausted,read allowed device | inputstreamexhausted,43,8,0
88,"[0, 0, 0, 0, 1]",a base class which provides complete list interface.,base class provides complete list interface,a base class which provides complete list interface. | ListMixin,base class provides complete list interface | listmixin,52,8,0
89,"[0, 0, 0, 1, 0]","function get single external self, i",function get single external self,"function get single external self, i | ListMixin",function get single external self | listmixin,36,6,0
90,"[0, 0, 0, 1, 0]",return single item with index i for general use.,return single item index general use,return single item with index i for general use. | ListMixin,return single item index general use | listmixin,48,9,0
91,"[0, 0, 0, 1, 0]",the index i will always satisfy 0 i len self .,index always satisfy len self,the index i will always satisfy 0 i len self . | ListMixin,index always satisfy len self | listmixin,46,11,0
92,"[0, 0, 0, 1, 0]","same as above, but for use within the class optional",use within class optional,"same as above, but for use within the class optional | ListMixin",use within class optional | listmixin,52,10,0
93,"[0, 0, 0, 1, 0]",note that if get single internal and get single internal return,note get single internal get single internal return,note that if get single internal and get single internal return | ListMixin,note get single internal get single internal return | listmixin,63,11,0
94,"[0, 0, 0, 1, 0]","different types of objects, set list must distinguish",different type object set list must distinguish,"different types of objects, set list must distinguish | ListMixin",different type object set list must distinguish | listmixin,53,8,0
95,"[0, 0, 0, 1, 0]",between the two and handle each appropriately.,two handle appropriately,between the two and handle each appropriately. | ListMixin,two handle appropriately | listmixin,46,7,0
96,"[0, 0, 0, 1, 0]","function set list self, length, items",function set list self length item,"function set list self, length, items | ListMixin",function set list self length item | listmixin,37,6,0
97,"[0, 0, 0, 1, 0]",recreate the entire object.,recreate entire object,recreate the entire object. | ListMixin,recreate entire object | listmixin,27,4,0
98,"[0, 0, 0, 1, 0]","therefore, it is necessary to cache the values in a temporary",therefore necessary cache value temporary,"therefore, it is necessary to cache the values in a temporary | ListMixin",therefore necessary cache value temporary | listmixin,61,11,0
99,"[0, 0, 0, 1, 0]",temp list items,temp list item,temp list items | ListMixin,temp list item | listmixin,15,3,0
100,"[0, 0, 0, 1, 0]",before clobbering the original storage.,clobbering original storage,before clobbering the original storage. | ListMixin,clobbering original storage | listmixin,39,5,0
101,"[0, 0, 0, 1, 0]","function set single self, i, value",function set single self value,"function set single self, i, value | ListMixin",function set single self value | listmixin,34,6,0
102,"[0, 0, 0, 1, 0]",set the single item at index i to value optional,set single item index value optional,set the single item at index i to value optional | ListMixin,set single item index value optional | listmixin,48,10,1
103,"[0, 0, 0, 1, 0]",the object using set list.,object using set list,the object using set list. | ListMixin,object using set list | listmixin,26,5,0
104,"[0, 0, 0, 1, 0]",function len self,function len self,function len self | ListMixin,function len self | listmixin,17,3,0
105,"[0, 0, 0, 1, 0]",return the length,return length,return the length | ListMixin,return length | listmixin,17,3,0
106,"[0, 0, 0, 1, 0]",int minlength,int minlength,int minlength | ListMixin,int minlength | listmixin,13,2,0
107,"[0, 0, 0, 1, 0]",the minimum legal length optional,minimum legal length optional,the minimum legal length optional | ListMixin,minimum legal length optional | listmixin,33,5,0
108,"[0, 0, 0, 1, 0]",int maxlength,int maxlength,int maxlength | ListMixin,int maxlength | listmixin,13,2,0
109,"[0, 0, 0, 1, 0]",the maximum legal length optional,maximum legal length optional,the maximum legal length optional | ListMixin,maximum legal length optional | listmixin,33,5,0
110,"[0, 0, 0, 1, 0]",type or tuple allowed,type tuple allowed,type or tuple allowed | ListMixin,type tuple allowed | listmixin,21,4,0
111,"[0, 0, 0, 1, 0]",a type or tuple of allowed item types optional,type tuple allowed item type optional,a type or tuple of allowed item types optional | ListMixin,type tuple allowed item type optional | listmixin,46,9,0
112,"[0, 0, 0, 0, 1]",tests for the logout then login view,test logout login view,tests for the logout then login view | LogoutThenLoginTests,test logout login view | logoutthenlogintests,36,7,1
113,"[0, 0, 0, 1, 0]","the make list filter can destroy existing escaping, so the results are",make list filter destroy existing escaping result,"the make list filter can destroy existing escaping, so the results are | MakeListTests",make list filter destroy existing escaping result | makelisttests,70,12,0
114,"[0, 0, 0, 0, 1]",keep track of how many form instances are displayed on the page.,keep track many form instance displayed page,keep track of how many form instances are displayed on the page. | ManagementForm,keep track many form instance displayed page | managementform,64,12,0
115,"[0, 0, 0, 0, 1]",an implementation of a cache binding using python memcached,implementation cache binding using python memcached,an implementation of a cache binding using python memcached | MemcachedCache,implementation cache binding using python memcached | memcachedcache,59,9,0
116,"[0, 0, 0, 0, 1]",file upload handler to stream uploads into memory used for small files .,file upload handler stream uploads memory used small file,file upload handler to stream uploads into memory used for small files . | MemoryFileUploadHandler,file upload handler stream uploads memory used small file | memoryfileuploadhandler,72,13,0
117,"[0, 0, 0, 0, 1]",the base class for all migrations.,base class migration,the base class for all migrations. | Migration,base class migration | migration,34,6,0
118,"[1, 1, 0, 0, 0]",it will have one or more,one,it will have one or more | Migration,one | migration,24,6,0
119,"[1, 1, 0, 0, 0]",of the following attributes,following attribute,of the following attributes | Migration,following attribute | migration,27,4,0
120,"[1, 1, 0, 0, 0]","operations a list of operation instances, probably from django^db.migrations^operations",operation list operation instance probably django db migration operation,"operations a list of operation instances, probably from django^db.migrations^operations | Migration",operation list operation instance probably django db migration operation | migration,87,9,1
121,"[1, 1, 0, 0, 0]","dependencies a list of tuples of app path, migration name",dependency list tuples app path migration name,"dependencies a list of tuples of app path, migration name | Migration",dependency list tuples app path migration name | migration,57,10,1
122,"[1, 1, 0, 0, 0]","run before a list of tuples of app path, migration name",run list tuples app path migration name,"run before a list of tuples of app path, migration name | Migration",run list tuples app path migration name | migration,55,11,0
123,"[1, 1, 0, 0, 0]",replaces a list of migration names,replaces list migration name,replaces a list of migration names | Migration,replaces list migration name | migration,34,6,1
124,"[0, 0, 0, 0, 1]",represent the digraph of all migrations in a project.,represent digraph migration project,represent the digraph of all migrations in a project. | MigrationGraph,represent digraph migration project | migrationgraph,53,9,0
125,"[0, 0, 1, 0, 0]","each migration is a node, and each dependency is an edge.",migration node dependency edge,"each migration is a node, and each dependency is an edge. | MigrationGraph",migration node dependency edge | migrationgraph,57,11,0
126,"[0, 0, 1, 0, 0]",no implicit dependencies between numbered migrations the numbering is,implicit dependency numbered migration numbering,no implicit dependencies between numbered migrations the numbering is | MigrationGraph,implicit dependency numbered migration numbering | migrationgraph,69,9,0
127,"[1, 0, 0, 0, 0]",the graph handler isn t responsible,graph handler responsible,the graph handler isn t responsible | MigrationGraph,graph handler responsible | migrationgraph,35,6,0
128,"[1, 0, 0, 0, 0]",migration files and if the replaced migrations are all either unapplied,migration file replaced migration either unapplied,migration files and if the replaced migrations are all either unapplied | MigrationGraph,migration file replaced migration either unapplied | migrationgraph,71,11,0
129,"[1, 0, 0, 0, 0]","replacing migration, and repoint any dependencies that pointed to the",replacing migration repoint dependency pointed,"replacing migration, and repoint any dependencies that pointed to the | MigrationGraph",replacing migration repoint dependency pointed | migrationgraph,69,10,0
130,"[0, 0, 0, 1, 0]","on initialization, this class will scan those directories, and open and",initialization class scan directory open,"on initialization, this class will scan those directories, and open and | MigrationLoader",initialization class scan directory open | migrationloader,71,11,0
131,"[0, 0, 0, 1, 0]",django^db.migrations^migration for what that looks like.,django db migration migration look like,django^db.migrations^migration for what that looks like. | MigrationLoader,django db migration migration look like | migrationloader,56,6,0
132,"[0, 0, 0, 1, 0]","disk, then they are injected into the main set, replacing the named migrations.",disk injected main set replacing named migration,"disk, then they are injected into the main set, replacing the named migrations. | MigrationLoader",disk injected main set replacing named migration | migrationloader,79,13,0
133,"[0, 0, 0, 1, 0]",new migration.,new migration,new migration. | MigrationLoader,new migration | migrationloader,14,2,0
134,"[1, 0, 0, 0, 0]",in memory.,memory,in memory. | MigrationLoader,memory | migrationloader,10,2,0
135,"[0, 0, 1, 0, 0]",multivaluedict^parse reads the input stream in chunk size chunks,multivaluedict parse read input stream chunk size chunk,multivaluedict^parse reads the input stream in chunk size chunks | MultiPartParser,multivaluedict parse read input stream chunk size chunk | multipartparser,64,9,0
136,"[0, 0, 1, 0, 0]","and returns a tuple of multivaluedict post , multivaluedict files .",return tuple multivaluedict post multivaluedict file,"and returns a tuple of multivaluedict post , multivaluedict files . | MultiPartParser",return tuple multivaluedict post multivaluedict file | multipartparser,67,11,0
137,"[0, 0, 0, 0, 1]",a subclass of dictionary customized to handle multiple values for the,subclass dictionary customized handle multiple value,a subclass of dictionary customized to handle multiple values for the | MultiValueDict,subclass dictionary customized handle multiple value | multivaluedict,69,11,0
138,"[1, 0, 0, 0, 0]","d multivaluedict name adrian , simon , position developer",multivaluedict name adrian simon position developer,"d multivaluedict name adrian , simon , position developer | MultiValueDict",multivaluedict name adrian simon position developer | multivaluedict,57,9,0
139,"[1, 0, 0, 0, 0]","d^get lastname , nonexistent",get lastname nonexistent,"d^get lastname , nonexistent | MultiValueDict",get lastname nonexistent | multivaluedict,28,4,0
140,"[0, 0, 0, 0, 1]",aggregate the logic of multiple fields.,aggregate logic multiple field,aggregate the logic of multiple fields. | MultiValueField,aggregate logic multiple field | multivaluefield,39,6,0
141,"[0, 0, 0, 1, 0]","its clean method takes a decompressed list of values, which are then",clean method take decompressed list value,"its clean method takes a decompressed list of values, which are then | MultiValueField",clean method take decompressed list value | multivaluefield,68,12,1
142,"[0, 0, 0, 1, 0]",each value in,value,each value in | MultiValueField,value | multivaluefield,13,3,0
143,"[0, 0, 0, 1, 0]",this list is cleaned by the corresponding field the first value is,list cleaned corresponding field first value,this list is cleaned by the corresponding field the first value is | MultiValueField,list cleaned corresponding field first value | multivaluefield,66,12,1
144,"[0, 0, 0, 1, 0]","cleaned by the first field, the second value is cleaned by the second",cleaned first field second value cleaned second,"cleaned by the first field, the second value is cleaned by the second | MultiValueField",cleaned first field second value cleaned second | multivaluefield,69,13,0
145,"[0, 0, 0, 1, 0]",compressed into a single value.,compressed single value,compressed into a single value. | MultiValueField,compressed single value | multivaluefield,31,5,0
146,"[0, 0, 0, 1, 0]","in addition to the values added by widget^get context , this widget",addition value added widget get context widget,"in addition to the values added by widget^get context , this widget | MultiWidget",addition value added widget get context widget | multiwidget,67,12,0
147,"[0, 0, 0, 1, 0]",these can be looped over and rendered like normal widgets.,looped rendered like normal widget,these can be looped over and rendered like normal widgets. | MultiWidget,looped rendered like normal widget | multiwidget,58,10,0
148,"[0, 0, 0, 0, 1]",tests for nestedobject utility collection.,test nestedobject utility collection,tests for nestedobject utility collection. | NestedObjectsTests,test nestedobject utility collection | nestedobjectstests,42,5,1
149,"[0, 0, 0, 0, 1]",base class for migration operations.,base class migration operation,base class for migration operations. | Operation,base class migration operation | operation,36,5,0
150,"[0, 0, 0, 1, 0]",it s responsible for both mutating the in memory model state,responsible mutating memory model state,it s responsible for both mutating the in memory model state | Operation,responsible mutating memory model state | operation,60,11,0
151,"[0, 0, 0, 1, 0]","see db migrations state^py to represent what it performs, as well",see db migration state py represent performs well,"see db migrations state^py to represent what it performs, as well | Operation",see db migration state py represent performs well | operation,65,11,0
152,"[0, 0, 0, 0, 1]",overwrite existing files instead of appending a suffix to generate an,overwrite existing file instead appending suffix generate,overwrite existing files instead of appending a suffix to generate an | OverwritingStorage,overwrite existing file instead appending suffix generate | overwritingstorage,69,11,0
153,"[0, 0, 0, 0, 1]",model where the validation of child foreign key relationships depends,model validation child foreign key relationship depends,model where the validation of child foreign key relationships depends | ParentWithDependentChildren,model validation child foreign key relationship depends | parentwithdependentchildren,69,10,0
154,"[0, 0, 0, 0, 1]",on validation of the parent,validation parent,on validation of the parent | ParentWithDependentChildren,validation parent | parentwithdependentchildren,27,5,0
155,"[0, 0, 0, 0, 1]",the permissions system provides a way to assign permissions to specific,permission system provides way assign permission specific,the permissions system provides a way to assign permissions to specific | Permission,permission system provides way assign permission specific | permission,71,11,0
156,"[0, 0, 0, 0, 1]",users and groups of users.,user group user,users and groups of users. | Permission,user group user | permission,26,5,1
157,"[1, 0, 0, 0, 0]",the add permission limits the user s ability to view the add form,add permission limit user ability view add form,the add permission limits the user s ability to view the add form | Permission,add permission limit user ability view add form | permission,65,13,0
158,"[1, 0, 0, 0, 0]",and add an object.,add object,and add an object. | Permission,add object | permission,18,4,0
159,"[1, 0, 0, 0, 0]",the change permission limits a user s ability to view the change,change permission limit user ability view change,the change permission limits a user s ability to view the change | Permission,change permission limit user ability view change | permission,64,12,0
160,"[1, 0, 0, 0, 0]","list, view the change form and change an object.",list view change form change object,"list, view the change form and change an object. | Permission",list view change form change object | permission,48,9,0
161,"[1, 0, 0, 0, 0]",the delete permission limits the ability to delete an object.,delete permission limit ability delete object,the delete permission limits the ability to delete an object. | Permission,delete permission limit ability delete object | permission,61,10,0
162,"[0, 0, 0, 1, 0]",the permissions listed above are automatically created for each model.,permission listed automatically created model,the permissions listed above are automatically created for each model. | Permission,permission listed automatically created model | permission,70,10,0
163,"[0, 0, 0, 0, 1]",for the proxied model as described in #12286 .,proxied model described,for the proxied model as described in #12286 . | ProxyModelInheritanceTests,proxied model described | proxymodelinheritancetests,46,9,0
164,"[0, 0, 0, 1, 0]","apps and calls migrate, then verifies that the table has been created.",apps call migrate verifies table created,"apps and calls migrate, then verifies that the table has been created. | ProxyModelInheritanceTests",apps call migrate verifies table created | proxymodelinheritancetests,70,12,1
165,"[0, 0, 0, 0, 1]",you cannot access raw post data from a request that has,cannot access raw post data request,you cannot access raw post data from a request that has | RawPostDataException,cannot access raw post data request | rawpostdataexception,55,11,0
166,"[0, 0, 0, 1, 1]","multipart post data if it has been accessed via post,",multipart post data accessed via post,"multipart post data if it has been accessed via post, | RawPostDataException",multipart post data accessed via post | rawpostdataexception,53,10,0
167,"[0, 0, 0, 1, 1]","files, etc.",file etc,"files, etc. | RawPostDataException",file etc | rawpostdataexception,11,2,0
168,"[0, 0, 0, 0, 1]",run tests and record everything but don t display anything.,run test record everything display anything,run tests and record everything but don t display anything. | RemoteTestRunner,run test record everything display anything | remotetestrunner,59,10,0
169,"[0, 0, 0, 1, 1]",regression tests for #8551 and #17067 ensure that environment variables,regression test ensure environment variable,regression tests for #8551 and #17067 ensure that environment variables | RequestFactoryEnvironmentTests,regression test ensure environment variable | requestfactoryenvironmenttests,71,10,0
170,"[0, 0, 0, 1, 1]",are set correctly in requestfactory.,set correctly requestfactory,are set correctly in requestfactory. | RequestFactoryEnvironmentTests,set correctly requestfactory | requestfactoryenvironmenttests,36,5,0
171,"[0, 0, 0, 0, 1]",accessor to the related objects manager on the one to many relation created,accessor related object manager one many relation created,accessor to the related objects manager on the one to many relation created | ReverseGenericManyToOneDescriptor,accessor related object manager one many relation created | reversegenericmanytoonedescriptor,75,13,0
172,"[0, 0, 0, 0, 1]",by genericrelation.,genericrelation,by genericrelation. | ReverseGenericManyToOneDescriptor,genericrelation | reversegenericmanytoonedescriptor,19,2,0
173,"[1, 0, 0, 0, 0]",in the example,example,in the example | ReverseGenericManyToOneDescriptor,example | reversegenericmanytoonedescriptor,14,3,0
174,"[1, 0, 0, 0, 0]",class post model,class post model,class post model | ReverseGenericManyToOneDescriptor,class post model | reversegenericmanytoonedescriptor,16,3,1
175,"[1, 0, 0, 0, 0]",comments genericrelation comment,comment genericrelation comment,comments genericrelation comment | ReverseGenericManyToOneDescriptor,comment genericrelation comment | reversegenericmanytoonedescriptor,32,3,1
176,"[0, 0, 0, 1, 1]",the operator is the same as operator.,operator operator,the operator is the same as operator. | SameAsLookup,operator operator | sameaslookup,37,7,0
177,"[0, 0, 0, 1, 1]",it tests actual geometric,test actual geometric,it tests actual geometric | SameAsLookup,test actual geometric | sameaslookup,25,4,0
178,"[0, 0, 0, 1, 1]",equality of two features.,equality two feature,equality of two features. | SameAsLookup,equality two feature | sameaslookup,25,4,0
179,"[0, 0, 0, 1, 1]","so if a and b are the same feature,",b feature,"so if a and b are the same feature, | SameAsLookup",b feature | sameaslookup,35,9,0
180,"[0, 0, 0, 1, 1]","vertex by vertex, the operator returns true.",vertex vertex operator return true,"vertex by vertex, the operator returns true. | SameAsLookup",vertex vertex operator return true | sameaslookup,44,7,0
181,"[0, 0, 0, 0, 1]",convert a queryset to json.,convert queryset json,convert a queryset to json. | Serializer,convert queryset json | serializer,27,5,0
182,"[0, 0, 0, 1, 0]",inside the custom session model.,inside custom session model,inside the custom session model. | SessionStore,inside custom session model | sessionstore,32,5,0
183,"[0, 0, 0, 0, 1]",a simple view with a docstring.,simple view docstring,a simple view with a docstring. | SimpleView,simple view docstring | simpleview,31,6,0
184,"[0, 0, 1, 0, 1]",spatialrefsys objects to reduce redundant code.,spatialrefsys object reduce redundant code,spatialrefsys objects to reduce redundant code. | SpatialRefSysMixin,spatialrefsys object reduce redundant code | spatialrefsysmixin,47,6,1
185,"[0, 0, 0, 0, 1]",a widget that splits datetime input into two input type hidden inputs.,widget split datetime input two input type hidden input,a widget that splits datetime input into two input type hidden inputs. | SplitHiddenDateTimeWidget,widget split datetime input two input type hidden input | splithiddendatetimewidget,70,12,0
186,"[0, 0, 0, 0, 1]",the exception used when a template does not exist.,exception used template exist,the exception used when a template does not exist. | TemplateDoesNotExist,exception used template exist | templatedoesnotexist,50,9,0
187,"[0, 1, 0, 0, 0]","is formatted as a list of tuples containing origin, status , where",formatted list tuples containing origin status,"is formatted as a list of tuples containing origin, status , where | TemplateDoesNotExist",formatted list tuples containing origin status | templatedoesnotexist,66,12,1
188,"[0, 1, 0, 0, 0]",reason the template wasn t found.,reason template found,reason the template wasn t found. | TemplateDoesNotExist,reason template found | templatedoesnotexist,33,6,0
189,"[0, 1, 0, 0, 0]",encapsulate multiple exceptions when loading templates from multiple,encapsulate multiple exception loading template multiple,encapsulate multiple exceptions when loading templates from multiple | TemplateDoesNotExist,encapsulate multiple exception loading template multiple | templatedoesnotexist,68,8,0
190,"[0, 0, 0, 0, 1]",was opened.,opened,was opened. | TestImageFieldFile,opened | testimagefieldfile,11,2,1
191,"[0, 0, 1, 0, 0]",this doc output is required for testing.,doc output required testing,this doc output is required for testing. | TestUtils,doc output required testing | testutils,40,7,1
192,"[0, 0, 0, 0, 1]",something for other models to point at,something model point,something for other models to point at | UniqueAnchor,something model point | uniqueanchor,38,7,0
193,"[0, 1, 0, 0, 1]","a form that creates a user, with no privileges, from the given username and",form creates user privilege given username,"a form that creates a user, with no privileges, from the given username and | UserCreationForm",form creates user privilege given username | usercreationform,75,14,0
194,"[0, 0, 0, 0, 1]",an adapter class for cursor variables that prevents the wrapped object,adapter class cursor variable prevents wrapped object,an adapter class for cursor variables that prevents the wrapped object | VariableWrapper,adapter class cursor variable prevents wrapped object | variablewrapper,70,11,0
195,"[0, 0, 0, 0, 1]",from being converted into a string when used to instantiate an oracleparam.,converted string used instantiate oracleparam,from being converted into a string when used to instantiate an oracleparam. | VariableWrapper,converted string used instantiate oracleparam | variablewrapper,75,12,0
196,"[1, 0, 0, 0, 0]",cursor^execute as is.,cursor execute,cursor^execute as is. | VariableWrapper,cursor execute | variablewrapper,21,3,0
197,"[0, 0, 0, 1, 0]",there are two types of frame,two type frame,there are two types of frame | WindowFrame,two type frame | windowframe,28,6,0
198,"[0, 0, 0, 1, 0]","clauses which are subclasses, however, all processing and validation by no",clause subclass however processing validation,"clauses which are subclasses, however, all processing and validation by no | WindowFrame",clause subclass however processing validation | windowframe,74,11,1
199,"[0, 0, 0, 1, 0]",means intended to be complete is done here.,mean intended complete done,means intended to be complete is done here. | WindowFrame,mean intended complete done | windowframe,43,8,1
200,"[0, 0, 1, 0, 0]",a xframe options exempt value set to true.,xframe option exempt value set true,a xframe options exempt value set to true. | XFrameOptionsMiddleware,xframe option exempt value set true | xframeoptionsmiddleware,42,8,0
201,"[1, 0, 1, 0, 0]","by default, set the x frame options header to sameorigin , meaning the",default set x frame option header sameorigin meaning,"by default, set the x frame options header to sameorigin , meaning the | XFrameOptionsMiddleware",default set x frame option header sameorigin meaning | xframeoptionsmiddleware,70,13,0
202,"[1, 0, 1, 0, 0]",response can only be loaded on a frame within the same site.,response loaded frame within site,response can only be loaded on a frame within the same site. | XFrameOptionsMiddleware,response loaded frame within site | xframeoptionsmiddleware,60,12,0
203,"[1, 0, 1, 0, 0]","response from being loaded in a frame in any site, set x frame options in",response loaded frame site set x frame option,"response from being loaded in a frame in any site, set x frame options in | XFrameOptionsMiddleware",response loaded frame site set x frame option | xframeoptionsmiddleware,73,15,0
204,"[1, 0, 1, 0, 0]",your project s django settings to deny .,project django setting deny,your project s django settings to deny . | XFrameOptionsMiddleware,project django setting deny | xframeoptionsmiddleware,40,8,0
205,"[0, 0, 0, 1, 0]",when this object is returned by an input cell or passed to the,object returned input cell passed,when this object is returned by an input cell or passed to the | Audio,object returned input cell passed | audio,62,13,0
206,"[0, 0, 0, 1, 0]",in the frontend only works in the notebook .,frontend work notebook,in the frontend only works in the notebook . | Audio,frontend work notebook | audio,44,9,0
207,"[0, 1, 0, 0, 0]",bytestring containing raw pcm data or,bytestring containing raw pcm data,bytestring containing raw pcm data or | Audio,bytestring containing raw pcm data | audio,37,6,0
208,"[0, 1, 0, 0, 0]",a url to download the data from.,url download data,a url to download the data from. | Audio,url download data | audio,32,7,0
209,"[0, 1, 0, 0, 0]",path to a local file to load the data from.,path local file load data,path to a local file to load the data from. | Audio,path local file load data | audio,43,10,0
210,"[0, 1, 0, 0, 0]",embed boolean,embed boolean,embed boolean | Audio,embed boolean | audio,13,2,0
211,"[0, 1, 0, 0, 0]",should the audio data be embedded using a data uri true or should,audio data embedded using data uri true,should the audio data be embedded using a data uri true or should | Audio,audio data embedded using data uri true | audio,65,13,0
212,"[0, 1, 0, 0, 0]",set this to true if you want the,set true want,set this to true if you want the | Audio,set true want | audio,32,8,1
213,"[0, 1, 0, 0, 0]",audio to playable later with no internet connection in the notebook.,audio playable later internet connection notebook,audio to playable later with no internet connection in the notebook. | Audio,audio playable later internet connection notebook | audio,68,11,0
214,"[0, 1, 0, 0, 0]","default is true , unless the keyword argument url is set, then",default true unless keyword argument url set,"default is true , unless the keyword argument url is set, then | Audio",default true unless keyword argument url set | audio,62,12,0
215,"[0, 1, 0, 0, 0]",default value is false .,default value false,default value is false . | Audio,default value false | audio,24,5,0
216,"[0, 1, 0, 0, 0]",rate integer,rate integer,rate integer | Audio,rate integer | audio,12,2,0
217,"[0, 1, 0, 0, 0]",the sampling rate of the raw data.,sampling rate raw data,the sampling rate of the raw data. | Audio,sampling rate raw data | audio,34,7,0
218,"[0, 1, 0, 0, 0]",only required when data parameter is being used as an array,required data parameter used array,only required when data parameter is being used as an array | Audio,required data parameter used array | audio,59,11,0
219,"[0, 1, 0, 0, 0]",default is false .,default false,default is false . | Audio,default false | audio,18,4,0
220,"[0, 1, 0, 0, 0]",whether audio should be normalized rescaled to the maximum possible,whether audio normalized rescaled maximum possible,whether audio should be normalized rescaled to the maximum possible | Audio,whether audio normalized rescaled maximum possible | audio,67,10,0
221,"[0, 1, 0, 0, 0]","when set to false , data must be between",set false data must,"when set to false , data must be between | Audio",set false data must | audio,40,9,0
222,"[0, 1, 0, 0, 0]","1 and 1 inclusive , otherwise an error is raised.",inclusive otherwise error raised,"1 and 1 inclusive , otherwise an error is raised. | Audio",inclusive otherwise error raised | audio,49,10,0
223,"[1, 0, 0, 0, 0]",framerate 44100,framerate,framerate 44100 | Audio,framerate | audio,15,2,0
224,"[1, 0, 0, 0, 0]","t np^linspace 0,5,framerate 5",np linspace framerate,"t np^linspace 0,5,framerate 5 | Audio",np linspace framerate | audio,29,4,0
225,"[1, 0, 0, 0, 0]",dataleft np^sin 2 np^pi 220 t,dataleft np sin np pi,dataleft np^sin 2 np^pi 220 t | Audio,dataleft np sin np pi | audio,29,6,0
226,"[1, 0, 0, 0, 0]",audio data b raw wav data.,audio data b raw wav data,audio data b raw wav data. | Audio,audio data b raw wav data | audio,26,6,0
227,"[0, 0, 0, 0, 1]",context manager for capturing stdout err,context manager capturing stdout err,context manager for capturing stdout err | capture_output,context manager capturing stdout err | capture output,40,6,0
228,"[0, 0, 0, 0, 1]",the custom ipython displayhook to replace sys^displayhook.,custom ipython displayhook replace sys displayhook,the custom ipython displayhook to replace sys^displayhook. | DisplayHook,custom ipython displayhook replace sys displayhook | displayhook,58,7,0
229,"[0, 0, 0, 1, 0]","this class does many things, but the basic idea is that it is a callable",class many thing basic idea callable,"this class does many things, but the basic idea is that it is a callable | DisplayHook",class many thing basic idea callable | displayhook,72,15,1
230,"[0, 0, 0, 1, 0]",that gets called anytime user code returns a value.,get called anytime user code return value,that gets called anytime user code returns a value. | DisplayHook,get called anytime user code return value | displayhook,51,9,0
231,"[0, 0, 0, 0, 1]",a dummy module used for ipython s interactive module when,dummy module used ipython interactive module,a dummy module used for ipython s interactive module when | DummyMod,dummy module used ipython interactive module | dummymod,57,10,0
232,"[0, 0, 0, 0, 1]",transformer for help syntax obj?,transformer help syntax obj,transformer for help syntax obj? | HelpEnd,transformer help syntax obj | helpend,32,5,0
233,"[0, 0, 0, 0, 1]",access the history database without adding to it.,access history database without adding,access the history database without adding to it. | HistoryAccessor,access history database without adding | historyaccessor,49,8,1
234,"[1, 0, 0, 0, 0]",this is intended for use by standalone history tools.,intended use standalone history tool,this is intended for use by standalone history tools. | HistoryAccessor,intended use standalone history tool | historyaccessor,53,9,1
235,"[0, 0, 0, 0, 1]",as part of configuring a shell environment.,part configuring shell environment,as part of configuring a shell environment. | InteractiveShellApp,part configuring shell environment | interactiveshellapp,43,7,1
236,"[0, 0, 0, 1, 0]",meth init path,meth init path,meth init path | InteractiveShellApp,meth init path | interactiveshellapp,14,3,0
237,"[0, 0, 0, 1, 0]",meth init shell to be implemented by the subclass,meth init shell implemented subclass,meth init shell to be implemented by the subclass | InteractiveShellApp,meth init shell implemented subclass | interactiveshellapp,49,9,0
238,"[0, 0, 0, 1, 0]",meth init gui pylab,meth init gui pylab,meth init gui pylab | InteractiveShellApp,meth init gui pylab | interactiveshellapp,19,4,0
239,"[0, 0, 0, 1, 0]",meth init extensions,meth init extension,meth init extensions | InteractiveShellApp,meth init extension | interactiveshellapp,20,3,0
240,"[0, 0, 0, 1, 0]",meth init code,meth init code,meth init code | InteractiveShellApp,meth init code | interactiveshellapp,14,3,0
241,"[0, 0, 1, 0, 0]",this is used for formatting strings with values that need to be updated,used formatting string value need updated,this is used for formatting strings with values that need to be updated | LazyEvaluate,used formatting string value need updated | lazyevaluate,71,13,1
242,"[0, 0, 1, 0, 0]","this can make some functions easier to type, eg%cd .",make function easier type eg cd,"this can make some functions easier to type, eg%cd . | Magics",make function easier type eg cd | magic,52,10,1
243,"[1, 0, 0, 0, 0]",use the method decorators @line magic and @cell magic to decorate,use method decorator line magic cell magic decorate,use the method decorators @line magic and @cell magic to decorate | Magics,use method decorator line magic cell magic decorate | magic,65,11,0
244,"[1, 0, 0, 0, 0]","individual methods as magic functions, and",individual method magic function,"individual methods as magic functions, and | Magics",individual method magic function | magic,42,6,0
245,"[1, 0, 0, 0, 0]",use the class decorator @magics class to ensure that the magic,use class decorator magic class ensure magic,use the class decorator @magics class to ensure that the magic | Magics,use class decorator magic class ensure magic | magic,62,11,0
246,"[0, 0, 0, 0, 1]",this is myframe.,myframe,this is myframe. | MyFrame,myframe | myframe,16,3,1
247,"[0, 0, 0, 0, 1]",subclass of base display hook using coloured prompt,subclass base display hook using coloured prompt,subclass of base display hook using coloured prompt | RichPromptDisplayHook,subclass base display hook using coloured prompt | richpromptdisplayhook,51,8,1
248,"[0, 0, 0, 1, 0]",attribute style access.,attribute style access,attribute style access. | Struct,attribute style access | struct,23,3,0
249,"[0, 0, 0, 1, 0]","protection of class members like keys, items when using attribute",protection class member like key item using attribute,"protection of class members like keys, items when using attribute | Struct",protection class member like key item using attribute | struct,65,10,0
250,"[0, 0, 0, 1, 0]",style access.,style access,style access. | Struct,style access | struct,13,2,0
251,"[0, 0, 0, 1, 0]",the ability to restrict assignment to only existing keys.,ability restrict assignment existing key,the ability to restrict assignment to only existing keys. | Struct,ability restrict assignment existing key | struct,57,9,0
252,"[0, 0, 0, 0, 1]","string, suitable for defining dummy color schemes in terminals which get",string suitable defining dummy color scheme terminal get,"string, suitable for defining dummy color schemes in terminals which get | TermColors",string suitable defining dummy color scheme terminal get | termcolors,72,11,0
253,"[0, 0, 0, 0, 1]",confused by color escapes.,confused color escape,confused by color escapes. | TermColors,confused color escape | termcolors,26,4,0
254,"[0, 0, 0, 0, 1]",placeholder for user defined magics to be added at runtime.,placeholder user defined magic added runtime,placeholder for user defined magics to be added at runtime. | UserMagics,placeholder user defined magic added runtime | usermagics,59,10,0
255,"[0, 0, 1, 1, 0]","all magics are eventually merged into a single namespace at runtime, but we",magic eventually merged single namespace runtime,"all magics are eventually merged into a single namespace at runtime, but we | UserMagics",magic eventually merged single namespace runtime | usermagics,75,13,0
256,"[0, 0, 1, 1, 0]",their own class.,class,their own class. | UserMagics,class | usermagics,16,3,0
257,"[0, 0, 0, 0, 1]","class for embedding a youtube video in an ipython session, based on its video id.",class embedding youtube video ipython session based video id,"class for embedding a youtube video in an ipython session, based on its video id. | YouTubeVideo",class embedding youtube video ipython session based video id | youtubevideo,81,15,1
258,"[1, 0, 0, 0, 0]","eg to embed the video from https www^youtube.com watch?v foo , you would",eg embed video http www youtube com watch v foo would,"eg to embed the video from https www^youtube.com watch?v foo , you would | YouTubeVideo",eg embed video http www youtube com watch v foo would | youtubevideo,72,13,0
259,"[1, 0, 0, 0, 0]",display vid,display vid,display vid | YouTubeVideo,display vid | youtubevideo,11,2,0
260,"[1, 0, 0, 0, 0]",to start from 30 seconds,start second,to start from 30 seconds | YouTubeVideo,start second | youtubevideo,24,5,0
261,"[1, 0, 0, 0, 0]","vid youtubevideo abc , start 30",vid youtubevideo abc start,"vid youtubevideo abc , start 30 | YouTubeVideo",vid youtubevideo abc start | youtubevideo,31,6,0
262,"[1, 1, 0, 0, 0]",other parameters can be provided as documented at,parameter provided documented,other parameters can be provided as documented at | YouTubeVideo,parameter provided documented | youtubevideo,49,8,0
263,"[0, 1, 0, 0, 0]",https developers^google.com youtube player parameters#parameters,http developer google com youtube player parameter parameter,https developers^google.com youtube player parameters#parameters | YouTubeVideo,http developer google com youtube player parameter parameter | youtubevideo,64,5,1
264,"[1, 0, 0, 0, 0]","when converting the notebook using nbconvert, a jpeg representation of the video",converting notebook using nbconvert jpeg representation video,"when converting the notebook using nbconvert, a jpeg representation of the video | YouTubeVideo",converting notebook using nbconvert jpeg representation video | youtubevideo,80,12,0
265,"[0, 0, 0, 0, 1]",base mock that pretends to be a poplib pop3 connection.,base mock pretend poplib pop connection,base mock that pretends to be a poplib pop3 connection. | _MockPOP3,base mock pretend poplib pop connection | mockpop,55,10,0
266,"[1, 0, 0, 0, 0]","pm pop3mailbox localhost , user bad , conn cls mockpop3",pm pop mailbox localhost user bad conn cl mockpop,"pm pop3mailbox localhost , user bad , conn cls mockpop3 | _MockPOP3",pm pop mailbox localhost user bad conn cl mockpop | mockpop,55,10,0
267,"[1, 0, 0, 0, 0]",conn cls mockpop3,conn cl mockpop,conn cls mockpop3 | _MockPOP3,conn cl mockpop | mockpop,17,3,0
268,"[1, 0, 0, 0, 0]",pm^stat,pm stat,pm^stat | _MockPOP3,pm stat | mockpop,7,1,0
269,"[1, 0, 0, 0, 0]",pm^iterkeys,pm iterkeys,pm^iterkeys | _MockPOP3,pm iterkeys | mockpop,11,1,1
270,"[1, 0, 0, 0, 0]",msg subject for msg in pm,msg subject msg pm,msg subject for msg in pm | _MockPOP3,msg subject msg pm | mockpop,25,6,0
271,"[1, 0, 0, 0, 0]","msg 1 , msg 2",msg msg,"msg 1 , msg 2 | _MockPOP3",msg msg | mockpop,13,5,0
272,"[1, 0, 0, 0, 0]","pm^get msg size evil , pm^get msg size good",pm get msg size evil pm get msg size good,"pm^get msg size evil , pm^get msg size good | _MockPOP3",pm get msg size evil pm get msg size good | mockpop,43,9,0
273,"[1, 0, 0, 0, 0]",pm^get bytes evil,pm get byte evil,pm^get bytes evil | _MockPOP3,pm get byte evil | mockpop,17,3,0
274,"[1, 0, 0, 0, 0]","from test@mailpile^is nsubject msg 1 n noh, hi!",test mailpile nsubject msg n noh hi,"from test@mailpile^is nsubject msg 1 n noh, hi! | _MockPOP3",test mailpile nsubject msg n noh hi | mockpop,47,8,0
275,"[1, 0, 0, 0, 0]",pm invalid key,pm invalid key,pm invalid key | _MockPOP3,pm invalid key | mockpop,14,3,0
276,"[0, 0, 0, 0, 1]",search for the autocrypt database.,search autocrypt database,search for the autocrypt database. | AutocryptSearch,search autocrypt database | autocryptsearch,34,5,0
277,"[0, 0, 0, 0, 1]","this broker tries to auto upgrade connections to use tls, or at",broker try auto upgrade connection use tl,"this broker tries to auto upgrade connections to use tls, or at | AutoTlsConnBroker",broker try auto upgrade connection use tl | autotlsconnbroker,63,12,1
278,"[0, 0, 0, 0, 1]",least do the ssl handshake here so we can record info about it.,least ssl handshake record info,least do the ssl handshake here so we can record info about it. | AutoTlsConnBroker,least ssl handshake record info | autotlsconnbroker,63,13,0
279,"[0, 0, 0, 1, 0]",the object must be initialized with a dictionary which describes in,object must initialized dictionary describes,the object must be initialized with a dictionary which describes in | ConfigDict,object must initialized dictionary describes | configdict,67,11,0
280,"[0, 0, 0, 1, 0]","a structured way what variables exist, what their legal values are,",structured way variable exist legal value,"a structured way what variables exist, what their legal values are, | ConfigDict",structured way variable exist legal value | configdict,67,11,0
281,"[0, 1, 0, 1, 0]",a data type sanity check,data type sanity check,a data type sanity check | ConfigDict,data type sanity check | configdict,24,5,0
282,"[0, 1, 0, 1, 0]",a default value,default value,a default value | ConfigDict,default value | configdict,15,3,0
283,"[0, 0, 0, 1, 0]","if the sanity check is itself a dictionary of rules, values are expected",sanity check dictionary rule value expected,"if the sanity check is itself a dictionary of rules, values are expected | ConfigDict",sanity check dictionary rule value expected | configdict,72,13,0
284,"[0, 1, 0, 0, 0]",should be used with an empty list or dictionary as a default value.,used empty list dictionary default value,should be used with an empty list or dictionary as a default value. | ConfigDict,used empty list dictionary default value | configdict,67,13,0
285,"[0, 0, 0, 1, 0]",rules in place of the default value.,rule place default value,rules in place of the default value. | ConfigDict,rule place default value | configdict,36,7,1
286,"[0, 0, 1, 1, 0]","if the default value is an empty list, it is assumed to be a list of",default value empty list assumed list,"if the default value is an empty list, it is assumed to be a list of | ConfigDict",default value empty list assumed list | configdict,68,16,0
287,"[0, 0, 1, 1, 0]",values of the type specified.,value type specified,values of the type specified. | ConfigDict,value type specified | configdict,29,5,1
288,"[1, 0, 0, 0, 0]",pot potatoes pot liquids vodka 123,pot potato pot liquid vodka,pot potatoes pot liquids vodka 123 | ConfigDict,pot potato pot liquid vodka | configdict,34,6,0
289,"[1, 0, 0, 0, 0]",pot colors,pot color,pot colors | ConfigDict,pot color | configdict,10,2,0
290,"[1, 0, 0, 0, 0]",traceback most recent call last,traceback recent call last,traceback most recent call last | ConfigDict,traceback recent call last | configdict,31,5,0
291,"[1, 0, 0, 0, 0]",configvalueerror invalid value for config colors 4 green,configvalueerror invalid value config color green,configvalueerror invalid value for config colors 4 green | ConfigDict,configvalueerror invalid value config color green | configdict,56,8,0
292,"[1, 0, 0, 0, 0]",how many potatoes?,many potato,how many potatoes? | ConfigDict,many potato | configdict,18,3,0
293,"[1, 0, 0, 0, 0]",", type int , 0",type int,", type int , 0 | ConfigDict",type int | configdict,14,5,0
294,"[0, 0, 0, 0, 1]",add one or more mailboxes.,add one mailbox,add one or more mailboxes. | ConfigureMailboxes,add one mailbox | configuremailboxes,26,5,0
295,"[0, 0, 1, 0, 0]","if not account is specified, the mailbox is only assigned an id for use",account specified mailbox assigned id use,"if not account is specified, the mailbox is only assigned an id for use | ConfigureMailboxes",account specified mailbox assigned id use | configuremailboxes,71,14,0
296,"[0, 0, 0, 0, 1]",connect to a waiting gui o matic gui,connect waiting gui matic gui,connect to a waiting gui o matic gui | ConnectToGuiOMatic,connect waiting gui matic gui | connecttoguiomatic,36,8,0
297,"[0, 0, 0, 0, 1]",encrypteddict which only deals in unicode values.,encrypteddict deal unicode value,encrypteddict which only deals in unicode values. | EncryptedUnicodeDict,encrypteddict deal unicode value | encryptedunicodedict,49,7,0
298,"[0, 0, 0, 0, 1]",this is a single event in the event log.,single event event log,this is a single event in the event log. | Event,single event event log | event,40,9,1
299,"[0, 0, 0, 0, 1]",create forwarding drafts of one or more messages,create forwarding draft one message,create forwarding drafts of one or more messages | Forward,create forwarding draft one message | forward,48,8,0
300,"[0, 0, 0, 0, 1]",view groups,view group,view groups | Group_,view group | group,11,2,0
301,"[0, 0, 0, 0, 1]",list tags,list tag,list tags | ListTags,list tag | listtags,9,2,0
302,"[0, 0, 0, 0, 1]",and plugin system to find template files.,plugin system find template file,and plugin system to find template files. | MailpileJinjaLoader,plugin system find template file | mailpilejinjaloader,41,7,0
303,"[0, 0, 0, 0, 1]",a maildir class for windows using !,maildir class window using,a maildir class for windows using ! | MailpileMailbox,maildir class window using | mailpilemailbox,35,7,0
304,"[0, 0, 0, 0, 1]","this is a router object that implements the vfs interface but,",router object implement vfs interface,"this is a router object that implements the vfs interface but, | MailpileVFS",router object implement vfs interface | mailpilevfs,62,11,1
305,"[0, 0, 0, 0, 1]",delegating calls to individual implementations.,delegating call individual implementation,delegating calls to individual implementations. | MailpileVFS,delegating call individual implementation | mailpilevfs,47,5,0
306,"[0, 0, 0, 0, 1]",a posting list is a map of search terms to message ids.,posting list map search term message id,a posting list is a map of search terms to message ids. | OldPostingList,posting list map search term message id | oldpostinglist,55,12,0
307,"[0, 0, 0, 0, 1]",this combines storagebackeddata with pack unpacklonglist to pack,combine storagebackeddata pack unpacklonglist pack,this combines storagebackeddata with pack unpacklonglist to pack | StorageBackedLongs,combine storagebackeddata pack unpacklonglist pack | storagebackedlongs,64,8,1
308,"[1, 0, 0, 0, 0]",storage sbl x01 x00 x00 x00 x00 x00 x00 x00,storage sbl x x x x x x x x,storage sbl x01 x00 x00 x00 x00 x00 x00 x00 | StorageBackedLongs,storage sbl x x x x x x x x | storagebackedlongs,43,10,0
309,"[1, 0, 0, 0, 0]","sbl storagebackedlongs storage, sbl",sbl storagebackedlongs storage sbl,"sbl storagebackedlongs storage, sbl | StorageBackedLongs",sbl storagebackedlongs storage sbl | storagebackedlongs,35,4,0
310,"[1, 0, 0, 0, 0]",sbl^append 2,sbl append,sbl^append 2 | StorageBackedLongs,sbl append | storagebackedlongs,12,2,0
311,"[1, 0, 0, 0, 0]",sbl^save,sbl save,sbl^save | StorageBackedLongs,sbl save | storagebackedlongs,8,1,0
312,"[1, 0, 0, 0, 0]","# create a file for the card on disk, using a random name.",create file card disk using random name,"# create a file for the card on disk, using a random name. | VCardStore",create file card disk using random name | vcardstore,58,13,0
313,"[1, 0, 0, 0, 0]","vcs^add vcards mailpilevcard vcardline fn dude ,",vcs add vcards mailpilevcard vcardline fn dude,"vcs^add vcards mailpilevcard vcardline fn dude , | VCardStore",vcs add vcards mailpilevcard vcardline fn dude | vcardstore,48,7,0
314,"[1, 0, 0, 0, 0]","vcardline email d@evil^com ,",vcardline email evil com,"vcardline email d@evil^com , | VCardStore",vcardline email evil com | vcardstore,28,4,0
315,"[1, 0, 0, 0, 0]",mailpilevcard vcardline fn guy,mailpilevcard vcardline fn guy,mailpilevcard vcardline fn guy | VCardStore,mailpilevcard vcardline fn guy | vcardstore,30,4,0
316,"[1, 0, 0, 0, 0]",vcards can be looked up directly by e mail.,vcards looked directly e mail,vcards can be looked up directly by e mail. | VCardStore,vcards looked directly e mail | vcardstore,43,9,1
317,"[1, 0, 0, 0, 0]",vcs^get vcard nosuch@email^address is none,vcs get vcard nosuch email address none,vcs^get vcard nosuch@email^address is none | VCardStore,vcs get vcard nosuch email address none | vcardstore,42,5,0
318,"[1, 0, 0, 0, 0]",or they can be found using searches.,found using search,or they can be found using searches. | VCardStore,found using search | vcardstore,36,7,0
319,"[1, 0, 0, 0, 0]",vcs^find vcards guy 0 ^fn,vcs find vcards guy fn,vcs^find vcards guy 0 ^fn | VCardStore,vcs find vcards guy fn | vcardstore,25,5,0
320,"[0, 0, 0, 0, 1]",object serving as a base class for all engines.,object serving base class engine,object serving as a base class for all engines. | AbstractEngine,object serving base class engine | abstractengine,47,9,0
321,"[0, 0, 1, 0, 0]",input data,input data,input data | Base,input data | base,10,2,0
322,"[0, 0, 1, 0, 0]","to be supplied in breaks format, then converted by the subclass method",supplied break format converted subclass method,"to be supplied in breaks format, then converted by the subclass method | Base",supplied break format converted subclass method | base,70,12,0
323,"[0, 0, 1, 0, 0]",get kwargs from breaks to the expected format.,get kwargs break expected format,get kwargs from breaks to the expected format. | Base,get kwargs break expected format | base,46,8,1
324,"[0, 0, 0, 0, 1]",array of boolean true false data with missing values.,array boolean true false data missing value,array of boolean true false data with missing values. | BooleanArray,array boolean true false data missing value | booleanarray,53,9,0
325,"[0, 0, 0, 1, 0]",represented by 2 numpy arrays a boolean array with the data and,represented numpy array boolean array data,represented by 2 numpy arrays a boolean array with the data and | BooleanArray,represented numpy array boolean array data | booleanarray,63,12,0
326,"[0, 0, 0, 1, 0]",a boolean array with the mask true indicating missing .,boolean array mask true indicating missing,a boolean array with the mask true indicating missing . | BooleanArray,boolean array mask true indicating missing | booleanarray,55,10,0
327,"[0, 1, 0, 0, 0]",indicates missing .,indicates missing,indicates missing . | BooleanArray,indicates missing | booleanarray,19,3,1
328,"[0, 1, 0, 0, 0]",whether to copy the values and mask arrays.,whether copy value mask array,whether to copy the values and mask arrays. | BooleanArray,whether copy value mask array | booleanarray,43,8,0
329,"[1, 0, 0, 0, 0]","length 3, dtype boolean",length dtype boolean,"length 3, dtype boolean | BooleanArray",length dtype boolean | booleanarray,23,4,0
330,"[0, 0, 0, 0, 1]",dateoffset subclass representing possibly n business hours.,dateoffset subclass representing possibly n business hour,dateoffset subclass representing possibly n business hours. | BusinessHour,dateoffset subclass representing possibly n business hour | businesshour,59,7,0
331,"[0, 0, 0, 0, 1]",mixin to business types to provide related functions.,mixin business type provide related function,mixin to business types to provide related functions. | BusinessMixin,mixin business type provide related function | businessmixin,53,8,0
332,"[0, 0, 0, 0, 1]",dateoffset increments between business year begin dates.,dateoffset increment business year begin date,dateoffset increments between business year begin dates. | BYearBegin,dateoffset increment business year begin date | byearbegin,56,7,0
333,"[0, 1, 0, 1, 0]","categories sequence, optional",category sequence optional,"categories sequence, optional | CategoricalDtype",category sequence optional | categoricaldtype,29,3,1
334,"[0, 1, 0, 0, 0]","ordered bool or none, default false",ordered bool none default false,"ordered bool or none, default false | CategoricalDtype",ordered bool none default false | categoricaldtype,35,6,0
335,"[0, 1, 0, 0, 0]",none can be used to maintain the ordered value of existing categoricals when,none used maintain ordered value existing categoricals,none can be used to maintain the ordered value of existing categoricals when | CategoricalDtype,none used maintain ordered value existing categoricals | categoricaldtype,76,13,0
336,"[0, 1, 0, 1, 0]",false if there is no existing ordered to maintain.,false existing ordered maintain,false if there is no existing ordered to maintain. | CategoricalDtype,false existing ordered maintain | categoricaldtype,50,9,0
337,"[0, 0, 1, 0, 0]",see ref categorical^categoricaldtype,see ref categorical categoricaldtype,see ref categorical^categoricaldtype | CategoricalDtype,see ref categorical categoricaldtype | categoricaldtype,36,3,0
338,"[1, 0, 0, 0, 0]","pd^series a , b , a , c , dtype t",pd series b c dtype,"pd^series a , b , a , c , dtype t | CategoricalDtype",pd series b c dtype | categoricaldtype,33,11,1
339,"[1, 0, 0, 1, 0]","categories 2, object b a",category object b,"categories 2, object b a | CategoricalDtype",category object b | categoricaldtype,24,5,1
340,"[0, 0, 0, 0, 1]",index based on an underlying class categorical .,index based underlying class categorical,index based on an underlying class categorical . | CategoricalIndex,index based underlying class categorical | categoricalindex,48,8,0
341,"[0, 0, 0, 1, 0]","like categorical, it might have an order, but numerical operations",like categorical might order numerical operation,"like categorical, it might have an order, but numerical operations | CategoricalIndex",like categorical might order numerical operation | categoricalindex,66,10,0
342,"[0, 0, 0, 1, 0]","additions, divisions, .",addition division,"additions, divisions, . | CategoricalIndex",addition division | categoricalindex,23,3,0
343,"[0, 1, 0, 0, 0]",the values of the categorical.,value categorical,the values of the categorical. | CategoricalIndex,value categorical | categoricalindex,30,5,0
344,"[0, 1, 0, 1, 0]","if categories are given, values not in",category given value,"if categories are given, values not in | CategoricalIndex",category given value | categoricalindex,38,7,0
345,"[0, 1, 0, 1, 0]",categories will be replaced with nan.,category replaced nan,categories will be replaced with nan. | CategoricalIndex,category replaced nan | categoricalindex,37,6,1
346,"[0, 1, 0, 1, 0]","categories index like, optional",category index like optional,"categories index like, optional | CategoricalIndex",category index like optional | categoricalindex,31,4,1
347,"[0, 1, 0, 1, 0]",the categories for the categorical.,category categorical,the categories for the categorical. | CategoricalIndex,category categorical | categoricalindex,35,5,0
348,"[0, 1, 0, 0, 0]",items need to be unique.,item need unique,items need to be unique. | CategoricalIndex,item need unique | categoricalindex,24,5,1
349,"[0, 1, 0, 1, 0]","if the categories are not given here and also not in dtype , they",category given also dtype,"if the categories are not given here and also not in dtype , they | CategoricalIndex",category given also dtype | categoricalindex,65,14,0
350,"[0, 1, 0, 0, 0]",will be inferred from the data .,inferred data,will be inferred from the data . | CategoricalIndex,inferred data | categoricalindex,32,7,0
351,"[0, 1, 0, 1, 0]","ordered bool, optional",ordered bool optional,"ordered bool, optional | CategoricalIndex",ordered bool optional | categoricalindex,22,3,0
352,"[0, 1, 0, 1, 0]",whether or not this categorical is treated as an ordered,whether categorical treated ordered,whether or not this categorical is treated as an ordered | CategoricalIndex,whether categorical treated ordered | categoricalindex,56,10,0
353,"[0, 1, 0, 0, 0]","if not given here or in dtype , the resulting",given dtype resulting,"if not given here or in dtype , the resulting | CategoricalIndex",given dtype resulting | categoricalindex,45,10,0
354,"[0, 1, 0, 1, 0]",categorical will be unordered.,categorical unordered,categorical will be unordered. | CategoricalIndex,categorical unordered | categoricalindex,30,4,0
355,"[0, 1, 0, 0, 0]","dtype categoricaldtype or category , optional",dtype categoricaldtype category optional,"dtype categoricaldtype or category , optional | CategoricalIndex",dtype categoricaldtype category optional | categoricalindex,45,6,0
356,"[0, 1, 0, 1, 0]",categories or ordered .,category ordered,categories or ordered . | CategoricalIndex,category ordered | categoricalindex,23,4,1
357,"[0, 1, 0, 0, 0]",make a copy of input ndarray.,make copy input ndarray,make a copy of input ndarray. | CategoricalIndex,make copy input ndarray | categoricalindex,29,6,0
358,"[0, 0, 0, 1, 0]",as ordered,ordered,as ordered | CategoricalIndex,ordered | categoricalindex,10,2,1
359,"[0, 0, 0, 1, 0]",as unordered,unordered,as unordered | CategoricalIndex,unordered | categoricalindex,12,2,1
360,"[0, 0, 0, 1, 0]",if the categories do not validate.,category validate,if the categories do not validate. | CategoricalIndex,category validate | categoricalindex,34,6,0
361,"[1, 0, 0, 1, 0]",if an explicit ordered true is given but no categories and the,explicit ordered true given category,if an explicit ordered true is given but no categories and the | CategoricalIndex,explicit ordered true given category | categoricalindex,62,12,0
362,"[0, 0, 1, 0, 0]",see the user guide,see user guide,see the user guide | CategoricalIndex,see user guide | categoricalindex,18,4,0
363,"[0, 0, 1, 0, 0]",http pandas^pydata.org pandas docs stable user guide advanced^html#categoricalindex,http panda pydata org panda doc stable user guide advanced html categoricalindex,http pandas^pydata.org pandas docs stable user guide advanced^html#categoricalindex | CategoricalIndex,http panda pydata org panda doc stable user guide advanced html categoricalindex | categoricalindex,83,8,0
364,"[1, 0, 0, 1, 0]","categoricalindex a , b , c , a , b , c , categories a , b , c , ordered false, dtype category # noqa",categoricalindex b c b c category b c ordered false dtype category noqa,"categoricalindex a , b , c , a , b , c , categories a , b , c , ordered false, dtype category # noqa | CategoricalIndex",categoricalindex b c b c category b c ordered false dtype category noqa | categoricalindex,100,26,0
365,"[1, 0, 0, 0, 0]","c pd^categorical a , b , c , a , b , c",c pd categorical b c b c,"c pd^categorical a , b , c , a , b , c | CategoricalIndex",c pd categorical b c b c | categoricalindex,38,13,0
366,"[1, 0, 0, 0, 0]",pd^categoricalindex c,pd categoricalindex c,pd^categoricalindex c | CategoricalIndex,pd categoricalindex c | categoricalindex,21,2,0
367,"[1, 0, 0, 1, 0]",ordered categoricalindex can have a min and max value.,ordered categoricalindex min max value,ordered categoricalindex can have a min and max value. | CategoricalIndex,ordered categoricalindex min max value | categoricalindex,54,9,0
368,"[0, 0, 0, 1, 0]","ci pd^categoricalindex a , b , c , a , b , c , ordered true,",ci pd categoricalindex b c b c ordered true,"ci pd^categoricalindex a , b , c , a , b , c , ordered true, | CategoricalIndex",ci pd categoricalindex b c b c ordered true | categoricalindex,60,16,0
369,"[1, 0, 0, 1, 0]","categories c , b , a",category c b,"categories c , b , a | CategoricalIndex",category c b | categoricalindex,20,6,1
370,"[0, 0, 0, 1, 0]","categoricalindex a , b , c , a , b , c , categories c , b , a , ordered true, dtype category # noqa",categoricalindex b c b c category c b ordered true dtype category noqa,"categoricalindex a , b , c , a , b , c , categories c , b , a , ordered true, dtype category # noqa | CategoricalIndex",categoricalindex b c b c category c b ordered true dtype category noqa | categoricalindex,99,26,0
371,"[0, 0, 0, 0, 1]",custom distutils command subclassed from cython^distutils.build ext,custom distutils command subclassed cython distutils build ext,custom distutils command subclassed from cython^distutils.build ext | CythonCommand,custom distutils command subclassed cython distutils build ext | cythoncommand,67,7,0
372,"[0, 0, 0, 0, 1]",represent a data column that can be indexed,represent data column indexed,represent a data column that can be indexed | DataIndexableCol,represent data column indexed | dataindexablecol,43,8,0
373,"[0, 0, 1, 0, 0]",see read excel for more documentation,see read excel documentation,see read excel for more documentation | ExcelFile,see read excel documentation | excelfile,37,6,0
374,"[0, 1, 0, 0, 0]","a file like object, xlrd workbook or openpypl workbook.",file like object xlrd workbook openpypl workbook,"a file like object, xlrd workbook or openpypl workbook. | ExcelFile",file like object xlrd workbook openpypl workbook | excelfile,55,9,0
375,"[0, 1, 0, 0, 0]","engine str, default none",engine str default none,"engine str, default none | ExcelFile",engine str default none | excelfile,24,4,0
376,"[0, 1, 0, 0, 0]","acceptable values are none, xlrd , openpyxl or odf .",acceptable value none xlrd openpyxl odf,"acceptable values are none, xlrd , openpyxl or odf . | ExcelFile",acceptable value none xlrd openpyxl odf | excelfile,52,10,0
377,"[0, 0, 0, 0, 1]",class that defines a holiday with start end dates and rules,class defines holiday start end date rule,class that defines a holiday with start end dates and rules | Holiday,class defines holiday start end date rule | holiday,59,11,1
378,"[1, 0, 0, 1, 0]","integerarray is currently experimental, and its api or internal",integerarray currently experimental api internal,"integerarray is currently experimental, and its api or internal | IntegerArray",integerarray currently experimental api internal | integerarray,63,9,0
379,"[1, 0, 1, 0, 0]",we represent an integerarray with 2 numpy arrays,represent integerarray numpy array,we represent an integerarray with 2 numpy arrays | IntegerArray,represent integerarray numpy array | integerarray,48,8,0
380,"[0, 1, 0, 0, 0]",a 1 d integer dtype array.,integer dtype array,a 1 d integer dtype array. | IntegerArray,integer dtype array | integerarray,26,6,0
381,"[0, 1, 0, 0, 0]",a 1 d boolean dtype array indicating missing values.,boolean dtype array indicating missing value,a 1 d boolean dtype array indicating missing values. | IntegerArray,boolean dtype array indicating missing value | integerarray,52,9,0
382,"[0, 0, 0, 1, 0]",create an integerarray with func pandas^array .,create integerarray func panda array,create an integerarray with func pandas^array . | IntegerArray,create integerarray func panda array | integerarray,47,7,0
383,"[1, 0, 0, 1, 0]","int array pd^array 1, none, 3 , dtype pd^int32dtype",int array pd array none dtype pd int dtype,"int array pd^array 1, none, 3 , dtype pd^int32dtype | IntegerArray",int array pd array none dtype pd int dtype | integerarray,51,9,0
384,"[1, 0, 0, 0, 0]",int array,int array,int array | IntegerArray,int array | integerarray,9,2,0
385,"[1, 0, 0, 0, 0]","length 3, dtype int32",length dtype int,"length 3, dtype int32 | IntegerArray",length dtype int | integerarray,21,4,0
386,"[1, 0, 0, 0, 0]",string aliases for the dtypes are also available.,string alias dtypes also available,string aliases for the dtypes are also available. | IntegerArray,string alias dtypes also available | integerarray,49,8,0
387,"[1, 0, 0, 0, 0]",they are capitalized.,capitalized,they are capitalized. | IntegerArray,capitalized | integerarray,21,3,0
388,"[1, 0, 0, 1, 0]","pd^array 1, none, 3 , dtype int32",pd array none dtype int,"pd^array 1, none, 3 , dtype int32 | IntegerArray",pd array none dtype int | integerarray,33,7,0
389,"[1, 0, 0, 1, 0]","pd^array 1, none, 3 , dtype uint16",pd array none dtype uint,"pd^array 1, none, 3 , dtype uint16 | IntegerArray",pd array none dtype uint | integerarray,34,7,0
390,"[1, 0, 0, 0, 0]","length 3, dtype uint16",length dtype uint,"length 3, dtype uint16 | IntegerArray",length dtype uint | integerarray,22,4,0
391,"[0, 0, 0, 0, 1]",an extensiondtype for interval data.,extensiondtype interval data,an extensiondtype for interval data. | IntervalDtype,extensiondtype interval data | intervaldtype,36,5,0
392,"[0, 1, 0, 1, 0]","subtype str, np^dtype",subtype str np dtype,"subtype str, np^dtype | IntervalDtype",subtype str np dtype | intervaldtype,21,3,0
393,"[0, 1, 0, 0, 0]",the dtype of the interval bounds.,dtype interval bound,the dtype of the interval bounds. | IntervalDtype,dtype interval bound | intervaldtype,33,6,0
394,"[1, 0, 0, 1, 0]",pd^intervaldtype subtype int64,pd intervaldtype subtype int,pd^intervaldtype subtype int64 | IntervalDtype,pd intervaldtype subtype int | intervaldtype,30,3,0
395,"[0, 0, 0, 0, 1]",hold methods for the nonconsolidatable blocks,hold method nonconsolidatable block,hold methods for the nonconsolidatable blocks | NonConsolidatableMixIn,hold method nonconsolidatable block | nonconsolidatablemixin,45,6,0
396,"[0, 1, 0, 0, 1]",make plots of series or dataframe.,make plot series dataframe,make plots of series or dataframe. | PlotAccessor,make plot series dataframe | plotaccessor,34,6,0
397,"[1, 0, 1, 0, 0]",uses the backend specified by the,us backend specified,uses the backend specified by the | PlotAccessor,us backend specified | plotaccessor,33,6,1
398,"[1, 0, 1, 0, 0]","by default, matplotlib is used.",default matplotlib used,"by default, matplotlib is used. | PlotAccessor",default matplotlib used | plotaccessor,31,5,0
399,"[0, 1, 0, 0, 0]",allows plotting of one column versus another.,allows plotting one column versus another,allows plotting of one column versus another. | PlotAccessor,allows plotting one column versus another | plotaccessor,45,7,1
400,"[0, 1, 0, 0, 0]",only used if data is a,used data,only used if data is a | PlotAccessor,used data | plotaccessor,22,6,0
401,"[0, 1, 0, 0, 0]",kind str,kind str,kind str | PlotAccessor,kind str | plotaccessor,8,2,0
402,"[0, 1, 0, 0, 0]",line line plot default,line line plot default,line line plot default | PlotAccessor,line line plot default | plotaccessor,22,4,0
403,"[0, 1, 0, 0, 0]",bar vertical bar plot,bar vertical bar plot,bar vertical bar plot | PlotAccessor,bar vertical bar plot | plotaccessor,21,4,0
404,"[0, 1, 0, 0, 0]",hist histogram,hist histogram,hist histogram | PlotAccessor,hist histogram | plotaccessor,14,2,0
405,"[0, 1, 0, 0, 0]",box boxplot,box boxplot,box boxplot | PlotAccessor,box boxplot | plotaccessor,11,2,0
406,"[0, 1, 0, 0, 0]",density same as kde,density kde,density same as kde | PlotAccessor,density kde | plotaccessor,19,4,0
407,"[0, 1, 0, 0, 0]",area area plot,area area plot,area area plot | PlotAccessor,area area plot | plotaccessor,14,3,0
408,"[0, 1, 0, 0, 0]",scatter scatter plot,scatter scatter plot,scatter scatter plot | PlotAccessor,scatter scatter plot | plotaccessor,20,3,0
409,"[0, 1, 0, 0, 0]",hexbin hexbin plot.,hexbin hexbin plot,hexbin hexbin plot. | PlotAccessor,hexbin hexbin plot | plotaccessor,19,3,0
410,"[0, 1, 0, 0, 0]","use index bool, default true",use index bool default true,"use index bool, default true | PlotAccessor",use index bool default true | plotaccessor,28,5,0
411,"[0, 1, 0, 0, 0]",use index as ticks for x axis.,use index tick x axis,use index as ticks for x axis. | PlotAccessor,use index tick x axis | plotaccessor,30,7,0
412,"[0, 1, 0, 0, 0]",title to use for the plot.,title use plot,title to use for the plot. | PlotAccessor,title use plot | plotaccessor,26,6,0
413,"[0, 1, 0, 0, 0]",at the top of the figure.,top figure,at the top of the figure. | PlotAccessor,top figure | plotaccessor,25,6,0
414,"[0, 1, 0, 0, 0]",if a list is passed and subplots is,list passed subplots,if a list is passed and subplots is | PlotAccessor,list passed subplots | plotaccessor,35,8,0
415,"[0, 1, 0, 0, 0]",axis grid lines.,axis grid line,axis grid lines. | PlotAccessor,axis grid line | plotaccessor,16,3,1
416,"[0, 1, 0, 0, 0]",style list or dict,style list dict,style list or dict | PlotAccessor,style list dict | plotaccessor,18,4,0
417,"[0, 1, 0, 0, 0]",the matplotlib line style per column.,matplotlib line style per column,the matplotlib line style per column. | PlotAccessor,matplotlib line style per column | plotaccessor,37,6,0
418,"[0, 1, 0, 0, 0]",use log scaling or symlog scaling on y axis.,use log scaling symlog scaling axis,use log scaling or symlog scaling on y axis. | PlotAccessor,use log scaling symlog scaling axis | plotaccessor,44,9,0
419,"[0, 1, 0, 0, 0]",versionchanged 025.0,versionchanged,versionchanged 025.0 | PlotAccessor,versionchanged | plotaccessor,20,2,0
420,"[0, 1, 0, 0, 0]","loglog bool or sym , default false",loglog bool sym default false,"loglog bool or sym , default false | PlotAccessor",loglog bool sym default false | plotaccessor,34,7,0
421,"[0, 1, 0, 0, 0]",use log scaling or symlog scaling on both x and y axes.,use log scaling symlog scaling x ax,use log scaling or symlog scaling on both x and y axes. | PlotAccessor,use log scaling symlog scaling x ax | plotaccessor,55,12,0
422,"[0, 1, 0, 0, 0]",xticks sequence,xticks sequence,xticks sequence | PlotAccessor,xticks sequence | plotaccessor,15,2,1
423,"[0, 1, 0, 0, 0]",values to use for the xticks.,value use xticks,values to use for the xticks. | PlotAccessor,value use xticks | plotaccessor,29,6,1
424,"[0, 1, 0, 0, 0]",yticks sequence,yticks sequence,yticks sequence | PlotAccessor,yticks sequence | plotaccessor,15,2,1
425,"[0, 1, 0, 0, 0]",values to use for the yticks.,value use yticks,values to use for the yticks. | PlotAccessor,value use yticks | plotaccessor,29,6,1
426,"[0, 1, 0, 0, 0]",ylim 2 tuple list,ylim tuple list,ylim 2 tuple list | PlotAccessor,ylim tuple list | plotaccessor,17,4,0
427,"[0, 1, 0, 0, 0]","rot int, default none",rot int default none,"rot int, default none | PlotAccessor",rot int default none | plotaccessor,21,4,0
428,"[0, 1, 0, 0, 0]","rotation for ticks xticks for vertical, yticks for horizontal",rotation tick xticks vertical yticks horizontal,"rotation for ticks xticks for vertical, yticks for horizontal | PlotAccessor",rotation tick xticks vertical yticks horizontal | plotaccessor,61,9,0
429,"[0, 1, 0, 0, 0]","fontsize int, default none",fontsize int default none,"fontsize int, default none | PlotAccessor",fontsize int default none | plotaccessor,26,4,0
430,"[0, 1, 0, 0, 0]",font size for xticks and yticks.,font size xticks yticks,font size for xticks and yticks. | PlotAccessor,font size xticks yticks | plotaccessor,32,6,0
431,"[0, 1, 0, 0, 0]","if string, load colormap with that",string load colormap,"if string, load colormap with that | PlotAccessor",string load colormap | plotaccessor,34,6,0
432,"[0, 1, 0, 0, 0]",name from matplotlib.,name matplotlib,name from matplotlib. | PlotAccessor,name matplotlib | plotaccessor,21,3,0
433,"[0, 1, 0, 0, 0]","if true, plot colorbar only relevant for scatter and hexbin",true plot colorbar relevant scatter hexbin,"if true, plot colorbar only relevant for scatter and hexbin | PlotAccessor",true plot colorbar relevant scatter hexbin | plotaccessor,59,10,0
434,"[0, 1, 0, 0, 0]",position float,position float,position float | PlotAccessor,position float | plotaccessor,14,2,0
435,"[0, 1, 0, 0, 0]","if true, draw a table using the data in the dataframe and the data",true draw table using data dataframe data,"if true, draw a table using the data in the dataframe and the data | PlotAccessor",true draw table using data dataframe data | plotaccessor,66,14,0
436,"[0, 1, 0, 0, 0]","if a series or dataframe is passed, use passed data to draw a",series dataframe passed use passed data draw,"if a series or dataframe is passed, use passed data to draw a | PlotAccessor",series dataframe passed use passed data draw | plotaccessor,61,13,0
437,"[0, 1, 0, 0, 0]","yerr dataframe, series, array like, dict and str",yerr dataframe series array like dict str,"yerr dataframe, series, array like, dict and str | PlotAccessor",yerr dataframe series array like dict str | plotaccessor,48,8,0
438,"[0, 1, 0, 0, 0]",equivalent to yerr.,equivalent yerr,equivalent to yerr. | PlotAccessor,equivalent yerr | plotaccessor,19,3,0
439,"[0, 1, 0, 0, 0]","when using a secondary y axis, automatically mark the column",using secondary axis automatically mark column,"when using a secondary y axis, automatically mark the column | PlotAccessor",using secondary axis automatically mark column | plotaccessor,60,10,0
440,"[0, 1, 0, 0, 0]","include bool bool, default is false",include bool bool default false,"include bool bool, default is false | PlotAccessor",include bool bool default false | plotaccessor,35,6,0
441,"[0, 1, 0, 0, 0]",versionadded 10.0,versionadded,versionadded 10.0 | PlotAccessor,versionadded | plotaccessor,17,2,0
442,"[0, 1, 0, 0, 0]",options to pass to matplotlib plotting method.,option pas matplotlib plotting method,options to pass to matplotlib plotting method. | PlotAccessor,option pas matplotlib plotting method | plotaccessor,46,7,1
443,"[0, 1, 0, 0, 0]",will be the object returned by the backend.,object returned backend,will be the object returned by the backend. | PlotAccessor,object returned backend | plotaccessor,43,8,0
444,"[0, 0, 1, 0, 0]",see matplotlib documentation online for more on this subject,see matplotlib documentation online subject,see matplotlib documentation online for more on this subject | PlotAccessor,see matplotlib documentation online subject | plotaccessor,60,9,0
445,"[0, 0, 0, 0, 1]",implement n largest smallest for series,implement n largest smallest series,implement n largest smallest for series | SelectNSeries,implement n largest smallest series | selectnseries,39,6,0
446,"[0, 1, 0, 0, 0]",obj series,obj series,obj series | SelectNSeries,obj series | selectnseries,10,2,0
447,"[0, 1, 0, 0, 0]","keep first , last , default first",keep first last default first,"keep first , last , default first | SelectNSeries",keep first last default first | selectnseries,33,7,0
448,"[0, 1, 0, 0, 0]",nordered series,nordered series,nordered series | SelectNSeries,nordered series | selectnseries,15,2,0
449,"[0, 0, 1, 0, 1]",this is called to decorate the set operations of intervalindex,called decorate set operation intervalindex,this is called to decorate the set operations of intervalindex | SetopCheck,called decorate set operation intervalindex | setopcheck,62,10,1
450,"[0, 0, 1, 0, 1]",to perform the type check in advance.,perform type check advance,to perform the type check in advance. | SetopCheck,perform type check advance | setopcheck,37,7,0
451,"[0, 0, 0, 0, 1]",patch the sqltable for fallback support.,patch sqltable fallback support,patch the sqltable for fallback support. | SQLiteTable,patch sqltable fallback support | sqlitetable,40,6,0
452,"[0, 0, 1, 0, 0]",instead of a table variable just use the create table statement.,instead table variable use create table statement,instead of a table variable just use the create table statement. | SQLiteTable,instead table variable use create table statement | sqlitetable,64,11,0
453,"[0, 0, 0, 0, 1]",for mapping pandas tables to sql tables.,mapping panda table sql table,for mapping pandas tables to sql tables. | SQLTable,mapping panda table sql table | sqltable,40,7,0
454,"[0, 0, 0, 1, 0]",uses fact that table is reflected by sqlalchemy to,us fact table reflected sqlalchemy,uses fact that table is reflected by sqlalchemy to | SQLTable,us fact table reflected sqlalchemy | sqltable,50,9,1
455,"[0, 0, 0, 1, 0]",do better type conversions.,better type conversion,do better type conversions. | SQLTable,better type conversion | sqltable,27,4,0
456,"[0, 0, 0, 1, 0]",pass them between functions all the time.,pas function time,pass them between functions all the time. | SQLTable,pas function time | sqltable,41,7,1
457,"[0, 1, 0, 0, 0]",parts of the api may change without warning.,part api may change without warning,parts of the api may change without warning. | StringArray,part api may change without warning | stringarray,44,8,1
458,"[0, 1, 0, 0, 0]",values array like,value array like,values array like | StringArray,value array like | stringarray,17,3,1
459,"[0, 1, 0, 0, 0]",the array of data.,array data,the array of data. | StringArray,array data | stringarray,18,4,0
460,"[0, 1, 0, 0, 0]","currently, this expects an object dtype ndarray",currently expects object dtype ndarray,"currently, this expects an object dtype ndarray | StringArray",currently expects object dtype ndarray | stringarray,47,7,0
461,"[0, 1, 0, 0, 0]",where the elements are python strings.,element python string,where the elements are python strings. | StringArray,element python string | stringarray,38,6,0
462,"[0, 1, 0, 0, 0]",this may,may,this may | StringArray,may | stringarray,8,2,1
463,"[0, 0, 1, 1, 0]",stringarray returns a booleanarray for comparison methods.,stringarray return booleanarray comparison method,stringarray returns a booleanarray for comparison methods. | StringArray,stringarray return booleanarray comparison method | stringarray,58,7,0
464,"[1, 0, 0, 1, 0]","pd^array this is , some text , none, data.",pd array text none data,"pd^array this is , some text , none, data. | StringArray",pd array text none data | stringarray,42,9,0
465,"[1, 0, 0, 0, 0]",", dtype string",dtype string,", dtype string | StringArray",dtype string | stringarray,14,3,0
466,"[1, 0, 0, 0, 0]","this is , some text , na, data.",text na data,"this is , some text , na, data. | StringArray",text na data | stringarray,31,8,1
467,"[1, 0, 0, 1, 0]","for comparison methods, this returns a class pandas^booleanarray",comparison method return class panda booleanarray,"for comparison methods, this returns a class pandas^booleanarray | StringArray",comparison method return class panda booleanarray | stringarray,64,8,0
468,"[1, 0, 0, 0, 0]","true, na, false",true na false,"true, na, false | StringArray",true na false | stringarray,15,3,0
469,"[0, 0, 0, 0, 1]",vectorized string functions for series and index.,vectorized string function series index,vectorized string functions for series and index. | StringMethods,vectorized string function series index | stringmethods,49,7,0
470,"[0, 0, 1, 0, 0]",nas stay na unless,na stay na unless,nas stay na unless | StringMethods,na stay na unless | stringmethods,18,4,1
471,"[0, 0, 1, 0, 0]",patterned after python s string,patterned python string,patterned after python s string | StringMethods,patterned python string | stringmethods,31,5,0
472,"[1, 0, 0, 0, 0]",s^str.split,str split,s^str.split | StringMethods,str split | stringmethods,11,1,0
473,"[0, 0, 0, 0, 1]",tests specific to intervalindex with datetime like subtype,test specific intervalindex datetime like subtype,tests specific to intervalindex with datetime like subtype | TestDatetimelikeSubtype,test specific intervalindex datetime like subtype | testdatetimelikesubtype,58,8,1
474,"[0, 0, 0, 0, 1]",test periodindex and period series ops consistency,test periodindex period series ops consistency,test periodindex and period series ops consistency | TestPeriodIndexSeriesComparisonConsistency,test periodindex period series ops consistency | testperiodindexseriescomparisonconsistency,50,7,0
475,"[0, 0, 0, 0, 1]",everything you wanted to test about sorting,everything wanted test sorting,everything you wanted to test about sorting | TestSorted,everything wanted test sorting | testsorted,43,7,0
476,"[0, 0, 0, 0, 1]","error raised when attempting to get a slice of a multiindex,",error raised attempting get slice multiindex,"error raised when attempting to get a slice of a multiindex, | UnsortedIndexError",error raised attempting get slice multiindex | unsortedindexerror,60,11,0
477,"[0, 0, 0, 0, 1]",and the index has not been lexsorted.,index lexsorted,and the index has not been lexsorted. | UnsortedIndexError,index lexsorted | unsortedindexerror,37,7,0
478,"[0, 0, 0, 0, 1]",small proxy class that enables external file object,small proxy class enables external file object,small proxy class that enables external file object | _BZ2Proxy,small proxy class enables external file object | bz proxy,51,8,0
479,"[0, 0, 1, 0, 0]",a workaround for a limitation in bz2 module s bz2file,workaround limitation bz module bz file,a workaround for a limitation in bz2 module s bz2file | _BZ2Proxy,workaround limitation bz module bz file | bz proxy,53,10,0
480,"[0, 0, 1, 0, 0]",class which unlike gzip^gzipfile has no support for,class unlike gzip gzipfile support,class which unlike gzip^gzipfile has no support for | _BZ2Proxy,class unlike gzip gzipfile support | bz proxy,51,8,1
481,"[0, 0, 1, 0, 0]",a file object argument.,file object argument,a file object argument. | _BZ2Proxy,file object argument | bz proxy,23,4,0
482,"[0, 0, 0, 0, 1]",lazy loading of moved objects,lazy loading moved object,lazy loading of moved objects | _MovedItems,lazy loading moved object | moveditems,29,5,0
483,"[0, 0, 0, 0, 1]",this object provides sequence like access to the logical ancestors,object provides sequence like access logical ancestor,this object provides sequence like access to the logical ancestors | _PathParents,object provides sequence like access logical ancestor | pathparents,66,10,1
484,"[0, 0, 1, 0, 0]",requires all given class parseexpression s to be found in the given order.,requires given class parseexpression found given order,requires all given class parseexpression s to be found in the given order. | And,requires given class parseexpression found given order |,74,13,1
485,"[0, 0, 1, 1, 0]",expressions may be separated by whitespace.,expression may separated whitespace,expressions may be separated by whitespace. | And,expression may separated whitespace |,43,6,1
486,"[0, 0, 1, 1, 0]","may also be constructed using the operator, which will",may also constructed using operator,"may also be constructed using the operator, which will | And",may also constructed using operator |,54,9,0
487,"[0, 0, 1, 1, 0]",suppress backtracking.,suppress backtracking,suppress backtracking. | And,suppress backtracking |,22,2,1
488,"[1, 0, 0, 0, 0]",name expr oneormore word alphas,name expr oneormore word alpha,name expr oneormore word alphas | And,name expr oneormore word alpha |,31,5,0
489,"[1, 0, 0, 0, 0]","expr and integer id ,name expr name ,integer age",expr integer id name expr name integer age,"expr and integer id ,name expr name ,integer age | And",expr integer id name expr name integer age |,48,9,0
490,"[1, 0, 0, 0, 0]",expr integer id name expr name integer age,expr integer id name expr name integer age,expr integer id name expr name integer age | And,expr integer id name expr name integer age |,42,8,0
491,"[1, 0, 0, 0, 0]",they generally,generally,they generally | Argument,generally | argument,14,2,0
492,"[1, 0, 0, 0, 0]",provide fewer features than options but can have infinite nargs,provide fewer feature option infinite nargs,provide fewer features than options but can have infinite nargs | Argument,provide fewer feature option infinite nargs | argument,63,10,0
493,"[0, 0, 0, 0, 1]",raised if brokenpipeerror occurs for the stdout stream while logging.,raised brokenpipeerror occurs stdout stream logging,raised if brokenpipeerror occurs for the stdout stream while logging. | BrokenStdoutLoggingError,raised brokenpipeerror occurs stdout stream logging | brokenstdoutloggingerror,69,10,0
494,"[0, 0, 0, 0, 1]",buckets are used to store the bytecode for one template.,bucket used store bytecode one template,buckets are used to store the bytecode for one template. | Bucket,bucket used store bytecode one template | bucket,56,10,1
495,"[0, 0, 0, 0, 1]",and initialized by the bytecode cache and passed to the loading functions.,initialized bytecode cache passed loading function,and initialized by the bytecode cache and passed to the loading functions. | Bucket,initialized bytecode cache passed loading function | bucket,74,12,0
496,"[0, 0, 0, 1, 0]",to automatically reject outdated cache material.,automatically reject outdated cache material,to automatically reject outdated cache material. | Bucket,automatically reject outdated cache material | bucket,48,6,0
497,"[0, 0, 1, 0, 0]",like a macro without a name but a call instead.,like macro without name call instead,like a macro without a name but a call instead. | CallBlock,like macro without name call instead | callblock,47,10,0
498,"[0, 1, 0, 0, 0]",call is called with,call called,call is called with | CallBlock,call called | callblock,19,4,0
499,"[0, 1, 0, 0, 0]",the unnamed macro as caller argument this node holds.,unnamed macro caller argument node hold,the unnamed macro as caller argument this node holds. | CallBlock,unnamed macro caller argument node hold | callblock,53,9,0
500,"[0, 0, 0, 0, 1]",a case insensitive dict like object.,case insensitive dict like object,a case insensitive dict like object. | CaseInsensitiveDict,case insensitive dict like object | caseinsensitivedict,36,6,0
501,"[0, 0, 0, 0, 1]",mutablemapping as well as dict s copy .,mutablemapping well dict copy,mutablemapping as well as dict s copy . | CaseInsensitiveDict,mutablemapping well dict copy | caseinsensitivedict,39,8,0
502,"[0, 0, 0, 0, 1]",provides lower items .,provides lower item,provides lower items . | CaseInsensitiveDict,provides lower item | caseinsensitivedict,22,4,1
503,"[0, 0, 1, 1, 0]",will contain case sensitive keys.,contain case sensitive key,will contain case sensitive keys. | CaseInsensitiveDict,contain case sensitive key | caseinsensitivedict,33,5,0
504,"[1, 0, 0, 0, 0]","however, querying and contains",however querying contains,"however, querying and contains | CaseInsensitiveDict",however querying contains | caseinsensitivedict,30,4,0
505,"[1, 0, 0, 0, 0]",testing is case insensitive,testing case insensitive,testing is case insensitive | CaseInsensitiveDict,testing case insensitive | caseinsensitivedict,27,4,0
506,"[1, 0, 0, 0, 0]",cid caseinsensitivedict,cid caseinsensitivedict,cid caseinsensitivedict | CaseInsensitiveDict,cid caseinsensitivedict | caseinsensitivedict,23,2,0
507,"[1, 0, 0, 0, 0]",cid accept application json,cid accept application json,cid accept application json | CaseInsensitiveDict,cid accept application json | caseinsensitivedict,27,4,0
508,"[1, 0, 0, 0, 0]",list cid accept # true,list cid accept true,list cid accept # true | CaseInsensitiveDict,list cid accept true | caseinsensitivedict,22,5,0
509,"[1, 0, 0, 0, 0]","value of a content encoding response header, regardless",value content encoding response header regardless,"value of a content encoding response header, regardless | CaseInsensitiveDict",value content encoding response header regardless | caseinsensitivedict,55,8,0
510,"[1, 0, 0, 0, 0]",of how the header name was originally stored.,header name originally stored,of how the header name was originally stored. | CaseInsensitiveDict,header name originally stored | caseinsensitivedict,45,8,0
511,"[1, 0, 0, 0, 0]","if the constructor, ^update , or equality comparison",constructor update equality comparison,"if the constructor, ^update , or equality comparison | CaseInsensitiveDict",constructor update equality comparison | caseinsensitivedict,52,8,0
512,"[1, 0, 0, 0, 0]","operations are given keys that have equal ^lower s, the",operation given key equal lower,"operations are given keys that have equal ^lower s, the | CaseInsensitiveDict",operation given key equal lower | caseinsensitivedict,55,10,1
513,"[1, 0, 0, 0, 0]",behavior is undefined.,behavior undefined,behavior is undefined. | CaseInsensitiveDict,behavior undefined | caseinsensitivedict,22,3,0
514,"[0, 0, 0, 0, 1]",enhanced string for len operations on colored output.,enhanced string len operation colored output,enhanced string for len operations on colored output. | ColoredString,enhanced string len operation colored output | coloredstring,53,8,0
515,"[0, 0, 0, 0, 1]",struct in wincon^h.,struct wincon h,struct in wincon^h. | CONSOLE_SCREEN_BUFFER_INFO,struct wincon h | console screen buffer info,19,3,0
516,"[0, 0, 1, 0, 0]",creating instances is neither supported nor useful as it s created,creating instance neither supported useful created,creating instances is neither supported nor useful as it s created | Context_,creating instance neither supported useful created | context,66,11,0
517,"[0, 0, 1, 0, 0]",automatically at various stages of the template evaluation and should not,automatically various stage template evaluation,automatically at various stages of the template evaluation and should not | Context_,automatically various stage template evaluation | context,73,11,0
518,"[0, 0, 1, 0, 0]",be created by hand.,created hand,be created by hand. | Context_,created hand | context,19,4,0
519,"[0, 0, 1, 0, 0]",the context is immutable.,context immutable,the context is immutable. | Context_,context immutable | context,25,4,0
520,"[1, 1, 0, 0, 0]",modifications on attr parent must not,modification attr parent must,modifications on attr parent must not | Context_,modification attr parent must | context,37,6,1
521,"[1, 1, 0, 0, 0]",happen and modifications on attr vars are allowed from generated,happen modification attr var allowed generated,happen and modifications on attr vars are allowed from generated | Context_,happen modification attr var allowed generated | context,64,10,0
522,"[1, 1, 0, 0, 0]",template code only.,template code,template code only. | Context_,template code | context,19,3,0
523,"[1, 1, 0, 0, 0]",template filters and global functions marked as,template filter global function marked,template filters and global functions marked as | Context_,template filter global function marked | context,47,7,0
524,"[1, 1, 0, 0, 0]",func contextfunction s get the active context passed as first argument,func contextfunction get active context passed first argument,func contextfunction s get the active context passed as first argument | Context_,func contextfunction get active context passed first argument | context,70,11,0
525,"[1, 1, 0, 0, 0]",and are allowed to access the context read only.,allowed access context read,and are allowed to access the context read only. | Context_,allowed access context read | context,48,9,0
526,"[0, 1, 0, 0, 0]","the template context supports read only dict operations get ,",template context support read dict operation get,"the template context supports read only dict operations get , | Context_",template context support read dict operation get | context,61,10,0
527,"[0, 1, 0, 0, 0]","getitem , contains .",getitem contains,"getitem , contains . | Context_",getitem contains | context,20,4,1
528,"[0, 1, 0, 0, 0]",additionally there is a meth resolve,additionally meth resolve,additionally there is a meth resolve | Context_,additionally meth resolve | context,36,6,0
529,"[0, 0, 0, 0, 1]",there are two cookies that meet the criteria specified in the cookie jar.,two cooky meet criterion specified cookie jar,there are two cookies that meet the criteria specified in the cookie jar. | CookieConflictError,two cooky meet criterion specified cookie jar | cookieconflicterror,73,13,0
530,"[0, 0, 1, 0, 0]",use ^get and ^set and include domain and path args in order to be more specific.,use get set include domain path args order specific,use ^get and ^set and include domain and path args in order to be more specific. | CookieConflictError,use get set include domain path args order specific | cookieconflicterror,80,16,0
531,"[0, 0, 0, 0, 1]",a sequence of data views.,sequence data view,a sequence of data views. | DataViewSequence,sequence data view | dataviewsequence,25,5,0
532,"[0, 1, 0, 0, 0]",each entry is an instance of item class .,entry instance item class,each entry is an instance of item class . | DataViewSequence,entry instance item class | dataviewsequence,41,9,0
533,"[0, 0, 0, 0, 1]",a date literal.,date literal,a date literal. | Date,date literal | date,15,3,0
534,"[0, 0, 0, 0, 1]",a graph structure with directed edges.,graph structure directed edge,a graph structure with directed edges. | DirectedGraph,graph structure directed edge | directedgraph,38,6,0
535,"[1, 0, 0, 0, 0]",for construction.,construction,for construction. | Distribution,construction | distribution,17,2,0
536,"[0, 0, 0, 1, 1]",globals and others.,globals others,globals and others. | Environment,globals others | environment,19,3,1
537,"[0, 1, 0, 0, 0]",the string marking the beginning of a block.,string marking beginning block,the string marking the beginning of a block. | Environment,string marking beginning block | environment,44,8,0
538,"[0, 1, 0, 0, 0]",the string marking the end of a block.,string marking end block,the string marking the end of a block. | Environment,string marking end block | environment,38,8,0
539,"[0, 1, 0, 0, 0]",comment end string,comment end string,comment end string | Environment,comment end string | environment,18,3,0
540,"[0, 1, 0, 0, 0]",the string marking the end of a comment.,string marking end comment,the string marking the end of a comment. | Environment,string marking end comment | environment,40,8,0
541,"[0, 1, 0, 0, 0]",line statement prefix,line statement prefix,line statement prefix | Environment,line statement prefix | environment,21,3,0
542,"[0, 1, 0, 0, 0]",trim blocks,trim block,trim blocks | Environment,trim block | environment,11,2,0
543,"[0, 1, 0, 0, 0]",if this is set to true the first newline after a block is,set true first newline block,if this is set to true the first newline after a block is | Environment,set true first newline block | environment,57,13,0
544,"[0, 1, 0, 0, 0]",the sequence that starts a newline.,sequence start newline,the sequence that starts a newline. | Environment,sequence start newline | environment,35,6,0
545,"[0, 1, 0, 0, 0]",versionadded 27,versionadded,versionadded 27 | Environment,versionadded | environment,15,2,0
546,"[0, 1, 0, 0, 0]",this can either be import paths,either import path,this can either be import paths | Environment,either import path | environment,31,6,1
547,"[0, 1, 0, 0, 0]",for more information have a,information,for more information have a | Environment,information | environment,27,5,0
548,"[0, 1, 0, 0, 0]",should the optimizer be enabled?,optimizer enabled,should the optimizer be enabled? | Environment,optimizer enabled | environment,32,5,0
549,"[0, 1, 0, 0, 0]",a callable that can be used to process the result of a variable,callable used process result variable,a callable that can be used to process the result of a variable | Environment,callable used process result variable | environment,63,13,0
550,"[0, 1, 0, 0, 0]",for example one can convert,example one convert,for example one can convert | Environment,example one convert | environment,27,5,0
551,"[0, 1, 0, 0, 0]",for more details about autoescaping see,detail autoescaping see,for more details about autoescaping see | Environment,detail autoescaping see | environment,39,6,0
552,"[0, 1, 0, 0, 0]",class jinja2^utils.markup .,class jinja utils markup,class jinja2^utils.markup . | Environment,class jinja utils markup | environment,27,3,1
553,"[0, 1, 0, 0, 0]",as of jinja 24 this can also,jinja also,as of jinja 24 this can also | Environment,jinja also | environment,28,7,1
554,"[0, 1, 0, 0, 0]",be a callable that is passed the template name and has to,callable passed template name,be a callable that is passed the template name and has to | Environment,callable passed template name | environment,57,12,0
555,"[0, 1, 0, 0, 0]",versionchanged 24,versionchanged,versionchanged 24 | Environment,versionchanged | environment,17,2,0
556,"[0, 1, 0, 0, 0]",cache size,cache size,cache size | Environment,cache size | environment,10,2,0
557,"[0, 1, 0, 0, 0]",per default this is 400 which means,per default mean,per default this is 400 which means | Environment,per default mean | environment,35,7,0
558,"[0, 1, 0, 0, 0]",1 the cache will not be cleaned.,cache cleaned,1 the cache will not be cleaned. | Environment,cache cleaned | environment,32,7,0
559,"[0, 1, 0, 0, 0]",auto reload,auto reload,auto reload | Environment,auto reload | environment,11,2,0
560,"[0, 1, 0, 0, 0]",disable that.,disable,disable that. | Environment,disable | environment,13,2,0
561,"[0, 1, 0, 0, 0]",bytecode cache,bytecode cache,bytecode cache | Environment,bytecode cache | environment,14,2,0
562,"[0, 1, 0, 0, 0]",enable async,enable async,enable async | Environment,enable async | environment,12,2,0
563,"[0, 1, 0, 0, 0]",you to take advantage of newer python features.,take advantage newer python feature,you to take advantage of newer python features. | Environment,take advantage newer python feature | environment,47,8,0
564,"[0, 1, 0, 0, 0]",this requires,requires,this requires | Environment,requires | environment,13,2,1
565,"[0, 0, 0, 0, 1]",this usually means the child has exited.,usually mean child exited,this usually means the child has exited. | EOF,usually mean child exited | eof,40,7,1
566,"[0, 0, 0, 0, 1]",general exception for extract errors.,general exception extract error,general exception for extract errors. | ExtractError,general exception extract error | extracterror,37,5,0
567,"[0, 0, 0, 0, 1]",wrap a list of lines in an object with readline to make,wrap list line object readline make,wrap a list of lines in an object with readline to make | FakeFile,wrap list line object readline make | fakefile,55,12,0
568,"[1, 0, 0, 0, 0]","for example, you could use it to read through a file looking",example could use read file looking,"for example, you could use it to read through a file looking | fdspawn",example could use read file looking | fdspawn,60,12,0
569,"[1, 0, 0, 0, 0]","for patterns, or to control a modem or serial device.",pattern control modem serial device,"for patterns, or to control a modem or serial device. | fdspawn",pattern control modem serial device | fdspawn,53,10,0
570,"[1, 0, 0, 0, 0]",metadata filemetadata path to pkg info,metadata filemetadata path pkg info,metadata filemetadata path to pkg info | FileMetadata,metadata filemetadata path pkg info | filemetadata,38,6,0
571,"[0, 0, 0, 1, 0]","this provider rejects all data and metadata requests except for pkg info,",provider reject data metadata request except pkg info,"this provider rejects all data and metadata requests except for pkg info, | FileMetadata",provider reject data metadata request except pkg info | filemetadata,73,12,1
572,"[0, 0, 0, 1, 0]",the provided location.,provided location,the provided location. | FileMetadata,provided location | filemetadata,22,3,0
573,"[0, 0, 0, 0, 1]",loads templates from the file system.,load template file system,loads templates from the file system. | FileSystemLoader,load template file system | filesystemloader,37,6,1
574,"[0, 0, 0, 0, 1]",this loader can find templates,loader find template,this loader can find templates | FileSystemLoader,loader find template | filesystemloader,30,5,1
575,"[1, 0, 0, 0, 0]","the loader takes the path to the templates as string, or if multiple",loader take path template string multiple,"the loader takes the path to the templates as string, or if multiple | FileSystemLoader",loader take path template string multiple | filesystemloader,68,13,0
576,"[1, 0, 0, 0, 0]",given order,given order,given order | FileSystemLoader,given order | filesystemloader,11,2,0
577,"[1, 0, 0, 0, 0]",per default the template encoding is utf 8 which can be changed,per default template encoding utf changed,per default the template encoding is utf 8 which can be changed | FileSystemLoader,per default template encoding utf changed | filesystemloader,63,12,0
578,"[1, 0, 0, 0, 0]",by setting the encoding parameter to something else.,setting encoding parameter something else,by setting the encoding parameter to something else. | FileSystemLoader,setting encoding parameter something else | filesystemloader,52,8,0
579,"[1, 0, 0, 0, 0]","to follow symbolic links, set the followlinks parameter to true",follow symbolic link set followlinks parameter true,"to follow symbolic links, set the followlinks parameter to true | FileSystemLoader",follow symbolic link set followlinks parameter true | filesystemloader,63,10,0
580,"[1, 0, 0, 0, 0]","loader filesystemloader path to templates , followlinks true",loader filesystemloader path template followlinks true,"loader filesystemloader path to templates , followlinks true | FileSystemLoader",loader filesystemloader path template followlinks true | filesystemloader,60,8,0
581,"[0, 0, 0, 0, 1]",lookahead matching of the given parse expression.,lookahead matching given parse expression,lookahead matching of the given parse expression. | FollowedBy,lookahead matching given parse expression | followedby,49,7,0
582,"[1, 0, 1, 0, 0]",followedby does not advance the parsing position within,followedby advance parsing position within,followedby does not advance the parsing position within | FollowedBy,followedby advance parsing position within | followedby,55,8,0
583,"[1, 0, 1, 0, 1]",expression matches at the current position.,expression match current position,expression matches at the current position. | FollowedBy,expression match current position | followedby,43,6,0
584,"[1, 0, 1, 0, 1]",always returns a null token list.,always return null token list,always returns a null token list. | FollowedBy,always return null token list | followedby,33,6,1
585,"[1, 0, 1, 1, 0]",if any results names are defined,result name defined,if any results names are defined | FollowedBy,result name defined | followedby,32,6,0
586,"[1, 0, 1, 1, 0]","in the lookahead expression, those will be returned for access by",lookahead expression returned access,"in the lookahead expression, those will be returned for access by | FollowedBy",lookahead expression returned access | followedby,65,11,0
587,"[1, 0, 0, 0, 0]",data word word alphas,data word word alpha,data word word alphas | FollowedBy,data word word alpha | followedby,21,4,0
588,"[1, 0, 0, 0, 0]","attr expr group label suppress oneormore data word, stopon label ^setparseaction ^join",attr expr group label suppress oneormore data word stopon label setparseaction join,"attr expr group label suppress oneormore data word, stopon label ^setparseaction ^join | FollowedBy",attr expr group label suppress oneormore data word stopon label setparseaction join | followedby,86,12,0
589,"[1, 0, 0, 0, 0]",oneormore attr expr ^parsestring shape square color black posn upper left ^pprint,oneormore attr expr parsestring shape square color black posn upper left pprint,oneormore attr expr ^parsestring shape square color black posn upper left ^pprint | FollowedBy,oneormore attr expr parsestring shape square color black posn upper left pprint | followedby,81,12,0
590,"[1, 0, 0, 0, 0]","shape , square , color , black , posn , upper left",shape square color black posn upper left,"shape , square , color , black , posn , upper left | FollowedBy",shape square color black posn upper left | followedby,50,12,0
591,"[1, 0, 0, 0, 0]",get an attribute or item from an expression that is a ascii only,get attribute item expression ascii,get an attribute or item from an expression that is a ascii only | Getattr,get attribute item expression ascii | getattr,64,13,1
592,"[1, 0, 0, 0, 0]",bytestring and prefer the attribute.,bytestring prefer attribute,bytestring and prefer the attribute. | Getattr,bytestring prefer attribute | getattr,36,5,0
593,"[0, 0, 1, 0, 0]","fact some kind of hebrew, logical or visual.",fact kind hebrew logical visual,"fact some kind of hebrew, logical or visual. | HebrewProber",fact kind hebrew logical visual | hebrewprober,44,8,0
594,"[1, 0, 0, 0, 0]",with the scores of the two sbcharsetprobers to produce a final answer.,score two sbcharsetprobers produce final answer,with the scores of the two sbcharsetprobers to produce a final answer. | HebrewProber,score two sbcharsetprobers produce final answer | hebrewprober,70,12,0
595,"[0, 0, 0, 0, 1]",it reduces any sequence of such characters to a single space.,reduces sequence character single space,it reduces any sequence of such characters to a single space. | HebrewProber,reduces sequence character single space | hebrewprober,61,11,0
596,"[0, 0, 1, 0, 0]","disjointed from the model probers, the results of the hebrewprober",disjointed model probers result hebrewprober,"disjointed from the model probers, the results of the hebrewprober | HebrewProber",disjointed model probers result hebrewprober | hebrewprober,66,10,0
597,"[0, 0, 0, 0, 1]",html parser,html parser,html parser | HTMLParser,html parser | htmlparser,11,2,0
598,"[0, 0, 0, 0, 1]",warned when certain ssl configuration is not available on a platform.,warned certain ssl configuration available platform,warned when certain ssl configuration is not available on a platform. | InsecurePlatformWarning,warned certain ssl configuration available platform | insecureplatformwarning,69,11,0
599,"[1, 0, 0, 0, 0]",it reads the metadata contained in pydist^json when it is,read metadata contained pydist json,it reads the metadata contained in pydist^json when it is | InstalledDistribution,read metadata contained pydist json | installeddistribution,57,10,0
600,"[1, 0, 0, 0, 0]",dry run mode is being used .,dry run mode used,dry run mode is being used . | InstalledDistribution,dry run mode used | installeddistribution,28,7,0
601,"[0, 0, 0, 0, 1]",an internal name in the compiler.,internal name compiler,an internal name in the compiler. | InternalName,internal name compiler | internalname,33,6,0
602,"[0, 0, 1, 0, 0]",you cannot create these nodes,cannot create node,you cannot create these nodes | InternalName,cannot create node | internalname,29,5,0
603,"[0, 0, 1, 0, 0]",yourself but the parser provides a,parser provides,yourself but the parser provides a | InternalName,parser provides | internalname,34,6,0
604,"[0, 0, 1, 0, 0]",meth jinja2^parser.parser^free identifier method that creates,meth jinja parser parser free identifier method creates,meth jinja2^parser.parser^free identifier method that creates | InternalName,meth jinja parser parser free identifier method creates | internalname,61,6,0
605,"[0, 0, 1, 0, 0]",a new identifier for you.,new identifier,a new identifier for you. | InternalName,new identifier | internalname,25,5,0
606,"[0, 0, 1, 0, 0]",this identifier is not available from the,identifier available,this identifier is not available from the | InternalName,identifier available | internalname,41,7,1
607,"[0, 0, 0, 0, 1]",a date field was improperly specified.,date field improperly specified,a date field was improperly specified. | InvalidDateError,date field improperly specified | invaliddateerror,38,6,0
608,"[0, 0, 0, 0, 1]",exception for invalid headers.,exception invalid header,exception for invalid headers. | InvalidHeaderError,exception invalid header | invalidheadererror,30,4,0
609,"[1, 0, 0, 0, 1]","an invalid version was found, users should refer to pep 440.",invalid version found user refer pep,"an invalid version was found, users should refer to pep 440. | InvalidVersion",invalid version found user refer pep | invalidversion,60,11,0
610,"[0, 0, 0, 0, 1]",unicode set for kanji unicode character range,unicode set kanji unicode character range,unicode set for kanji unicode character range | Kanji,unicode set kanji unicode character range | kanji,45,7,0
611,"[0, 1, 0, 1, 0]","keys can be bare unquoted , or quoted using basic , or literal",key bare unquoted quoted using basic literal,"keys can be bare unquoted , or quoted using basic , or literal | KeyType",key bare unquoted quoted using basic literal | keytype,62,13,1
612,"[0, 1, 0, 1, 0]",quotes following the same escaping rules as single line stringtype.,quote following escaping rule single line stringtype,quotes following the same escaping rules as single line stringtype. | KeyType,quote following escaping rule single line stringtype | keytype,67,10,1
613,"[0, 0, 0, 0, 1]",lock file creation failed for some other reason.,lock file creation failed reason,lock file creation failed for some other reason. | LockFailed,lock file creation failed reason | lockfailed,48,8,0
614,"[1, 0, 0, 0, 0]",raise lockfailed,raise lockfailed,raise lockfailed | LockFailed,raise lockfailed | lockfailed,16,2,0
615,"[1, 0, 0, 0, 0]",except lockerror,except lockerror,except lockerror | LockFailed,except lockerror | lockfailed,16,2,0
616,"[0, 0, 0, 0, 1]",a simple lru cache implementation.,simple lru cache implementation,a simple lru cache implementation. | LRUCache,simple lru cache implementation | lrucache,34,5,0
617,"[0, 0, 1, 0, 0]",but as long as it s only used as storage for templates this,long used storage template,but as long as it s only used as storage for templates this | LRUCache,long used storage template | lrucache,59,13,0
618,"[0, 0, 1, 0, 0]",won t do any harm.,harm,won t do any harm. | LRUCache,harm | lrucache,18,5,0
619,"[0, 0, 0, 0, 1]",a string that is ready to be safely inserted into an html or xml,string ready safely inserted html xml,a string that is ready to be safely inserted into an html or xml | Markup,string ready safely inserted html xml | markup,64,14,0
620,"[0, 0, 0, 0, 1]","document, either because it was escaped or because it was marked",document either escaped marked,"document, either because it was escaped or because it was marked | Markup",document either escaped marked | markup,64,11,0
621,"[0, 1, 0, 1, 0]",passing an object to the constructor converts it to text and wraps,passing object constructor convert text wrap,passing an object to the constructor converts it to text and wraps | Markup,passing object constructor convert text wrap | markup,66,12,0
622,"[1, 1, 0, 1, 0]","to escape the text, use the",escape text use,"to escape the text, use the | Markup",escape text use | markup,27,6,0
623,"[1, 0, 1, 0, 0]",this implements the html interface that some frameworks,implement html interface framework,this implements the html interface that some frameworks | Markup,implement html interface framework | markup,55,8,1
624,"[1, 0, 1, 0, 0]",passing an object that implements html will wrap the,passing object implement html wrap,passing an object that implements html will wrap the | Markup,passing object implement html wrap | markup,52,9,0
625,"[1, 0, 1, 0, 0]",all methods escape their arguments and return a markup instance.,method escape argument return markup instance,all methods escape their arguments and return a markup instance. | Markup,method escape argument return markup instance | markup,64,10,0
626,"[1, 0, 1, 0, 0]",markup em foo &amp bar em,markup em foo amp bar em,markup em foo &amp bar em | Markup,markup em foo amp bar em | markup,25,6,0
627,"[1, 0, 1, 0, 0]",markup em hello em &lt foo&gt,markup em hello em lt foo gt,markup em hello em &lt foo&gt | Markup,markup em hello em lt foo gt | markup,29,6,0
628,"[0, 0, 0, 0, 1]",this class implements a bytecode cache that uses a memcache cache for,class implement bytecode cache us memcache cache,this class implements a bytecode cache that uses a memcache cache for | MemcachedBytecodeCache,class implement bytecode cache us memcache cache | memcachedbytecodecache,69,12,1
629,"[0, 0, 0, 1, 0]",it does not enforce a specific memcache library,enforce specific memcache library,it does not enforce a specific memcache library | MemcachedBytecodeCache,enforce specific memcache library | memcachedbytecodecache,47,8,0
630,"[0, 0, 0, 1, 0]",the minimal interface required.,minimal interface required,the minimal interface required. | MemcachedBytecodeCache,minimal interface required | memcachedbytecodecache,31,4,0
631,"[1, 0, 0, 0, 0]",the minimal interface for the client passed to the constructor is this,minimal interface client passed constructor,the minimal interface for the client passed to the constructor is this | MemcachedBytecodeCache,minimal interface client passed constructor | memcachedbytecodecache,70,12,0
632,"[1, 0, 0, 0, 0]","method set key, value , timeout",method set key value timeout,"method set key, value , timeout | MemcachedBytecodeCache",method set key value timeout | memcachedbytecodecache,31,6,0
633,"[1, 0, 0, 0, 0]",value is a string and,value string,value is a string and | MemcachedBytecodeCache,value string | memcachedbytecodecache,21,5,0
634,"[1, 0, 0, 0, 0]",provided it s an integer with the number of seconds the cache,provided integer number second cache,provided it s an integer with the number of seconds the cache | MemcachedBytecodeCache,provided integer number second cache | memcachedbytecodecache,61,12,0
635,"[1, 0, 0, 0, 0]",method get key,method get key,method get key | MemcachedBytecodeCache,method get key | memcachedbytecodecache,14,3,0
636,"[1, 0, 0, 0, 0]",if the item does not,item,if the item does not | MemcachedBytecodeCache,item | memcachedbytecodecache,20,5,0
637,"[0, 0, 0, 0, 1]",memoized zipfile manifests.,memoized zipfile manifest,memoized zipfile manifests. | MemoizedZipManifests,memoized zipfile manifest | memoizedzipmanifests,27,3,0
638,"[0, 0, 0, 0, 1]",a required metadata is missing,required metadata missing,a required metadata is missing | MetadataMissingError,required metadata missing | metadatamissingerror,30,5,0
639,"[0, 0, 0, 0, 1]",dict with 2 special properties,dict special property,dict with 2 special properties | MethodDispatcher,dict special property | methoddispatcher,30,5,0
640,"[0, 0, 0, 1, 0]","on initiation, keys that are lists, sets or tuples are converted to",initiation key list set tuples converted,"on initiation, keys that are lists, sets or tuples are converted to | MethodDispatcher",initiation key list set tuples converted | methoddispatcher,67,12,0
641,"[0, 0, 0, 1, 0]",multiple keys so accessing any one of the items in the original,multiple key accessing one item original,multiple keys so accessing any one of the items in the original | MethodDispatcher,multiple key accessing one item original | methoddispatcher,63,12,0
642,"[0, 0, 0, 1, 0]",list like object returns the matching value,list like object return matching value,list like object returns the matching value | MethodDispatcher,list like object return matching value | methoddispatcher,43,7,0
643,"[1, 0, 0, 1, 0]",a default value which can be set through the default attribute.,default value set default attribute,a default value which can be set through the default attribute. | MethodDispatcher,default value set default attribute | methoddispatcher,63,11,0
644,"[0, 0, 0, 0, 1]",lazy loading of moved objects in six^moves.urllib request,lazy loading moved object six move urllib request,lazy loading of moved objects in six^moves.urllib request | Module_six_moves_urllib_request,lazy loading moved object six move urllib request | module six move urllib request,57,8,0
645,"[0, 0, 0, 0, 1]",represents an item in the tree,represents item tree,represents an item in the tree | Node,represents item tree | node,30,6,1
646,"[0, 0, 0, 0, 1]",lookahead to disallow matching with the given parse expression.,lookahead disallow matching given parse expression,lookahead to disallow matching with the given parse expression. | NotAny,lookahead disallow matching given parse expression | notany,63,9,0
647,"[0, 0, 0, 1, 0]",notany does not advance the parsing position within the,notany advance parsing position within,notany does not advance the parsing position within the | NotAny,notany advance parsing position within | notany,55,9,0
648,"[0, 0, 0, 1, 0]","input string, it only verifies that the specified parse expression",input string verifies specified parse expression,"input string, it only verifies that the specified parse expression | NotAny",input string verifies specified parse expression | notany,66,10,0
649,"[0, 0, 0, 1, 0]",does not match at the current position.,match current position,does not match at the current position. | NotAny,match current position | notany,39,7,1
650,"[0, 0, 0, 1, 0]","also, notany does",also notany,"also, notany does | NotAny",also notany | notany,17,3,0
651,"[1, 0, 0, 0, 0]",a null token list.,null token list,a null token list. | NotAny,null token list | notany,18,4,0
652,"[1, 0, 0, 0, 0]",# take care not to mistake keywords for identifiers,take care mistake keywords identifier,# take care not to mistake keywords for identifiers | NotAny,take care mistake keywords identifier | notany,51,9,0
653,"[1, 0, 0, 0, 0]",boolean term optional not ident,boolean term optional ident,boolean term optional not ident | NotAny,boolean term optional ident | notany,31,5,0
654,"[1, 0, 0, 0, 0]","# operation hierarchy, use infixnotation",operation hierarchy use infixnotation,"# operation hierarchy, use infixnotation | NotAny",operation hierarchy use infixnotation | notany,40,5,0
655,"[1, 0, 0, 0, 0]",# integers that are followed by .,integer followed,# integers that are followed by . | NotAny,integer followed | notany,33,7,0
656,"[0, 0, 0, 0, 1]",raised when an attempt is made to unlock a file someone else locked.,raised attempt made unlock file someone else locked,raised when an attempt is made to unlock a file someone else locked. | NotMyLock,raised attempt made unlock file someone else locked | notmylock,68,13,0
657,"[0, 0, 0, 0, 1]",ordered multivalue dictionary.,ordered multivalue dictionary,ordered multivalue dictionary. | omdict,ordered multivalue dictionary | omdict,30,3,0
658,"[0, 0, 0, 0, 1]",retains the order of insertions and deletions.,retains order insertion deletion,retains the order of insertions and deletions. | omdict,retains order insertion deletion | omdict,46,7,1
659,"[0, 0, 0, 1, 0]","internally, items are stored in a doubly linked list, self.",internally item stored doubly linked list self,"internally, items are stored in a doubly linked list, self. | omdict",internally item stored doubly linked list self | omdict,59,10,0
660,"[0, 0, 0, 1, 0]","dictionary, self.",dictionary self,"dictionary, self. | omdict",dictionary self | omdict,17,2,0
661,"[0, 0, 0, 1, 0]","map, is also maintained and stores an ordered list of",map also maintained store ordered list,"map, is also maintained and stores an ordered list of | omdict",map also maintained store ordered list | omdict,53,10,0
662,"[0, 0, 0, 1, 1]","linked list node references, one for each value associated with that key.",linked list node reference one value associated key,"linked list node references, one for each value associated with that key. | omdict",linked list node reference one value associated key | omdict,73,12,0
663,"[0, 0, 0, 1, 0]",standard dict methods interact with the first value associated with a given,standard dict method interact first value associated given,standard dict methods interact with the first value associated with a given | omdict,standard dict method interact first value associated given | omdict,75,12,0
664,"[0, 0, 0, 1, 0]","this means that omdict retains method parity with dict, and a dict",mean omdict retains method parity dict dict,"this means that omdict retains method parity with dict, and a dict | omdict",mean omdict retains method parity dict dict | omdict,66,12,1
665,"[0, 0, 0, 1, 0]",object can be replaced with an omdict object and all interaction will,object replaced omdict object interaction,object can be replaced with an omdict object and all interaction will | omdict,object replaced omdict object interaction | omdict,69,12,0
666,"[1, 0, 0, 0, 0]","added parameters are optional, existing use remains unaffected.",added parameter optional existing use remains unaffected,"added parameters are optional, existing use remains unaffected. | omdict",added parameter optional existing use remains unaffected | omdict,63,8,0
667,"[1, 0, 0, 0, 0]",new methods have also been added to omdict.,new method also added omdict,new methods have also been added to omdict. | omdict,new method also added omdict | omdict,43,8,0
668,"[1, 0, 0, 0, 0]","interact with all items in the dictionary, including multiple items with",interact item dictionary including multiple item,"interact with all items in the dictionary, including multiple items with | omdict",interact item dictionary including multiple item | omdict,72,11,0
669,"[1, 0, 0, 0, 0]",the new omdict methods are,new omdict method,the new omdict methods are | omdict,new omdict method | omdict,26,5,0
670,"[1, 0, 0, 0, 0]","load , size , reverse ,",load size reverse,"load , size , reverse , | omdict",load size reverse | omdict,23,6,0
671,"[1, 0, 0, 0, 0]","poplist , popvalue , popvalues , popitem , poplistitem ,",poplist popvalue popvalues popitem poplistitem,"poplist , popvalue , popvalues , popitem , poplistitem , | omdict",poplist popvalue popvalues popitem poplistitem | omdict,56,10,0
672,"[1, 0, 0, 0, 0]","allitems , allkeys , allvalues , lists , listitems ,",allitems allkeys allvalues list listitems,"allitems , allkeys , allvalues , lists , listitems , | omdict",allitems allkeys allvalues list listitems | omdict,52,10,1
673,"[1, 0, 0, 0, 0]","iterallitems , iterallkeys , iterallvalues , iterlists ,",iterallitems iterallkeys iterallvalues iterlists,"iterallitems , iterallkeys , iterallvalues , iterlists , | omdict",iterallitems iterallkeys iterallvalues iterlists | omdict,56,8,1
674,"[0, 0, 0, 0, 1]",options are usually optional values on the command line and,option usually optional value command line,options are usually optional values on the command line and | Option,option usually optional value command line | option,59,10,1
675,"[0, 0, 0, 0, 1]",have some extra features that arguments don t have.,extra feature argument,have some extra features that arguments don t have. | Option,extra feature argument | option,51,9,0
676,"[0, 1, 0, 0, 0]",param show default controls if the default value should be shown on the,param show default control default value shown,param show default controls if the default value should be shown on the | Option,param show default control default value shown | option,71,13,0
677,"[0, 1, 0, 0, 0]",help page.,help page,help page. | Option,help page | option,10,2,0
678,"[0, 1, 0, 0, 0]","normally, defaults are not shown.",normally default shown,"normally, defaults are not shown. | Option",normally default shown | option,33,5,0
679,"[0, 1, 0, 0, 0]",if this,,if this | Option,| option,7,2,0
680,"[0, 1, 0, 0, 0]","value is a string, it shows the string instead of the",value string show string instead,"value is a string, it shows the string instead of the | Option",value string show string instead | option,53,11,0
681,"[0, 1, 0, 0, 0]",this is particularly useful for dynamic options.,particularly useful dynamic option,this is particularly useful for dynamic options. | Option,particularly useful dynamic option | option,48,7,1
682,"[0, 1, 0, 0, 0]",param prompt if set to true or a non empty string then the user will be,param prompt set true non empty string user,param prompt if set to true or a non empty string then the user will be | Option,param prompt set true non empty string user | option,71,16,0
683,"[0, 1, 0, 0, 0]",prompted for input.,prompted input,prompted for input. | Option,prompted input | option,19,3,0
684,"[0, 1, 0, 0, 0]",if set to true the prompt will be the,set true prompt,if set to true the prompt will be the | Option,set true prompt | option,37,9,0
685,"[0, 1, 0, 0, 0]",option name capitalized.,option name capitalized,option name capitalized. | Option,option name capitalized | option,24,3,0
686,"[0, 1, 0, 0, 0]",param confirmation prompt if set then the value will need to be confirmed,param confirmation prompt set value need confirmed,param confirmation prompt if set then the value will need to be confirmed | Option,param confirmation prompt set value need confirmed | option,73,13,0
687,"[0, 1, 0, 0, 0]",if it was prompted for.,prompted,if it was prompted for. | Option,prompted | option,23,5,0
688,"[0, 1, 0, 0, 0]",hidden from the user.,hidden user,hidden from the user. | Option,hidden user | option,21,4,0
689,"[0, 1, 0, 0, 0]",this is useful for password,useful password,this is useful for password | Option,useful password | option,27,5,1
690,"[0, 1, 0, 0, 0]",param is flag forces this option to act as a flag.,param flag force option act flag,param is flag forces this option to act as a flag. | Option,param flag force option act flag | option,50,11,0
691,"[0, 1, 0, 0, 0]",auto detection.,auto detection,auto detection. | Option,auto detection | option,15,2,0
692,"[0, 1, 0, 0, 0]",this is set to a boolean automatically if,set boolean automatically,this is set to a boolean automatically if | Option,set boolean automatically | option,41,8,1
693,"[0, 1, 0, 0, 0]",the option string contains a slash to mark two options.,option string contains slash mark two option,the option string contains a slash to mark two options. | Option,option string contains slash mark two option | option,55,10,0
694,"[0, 1, 0, 0, 0]",param multiple if this is set to true then the argument is accepted,param multiple set true argument accepted,param multiple if this is set to true then the argument is accepted | Option,param multiple set true argument accepted | option,67,13,0
695,"[0, 1, 0, 0, 0]",multiple times and recorded.,multiple time recorded,multiple times and recorded. | Option,multiple time recorded | option,28,4,0
696,"[0, 1, 0, 0, 0]",in how it works but supports arbitrary number of,work support arbitrary number,in how it works but supports arbitrary number of | Option,work support arbitrary number | option,48,9,0
697,"[0, 1, 0, 0, 0]",param count this flag makes an option increment an integer.,param count flag make option increment integer,param count this flag makes an option increment an integer. | Option,param count flag make option increment integer | option,59,10,0
698,"[0, 1, 0, 0, 0]",parameter will be pulled from an environment,parameter pulled environment,parameter will be pulled from an environment | Option,parameter pulled environment | option,44,7,0
699,"[0, 1, 0, 0, 0]",param help the help string.,param help help string,param help the help string. | Option,param help help string | option,27,5,0
700,"[0, 0, 0, 1, 1]",this wrapper is used to catch and suppress brokenpipeerrors resulting,wrapper used catch suppress brokenpipeerrors resulting,this wrapper is used to catch and suppress brokenpipeerrors resulting | PacifyFlushWrapper,wrapper used catch suppress brokenpipeerrors resulting | pacifyflushwrapper,69,10,1
701,"[0, 0, 0, 1, 0]","pipe, all calls and attributes are proxied.",pipe call attribute proxied,"pipe, all calls and attributes are proxied. | PacifyFlushWrapper",pipe call attribute proxied | pacifyflushwrapper,43,7,0
702,"[0, 0, 0, 0, 1]",represents a package index and provides easier access to endpoints,represents package index provides easier access endpoint,represents a package index and provides easier access to endpoints | PackageIndex,represents package index provides easier access endpoint | packageindex,66,10,1
703,"[0, 0, 0, 0, 1]",this error occurs when the parser encounters a syntax error,error occurs parser encounter syntax error,this error occurs when the parser encounters a syntax error | ParseError,error occurs parser encounter syntax error | parseerror,59,10,1
704,"[0, 0, 0, 0, 1]",in the toml being parsed.,toml parsed,in the toml being parsed. | ParseError,toml parsed | parseerror,25,5,0
705,"[0, 0, 0, 0, 1]",abstract base level parser element class.,abstract base level parser element class,abstract base level parser element class. | ParserElement,abstract base level parser element class | parserelement,41,6,0
706,"[0, 0, 0, 0, 1]","structured parse results, to provide multiple means of access to",structured parse result provide multiple mean access,"structured parse results, to provide multiple means of access to | ParseResults",structured parse result provide multiple mean access | parseresults,64,10,0
707,"[1, 0, 0, 0, 1]",the parsed data,parsed data,the parsed data | ParseResults,parsed data | parseresults,15,3,0
708,"[1, 0, 0, 0, 0]",as a list len results,list len result,as a list len results | ParseResults,list len result | parseresults,21,5,1
709,"[1, 0, 0, 0, 0]",by attribute results.,attribute result,by attribute results. | ParseResults,attribute result | parseresults,21,3,0
710,"[1, 0, 0, 0, 0]",resultsname see class parserelement^setresultsname,resultsname see class parserelement setresultsname,resultsname see class parserelement^setresultsname | ParseResults,resultsname see class parserelement setresultsname | parseresults,50,4,0
711,"[1, 0, 1, 0, 0]",date str integer^setresultsname year,date str integer setresultsname year,date str integer^setresultsname year | ParseResults,date str integer setresultsname year | parseresults,36,4,0
712,"[1, 0, 1, 0, 0]",integer^setresultsname month,integer setresultsname month,integer^setresultsname month | ParseResults,integer setresultsname month | parseresults,28,2,0
713,"[1, 0, 1, 0, 0]",integer^setresultsname day,integer setresultsname day,integer^setresultsname day | ParseResults,integer setresultsname day | parseresults,26,2,0
714,"[1, 0, 1, 0, 0]",# equivalent form,equivalent form,# equivalent form | ParseResults,equivalent form | parseresults,17,3,0
715,"[1, 0, 1, 0, 0]",# date str integer year integer month integer day,date str integer year integer month integer day,# date str integer year integer month integer day | ParseResults,date str integer year integer month integer day | parseresults,49,9,0
716,"[1, 0, 1, 0, 0]",# parsestring returns a parseresults object,parsestring return parseresults object,# parsestring returns a parseresults object | ParseResults,parsestring return parseresults object | parseresults,43,6,0
717,"[1, 0, 1, 0, 0]",result date str^parsestring 1999 12 31,result date str parsestring,result date str^parsestring 1999 12 31 | ParseResults,result date str parsestring | parseresults,38,6,0
718,"[1, 0, 1, 0, 0]","def test s, fn repr",def test fn repr,"def test s, fn repr | ParseResults",def test fn repr | parseresults,19,5,0
719,"[1, 0, 1, 0, 0]","print %s %s % s, fn eval s",print fn eval,"print %s %s % s, fn eval s | ParseResults",print fn eval | parseresults,26,8,0
720,"[1, 0, 1, 0, 0]",test list result,test list result,test list result | ParseResults,test list result | parseresults,16,3,0
721,"[1, 0, 1, 0, 0]",test result 0,test result,test result 0 | ParseResults,test result | parseresults,13,3,0
722,"[1, 0, 1, 0, 0]",test result month,test result month,test result month | ParseResults,test result month | parseresults,17,3,0
723,"[1, 0, 1, 0, 0]",test result^day,test result day,test result^day | ParseResults,test result day | parseresults,15,2,0
724,"[1, 0, 1, 0, 0]",test month in result,test month result,test month in result | ParseResults,test month result | parseresults,20,4,0
725,"[1, 0, 1, 0, 0]",test minutes in result,test minute result,test minutes in result | ParseResults,test minute result | parseresults,22,4,0
726,"[1, 0, 1, 0, 0]","test result^dump , str",test result dump str,"test result^dump , str | ParseResults",test result dump str | parseresults,22,4,0
727,"[1, 0, 0, 0, 0]","list result 1999 , , 12 , , 31",list result,"list result 1999 , , 12 , , 31 | ParseResults",list result | parseresults,30,9,0
728,"[1, 0, 0, 0, 0]",result 0 1999,result,result 0 1999 | ParseResults,result | parseresults,13,3,0
729,"[1, 0, 0, 0, 0]",result^day 31,result day,result^day 31 | ParseResults,result day | parseresults,13,2,0
730,"[1, 0, 0, 0, 0]",month in result true,month result true,month in result true | ParseResults,month result true | parseresults,20,4,0
731,"[1, 0, 0, 0, 0]","result^dump 1999 , , 12 , , 31",result dump,"result^dump 1999 , , 12 , , 31 | ParseResults",result dump | parseresults,30,8,0
732,"[0, 0, 0, 0, 1]",different checks.,different check,different checks. | Path,different check | path,17,2,0
733,"[0, 0, 1, 0, 0]","first of all, instead of returning an open file",first instead returning open file,"first of all, instead of returning an open file | Path",first instead returning open file | path,47,9,0
734,"[0, 1, 0, 0, 0]","param exists if set to true, the file or directory needs to exist for",param exists set true file directory need exist,"param exists if set to true, the file or directory needs to exist for | Path",param exists set true file directory need exist | path,69,14,0
735,"[0, 1, 0, 0, 0]",this value to be valid.,value valid,this value to be valid. | Path,value valid | path,23,5,1
736,"[0, 1, 0, 0, 0]",silently skipped.,silently skipped,silently skipped. | Path,silently skipped | path,17,2,0
737,"[0, 1, 0, 0, 0]","will not expand a tilde prefix, as this is",expand tilde prefix,"will not expand a tilde prefix, as this is | Path",expand tilde prefix | path,42,9,0
738,"[0, 1, 0, 0, 0]","param allow dash if this is set to true , a single dash to indicate",param allow dash set true single dash indicate,"param allow dash if this is set to true , a single dash to indicate | Path",param allow dash set true single dash indicate | path,67,15,0
739,"[0, 0, 0, 0, 1]",allows for arbitrary requests while transparently keeping track of,allows arbitrary request transparently keeping track,allows for arbitrary requests while transparently keeping track of | PoolManager,allows arbitrary request transparently keeping track | poolmanager,66,9,1
740,"[0, 1, 0, 0, 0]",class urllib3^connectionpool.connectionpool instances.,class urllib connectionpool connectionpool instance,class urllib3^connectionpool.connectionpool instances. | PoolManager,class urllib connectionpool connectionpool instance | poolmanager,54,3,1
741,"[1, 0, 0, 0, 0]",manager poolmanager num pools 2,manager poolmanager num pool,manager poolmanager num pools 2 | PoolManager,manager poolmanager num pool | poolmanager,31,5,0
742,"[1, 0, 0, 0, 0]","r manager^request get , http yahoo^com",r manager request get http yahoo com,"r manager^request get , http yahoo^com | PoolManager",r manager request get http yahoo com | poolmanager,38,6,0
743,"[0, 0, 0, 0, 1]",to a prefix.,prefix,to a prefix. | PrefixLoader,prefix | prefixloader,12,3,0
744,"[1, 0, 0, 1, 0]",the prefix is delimited from the template by a slash per,prefix delimited template slash per,the prefix is delimited from the template by a slash per | PrefixLoader,prefix delimited template slash per | prefixloader,56,11,0
745,"[1, 0, 0, 1, 0]","default, which can be changed by setting the delimiter argument to",default changed setting delimiter argument,"default, which can be changed by setting the delimiter argument to | PrefixLoader",default changed setting delimiter argument | prefixloader,66,11,0
746,"[1, 0, 0, 1, 0]",something else,something else,something else | PrefixLoader,something else | prefixloader,14,2,0
747,"[1, 0, 0, 0, 0]",loader prefixloader,loader prefixloader,loader prefixloader | PrefixLoader,loader prefixloader | prefixloader,19,2,0
748,"[1, 0, 0, 0, 0]","by loading app1 index^html the file from the app1 package is loaded,",loading app index html file app package loaded,"by loading app1 index^html the file from the app1 package is loaded, | PrefixLoader",loading app index html file app package loaded | prefixloader,68,12,0
749,"[0, 0, 0, 0, 1]",holds a jinja preprocessed traceback for printing or reraising.,hold jinja preprocessed traceback printing reraising,holds a jinja preprocessed traceback for printing or reraising. | ProcessedTraceback,hold jinja preprocessed traceback printing reraising | processedtraceback,63,9,1
750,"[0, 0, 0, 0, 1]",a user created class request request object.,user created class request request object,a user created class request request object. | Request,user created class request request object | request,44,7,0
751,"[0, 1, 0, 0, 0]",param headers dictionary of headers to send.,param header dictionary header send,param headers dictionary of headers to send. | Request,param header dictionary header send | request,44,7,0
752,"[0, 1, 0, 0, 0]",param files dictionary of filename fileobject files to multipart upload.,param file dictionary filename fileobject file multipart upload,param files dictionary of filename fileobject files to multipart upload. | Request,param file dictionary filename fileobject file multipart upload | request,72,10,0
753,"[0, 1, 0, 0, 0]",param data the body to attach to the request.,param data body attach request,param data the body to attach to the request. | Request,param data body attach request | request,45,9,0
754,"[0, 1, 0, 0, 0]",if a dictionary or,dictionary,if a dictionary or | Request,dictionary | request,18,4,0
755,"[0, 1, 0, 0, 0]","list of tuples key, value is provided, form encoding will",list tuples key value provided form encoding,"list of tuples key, value is provided, form encoding will | Request",list tuples key value provided form encoding | request,57,10,0
756,"[0, 1, 0, 0, 0]",take place.,take place,take place. | Request,take place | request,11,2,0
757,"[0, 1, 0, 0, 0]",param json json for the body to attach to the request if files or data is not specified .,param json json body attach request file data specified,param json json for the body to attach to the request if files or data is not specified . | Request,param json json body attach request file data specified | request,89,19,0
758,"[0, 1, 0, 0, 0]","param auth auth handler or user, pass tuple.",param auth auth handler user pas tuple,"param auth auth handler or user, pass tuple. | Request",param auth auth handler user pas tuple | request,44,8,0
759,"[0, 1, 0, 0, 0]",param cookies dictionary or cookiejar of cookies to attach to this request.,param cooky dictionary cookiejar cooky attach request,param cookies dictionary or cookiejar of cookies to attach to this request. | Request,param cooky dictionary cookiejar cooky attach request | request,75,12,0
760,"[1, 0, 0, 0, 0]","req requests^request get , https httpbin^org get",req request request get http httpbin org get,"req requests^request get , https httpbin^org get | Request",req request request get http httpbin org get | request,48,7,0
761,"[1, 0, 0, 0, 0]",preparedrequest get,preparedrequest get,preparedrequest get | Request,preparedrequest get | request,19,2,0
762,"[0, 0, 0, 0, 1]",a context manager to remove a package for the inner block.,context manager remove package inner block,a context manager to remove a package for the inner block. | RequirementUninstaller,context manager remove package inner block | requirementuninstaller,58,11,0
763,"[0, 0, 0, 1, 0]",this uses uninstallpathset to control the workflow.,us uninstallpathset control workflow,this uses uninstallpathset to control the workflow. | RequirementUninstaller,us uninstallpathset control workflow | requirementuninstaller,51,7,1
764,"[0, 0, 0, 1, 0]",if the inner block,inner block,if the inner block | RequirementUninstaller,inner block | requirementuninstaller,18,4,0
765,"[0, 0, 0, 1, 0]","exits correctly, the uninstallation is committed, otherwise rolled back.",exit correctly uninstallation committed otherwise rolled back,"exits correctly, the uninstallation is committed, otherwise rolled back. | RequirementUninstaller",exit correctly uninstallation committed otherwise rolled back | requirementuninstaller,72,9,1
766,"[0, 0, 0, 0, 1]",cache a candidate s requires python information.,cache candidate requires python information,cache a candidate s requires python information. | RequiresPythonCache,cache candidate requires python information | requirespythoncache,48,7,0
767,"[0, 0, 1, 0, 0]","not normally instantiated by user code, but rather by a",normally instantiated user code rather,"not normally instantiated by user code, but rather by a | Resource",normally instantiated user code rather | resource,55,10,0
768,"[0, 0, 1, 0, 0]",class resourcefinder which manages the resource.,class resourcefinder manages resource,class resourcefinder which manages the resource. | Resource,class resourcefinder manages resource | resource,48,6,1
769,"[0, 0, 0, 0, 1]",resource finder for file system resources.,resource finder file system resource,resource finder for file system resources. | ResourceFinder,resource finder file system resource | resourcefinder,42,6,0
770,"[0, 0, 0, 0, 1]",manage resource extraction and packages,manage resource extraction package,manage resource extraction and packages | ResourceManager,manage resource extraction package | resourcemanager,39,5,0
771,"[0, 0, 0, 0, 1]",retry configuration.,retry configuration,retry configuration. | Retry,retry configuration | retry,20,2,0
772,"[0, 0, 0, 1, 0]",they can be safely reused.,safely reused,they can be safely reused. | Retry,safely reused | retry,26,5,0
773,"[1, 0, 0, 0, 0]",retries can be defined as a default for a pool,retries defined default pool,retries can be defined as a default for a pool | Retry,retries defined default pool | retry,46,10,1
774,"[1, 0, 0, 0, 0]","retries retry connect 5, read 2, redirect 5",retries retry connect read redirect,"retries retry connect 5, read 2, redirect 5 | Retry",retries retry connect read redirect | retry,43,8,1
775,"[1, 0, 0, 0, 0]","response http^request get , http example^com",response http request get http example com,"response http^request get , http example^com | Retry",response http request get http example com | retry,44,6,0
776,"[0, 1, 0, 0, 0]",param int total,param int total,param int total | Retry,param int total | retry,15,3,0
777,"[0, 1, 0, 0, 0]",total number of retries to allow.,total number retries allow,total number of retries to allow. | Retry,total number retries allow | retry,33,6,0
778,"[0, 1, 0, 0, 0]",it s a good idea to set this to some sensibly high value to,good idea set sensibly high value,it s a good idea to set this to some sensibly high value to | Retry,good idea set sensibly high value | retry,59,14,0
779,"[0, 1, 0, 0, 0]",set to 0 to fail on the first retry.,set fail first retry,set to 0 to fail on the first retry. | Retry,set fail first retry | retry,36,9,1
780,"[0, 1, 0, 0, 0]",set to false to disable and imply raise on redirect false .,set false disable imply raise redirect false,set to false to disable and imply raise on redirect false . | Retry,set false disable imply raise redirect false | retry,59,12,1
781,"[0, 1, 0, 0, 0]","these are errors raised before the request is sent to the remote server,",error raised request sent remote server,"these are errors raised before the request is sent to the remote server, | Retry",error raised request sent remote server | retry,72,13,0
782,"[0, 1, 0, 0, 0]",set to 0 to fail on the first retry of this type.,set fail first retry type,set to 0 to fail on the first retry of this type. | Retry,set fail first retry type | retry,49,12,1
783,"[0, 1, 0, 0, 0]",how many times to retry on read errors.,many time retry read error,how many times to retry on read errors. | Retry,many time retry read error | retry,39,8,0
784,"[0, 1, 0, 0, 0]","these errors are raised after the request was sent to the server, so the",error raised request sent server,"these errors are raised after the request was sent to the server, so the | Retry",error raised request sent server | retry,72,14,0
785,"[0, 1, 0, 0, 0]",request may have side effects.,request may side effect,request may have side effects. | Retry,request may side effect | retry,30,5,0
786,"[0, 1, 0, 0, 0]",param int redirect,param int redirect,param int redirect | Retry,param int redirect | retry,18,3,0
787,"[0, 1, 0, 0, 0]",limit this to avoid infinite redirect,limit avoid infinite redirect,limit this to avoid infinite redirect | Retry,limit avoid infinite redirect | retry,37,6,0
788,"[0, 1, 0, 0, 0]","a redirect is a http response with a status code 301, 302, 303, 307 or",redirect http response status code,"a redirect is a http response with a status code 301, 302, 303, 307 or | Retry",redirect http response status code | retry,70,15,0
789,"[0, 1, 0, 0, 0]",param int status,param int status,param int status | Retry,param int status | retry,16,3,0
790,"[0, 1, 0, 0, 0]",how many times to retry on bad status codes.,many time retry bad status code,how many times to retry on bad status codes. | Retry,many time retry bad status code | retry,44,9,0
791,"[0, 1, 0, 0, 0]","these are retries made on responses, where status code matches",retries made response status code match,"these are retries made on responses, where status code matches | Retry",retries made response status code match | retry,62,10,0
792,"[0, 1, 0, 0, 0]",status forcelist .,status forcelist,status forcelist . | Retry,status forcelist | retry,18,3,1
793,"[0, 1, 0, 0, 0]",set of uppercased http method verbs that we should retry on.,set uppercased http method verb retry,set of uppercased http method verbs that we should retry on. | Retry,set uppercased http method verb retry | retry,60,11,1
794,"[0, 1, 0, 0, 0]","by default, we only retry on methods which are considered to be",default retry method considered,"by default, we only retry on methods which are considered to be | Retry",default retry method considered | retry,63,12,0
795,"[0, 1, 0, 0, 0]",idempotent multiple requests with the same parameters end with the,idempotent multiple request parameter end,idempotent multiple requests with the same parameters end with the | Retry,idempotent multiple request parameter end | retry,66,10,0
796,"[0, 1, 0, 0, 0]",param iterable status forcelist,param iterable status forcelist,param iterable status forcelist | Retry,param iterable status forcelist | retry,31,4,0
797,"[0, 1, 0, 0, 0]",a set of integer http status codes that we should force a retry on.,set integer http status code force retry,a set of integer http status codes that we should force a retry on. | Retry,set integer http status code force retry | retry,67,14,0
798,"[0, 1, 0, 0, 0]","by default, this is disabled with none .",default disabled none,"by default, this is disabled with none . | Retry",default disabled none | retry,40,8,0
799,"[0, 1, 0, 0, 0]",param float backoff factor,param float backoff factor,param float backoff factor | Retry,param float backoff factor | retry,26,4,0
800,"[0, 1, 0, 0, 0]",most errors are resolved immediately by a second try without a,error resolved immediately second try without,most errors are resolved immediately by a second try without a | Retry,error resolved immediately second try without | retry,62,11,0
801,"[0, 1, 0, 0, 0]",urllib3 will sleep for,urllib sleep,urllib3 will sleep for | Retry,urllib sleep | retry,22,4,0
802,"[0, 1, 0, 0, 0]",backoff factor 2 number of total retries 1,backoff factor number total retries,backoff factor 2 number of total retries 1 | Retry,backoff factor number total retries | retry,42,8,0
803,"[0, 1, 0, 0, 0]","if the backoff factor is 01, then func ^sleep will sleep",backoff factor func sleep sleep,"if the backoff factor is 01, then func ^sleep will sleep | Retry",backoff factor func sleep sleep | retry,56,11,0
804,"[0, 1, 0, 0, 0]","for 00s, 02s, 04s, .",,"for 00s, 02s, 04s, . | Retry",| retry,20,5,0
805,"[0, 1, 0, 0, 0]","by default, backoff is disabled set to 0 .",default backoff disabled set,"by default, backoff is disabled set to 0 . | Retry",default backoff disabled set | retry,42,9,0
806,"[0, 1, 0, 0, 0]","param bool raise on redirect whether, if the number of redirects is",param bool raise redirect whether number redirects,"param bool raise on redirect whether, if the number of redirects is | Retry",param bool raise redirect whether number redirects | retry,67,12,0
807,"[0, 1, 0, 0, 0]",response code in the 3xx range.,response code xx range,response code in the 3xx range. | Retry,response code xx range | retry,31,6,0
808,"[0, 1, 0, 0, 0]",param bool raise on status similar meaning to raise on redirect,param bool raise status similar meaning raise redirect,param bool raise on status similar meaning to raise on redirect | Retry,param bool raise status similar meaning raise redirect | retry,63,11,0
809,"[0, 1, 0, 0, 0]","whether we should raise an exception, or return a response,",whether raise exception return response,"whether we should raise an exception, or return a response, | Retry",whether raise exception return response | retry,59,10,0
810,"[0, 1, 0, 0, 0]",if status falls in status forcelist range and retries have,status fall status forcelist range retries,if status falls in status forcelist range and retries have | Retry,status fall status forcelist range retries | retry,58,10,0
811,"[0, 1, 0, 0, 0]",been exhausted.,exhausted,been exhausted. | Retry,exhausted | retry,15,2,0
812,"[0, 1, 0, 0, 0]",param tuple history the history of the request encountered during,param tuple history history request encountered,param tuple history the history of the request encountered during | Retry,param tuple history history request encountered | retry,65,10,0
813,"[0, 1, 0, 0, 0]",each call to meth retry^increment .,call meth retry increment,each call to meth retry^increment . | Retry,call meth retry increment | retry,35,6,0
814,"[0, 1, 0, 0, 0]",the list is in the order,list order,the list is in the order | Retry,list order | retry,24,6,0
815,"[0, 1, 0, 0, 0]",each list item is of class class requesthistory .,list item class class requesthistory,each list item is of class class requesthistory . | Retry,list item class class requesthistory | retry,49,9,0
816,"[0, 1, 0, 0, 0]",param bool respect retry after header,param bool respect retry header,param bool respect retry after header | Retry,param bool respect retry header | retry,37,6,0
817,"[0, 1, 0, 0, 0]",whether to respect retry after header on status codes defined as,whether respect retry header status code defined,whether to respect retry after header on status codes defined as | Retry,whether respect retry header status code defined | retry,64,11,0
818,"[0, 1, 0, 0, 0]",attr retry^retry after status codes or not.,attr retry retry status code,attr retry^retry after status codes or not. | Retry,attr retry retry status code | retry,43,7,0
819,"[0, 1, 0, 0, 0]",sequence of headers to remove from the request when a response,sequence header remove request response,sequence of headers to remove from the request when a response | Retry,sequence header remove request response | retry,62,11,0
820,"[0, 1, 0, 0, 0]",indicating a redirect is returned before firing off the redirected,indicating redirect returned firing redirected,indicating a redirect is returned before firing off the redirected | Retry,indicating redirect returned firing redirected | retry,66,10,0
821,"[0, 0, 0, 0, 1]",a file based cache which is safe to use even when the target directory may,file based cache safe use even target directory may,a file based cache which is safe to use even when the target directory may | SafeFileCache,file based cache safe use even target directory may | safefilecache,74,15,0
822,"[0, 0, 0, 0, 1]",not be accessible or writable.,accessible writable,not be accessible or writable. | SafeFileCache,accessible writable | safefilecache,30,5,0
823,"[0, 0, 0, 0, 1]","provides cookie persistence, connection pooling, and configuration.",provides cookie persistence connection pooling configuration,"provides cookie persistence, connection pooling, and configuration. | Session",provides cookie persistence connection pooling configuration | session,67,7,1
824,"[1, 0, 0, 0, 0]",s^get https httpbin^org get,get http httpbin org get,s^get https httpbin^org get | Session,get http httpbin org get | session,27,4,0
825,"[1, 0, 0, 0, 0]",response 200,response,response 200 | Session,response | session,12,2,0
826,"[1, 0, 0, 0, 0]",or as a context manager,context manager,or as a context manager | Session,context manager | session,23,5,0
827,"[0, 0, 0, 0, 1]",token for skipping over all undefined text until the matched,token skipping undefined text matched,token for skipping over all undefined text until the matched | SkipTo,token skipping undefined text matched | skipto,60,10,0
828,"[0, 0, 0, 0, 1]",expression is found.,expression found,expression is found. | SkipTo,expression found | skipto,20,3,0
829,"[0, 1, 0, 0, 0]",expr target expression marking the end of the data to be skipped,expr target expression marking end data skipped,expr target expression marking the end of the data to be skipped | SkipTo,expr target expression marking end data skipped | skipto,64,12,0
830,"[0, 1, 0, 0, 0]","include default false if true, the target expression is also parsed",include default false true target expression also parsed,"include default false if true, the target expression is also parsed | SkipTo",include default false true target expression also parsed | skipto,67,11,0
831,"[0, 1, 0, 0, 0]",ignore default none used to define grammars typically quoted strings and,ignore default none used define grammar typically quoted string,ignore default none used to define grammars typically quoted strings and | SkipTo,ignore default none used define grammar typically quoted string | skipto,72,11,0
832,"[0, 1, 0, 0, 0]",failon default none define expressions that are not allowed to be,failon default none define expression allowed,failon default none define expressions that are not allowed to be | SkipTo,failon default none define expression allowed | skipto,65,11,0
833,"[0, 1, 0, 0, 0]",the skipto is not a match,skipto match,the skipto is not a match | SkipTo,skipto match | skipto,25,6,0
834,"[1, 0, 0, 0, 0]",# severity description days open,severity description day open,# severity description days open | SkipTo,severity description day open | skipto,32,5,0
835,"[1, 0, 0, 0, 0]",101 critical intermittent system crash 6,critical intermittent system crash,101 critical intermittent system crash 6 | SkipTo,critical intermittent system crash | skipto,40,6,0
836,"[1, 0, 0, 0, 0]",sep suppress,sep suppress,sep suppress | SkipTo,sep suppress | skipto,12,2,0
837,"[1, 0, 0, 0, 0]",# use skipto to simply match everything up until the next sep,use skipto simply match everything next sep,# use skipto to simply match everything up until the next sep | SkipTo,use skipto simply match everything next sep | skipto,61,12,0
838,"[1, 0, 0, 0, 0]","# ignore quoted strings, so that a character inside a quoted string does not match",ignore quoted string character inside quoted string match,"# ignore quoted strings, so that a character inside a quoted string does not match | SkipTo",ignore quoted string character inside quoted string match | skipto,82,15,0
839,"[1, 0, 0, 0, 0]","# parse action will call token^strip for each matched token, ie, the description body",parse action call token strip matched token ie description body,"# parse action will call token^strip for each matched token, ie, the description body | SkipTo",parse action call token strip matched token ie description body | skipto,85,14,0
840,"[1, 0, 0, 0, 0]","string data skipto sep, ignore quotedstring",string data skipto sep ignore quotedstring,"string data skipto sep, ignore quotedstring | SkipTo",string data skipto sep ignore quotedstring | skipto,43,6,0
841,"[1, 0, 0, 0, 0]",ticket expr integer issue num sep,ticket expr integer issue num sep,ticket expr integer issue num sep | SkipTo,ticket expr integer issue num sep | skipto,33,6,0
842,"[1, 0, 0, 0, 0]",string data sev sep,string data sev sep,string data sev sep | SkipTo,string data sev sep | skipto,19,4,0
843,"[1, 0, 0, 0, 0]",print tkt^dump,print tkt dump,print tkt^dump | SkipTo,print tkt dump | skipto,14,2,0
844,"[1, 0, 0, 0, 0]","101 , critical , intermittent system crash , 6",critical intermittent system crash,"101 , critical , intermittent system crash , 6 | SkipTo",critical intermittent system crash | skipto,46,9,0
845,"[1, 0, 0, 0, 0]",days open 6,day open,days open 6 | SkipTo,day open | skipto,11,3,1
846,"[1, 0, 0, 0, 0]",issue num 101,issue num,issue num 101 | SkipTo,issue num | skipto,13,3,0
847,"[1, 0, 0, 0, 0]","94 , cosmetic , spelling error on login log n , 14",cosmetic spelling error login log n,"94 , cosmetic , spelling error on login log n , 14 | SkipTo",cosmetic spelling error login log n | skipto,50,12,0
848,"[1, 0, 0, 0, 0]",days open 14,day open,days open 14 | SkipTo,day open | skipto,12,3,1
849,"[1, 0, 0, 0, 0]",desc spelling error on login log n,desc spelling error login log n,desc spelling error on login log n | SkipTo,desc spelling error login log n | skipto,34,7,0
850,"[1, 0, 0, 0, 0]",sev cosmetic,sev cosmetic,sev cosmetic | SkipTo,sev cosmetic | skipto,12,2,0
851,"[1, 0, 0, 0, 0]",days open 47,day open,days open 47 | SkipTo,day open | skipto,12,3,1
852,"[1, 0, 0, 0, 0]",issue num 79,issue num,issue num 79 | SkipTo,issue num | skipto,12,3,0
853,"[0, 0, 0, 0, 1]",token class.,token class,token class. | Token,token class | token,12,2,0
854,"[0, 0, 0, 1, 0]",iterate over the stream,iterate stream,iterate over the stream | TokenStreamIterator,iterate stream | tokenstreamiterator,23,4,0
855,"[1, 0, 0, 0, 0]",documentclass the class to use for the bottommost node of a document,documentclass class use bottommost node document,documentclass the class to use for the bottommost node of a document | TreeBuilder,documentclass class use bottommost node document | treebuilder,68,12,1
856,"[1, 0, 0, 0, 0]",elementclass the class to use for html elements,elementclass class use html element,elementclass the class to use for html elements | TreeBuilder,elementclass class use html element | treebuilder,47,8,1
857,"[1, 0, 0, 0, 0]",commentclass the class to use for comments,commentclass class use comment,commentclass the class to use for comments | TreeBuilder,commentclass class use comment | treebuilder,42,7,1
858,"[1, 0, 0, 0, 0]",doctypeclass the class to use for doctypes,doctypeclass class use doctypes,doctypeclass the class to use for doctypes | TreeBuilder,doctypeclass class use doctypes | treebuilder,42,7,1
859,"[0, 0, 0, 0, 1]",abstract base class for tries,abstract base class try,abstract base class for tries | Trie,abstract base class try | trie,29,5,0
860,"[0, 0, 0, 0, 1]",base class for errors arising from attempts to release the lock.,base class error arising attempt release lock,base class for errors arising from attempts to release the lock. | UnlockError,base class error arising attempt release lock | unlockerror,64,11,0
861,"[1, 0, 0, 0, 0]",raise unlockerror,raise unlockerror,raise unlockerror | UnlockError,raise unlockerror | unlockerror,17,2,0
862,"[1, 0, 1, 0, 1]",an op namespace to dynamically bind operators into python.,op namespace dynamically bind operator python,an op namespace to dynamically bind operators into python. | _OpNamespace,op namespace dynamically bind operator python | opnamespace,58,9,0
863,"[1, 0, 1, 0, 0]","instead, the",instead,"instead, the | _OpNamespace",instead | opnamespace,12,2,0
864,"[0, 0, 1, 0, 0]","on the torch^ops object, which will create a new opnamespace",torch ops object create new opnamespace,"on the torch^ops object, which will create a new opnamespace | _OpNamespace",torch ops object create new opnamespace | opnamespace,60,10,0
865,"[0, 0, 1, 0, 0]",torch^ops.my namespace^my op will then invoke getattr on,torch ops namespace op invoke getattr,torch^ops.my namespace^my op will then invoke getattr on | _OpNamespace,torch ops namespace op invoke getattr | opnamespace,56,8,0
866,"[0, 0, 1, 0, 0]","torch^get operation , a function bound from c , and then in a similar",torch get operation function bound c similar,"torch^get operation , a function bound from c , and then in a similar | _OpNamespace",torch get operation function bound c similar | opnamespace,69,14,0
867,"[1, 0, 1, 0, 0]",operation will already exist .,operation already exist,operation will already exist . | _OpNamespace,operation already exist | opnamespace,30,5,0
868,"[0, 0, 0, 0, 1]",implements adadelta algorithm.,implement adadelta algorithm,implements adadelta algorithm. | Adadelta,implement adadelta algorithm | adadelta,30,3,1
869,"[0, 0, 0, 0, 1]",it has been proposed in adadelta an adaptive learning rate method .,proposed adadelta adaptive learning rate method,it has been proposed in adadelta an adaptive learning rate method . | Adadelta,proposed adadelta adaptive learning rate method | adadelta,67,12,0
870,"[0, 1, 0, 0, 0]",of squared gradients default 09,squared gradient default,of squared gradients default 09 | Adadelta,squared gradient default | adadelta,31,5,0
871,"[0, 1, 0, 0, 0]",numerical stability default 1e 6,numerical stability default e,numerical stability default 1e 6 | Adadelta,numerical stability default e | adadelta,32,5,0
872,"[0, 1, 0, 0, 0]",to the parameters default 10,parameter default,to the parameters default 10 | Adadelta,parameter default | adadelta,28,5,0
873,"[0, 1, 0, 0, 0]","lr float, optional learning rate default 1e 3",lr float optional learning rate default e,"lr float, optional learning rate default 1e 3 | Adam",lr float optional learning rate default e | adam,45,8,0
874,"[0, 1, 0, 0, 0]","running averages of gradient and its square default 09, 0999",running average gradient square default,"running averages of gradient and its square default 09, 0999 | Adam",running average gradient square default | adam,60,10,0
875,"[0, 0, 1, 0, 0]",adam a method for stochastic optimization,adam method stochastic optimization,adam a method for stochastic optimization | Adam,adam method stochastic optimization | adam,41,6,0
876,"[0, 0, 1, 0, 0]",on the convergence of adam and beyond,convergence adam beyond,on the convergence of adam and beyond | Adam,convergence adam beyond | adam,37,7,0
877,"[0, 0, 1, 0, 0]",https openreview^net forum?id ryqu7f rz,http openreview net forum id ryqu f rz,https openreview^net forum?id ryqu7f rz | Adam,http openreview net forum id ryqu f rz | adam,39,5,1
878,"[0, 1, 0, 0, 0]","lr float, optional learning rate default 2e 3",lr float optional learning rate default e,"lr float, optional learning rate default 2e 3 | Adamax",lr float optional learning rate default e | adamax,45,8,0
879,"[0, 1, 0, 0, 0]",running averages of gradient and its square,running average gradient square,running averages of gradient and its square | Adamax,running average gradient square | adamax,43,7,0
880,"[0, 0, 0, 1, 0]","the output is of size d x h x w, for any input size.",output size x h x w input size,"the output is of size d x h x w, for any input size. | AdaptiveMaxPool3d",output size x h x w input size | adaptivemaxpool,52,14,0
881,"[0, 0, 0, 1, 0]",the number of output features is equal to the number of input planes.,number output feature equal number input plane,the number of output features is equal to the number of input planes. | AdaptiveMaxPool3d,number output feature equal number input plane | adaptivemaxpool,69,13,0
882,"[0, 1, 0, 0, 0]",output size the target output size of the image of the form d x h x w.,output size target output size image form x h x w,output size the target output size of the image of the form d x h x w. | AdaptiveMaxPool3d,output size target output size image form x h x w | adaptivemaxpool,70,17,0
883,"[0, 1, 0, 0, 0]","can be a tuple d, h, w or a single d for a cube d x d x d.",tuple h w single cube x x,"can be a tuple d, h, w or a single d for a cube d x d x d. | AdaptiveMaxPool3d",tuple h w single cube x x | adaptivemaxpool,58,19,0
884,"[0, 1, 0, 0, 0]",be the same as that of the input.,input,be the same as that of the input. | AdaptiveMaxPool3d,input | adaptivemaxpool,33,8,0
885,"[0, 1, 0, 0, 0]","return indices if true , will return the indices along with the outputs.",return index true return index along output,"return indices if true , will return the indices along with the outputs. | AdaptiveMaxPool3d",return index true return index along output | adaptivemaxpool,72,13,0
886,"[0, 1, 0, 0, 0]",useful to pass to nn^maxunpool3d.,useful pas nn maxunpool,useful to pass to nn^maxunpool3d. | AdaptiveMaxPool3d,useful pas nn maxunpool | adaptivemaxpool,33,5,0
887,"[1, 0, 0, 0, 0]",# target output size of 5x7x9,target output size x x,# target output size of 5x7x9 | AdaptiveMaxPool3d,target output size x x | adaptivemaxpool,29,6,0
888,"[1, 0, 0, 0, 0]","m nn^adaptivemaxpool3d 5,7,9",nn adaptivemaxpool,"m nn^adaptivemaxpool3d 5,7,9 | AdaptiveMaxPool3d",nn adaptivemaxpool | adaptivemaxpool,28,3,0
889,"[1, 0, 0, 0, 0]","input torch^randn 1, 64, 8, 9, 10",input torch randn,"input torch^randn 1, 64, 8, 9, 10 | AdaptiveMaxPool3d",input torch randn | adaptivemaxpool,33,7,0
890,"[1, 0, 0, 0, 0]",output m input,output input,output m input | AdaptiveMaxPool3d,output input | adaptivemaxpool,14,3,0
891,"[1, 0, 0, 0, 0]",# target output size of 7x7x7 cube,target output size x x cube,# target output size of 7x7x7 cube | AdaptiveMaxPool3d,target output size x x cube | adaptivemaxpool,34,7,0
892,"[1, 0, 0, 0, 0]",m nn^adaptivemaxpool3d 7,nn adaptivemaxpool,m nn^adaptivemaxpool3d 7 | AdaptiveMaxPool3d,nn adaptivemaxpool | adaptivemaxpool,24,3,0
893,"[1, 0, 0, 0, 0]","input torch^randn 1, 64, 10, 9, 8",input torch randn,"input torch^randn 1, 64, 10, 9, 8 | AdaptiveMaxPool3d",input torch randn | adaptivemaxpool,33,7,0
894,"[1, 0, 0, 0, 0]",# target output size of 7x9x8,target output size x x,# target output size of 7x9x8 | AdaptiveMaxPool3d,target output size x x | adaptivemaxpool,29,6,0
895,"[0, 0, 0, 0, 1]",applies batch normalization over a 2d or 3d input a mini batch of 1d,applies batch normalization input mini batch,applies batch normalization over a 2d or 3d input a mini batch of 1d | BatchNorm1d,applies batch normalization input mini batch | batchnorm,68,14,1
896,"[0, 0, 0, 0, 1]",inputs with optional additional channel dimension as described in the paper,input optional additional channel dimension described paper,inputs with optional additional channel dimension as described in the paper | BatchNorm1d,input optional additional channel dimension described paper | batchnorm,75,11,1
897,"[0, 0, 0, 0, 1]",batch normalization accelerating deep network training by reducing internal covariate shift .,batch normalization accelerating deep network training reducing internal covariate shift,batch normalization accelerating deep network training by reducing internal covariate shift . | BatchNorm1d,batch normalization accelerating deep network training reducing internal covariate shift | batchnorm,93,12,0
898,"[0, 0, 0, 1, 0]",the mean and standard deviation are calculated per dimension over,mean standard deviation calculated per dimension,the mean and standard deviation are calculated per dimension over | BatchNorm1d,mean standard deviation calculated per dimension | batchnorm,65,10,0
899,"[0, 0, 0, 1, 0]",the running estimates are kept with a default attr momentum,running estimate kept default attr momentum,the running estimates are kept with a default attr momentum | BatchNorm1d,running estimate kept default attr momentum | batchnorm,59,10,0
900,"[0, 0, 0, 1, 0]",evaluation time as well.,evaluation time well,evaluation time as well. | BatchNorm1d,evaluation time well | batchnorm,24,4,0
901,"[0, 0, 1, 0, 0]","because the batch normalization is done over the c dimension, computing statistics",batch normalization done c dimension computing statistic,"because the batch normalization is done over the c dimension, computing statistics | BatchNorm1d",batch normalization done c dimension computing statistic | batchnorm,82,12,0
902,"[0, 1, 0, 1, 0]",num features math c from an expected input of size,num feature math c expected input size,num features math c from an expected input of size | BatchNorm1d,num feature math c expected input size | batchnorm,50,10,0
903,"[0, 1, 0, 0, 0]",eps a value added to the denominator for numerical stability.,eps value added denominator numerical stability,eps a value added to the denominator for numerical stability. | BatchNorm1d,eps value added denominator numerical stability | batchnorm,61,10,1
904,"[0, 1, 0, 0, 0]",default 1e 5,default e,default 1e 5 | BatchNorm1d,default e | batchnorm,12,3,0
905,"[0, 1, 0, 0, 0]",momentum the value used for the running mean and running var,momentum value used running mean running var,momentum the value used for the running mean and running var | BatchNorm1d,momentum value used running mean running var | batchnorm,60,11,0
906,"[0, 1, 0, 0, 0]",can be set to none for cumulative moving average,set none cumulative moving average,can be set to none for cumulative moving average | BatchNorm1d,set none cumulative moving average | batchnorm,48,9,0
907,"[0, 1, 0, 0, 0]",ie simple average .,ie simple average,ie simple average . | BatchNorm1d,ie simple average | batchnorm,19,4,0
908,"[0, 1, 0, 0, 0]",default 01,default,default 01 | BatchNorm1d,default | batchnorm,10,2,0
909,"[0, 1, 0, 0, 0]",learnable affine parameters.,learnable affine parameter,learnable affine parameters. | BatchNorm1d,learnable affine parameter | batchnorm,28,3,0
910,"[0, 1, 0, 0, 0]",default true,default true,default true | BatchNorm1d,default true | batchnorm,12,2,0
911,"[0, 1, 0, 0, 0]",this module does not track such statistics and always uses batch,module track statistic always us batch,this module does not track such statistics and always uses batch | BatchNorm1d,module track statistic always us batch | batchnorm,64,11,1
912,"[0, 1, 0, 0, 0]",statistics in both training and eval modes.,statistic training eval mode,statistics in both training and eval modes. | BatchNorm1d,statistic training eval mode | batchnorm,43,7,1
913,"[0, 0, 0, 1, 0]","input math n, c or math n, c, l",input math n c math n c l,"input math n, c or math n, c, l | BatchNorm1d",input math n c math n c l | batchnorm,31,9,0
914,"[1, 0, 0, 0, 0]",# with learnable parameters,learnable parameter,# with learnable parameters | BatchNorm1d,learnable parameter | batchnorm,27,4,0
915,"[1, 0, 0, 0, 0]",m nn^batchnorm1d 100,nn batchnorm,m nn^batchnorm1d 100 | BatchNorm1d,nn batchnorm | batchnorm,20,3,0
916,"[1, 0, 0, 0, 0]",# without learnable parameters,without learnable parameter,# without learnable parameters | BatchNorm1d,without learnable parameter | batchnorm,30,4,0
917,"[0, 0, 0, 0, 1]",this loss combines a sigmoid layer and the bceloss in one single,loss combine sigmoid layer bceloss one single,this loss combines a sigmoid layer and the bceloss in one single | BCEWithLogitsLoss,loss combine sigmoid layer bceloss one single | bcewithlogitsloss,64,12,1
918,"[0, 0, 0, 0, 1]",this version is more numerically stable than using a plain sigmoid,version numerically stable using plain sigmoid,this version is more numerically stable than using a plain sigmoid | BCEWithLogitsLoss,version numerically stable using plain sigmoid | bcewithlogitsloss,66,11,1
919,"[0, 0, 0, 1, 0]",the unreduced ie with attr reduction set to none loss can be described as,unreduced ie attr reduction set none loss described,the unreduced ie with attr reduction set to none loss can be described as | BCEWithLogitsLoss,unreduced ie attr reduction set none loss described | bcewithlogitsloss,73,14,0
920,"[0, 0, 0, 1, 0]","operatorname sum l , & text if reduction text sum .",operatorname sum l text reduction text sum,"operatorname sum l , & text if reduction text sum . | BCEWithLogitsLoss",operatorname sum l text reduction text sum | bcewithlogitsloss,51,11,0
921,"[0, 0, 0, 1, 0]",end cases,end case,end cases | BCEWithLogitsLoss,end case | bcewithlogitsloss,9,2,0
922,"[0, 0, 0, 1, 0]",this is used for measuring the error of a reconstruction in for example,used measuring error reconstruction example,this is used for measuring the error of a reconstruction in for example | BCEWithLogitsLoss,used measuring error reconstruction example | bcewithlogitsloss,71,13,1
923,"[0, 0, 0, 1, 0]",an auto encoder.,auto encoder,an auto encoder. | BCEWithLogitsLoss,auto encoder | bcewithlogitsloss,16,3,0
924,"[0, 0, 1, 1, 0]",note that the targets t i should be numbers,note target number,note that the targets t i should be numbers | BCEWithLogitsLoss,note target number | bcewithlogitsloss,43,9,0
925,"[0, 0, 1, 1, 0]",between 0 and 1.,,between 0 and 1. | BCEWithLogitsLoss,| bcewithlogitsloss,16,4,0
926,"[1, 0, 0, 1, 0]",it s possible to trade off recall and precision by adding weights to positive examples.,possible trade recall precision adding weight positive example,it s possible to trade off recall and precision by adding weights to positive examples. | BCEWithLogitsLoss,possible trade recall precision adding weight positive example | bcewithlogitsloss,87,15,0
927,"[0, 0, 0, 1, 0]",in the case of multi label classification the loss can be described as,case multi label classification loss described,in the case of multi label classification the loss can be described as | BCEWithLogitsLoss,case multi label classification loss described | bcewithlogitsloss,70,13,0
928,"[0, 0, 0, 1, 0]","ell c x, y l c l 1,c , dots,l n,c ^ top, quad",ell c x l c l c dot l n c top quad,"ell c x, y l c l 1,c , dots,l n,c ^ top, quad | BCEWithLogitsLoss",ell c x l c l c dot l n c top quad | bcewithlogitsloss,45,14,0
929,"[0, 0, 0, 1, 0]","1 y n,c cdot log 1 sigma x n,c right ,",n c cdot log sigma x n c right,"1 y n,c cdot log 1 sigma x n,c right , | BCEWithLogitsLoss",n c cdot log sigma x n c right | bcewithlogitsloss,38,11,0
930,"[1, 0, 0, 0, 0]","for example, if a dataset contains 100 positive and 300 negative examples of a single class,",example dataset contains positive negative example single class,"for example, if a dataset contains 100 positive and 300 negative examples of a single class, | BCEWithLogitsLoss",example dataset contains positive negative example single class | bcewithlogitsloss,92,16,0
931,"[1, 0, 0, 1, 0]",the loss would act as if the dataset contains math 3 times 100 300 positive examples.,loss would act dataset contains math time positive example,the loss would act as if the dataset contains math 3 times 100 300 positive examples. | BCEWithLogitsLoss,loss would act dataset contains math time positive example | bcewithlogitsloss,85,16,0
932,"[1, 0, 0, 0, 0]","target torch^ones 10, 64 , dtype torch^float32 # 64 classes, batch size 10",target torch one dtype torch float class batch size,"target torch^ones 10, 64 , dtype torch^float32 # 64 classes, batch size 10 | BCEWithLogitsLoss",target torch one dtype torch float class batch size | bcewithlogitsloss,74,13,0
933,"[1, 0, 0, 0, 0]","output torch^full 10, 64 , 0999 # a prediction logit",output torch full prediction logit,"output torch^full 10, 64 , 0999 # a prediction logit | BCEWithLogitsLoss",output torch full prediction logit | bcewithlogitsloss,52,10,0
934,"[1, 0, 0, 0, 0]","criterion output, target # log sigmoid 0999",criterion output target log sigmoid,"criterion output, target # log sigmoid 0999 | BCEWithLogitsLoss",criterion output target log sigmoid | bcewithlogitsloss,43,7,0
935,"[0, 1, 0, 0, 0]","weight tensor, optional a manual rescaling weight given to the loss",weight tensor optional manual rescaling weight given loss,"weight tensor, optional a manual rescaling weight given to the loss | BCEWithLogitsLoss",weight tensor optional manual rescaling weight given loss | bcewithlogitsloss,67,11,0
936,"[0, 1, 0, 0, 0]",of each batch element.,batch element,of each batch element. | BCEWithLogitsLoss,batch element | bcewithlogitsloss,22,4,0
937,"[0, 1, 0, 0, 0]","if given, has to be a tensor of size nbatch .",given tensor size nbatch,"if given, has to be a tensor of size nbatch . | BCEWithLogitsLoss",given tensor size nbatch | bcewithlogitsloss,45,11,0
938,"[0, 1, 0, 0, 0]","size average bool, optional deprecated see attr reduction .",size average bool optional deprecated see attr reduction,"size average bool, optional deprecated see attr reduction . | BCEWithLogitsLoss",size average bool optional deprecated see attr reduction | bcewithlogitsloss,59,9,0
939,"[0, 1, 0, 0, 0]",the losses are averaged over each loss element in the batch.,loss averaged loss element batch,the losses are averaged over each loss element in the batch. | BCEWithLogitsLoss,loss averaged loss element batch | bcewithlogitsloss,60,11,0
940,"[0, 1, 0, 0, 0]","some losses, there are multiple elements per sample.",loss multiple element per sample,"some losses, there are multiple elements per sample. | BCEWithLogitsLoss",loss multiple element per sample | bcewithlogitsloss,52,8,0
941,"[0, 1, 0, 0, 0]",if the field attr size average,field attr size average,if the field attr size average | BCEWithLogitsLoss,field attr size average | bcewithlogitsloss,30,6,0
942,"[0, 1, 0, 0, 0]","reduce bool, optional deprecated see attr reduction .",reduce bool optional deprecated see attr reduction,"reduce bool, optional deprecated see attr reduction . | BCEWithLogitsLoss",reduce bool optional deprecated see attr reduction | bcewithlogitsloss,53,8,0
943,"[0, 1, 0, 0, 0]",losses are averaged or summed over observations for each minibatch depending,loss averaged summed observation minibatch depending,losses are averaged or summed over observations for each minibatch depending | BCEWithLogitsLoss,loss averaged summed observation minibatch depending | bcewithlogitsloss,76,11,1
944,"[0, 1, 0, 0, 0]",on attr size average .,attr size average,on attr size average . | BCEWithLogitsLoss,attr size average | bcewithlogitsloss,22,5,0
945,"[0, 1, 0, 0, 0]","when attr reduce is false , returns a loss per",attr reduce false return loss per,"when attr reduce is false , returns a loss per | BCEWithLogitsLoss",attr reduce false return loss per | bcewithlogitsloss,46,10,0
946,"[0, 1, 0, 0, 0]",batch element instead and ignores attr size average .,batch element instead ignores attr size average,batch element instead and ignores attr size average . | BCEWithLogitsLoss,batch element instead ignores attr size average | bcewithlogitsloss,53,9,0
947,"[0, 1, 0, 0, 0]","reduction string, optional specifies the reduction to apply to the output",reduction string optional specifies reduction apply output,"reduction string, optional specifies the reduction to apply to the output | BCEWithLogitsLoss",reduction string optional specifies reduction apply output | bcewithlogitsloss,73,11,0
948,"[0, 1, 0, 0, 0]",none mean sum .,none mean sum,none mean sum . | BCEWithLogitsLoss,none mean sum | bcewithlogitsloss,15,4,0
949,"[0, 1, 0, 0, 0]","and attr reduce are in the process of being deprecated, and in the meantime,",attr reduce process deprecated meantime,"and attr reduce are in the process of being deprecated, and in the meantime, | BCEWithLogitsLoss",attr reduce process deprecated meantime | bcewithlogitsloss,76,14,0
950,"[1, 1, 0, 0, 0]","pos weight tensor, optional a weight of positive examples.",po weight tensor optional weight positive example,"pos weight tensor, optional a weight of positive examples. | BCEWithLogitsLoss",po weight tensor optional weight positive example | bcewithlogitsloss,58,9,1
951,"[0, 1, 0, 0, 0]",must be a vector with length equal to the number of classes.,must vector length equal number class,must be a vector with length equal to the number of classes. | BCEWithLogitsLoss,must vector length equal number class | bcewithlogitsloss,60,12,0
952,"[0, 1, 0, 1, 0]","input math n, where math means, any number of additional dimensions",input math n math mean number additional dimension,"input math n, where math means, any number of additional dimensions | BCEWithLogitsLoss",input math n math mean number additional dimension | bcewithlogitsloss,67,11,0
953,"[0, 0, 0, 1, 0]","target math n, , same shape as the input",target math n shape input,"target math n, , same shape as the input | BCEWithLogitsLoss",target math n shape input | bcewithlogitsloss,40,9,0
954,"[0, 1, 0, 0, 0]",output scalar.,output scalar,output scalar. | BCEWithLogitsLoss,output scalar | bcewithlogitsloss,14,2,0
955,"[1, 0, 0, 0, 0]",loss nn^bcewithlogitsloss,loss nn bcewithlogitsloss,loss nn^bcewithlogitsloss | BCEWithLogitsLoss,loss nn bcewithlogitsloss | bcewithlogitsloss,25,2,1
956,"[1, 0, 0, 0, 0]","input torch^randn 3, requires grad true",input torch randn requires grad true,"input torch^randn 3, requires grad true | BCEWithLogitsLoss",input torch randn requires grad true | bcewithlogitsloss,39,6,0
957,"[1, 0, 0, 0, 0]","output loss input, target",output loss input target,"output loss input, target | BCEWithLogitsLoss",output loss input target | bcewithlogitsloss,25,4,0
958,"[1, 0, 0, 0, 0]",output^backward,output backward,output^backward | BCEWithLogitsLoss,output backward | bcewithlogitsloss,15,1,0
959,"[1, 0, 0, 0, 0]",if attr cmake build type env,attr cmake build type env,if attr cmake build type env | BuildType,attr cmake build type env | buildtype,28,6,0
960,"[1, 0, 0, 0, 0]","if cmakecache^txt does not exist,",cmakecache txt exist,"if cmakecache^txt does not exist, | BuildType",cmakecache txt exist | buildtype,33,5,0
961,"[0, 0, 0, 0, 1]",this class includes all the information needed to benchmark an operator.,class includes information needed benchmark operator,this class includes all the information needed to benchmark an operator. | Caffe2OperatorTestCase,class includes information needed benchmark operator | caffe operatortestcase,72,11,1
962,"[0, 0, 0, 1, 0]",op bench it s a user defined class child of caffe2benchmarkbase,op bench user defined class child caffe benchmarkbase,op bench it s a user defined class child of caffe2benchmarkbase | Caffe2OperatorTestCase,op bench user defined class child caffe benchmarkbase | caffe operatortestcase,63,11,0
963,"[0, 0, 0, 0, 1]",pads the input tensor boundaries with a constant value.,pad input tensor boundary constant value,pads the input tensor boundaries with a constant value. | ConstantPad3d,pad input tensor boundary constant value | constantpad,55,9,1
964,"[1, 0, 0, 0, 0]","for n dimensional padding, use func torch^nn.functional^pad .",n dimensional padding use func torch nn functional pad,"for n dimensional padding, use func torch^nn.functional^pad . | ConstantPad3d",n dimensional padding use func torch nn functional pad | constantpad,61,8,0
965,"[0, 1, 0, 0, 0]","padding int, tuple the size of the padding.",padding int tuple size padding,"padding int, tuple the size of the padding. | ConstantPad3d",padding int tuple size padding | constantpad,43,8,0
966,"[0, 1, 0, 0, 0]",padding in all boundaries.,padding boundary,padding in all boundaries. | ConstantPad3d,padding boundary | constantpad,26,4,0
967,"[0, 1, 0, 0, 0]","math text padding left , math text padding right ,",math text padding left math text padding right,"math text padding left , math text padding right , | ConstantPad3d",math text padding left math text padding right | constantpad,50,10,0
968,"[1, 0, 0, 0, 0]","m nn^constantpad3d 3, 35",nn constantpad,"m nn^constantpad3d 3, 35 | ConstantPad3d",nn constantpad | constantpad,24,4,0
969,"[1, 0, 0, 0, 0]",# using different paddings for different sides,using different padding different side,# using different paddings for different sides | ConstantPad3d,using different padding different side | constantpad,46,7,0
970,"[0, 0, 0, 1, 0]","and output math n, c out , d out , h out , w out can be precisely described as",output math n c h w precisely described,"and output math n, c out , d out , h out , w out can be precisely described as | Conv3d",output math n c h w precisely described | conv,78,20,0
971,"[0, 0, 0, 1, 0]","out n i, c out j bias c out j",n c j bias c j,"out n i, c out j bias c out j | Conv3d",n c j bias c j | conv,29,10,0
972,"[0, 1, 0, 0, 0]",attr stride controls the stride for the cross correlation.,attr stride control stride cross correlation,attr stride controls the stride for the cross correlation. | Conv3d,attr stride control stride cross correlation | conv,58,9,0
973,"[0, 1, 0, 0, 0]",sides for attr padding number of points for each dimension.,side attr padding number point dimension,sides for attr padding number of points for each dimension. | Conv3d,side attr padding number point dimension | conv,59,10,1
974,"[0, 1, 0, 0, 0]","it is harder to describe, but this link has a nice visualization of what attr dilation does.",harder describe link nice visualization attr dilation,"it is harder to describe, but this link has a nice visualization of what attr dilation does. | Conv3d",harder describe link nice visualization attr dilation | conv,92,17,0
975,"[0, 1, 0, 0, 0]",attr in channels and attr out channels must both be divisible by,attr channel attr channel must divisible,attr in channels and attr out channels must both be divisible by | Conv3d,attr channel attr channel must divisible | conv,64,12,0
976,"[0, 0, 0, 0, 1]","at groups 2, the operation becomes equivalent to having two conv",group operation becomes equivalent two conv,"at groups 2, the operation becomes equivalent to having two conv | Conv3d",group operation becomes equivalent two conv | conv,64,11,0
977,"[0, 0, 0, 0, 1]","layers side by side, each seeing half the input channels,",layer side side seeing half input channel,"layers side by side, each seeing half the input channels, | Conv3d",layer side side seeing half input channel | conv,57,10,1
978,"[0, 0, 0, 0, 1]","at groups attr in channels , each input channel is convolved with",group attr channel input channel convolved,"at groups attr in channels , each input channel is convolved with | Conv3d",group attr channel input channel convolved | conv,65,12,0
979,"[0, 0, 0, 0, 1]","its own set of filters, of size",set filter size,"its own set of filters, of size | Conv3d",set filter size | conv,31,7,1
980,"[0, 0, 0, 1, 1]",math left lfloor frac out channels in channels right rfloor .,math left lfloor frac channel channel right rfloor,math left lfloor frac out channels in channels right rfloor . | Conv3d,math left lfloor frac channel channel right rfloor | conv,61,11,0
981,"[0, 1, 0, 0, 1]","a tuple of three ints in which case, the first int is used for the depth dimension,",tuple three ints case first int used depth dimension,"a tuple of three ints in which case, the first int is used for the depth dimension, | Conv3d",tuple three ints case first int used depth dimension | conv,83,17,0
982,"[0, 1, 0, 0, 0]",kernel size int or tuple size of the convolving kernel,kernel size int tuple size convolving kernel,kernel size int or tuple size of the convolving kernel | Conv3d,kernel size int tuple size convolving kernel | conv,54,10,0
983,"[0, 1, 0, 0, 0]",default 0,default,default 0 | Conv3d,default | conv,9,2,0
984,"[0, 1, 0, 0, 0]",accepted values zeros and circular default zeros,accepted value zero circular default zero,accepted values zeros and circular default zeros | Conv3d,accepted value zero circular default zero | conv,48,7,0
985,"[0, 1, 0, 0, 0]","groups int, optional number of blocked connections from input channels to output channels.",group int optional number blocked connection input channel output channel,"groups int, optional number of blocked connections from input channels to output channels. | Conv3d",group int optional number blocked connection input channel output channel | conv,90,13,1
986,"[0, 0, 0, 1, 0]","input math n, c in , d in , h in , w in",input math n c h w,"input math n, c in , d in , h in , w in | Conv3d",input math n c h w | conv,39,14,0
987,"[0, 0, 0, 1, 0]","output math n, c out , d out , h out , w out where",output math n c h w,"output math n, c out , d out , h out , w out where | Conv3d",output math n c h w | conv,50,15,0
988,"[0, 0, 0, 1, 0]",weight tensor the learnable weights of the module of shape,weight tensor learnable weight module shape,weight tensor the learnable weights of the module of shape | Conv3d,weight tensor learnable weight module shape | conv,58,10,0
989,"[0, 0, 0, 1, 0]",the values of these weights are sampled from,value weight sampled,the values of these weights are sampled from | Conv3d,value weight sampled | conv,44,8,0
990,"[0, 0, 0, 1, 0]",math k frac 1 c text in prod i 0 ^ 2 text kernel size i,math k frac c text prod text kernel size,math k frac 1 c text in prod i 0 ^ 2 text kernel size i | Conv3d,math k frac c text prod text kernel size | conv,55,16,0
991,"[0, 0, 0, 1, 0]",bias tensor the learnable bias of the module of shape out channels .,bias tensor learnable bias module shape channel,bias tensor the learnable bias of the module of shape out channels . | Conv3d,bias tensor learnable bias module shape channel | conv,68,13,1
992,"[0, 0, 0, 1, 0]","sampled from math mathcal u sqrt k , sqrt k where",sampled math mathcal u sqrt k sqrt k,"sampled from math mathcal u sqrt k , sqrt k where | Conv3d",sampled math mathcal u sqrt k sqrt k | conv,49,11,0
993,"[1, 0, 0, 0, 0]",# with square kernels and equal stride,square kernel equal stride,# with square kernels and equal stride | Conv3d,square kernel equal stride | conv,38,7,0
994,"[1, 0, 0, 0, 0]","m nn^conv3d 16, 33, 3, stride 2",nn conv stride,"m nn^conv3d 16, 33, 3, stride 2 | Conv3d",nn conv stride | conv,31,7,0
995,"[1, 0, 0, 0, 0]",# non square kernels and unequal stride and with padding,non square kernel unequal stride padding,# non square kernels and unequal stride and with padding | Conv3d,non square kernel unequal stride padding | conv,56,10,0
996,"[1, 0, 0, 0, 0]","m nn^conv3d 16, 33, 3, 5, 2 , stride 2, 1, 1 , padding 4, 2, 0",nn conv stride padding,"m nn^conv3d 16, 33, 3, 5, 2 , stride 2, 1, 1 , padding 4, 2, 0 | Conv3d",nn conv stride padding | conv,62,17,0
997,"[1, 0, 0, 0, 0]","input torch^randn 20, 16, 10, 50, 100",input torch randn,"input torch^randn 20, 16, 10, 50, 100 | Conv3d",input torch randn | conv,37,7,0
998,"[0, 0, 0, 0, 1]",the policy cycles the learning,policy cycle learning,the policy cycles the learning | CyclicLR,policy cycle learning | cycliclr,30,5,0
999,"[0, 0, 0, 0, 1]",the paper cyclical learning rates for training neural networks .,paper cyclical learning rate training neural network,the paper cyclical learning rates for training neural networks . | CyclicLR,paper cyclical learning rate training neural network | cycliclr,64,10,0
1000,"[0, 0, 0, 0, 1]",or per cycle basis.,per cycle basis,or per cycle basis. | CyclicLR,per cycle basis | cycliclr,19,4,0
1001,"[0, 0, 0, 1, 0]",cyclical learning rate policy changes the learning rate after every batch.,cyclical learning rate policy change learning rate every batch,cyclical learning rate policy changes the learning rate after every batch. | CyclicLR,cyclical learning rate policy change learning rate every batch | cycliclr,74,11,0
1002,"[0, 1, 0, 1, 0]",triangular2 a basic triangular cycle that scales initial amplitude by half each cycle.,triangular basic triangular cycle scale initial amplitude half cycle,triangular2 a basic triangular cycle that scales initial amplitude by half each cycle. | CyclicLR,triangular basic triangular cycle scale initial amplitude half cycle | cycliclr,86,13,0
1003,"[0, 1, 0, 1, 0]",at each cycle iteration.,cycle iteration,at each cycle iteration. | CyclicLR,cycle iteration | cycliclr,24,4,0
1004,"[1, 0, 0, 0, 0]","optimizer torch^optim.sgd model^parameters , lr 01, momentum 09",optimizer torch optim sgd model parameter lr momentum,"optimizer torch^optim.sgd model^parameters , lr 01, momentum 09 | CyclicLR",optimizer torch optim sgd model parameter lr momentum | cycliclr,63,8,0
1005,"[1, 0, 0, 0, 0]","scheduler torch^optim.lr scheduler^cycliclr optimizer, base lr 001, max lr 01",scheduler torch optim lr scheduler cycliclr optimizer base lr max lr,"scheduler torch^optim.lr scheduler^cycliclr optimizer, base lr 001, max lr 01 | CyclicLR",scheduler torch optim lr scheduler cycliclr optimizer base lr max lr | cycliclr,77,10,0
1006,"[1, 0, 0, 0, 0]",data loader torch^utils.data^dataloader .,data loader torch utils data dataloader,data loader torch^utils.data^dataloader . | CyclicLR,data loader torch utils data dataloader | cycliclr,41,4,0
1007,"[1, 0, 0, 0, 0]",for epoch in range 10,epoch range,for epoch in range 10 | CyclicLR,epoch range | cycliclr,21,5,0
1008,"[1, 0, 0, 0, 0]",for batch in data loader,batch data loader,for batch in data loader | CyclicLR,batch data loader | cycliclr,24,5,0
1009,"[1, 0, 0, 0, 0]",train batch .,train batch,train batch . | CyclicLR,train batch | cycliclr,13,3,0
1010,"[0, 0, 0, 1, 1]",this will be swapped as nnq^dequantize in convert .,swapped nnq dequantize convert,this will be swapped as nnq^dequantize in convert . | DeQuantStub,swapped nnq dequantize convert | dequantstub,51,9,1
1011,"[0, 0, 0, 0, 1]",a class with torch function and a specific diagonal representation,class torch function specific diagonal representation,a class with torch function and a specific diagonal representation | DiagonalTensor,class torch function specific diagonal representation | diagonaltensor,66,10,0
1012,"[1, 0, 0, 1, 0]",this class has limited utility and is mostly useful for verifying that the,class limited utility mostly useful verifying,this class has limited utility and is mostly useful for verifying that the | DiagonalTensor,class limited utility mostly useful verifying | diagonaltensor,74,13,1
1013,"[1, 0, 0, 0, 0]",dispatch mechanism works as expected.,dispatch mechanism work expected,dispatch mechanism works as expected. | DiagonalTensor,dispatch mechanism work expected | diagonaltensor,37,5,0
1014,"[1, 0, 0, 1, 0]",it is based on the diagonalarray,based diagonalarray,it is based on the diagonalarray | DiagonalTensor,based diagonalarray | diagonaltensor,32,6,0
1015,"[1, 0, 0, 1, 0]",example in the numpy documentation.,example numpy documentation,example in the numpy documentation. | DiagonalTensor,example numpy documentation | diagonaltensor,35,5,0
1016,"[0, 0, 0, 1, 0]",diagonaltensor represents a 2d tensor with n rows and columns that has,diagonaltensor represents tensor n row column,diagonaltensor represents a 2d tensor with n rows and columns that has | DiagonalTensor,diagonaltensor represents tensor n row column | diagonaltensor,70,12,0
1017,"[0, 0, 0, 1, 0]",main functionality of diagonaltensor is to provide a more compact,main functionality diagonaltensor provide compact,main functionality of diagonaltensor is to provide a more compact | DiagonalTensor,main functionality diagonaltensor provide compact | diagonaltensor,65,10,0
1018,"[0, 0, 0, 0, 1]",intermediate embeddings.,intermediate embeddings,intermediate embeddings. | EmbeddingBag,intermediate embeddings | embeddingbag,24,2,0
1019,"[0, 0, 1, 0, 0]","for bags of constant length and no attr per sample weights , this class",bag constant length attr per sample weight class,"for bags of constant length and no attr per sample weights , this class | EmbeddingBag",bag constant length attr per sample weight class | embeddingbag,71,14,0
1020,"[0, 0, 1, 0, 0]","with mode sum is equivalent to class torch^nn.embedding followed by torch^sum dim 0 ,",mode sum equivalent class torch nn embedding followed torch sum dim,"with mode sum is equivalent to class torch^nn.embedding followed by torch^sum dim 0 , | EmbeddingBag",mode sum equivalent class torch nn embedding followed torch sum dim | embeddingbag,85,14,0
1021,"[0, 0, 1, 0, 0]","with mode mean is equivalent to class torch^nn.embedding followed by torch^mean dim 0 ,",mode mean equivalent class torch nn embedding followed torch mean dim,"with mode mean is equivalent to class torch^nn.embedding followed by torch^mean dim 0 , | EmbeddingBag",mode mean equivalent class torch nn embedding followed torch mean dim | embeddingbag,87,14,0
1022,"[0, 0, 1, 0, 0]","however, class torch^nn.embeddingbag is much more time and memory efficient than using a chain of these",however class torch nn embeddingbag much time memory efficient using chain,"however, class torch^nn.embeddingbag is much more time and memory efficient than using a chain of these | EmbeddingBag",however class torch nn embeddingbag much time memory efficient using chain | embeddingbag,103,16,0
1023,"[0, 0, 1, 0, 0]",embeddingbag also supports per sample weights as an argument to the forward,embeddingbag also support per sample weight argument forward,embeddingbag also supports per sample weights as an argument to the forward | EmbeddingBag,embeddingbag also support per sample weight argument forward | embeddingbag,75,12,0
1024,"[0, 0, 1, 0, 0]",reduction as specified by mode .,reduction specified mode,reduction as specified by mode . | EmbeddingBag,reduction specified mode | embeddingbag,32,6,0
1025,"[0, 0, 1, 0, 0]","if attr per sample weights is passed, the",attr per sample weight passed,"if attr per sample weights is passed, the | EmbeddingBag",attr per sample weight passed | embeddingbag,41,8,0
1026,"[0, 0, 1, 0, 0]","only supported mode is sum , which computes a weighted sum according to",supported mode sum computes weighted sum according,"only supported mode is sum , which computes a weighted sum according to | EmbeddingBag",supported mode sum computes weighted sum according | embeddingbag,71,13,0
1027,"[0, 1, 0, 0, 0]",is renormalized to have norm attr max norm .,renormalized norm attr max norm,is renormalized to have norm attr max norm . | EmbeddingBag,renormalized norm attr max norm | embeddingbag,44,9,1
1028,"[0, 1, 0, 0, 0]","norm type float, optional the p of the p norm to compute for the attr max norm option.",norm type float optional p p norm compute attr max norm option,"norm type float, optional the p of the p norm to compute for the attr max norm option. | EmbeddingBag",norm type float optional p p norm compute attr max norm option | embeddingbag,86,18,0
1029,"[0, 1, 0, 0, 0]",default 2 .,default,default 2 . | EmbeddingBag,default | embeddingbag,11,3,0
1030,"[0, 1, 0, 0, 0]","scale grad by freq boolean, optional if given, this will scale gradients by the inverse of frequency of",scale grad freq boolean optional given scale gradient inverse frequency,"scale grad by freq boolean, optional if given, this will scale gradients by the inverse of frequency of | EmbeddingBag",scale grad freq boolean optional given scale gradient inverse frequency | embeddingbag,103,18,0
1031,"[0, 1, 0, 0, 0]","mode string, optional sum , mean or max .",mode string optional sum mean max,"mode string, optional sum , mean or max . | EmbeddingBag",mode string optional sum mean max | embeddingbag,41,9,0
1032,"[0, 1, 0, 0, 0]","sum computes the weighted sum, taking attr per sample weights",sum computes weighted sum taking attr per sample weight,"sum computes the weighted sum, taking attr per sample weights | EmbeddingBag",sum computes weighted sum taking attr per sample weight | embeddingbag,61,10,0
1033,"[0, 1, 0, 0, 0]",into consideration.,consideration,into consideration. | EmbeddingBag,consideration | embeddingbag,19,2,0
1034,"[0, 1, 0, 0, 0]",mean computes the average of the values,mean computes average value,mean computes the average of the values | EmbeddingBag,mean computes average value | embeddingbag,39,7,0
1035,"[0, 1, 0, 0, 0]","sparse bool, optional if true , gradient w^r.t. attr weight matrix will be a sparse tensor.",sparse bool optional true gradient w r attr weight matrix sparse tensor,"sparse bool, optional if true , gradient w^r.t. attr weight matrix will be a sparse tensor. | EmbeddingBag",sparse bool optional true gradient w r attr weight matrix sparse tensor | embeddingbag,91,16,0
1036,"[0, 1, 0, 0, 0]",notes for more details regarding sparse gradients.,note detail regarding sparse gradient,notes for more details regarding sparse gradients. | EmbeddingBag,note detail regarding sparse gradient | embeddingbag,50,7,1
1037,"[0, 1, 0, 0, 0]",supported when mode max .,supported mode max,supported when mode max . | EmbeddingBag,supported mode max | embeddingbag,25,5,0
1038,"[0, 0, 0, 1, 0]","weight tensor the learnable weights of the module of shape num embeddings, embedding dim",weight tensor learnable weight module shape num embeddings embedding dim,"weight tensor the learnable weights of the module of shape num embeddings, embedding dim | EmbeddingBag",weight tensor learnable weight module shape num embeddings embedding dim | embeddingbag,88,14,0
1039,"[0, 0, 0, 1, 0]","initialized from math mathcal n 0, 1 .",initialized math mathcal n,"initialized from math mathcal n 0, 1 . | EmbeddingBag",initialized math mathcal n | embeddingbag,38,8,0
1040,"[0, 0, 0, 1, 0]","attr per index weights tensor, optional",attr per index weight tensor optional,"attr per index weights tensor, optional | EmbeddingBag",attr per index weight tensor optional | embeddingbag,39,6,0
1041,"[0, 0, 0, 1, 0]","if attr input is 2d of shape b, n ,",attr input shape b n,"if attr input is 2d of shape b, n , | EmbeddingBag",attr input shape b n | embeddingbag,35,10,0
1042,"[0, 0, 0, 1, 0]","it will be treated as b bags sequences each of fixed length n , and",treated b bag sequence fixed length n,"it will be treated as b bags sequences each of fixed length n , and | EmbeddingBag",treated b bag sequence fixed length n | embeddingbag,67,15,0
1043,"[0, 0, 0, 1, 0]",this will return b values aggregated in a way depending on the attr mode .,return b value aggregated way depending attr mode,this will return b values aggregated in a way depending on the attr mode . | EmbeddingBag,return b value aggregated way depending attr mode | embeddingbag,74,15,1
1044,"[0, 0, 0, 1, 0]",attr offsets is ignored and required to be none in this case.,attr offset ignored required none case,attr offsets is ignored and required to be none in this case. | EmbeddingBag,attr offset ignored required none case | embeddingbag,61,12,0
1045,"[0, 0, 0, 1, 0]",it will be treated as a concatenation of multiple bags sequences .,treated concatenation multiple bag sequence,it will be treated as a concatenation of multiple bags sequences . | EmbeddingBag,treated concatenation multiple bag sequence | embeddingbag,66,12,0
1046,"[0, 0, 0, 1, 0]",starting index positions of each bag in attr input .,starting index position bag attr input,starting index positions of each bag in attr input . | EmbeddingBag,starting index position bag attr input | embeddingbag,52,10,0
1047,"[0, 0, 0, 1, 0]","empty bags ie, having 0 length will have",empty bag ie length,"empty bags ie, having 0 length will have | EmbeddingBag",empty bag ie length | embeddingbag,40,8,0
1048,"[0, 0, 0, 1, 0]",returned vectors filled by zeros.,returned vector filled zero,returned vectors filled by zeros. | EmbeddingBag,returned vector filled zero | embeddingbag,33,5,0
1049,"[0, 0, 0, 1, 0]","per sample weights tensor, optional a tensor of float double weights, or none",per sample weight tensor optional tensor float double weight none,"per sample weights tensor, optional a tensor of float double weights, or none | EmbeddingBag",per sample weight tensor optional tensor float double weight none | embeddingbag,77,13,0
1050,"[0, 0, 0, 1, 0]",to indicate all weights should be taken to be 1 .,indicate weight taken,to indicate all weights should be taken to be 1 . | EmbeddingBag,indicate weight taken | embeddingbag,49,11,0
1051,"[0, 0, 0, 1, 0]",only supported for mode sum .,supported mode sum,only supported for mode sum . | EmbeddingBag,supported mode sum | embeddingbag,29,6,0
1052,"[1, 0, 0, 0, 0]","embedding sum nn^embeddingbag 10, 3, mode sum",embedding sum nn embeddingbag mode sum,"embedding sum nn^embeddingbag 10, 3, mode sum | EmbeddingBag",embedding sum nn embeddingbag mode sum | embeddingbag,45,7,0
1053,"[1, 0, 0, 0, 0]",# a batch of 2 samples of 4 indices each,batch sample index,# a batch of 2 samples of 4 indices each | EmbeddingBag,batch sample index | embeddingbag,40,10,0
1054,"[1, 0, 0, 0, 0]","embedding sum input, offsets",embedding sum input offset,"embedding sum input, offsets | EmbeddingBag",embedding sum input offset | embeddingbag,28,4,0
1055,"[0, 0, 0, 0, 1]",raises an error if a key is seen more than once.,raise error key seen,raises an error if a key is seen more than once. | EnforceUnique,raise error key seen | enforceunique,48,11,1
1056,"[0, 0, 0, 0, 1]",each error is a section in the output of cuda memcheck.,error section output cuda memcheck,each error is a section in the output of cuda memcheck. | Error,error section output cuda memcheck | error,55,11,0
1057,"[0, 0, 0, 1, 0]",each error in the report has an error message and a backtrace.,error report error message backtrace,each error in the report has an error message and a backtrace. | Error,error report error message backtrace | error,62,12,0
1058,"[0, 0, 1, 0, 0]",current version is not doing any real sanity checks to the parameter.,current version real sanity check parameter,current version is not doing any real sanity checks to the parameter. | ExternalInitializer,current version real sanity check parameter | externalinitializer,69,12,0
1059,"[0, 0, 0, 0, 1]",creates a fisher snedecor distribution parameterized by attr df1 and attr df2 .,creates fisher snedecor distribution parameterized attr df attr df,creates a fisher snedecor distribution parameterized by attr df1 and attr df2 . | FisherSnedecor,creates fisher snedecor distribution parameterized attr df attr df | fishersnedecor,79,13,1
1060,"[1, 0, 0, 0, 0]","m fishersnedecor torch^tensor 10 , torch^tensor 20",fishersnedecor torch tensor torch tensor,"m fishersnedecor torch^tensor 10 , torch^tensor 20 | FisherSnedecor",fishersnedecor torch tensor torch tensor | fishersnedecor,50,7,0
1061,"[1, 0, 0, 0, 0]",tensor 02453,tensor,tensor 02453 | FisherSnedecor,tensor | fishersnedecor,12,2,0
1062,"[0, 1, 0, 0, 0]",df1 float or tensor degrees of freedom parameter 1,df float tensor degree freedom parameter,df1 float or tensor degrees of freedom parameter 1 | FisherSnedecor,df float tensor degree freedom parameter | fishersnedecor,50,9,0
1063,"[0, 0, 0, 0, 1]",collect last n samples from input record.,collect last n sample input record,collect last n samples from input record. | LastNWindowCollector,collect last n sample input record | lastnwindowcollector,41,7,0
1064,"[0, 0, 1, 0, 0]",param bytes history size 1 bytes .,param byte history size byte,param bytes history size 1 bytes . | LBFGS,param byte history size byte | lbfgs,34,7,0
1065,"[0, 0, 1, 0, 0]",if it doesn t fit in memory,fit memory,if it doesn t fit in memory | LBFGS,fit memory | lbfgs,27,7,0
1066,"[0, 1, 0, 0, 0]",default 1e 5 .,default e,default 1e 5 . | LBFGS,default e | lbfgs,14,4,0
1067,"[0, 1, 0, 0, 0]",value parameter changes default 1e 9 .,value parameter change default e,value parameter changes default 1e 9 . | LBFGS,value parameter change default e | lbfgs,38,7,0
1068,"[0, 1, 0, 0, 0]",line search fn str either strong wolfe or none default none .,line search fn str either strong wolfe none default none,line search fn str either strong wolfe or none default none . | LBFGS,line search fn str either strong wolfe none default none | lbfgs,61,12,0
1069,"[0, 0, 0, 1, 0]",a tree structure.,tree structure,a tree structure. | Module,tree structure | module,17,3,0
1070,"[1, 0, 0, 0, 0]",import torch^nn.functional as f,import torch nn functional f,import torch^nn.functional as f | Module,import torch nn functional f | module,31,4,0
1071,"[1, 0, 0, 0, 0]","super model, self .",super model self,"super model, self . | Module",super model self | module,19,4,0
1072,"[1, 0, 0, 0, 0]","self^conv1 nn^conv2d 1, 20, 5",self conv nn conv,"self^conv1 nn^conv2d 1, 20, 5 | Module",self conv nn conv | module,29,5,0
1073,"[1, 0, 0, 0, 0]","self^conv2 nn^conv2d 20, 20, 5",self conv nn conv,"self^conv2 nn^conv2d 20, 20, 5 | Module",self conv nn conv | module,30,5,0
1074,"[1, 0, 0, 0, 0]","def forward self, x",def forward self x,"def forward self, x | Module",def forward self x | module,19,4,0
1075,"[1, 0, 0, 0, 0]",return f^relu self^conv2 x,return f relu self conv x,return f^relu self^conv2 x | Module,return f relu self conv x | module,26,4,0
1076,"[0, 0, 0, 1, 0]","submodules assigned in this way will be registered, and will have their",submodules assigned way registered,"submodules assigned in this way will be registered, and will have their | Module",submodules assigned way registered | module,71,12,1
1077,"[0, 0, 0, 1, 0]","parameters converted too when you call meth to , etc",parameter converted call meth etc,"parameters converted too when you call meth to , etc | Module",parameter converted call meth etc | module,52,10,1
1078,"[0, 0, 0, 0, 1]",creates a criterion that optimizes a multi class multi classification,creates criterion optimizes multi class multi classification,creates a criterion that optimizes a multi class multi classification | MultiLabelMarginLoss,creates criterion optimizes multi class multi classification | multilabelmarginloss,69,10,1
1079,"[0, 0, 0, 1, 1]",hinge loss margin based loss between input math x a 2d mini batch tensor,hinge loss margin based loss input math x mini batch tensor,hinge loss margin based loss between input math x a 2d mini batch tensor | MultiLabelMarginLoss,hinge loss margin based loss input math x mini batch tensor | multilabelmarginloss,72,14,0
1080,"[0, 0, 0, 1, 1]",and output math y which is a 2d tensor of target class indices .,output math tensor target class index,and output math y which is a 2d tensor of target class indices . | MultiLabelMarginLoss,output math tensor target class index | multilabelmarginloss,64,14,0
1081,"[0, 0, 0, 1, 0]",for each sample in the mini batch,sample mini batch,for each sample in the mini batch | MultiLabelMarginLoss,sample mini batch | multilabelmarginloss,33,7,0
1082,"[1, 0, 0, 1, 0]","text loss x, y sum ij frac max 0, 1 x y j x i text x^size 0",text loss x sum ij frac max x j x text x size,"text loss x, y sum ij frac max 0, 1 x y j x i text x^size 0 | MultiLabelMarginLoss",text loss x sum ij frac max x j x text x size | multilabelmarginloss,59,18,0
1083,"[0, 0, 0, 1, 0]",the criterion only considers a contiguous block of non negative targets that,criterion considers contiguous block non negative target,the criterion only considers a contiguous block of non negative targets that | MultiLabelMarginLoss,criterion considers contiguous block non negative target | multilabelmarginloss,76,12,0
1084,"[0, 0, 0, 1, 0]",starts at the front.,start front,starts at the front. | MultiLabelMarginLoss,start front | multilabelmarginloss,20,4,1
1085,"[0, 0, 0, 1, 0]",this allows for different samples to have variable amounts of target classes.,allows different sample variable amount target class,this allows for different samples to have variable amounts of target classes. | MultiLabelMarginLoss,allows different sample variable amount target class | multilabelmarginloss,77,12,1
1086,"[0, 1, 0, 0, 0]",when reduce is false .,reduce false,when reduce is false . | MultiLabelMarginLoss,reduce false | multilabelmarginloss,22,5,0
1087,"[0, 1, 0, 0, 0]","none no reduction will be applied,",none reduction applied,"none no reduction will be applied, | MultiLabelMarginLoss",none reduction applied | multilabelmarginloss,34,6,0
1088,"[0, 1, 0, 0, 0]",note attr size average,note attr size average,note attr size average | MultiLabelMarginLoss,note attr size average | multilabelmarginloss,22,4,0
1089,"[0, 0, 0, 1, 0]","target math c or math n, c , label targets padded by 1 ensuring same shape as the input.",target math c math n c label target padded ensuring shape input,"target math c or math n, c , label targets padded by 1 ensuring same shape as the input. | MultiLabelMarginLoss",target math c math n c label target padded ensuring shape input | multilabelmarginloss,88,19,0
1090,"[1, 0, 0, 0, 0]","y torch^longtensor 3, 0, 1, 1",torch longtensor,"y torch^longtensor 3, 0, 1, 1 | MultiLabelMarginLoss",torch longtensor | multilabelmarginloss,29,6,0
1091,"[1, 0, 0, 0, 0]","loss x, y",loss x,"loss x, y | MultiLabelMarginLoss",loss x | multilabelmarginloss,9,3,1
1092,"[1, 0, 0, 0, 0]",tensor 08500,tensor,tensor 08500 | MultiLabelMarginLoss,tensor | multilabelmarginloss,12,2,0
1093,"[0, 0, 0, 1, 0]",inherited classes should implement the modify net method where,inherited class implement modify net method,inherited classes should implement the modify net method where | NetModifier,inherited class implement modify net method | netmodifier,62,9,0
1094,"[1, 0, 0, 0, 0]",example usage,example usage,example usage | NetModifier,example usage | netmodifier,13,2,0
1095,"[1, 0, 0, 0, 0]",modifier somenetmodifier opts,modifier somenetmodifier opts,modifier somenetmodifier opts | NetModifier,modifier somenetmodifier opts | netmodifier,29,3,0
1096,"[1, 0, 0, 0, 0]",modifier net,modifier net,modifier net | NetModifier,modifier net | netmodifier,12,2,0
1097,"[0, 0, 0, 0, 1]",attr logits .,attr logits,attr logits . | OneHotCategorical,attr logits | onehotcategorical,13,3,0
1098,"[0, 0, 0, 1, 0]",samples are one hot coded vectors of size probs^size 1 .,sample one hot coded vector size probs size,samples are one hot coded vectors of size probs^size 1 . | OneHotCategorical,sample one hot coded vector size probs size | onehotcategorical,56,11,1
1099,"[0, 0, 0, 0, 1]",attr probs and attr logits .,attr probs attr logits,attr probs and attr logits . | OneHotCategorical,attr probs attr logits | onehotcategorical,28,6,0
1100,"[1, 0, 0, 0, 0]","m onehotcategorical torch^tensor 025, 025, 025, 025",onehotcategorical torch tensor,"m onehotcategorical torch^tensor 025, 025, 025, 025 | OneHotCategorical",onehotcategorical torch tensor | onehotcategorical,51,7,0
1101,"[1, 0, 0, 0, 0]","m^sample # equal probability of 0, 1, 2, 3",sample equal probability,"m^sample # equal probability of 0, 1, 2, 3 | OneHotCategorical",sample equal probability | onehotcategorical,42,9,0
1102,"[0, 1, 0, 0, 0]",probs tensor event probabilities,probs tensor event probability,probs tensor event probabilities | OneHotCategorical,probs tensor event probability | onehotcategorical,32,4,1
1103,"[1, 0, 0, 1, 0]","samples are nonnegative integers, with a pmf given by",sample nonnegative integer pmf given,"samples are nonnegative integers, with a pmf given by | Poisson",sample nonnegative integer pmf given | poisson,53,9,1
1104,"[1, 0, 0, 0, 0]",m^sample,sample,m^sample | Poisson,sample | poisson,8,1,0
1105,"[1, 0, 0, 0, 0]",tensor 3.,tensor,tensor 3. | Poisson,tensor | poisson,9,2,0
1106,"[0, 1, 0, 0, 0]","rate number, tensor the rate parameter",rate number tensor rate parameter,"rate number, tensor the rate parameter | Poisson",rate number tensor rate parameter | poisson,38,6,0
1107,"[0, 0, 0, 0, 1]","a wrapper class that wraps the input module, adds quantstub and",wrapper class wrap input module add quantstub,"a wrapper class that wraps the input module, adds quantstub and | QuantWrapper",wrapper class wrap input module add quantstub | quantwrapper,63,11,0
1108,"[0, 0, 0, 0, 1]",dequantstub and surround the call to module with call to quant and dequant,dequantstub surround call module call quant dequant,dequantstub and surround the call to module with call to quant and dequant | QuantWrapper,dequantstub surround call module call quant dequant | quantwrapper,74,13,0
1109,"[0, 0, 0, 1, 0]",this is used by the quantization utility functions to add the quant and,used quantization utility function add quant,this is used by the quantization utility functions to add the quant and | QuantWrapper,used quantization utility function add quant | quantwrapper,71,13,1
1110,"[0, 0, 0, 1, 0]","it observes the input tensor, after convert , quantstub",observes input tensor convert quantstub,"it observes the input tensor, after convert , quantstub | QuantWrapper",observes input tensor convert quantstub | quantwrapper,55,9,0
1111,"[0, 0, 0, 1, 0]",will be swapped to nnq^quantize which does actual quantization.,swapped nnq quantize actual quantization,will be swapped to nnq^quantize which does actual quantization. | QuantWrapper,swapped nnq quantize actual quantization | quantwrapper,63,9,0
1112,"[0, 0, 0, 1, 0]",for dequantstub .,dequantstub,for dequantstub . | QuantWrapper,dequantstub | quantwrapper,17,3,0
1113,"[0, 0, 0, 0, 1]",implements stochastic gradient descent optionally with momentum .,implement stochastic gradient descent optionally momentum,implements stochastic gradient descent optionally with momentum . | SGD,implement stochastic gradient descent optionally momentum | sgd,65,8,1
1114,"[0, 0, 1, 1, 0]",nesterov momentum is based on the formula from,nesterov momentum based formula,nesterov momentum is based on the formula from | SGD,nesterov momentum based formula | sgd,46,8,0
1115,"[0, 0, 1, 1, 0]",on the importance of initialization and momentum in deep learning .,importance initialization momentum deep learning,on the importance of initialization and momentum in deep learning . | SGD,importance initialization momentum deep learning | sgd,67,11,0
1116,"[0, 1, 0, 0, 0]",lr float learning rate,lr float learning rate,lr float learning rate | SGD,lr float learning rate | sgd,22,4,0
1117,"[0, 1, 0, 0, 0]","momentum float, optional momentum factor default 0",momentum float optional momentum factor default,"momentum float, optional momentum factor default 0 | SGD",momentum float optional momentum factor default | sgd,50,7,0
1118,"[0, 1, 0, 0, 0]","dampening float, optional dampening for momentum default 0",dampening float optional dampening momentum default,"dampening float, optional dampening for momentum default 0 | SGD",dampening float optional dampening momentum default | sgd,58,8,0
1119,"[1, 0, 0, 0, 0]",optimizer^zero grad,optimizer zero grad,optimizer^zero grad | SGD,optimizer zero grad | sgd,19,2,0
1120,"[0, 0, 0, 0, 1]",dictionary from multiprocessing handles to storageweakref,dictionary multiprocessing handle storageweakref,dictionary from multiprocessing handles to storageweakref | SharedCache,dictionary multiprocessing handle storageweakref | sharedcache,57,6,0
1121,"[0, 0, 0, 0, 1]",transform functor that applies a sequence of transforms tseq,transform functor applies sequence transforms tseq,transform functor that applies a sequence of transforms tseq | StackTransform,transform functor applies sequence transforms tseq | stacktransform,60,9,0
1122,"[0, 0, 0, 0, 1]",in a way compatible with func torch^stack .,way compatible func torch stack,in a way compatible with func torch^stack . | StackTransform,way compatible func torch stack | stacktransform,43,8,0
1123,"[1, 0, 0, 0, 0]","t stacktransform exptransform , identity transform , dim 1",stacktransform exptransform identity transform dim,"t stacktransform exptransform , identity transform , dim 1 | StackTransform",stacktransform exptransform identity transform dim | stacktransform,58,9,0
1124,"[0, 1, 0, 0, 0]",dataset dataset the whole dataset,dataset dataset whole dataset,dataset dataset the whole dataset | Subset,dataset dataset whole dataset | subset,33,5,0
1125,"[0, 1, 0, 0, 0]",indices sequence indices in the whole set selected for subset,index sequence index whole set selected subset,indices sequence indices in the whole set selected for subset | Subset,index sequence index whole set selected subset | subset,61,10,1
1126,"[0, 0, 0, 0, 1]",a task is composed of an execution step and zero or more outputs.,task composed execution step zero output,a task is composed of an execution step and zero or more outputs. | Task,task composed execution step zero output | task,65,13,0
1127,"[0, 0, 0, 1, 0]","tasks are executed in the context of a taskgroup, which, in turn, can",task executed context taskgroup turn,"tasks are executed in the context of a taskgroup, which, in turn, can | Task",task executed context taskgroup turn | task,69,13,1
1128,"[0, 0, 0, 1, 0]",be run by a session.,run session,be run by a session. | Task,run session | task,20,5,0
1129,"[1, 0, 0, 0, 0]","with node trainer , task name my task , num instances 2",node trainer task name task num instance,"with node trainer , task name my task , num instances 2 | Task",node trainer task name task num instance | task,55,12,0
1130,"[1, 0, 0, 0, 0]",with ops^task init,ops task init,with ops^task init | Task,ops task init | task,18,3,0
1131,"[1, 0, 0, 0, 0]",with ops^task instance init,ops task instance init,with ops^task instance init | Task,ops task instance init | task,27,4,0
1132,"[1, 0, 0, 0, 0]",with ops^loop 100,ops loop,with ops^loop 100 | Task,ops loop | task,17,3,0
1133,"[1, 0, 0, 0, 0]","ops^copy globl, local",ops copy globl local,"ops^copy globl, local | Task",ops copy globl local | task,21,3,0
1134,"[1, 0, 0, 0, 0]",with ops^task instance exit,ops task instance exit,with ops^task instance exit | Task,ops task instance exit | task,27,4,0
1135,"[1, 0, 0, 0, 0]","ops^add globl, local , globl",ops add globl local globl,"ops^add globl, local , globl | Task",ops add globl local globl | task,28,5,0
1136,"[1, 0, 0, 0, 0]",with ops^task exit,ops task exit,with ops^task exit | Task,ops task exit | task,18,3,0
1137,"[1, 0, 0, 0, 0]","ops^mul globl, globl , globl",ops mul globl globl globl,"ops^mul globl, globl , globl | Task",ops mul globl globl globl | task,28,5,0
1138,"[1, 0, 0, 0, 0]",the task above will create 2 instances that will run in parallel.,task create instance run parallel,the task above will create 2 instances that will run in parallel. | Task,task create instance run parallel | task,65,12,0
1139,"[1, 0, 0, 0, 0]",to globl once.,globl,to globl once. | Task,globl | task,14,3,0
1140,"[1, 0, 0, 0, 0]","the mul will only execute once, after all the instances",mul execute instance,"the mul will only execute once, after all the instances | Task",mul execute instance | task,55,10,0
1141,"[1, 0, 0, 0, 0]",of the task have finished.,task finished,of the task have finished. | Task,task finished | task,26,5,0
1142,"[0, 0, 0, 0, 1]",represents the output of a task.,represents output task,represents the output of a task. | TaskOutput,represents output task | taskoutput,32,6,1
1143,"[0, 0, 1, 0, 0]","ashish vaswani, noam shazeer, niki parmar, jakob uszkoreit, llion jones, aidan n gomez,",ashish vaswani noam shazeer niki parmar jakob uszkoreit llion jones aidan n gomez,"ashish vaswani, noam shazeer, niki parmar, jakob uszkoreit, llion jones, aidan n gomez, | TransformerEncoderLayer",ashish vaswani noam shazeer niki parmar jakob uszkoreit llion jones aidan n gomez | transformerencoderlayer,87,13,0
1144,"[0, 0, 1, 0, 0]","lukasz kaiser, and illia polosukhin.",lukasz kaiser illia polosukhin,"lukasz kaiser, and illia polosukhin. | TransformerEncoderLayer",lukasz kaiser illia polosukhin | transformerencoderlayer,36,5,0
1145,"[0, 0, 1, 0, 0]",users may modify or implement,user may modify implement,users may modify or implement | TransformerEncoderLayer,user may modify implement | transformerencoderlayer,29,5,1
1146,"[0, 0, 1, 0, 0]",in a different way during application.,different way application,in a different way during application. | TransformerEncoderLayer,different way application | transformerencoderlayer,38,6,0
1147,"[0, 1, 0, 0, 0]",nhead the number of heads in the multiheadattention models required .,nhead number head multiheadattention model required,nhead the number of heads in the multiheadattention models required . | TransformerEncoderLayer,nhead number head multiheadattention model required | transformerencoderlayer,69,11,0
1148,"[1, 0, 0, 0, 0]","encoder layer nn^transformerencoderlayer d model 512, nhead 8",encoder layer nn transformerencoderlayer model nhead,"encoder layer nn^transformerencoderlayer d model 512, nhead 8 | TransformerEncoderLayer",encoder layer nn transformerencoderlayer model nhead | transformerencoderlayer,61,8,0
1149,"[1, 0, 0, 0, 0]",out encoder layer src,encoder layer src,out encoder layer src | TransformerEncoderLayer,encoder layer src | transformerencoderlayer,21,4,0
1150,"[1, 0, 0, 1, 0]","where math n is the batch dimension, math c is the channel dimension,",math n batch dimension math c channel dimension,"where math n is the batch dimension, math c is the channel dimension, | Unfold",math n batch dimension math c channel dimension | unfold,69,13,0
1151,"[1, 1, 0, 0, 0]",and math represent arbitrary spatial dimensions.,math represent arbitrary spatial dimension,and math represent arbitrary spatial dimensions. | Unfold,math represent arbitrary spatial dimension | unfold,48,6,0
1152,"[0, 0, 0, 1, 0]","of attr input math above , and math d is over all spatial",attr input math math spatial,"of attr input math above , and math d is over all spatial | Unfold",attr input math math spatial | unfold,57,13,0
1153,"[1, 0, 0, 0, 0]","therefore, indexing attr output at the last dimension column dimension",therefore indexing attr output last dimension column dimension,"therefore, indexing attr output at the last dimension column dimension | Unfold",therefore indexing attr output last dimension column dimension | unfold,70,10,0
1154,"[1, 0, 0, 0, 0]",gives all values within a certain block.,give value within certain block,gives all values within a certain block. | Unfold,give value within certain block | unfold,40,7,1
1155,"[0, 1, 0, 0, 0]","the attr padding , attr stride and attr dilation arguments specify",attr padding attr stride attr dilation argument specify,"the attr padding , attr stride and attr dilation arguments specify | Unfold",attr padding attr stride attr dilation argument specify | unfold,66,11,0
1156,"[0, 1, 0, 0, 0]",how the sliding blocks are retrieved.,sliding block retrieved,how the sliding blocks are retrieved. | Unfold,sliding block retrieved | unfold,37,6,0
1157,"[0, 1, 0, 0, 0]",kernel size int or tuple the size of the sliding blocks,kernel size int tuple size sliding block,kernel size int or tuple the size of the sliding blocks | Unfold,kernel size int tuple size sliding block | unfold,55,11,0
1158,"[0, 1, 0, 0, 0]","padding int or tuple, optional implicit zero padding to be added on",padding int tuple optional implicit zero padding added,"padding int or tuple, optional implicit zero padding to be added on | Unfold",padding int tuple optional implicit zero padding added | unfold,67,12,0
1159,"[0, 1, 0, 0, 0]",stride of elements within the,stride element within,stride of elements within the | Unfold,stride element within | unfold,29,5,0
1160,"[1, 0, 0, 1, 0]",replicated across all spatial dimensions.,replicated across spatial dimension,replicated across all spatial dimensions. | Unfold,replicated across spatial dimension | unfold,41,5,0
1161,"[0, 1, 0, 0, 0]",called im2col .,called im col,called im2col . | Unfold,called im col | unfold,15,3,0
1162,"[0, 0, 1, 0, 0]",class torch^nn.fold calculates each combined value in the resulting,class torch nn fold calculates combined value resulting,class torch^nn.fold calculates each combined value in the resulting | Unfold,class torch nn fold calculates combined value resulting | unfold,67,9,1
1163,"[0, 0, 1, 0, 0]",large tensor by summing all values from all containing blocks.,large tensor summing value containing block,large tensor by summing all values from all containing blocks. | Unfold,large tensor summing value containing block | unfold,62,10,0
1164,"[0, 0, 1, 0, 0]","so, if the blocks overlap, they are not",block overlap,"so, if the blocks overlap, they are not | Unfold",block overlap | unfold,39,8,0
1165,"[0, 0, 1, 0, 0]","in general, folding and unfolding operations are related as",general folding unfolding operation related,"in general, folding and unfolding operations are related as | Unfold",general folding unfolding operation related | unfold,59,9,0
1166,"[0, 0, 1, 0, 0]",consider class torch^nn.fold and,consider class torch nn fold,consider class torch^nn.fold and | Unfold,consider class torch nn fold | unfold,32,4,0
1167,"[0, 0, 1, 0, 0]",fold nn^fold output size .,fold nn fold output size,fold nn^fold output size . | Unfold,fold nn fold output size | unfold,26,5,0
1168,"[0, 0, 1, 0, 0]",", fold params",fold params,", fold params | Unfold",fold params | unfold,13,3,0
1169,"[0, 0, 1, 0, 0]",then for any supported input tensor the following,supported input tensor following,then for any supported input tensor the following | Unfold,supported input tensor following | unfold,49,8,0
1170,"[0, 0, 1, 0, 0]",equality holds,equality hold,equality holds | Unfold,equality hold | unfold,14,2,0
1171,"[0, 0, 1, 0, 0]",fold unfold input divisor input,fold unfold input divisor input,fold unfold input divisor input | Unfold,fold unfold input divisor input | unfold,31,5,0
1172,"[0, 0, 1, 0, 0]",where divisor is a tensor that depends only on the shape,divisor tensor depends shape,where divisor is a tensor that depends only on the shape | Unfold,divisor tensor depends shape | unfold,56,11,0
1173,"[0, 0, 1, 0, 0]",and dtype of the input,dtype input,and dtype of the input | Unfold,dtype input | unfold,22,5,0
1174,"[0, 0, 1, 0, 0]","when the divisor tensor contains no zero elements, then",divisor tensor contains zero element,"when the divisor tensor contains no zero elements, then | Unfold",divisor tensor contains zero element | unfold,55,9,0
1175,"[0, 0, 1, 0, 0]",fold and unfold operations are inverses of each,fold unfold operation inverse,fold and unfold operations are inverses of each | Unfold,fold unfold operation inverse | unfold,47,8,0
1176,"[0, 0, 1, 0, 0]",other up to constant divisor .,constant divisor,other up to constant divisor . | Unfold,constant divisor | unfold,30,6,0
1177,"[1, 0, 0, 1, 0]","output math n, c times prod text kernel size , l as described above",output math n c time prod text kernel size l described,"output math n, c times prod text kernel size , l as described above | Unfold",output math n c time prod text kernel size l described | unfold,67,14,0
1178,"[1, 0, 0, 0, 0]","unfold nn^unfold kernel size 2, 3",unfold nn unfold kernel size,"unfold nn^unfold kernel size 2, 3 | Unfold",unfold nn unfold kernel size | unfold,33,6,0
1179,"[1, 0, 0, 0, 0]",output unfold input,output unfold input,output unfold input | Unfold,output unfold input | unfold,19,3,0
1180,"[1, 0, 0, 0, 0]",# 4 blocks 2x3 kernels in total in the 3x4 input,block x kernel total x input,# 4 blocks 2x3 kernels in total in the 3x4 input | Unfold,block x kernel total x input | unfold,48,11,0
1181,"[1, 0, 0, 0, 0]","torch^size 2, 30, 4",torch size,"torch^size 2, 30, 4 | Unfold",torch size | unfold,19,4,0
1182,"[1, 0, 0, 0, 0]","inp torch^randn 1, 3, 10, 12",inp torch randn,"inp torch^randn 1, 3, 10, 12 | Unfold",inp torch randn | unfold,28,6,0
1183,"[1, 0, 0, 0, 0]","out torch^nn.functional^fold out unf, 7, 8 , 1, 1",torch nn functional fold unf,"out torch^nn.functional^fold out unf, 7, 8 , 1, 1 | Unfold",torch nn functional fold unf | unfold,49,9,0
1184,"[0, 0, 0, 0, 1]",context class to allow setting the current context.,context class allow setting current context,context class to allow setting the current context. | UseOptimizer,context class allow setting current context | useoptimizer,51,8,0
1185,"[1, 0, 0, 0, 0]",example usage with brew,example usage brew,example usage with brew | UseOptimizer,example usage brew | useoptimizer,23,4,0
1186,"[1, 0, 0, 0, 0]",with useoptimizer optim,useoptimizer optim,with useoptimizer optim | UseOptimizer,useoptimizer optim | useoptimizer,23,3,0
1187,"[1, 0, 0, 0, 0]",brew^func,brew func,brew^func | UseOptimizer,brew func | useoptimizer,9,1,0
1188,"[1, 0, 0, 0, 0]",with useoptimizer weight weight optim,useoptimizer weight weight optim,with useoptimizer weight weight optim | UseOptimizer,useoptimizer weight weight optim | useoptimizer,37,5,0
1189,"[1, 0, 0, 0, 0]","with useoptimizer default optim, bias bias optim,",useoptimizer default optim bias bias optim,"with useoptimizer default optim, bias bias optim, | UseOptimizer",useoptimizer default optim bias bias optim | useoptimizer,49,7,0
1190,"[1, 0, 0, 0, 0]",weight weight optim,weight weight optim,weight weight optim | UseOptimizer,weight weight optim | useoptimizer,19,3,0
1191,"[0, 0, 0, 0, 1]",base class that all auth implementations derive from,base class auth implementation derive,base class that all auth implementations derive from | AuthBase,base class auth implementation derive | authbase,52,8,0
1192,"[0, 0, 0, 0, 1]","the fully mutable class preparedrequest preparedrequest object,",fully mutable class preparedrequest preparedrequest object,"the fully mutable class preparedrequest preparedrequest object, | PreparedRequest",fully mutable class preparedrequest preparedrequest object | preparedrequest,63,7,0
1193,"[0, 0, 0, 0, 1]",containing the exact bytes that will be sent to the server.,containing exact byte sent server,containing the exact bytes that will be sent to the server. | PreparedRequest,containing exact byte sent server | preparedrequest,59,11,0
1194,"[0, 0, 1, 0, 0]",generated from either a class request request object or manually.,generated either class request request object manually,generated from either a class request request object or manually. | PreparedRequest,generated either class request request object manually | preparedrequest,65,10,0
1195,"[0, 0, 1, 0, 0]",Like a macro without A mention but a call instead.,like macro without mention call instead,"when these issues have been addressed, this metaclass could be used to | AutoFieldMeta",issue addressed metaclass could used | autofieldmeta,50,10,0
1196,"[0, 0, 1, 0, 0]",Won t do any harm.,harm,"when these issues have been addressed, this metaclass could be used to | AutoFieldMeta",issue addressed metaclass could used | autofieldmeta,18,5,0
1197,"[0, 0, 1, 0, 0]",tumid tensor By summing all Values From All containing blocks.,tumid tensor summing value containing block,"when these issues have been addressed, this metaclass could be used to | AutoFieldMeta",issue addressed metaclass could used | autofieldmeta,62,10,0
1198,"[0, 0, 1, 0, 0]","answer if you don t Need to Change any of that behavior,",answer need change behavior,"when these issues have been addressed, this metaclass could be used to | AutoFieldMeta",issue addressed metaclass could used | autofieldmeta,56,12,0
1199,"[0, 0, 1, 0, 0]","to be Supplied in breaks format, then converted by the subclass method",supplied break format converted subclass method,"when these issues have been addressed, this metaclass could be used to | AutoFieldMeta",issue addressed metaclass could used | autofieldmeta,70,12,0
1200,"[0, 0, 1, 0, 0]",methamphetamine jinja2^parser.parser^free identifier method that creates,methamphetamine jinja parser parser free identifier method creates,"when these issues have been addressed, this metaclass could be used to | AutoFieldMeta",issue addressed metaclass could used | autofieldmeta,72,6,0
1201,"[0, 0, 1, 0, 0]",in A dissimilar way during application.,dissimilar way application,"when these issues have been addressed, this metaclass could be used to | AutoFieldMeta",issue addressed metaclass could used | autofieldmeta,39,6,0
1202,"[1, 0, 1, 0, 0]",related instances rendering leave be Called Programmatically in this case .,related instance rendering leave called programmatically case,related instances rendering will be called programmatically in this case . | Individual,related instance rendering called programmatically case | individual,75,11,0
1203,"[1, 0, 1, 0, 0]",# parsestring recall a parseresults object,parsestring recall parseresults object,related instances rendering will be called programmatically in this case . | Individual,related instance rendering called programmatically case | individual,42,6,0
1204,"[1, 0, 1, 0, 0]",result escort str^parsestring 1999 12 31,result escort str parsestring,related instances rendering will be called programmatically in this case . | Individual,related instance rendering called programmatically case | individual,40,6,0
1205,"[1, 0, 1, 0, 0]",Test Month In result,test month result,related instances rendering will be called programmatically in this case . | Individual,related instance rendering called programmatically case | individual,20,4,0
1206,"[1, 0, 1, 0, 0]",# parsestring pass a parseresults object,parsestring pas parseresults object,related instances rendering will be called programmatically in this case . | Individual,related instance rendering called programmatically case | individual,40,6,0
1207,"[1, 0, 1, 0, 0]",test List result,test list result,related instances rendering will be called programmatically in this case . | Individual,related instance rendering called programmatically case | individual,16,3,0
1208,"[1, 0, 1, 0, 0]","reaction from being adulterate in A frame in any site, Set x frame options in",reaction adulterate frame site set x frame option,related instances rendering will be called programmatically in this case . | Individual,related instance rendering called programmatically case | individual,77,15,0
1209,"[1, 0, 1, 0, 0]",usance the backend specialise by the,usance backend specialise,related instances rendering will be called programmatically in this case . | Individual,related instance rendering called programmatically case | individual,36,6,0
1210,"[1, 0, 1, 0, 0]",reply can only be sloshed On a frame within the Same site.,reply sloshed frame within site,related instances rendering will be called programmatically in this case . | Individual,related instance rendering called programmatically case | individual,58,12,0
1211,"[1, 0, 1, 0, 0]",Followedby coiffure not advance the Parsing position within,followedby coiffure advance parsing position within,related instances rendering will be called programmatically in this case . | Individual,related instance rendering called programmatically case | individual,59,8,0
1212,"[1, 0, 1, 0, 0]",test Month in result,test month result,related instances rendering will be called programmatically in this case . | Individual,related instance rendering called programmatically case | individual,20,4,0
1213,"[1, 0, 1, 0, 0]",This implements The html Interface that some frameworks,implement html interface framework,related instances rendering will be called programmatically in this case . | Individual,related instance rendering called programmatically case | individual,55,8,1
1214,"[1, 0, 1, 0, 0]","Instead, the",instead,related instances rendering will be called programmatically in this case . | Individual,related instance rendering called programmatically case | individual,12,2,0
1215,"[1, 0, 1, 0, 0]","response from being loaded in a frame in any Site, set x build Options in",response loaded frame site set x build option,related instances rendering will be called programmatically in this case . | Individual,related instance rendering called programmatically case | individual,73,15,0
1216,"[1, 0, 1, 0, 0]","response from being loaded In A shape In any Site, set x frame Options in",response loaded shape site set x frame option,related instances rendering will be called programmatically in this case . | Individual,related instance rendering called programmatically case | individual,73,15,0
1217,"[1, 0, 1, 0, 0]",Markup em hullo em &lt foo&gt,markup em hullo em lt foo gt,related instances rendering will be called programmatically in this case . | Individual,related instance rendering called programmatically case | individual,29,6,0
1218,"[1, 0, 1, 0, 0]",US the backend limit by The,u backend limit,related instances rendering will be called programmatically in this case . | Individual,related instance rendering called programmatically case | individual,27,6,1
1219,"[1, 0, 1, 0, 0]",date Str integer^setresultsname year,date str integer setresultsname year,related instances rendering will be called programmatically in this case . | Individual,related instance rendering called programmatically case | individual,36,4,0
1220,"[1, 0, 1, 0, 0]",# Parsestring returns a parseresults objective,parsestring return parseresults objective,related instances rendering will be called programmatically in this case . | Individual,related instance rendering called programmatically case | individual,46,6,0
1221,"[1, 0, 1, 0, 0]","response from Being loaded in a figure in any site, set x frame options in",response loaded figure site set x frame option,related instances rendering will be called programmatically in this case . | Individual,related instance rendering called programmatically case | individual,74,15,0
1222,"[1, 0, 1, 0, 0]",we represent an integerarray With 2 numpy arrays,represent integerarray numpy array,related instances rendering will be called programmatically in this case . | Individual,related instance rendering called programmatically case | individual,48,8,0
1223,"[1, 0, 1, 0, 0]",connect case rendering will be visit programmatically in This case .,connect case rendering visit programmatically case,related instances rendering will be called programmatically in this case . | Individual,related instance rendering called programmatically case | individual,68,11,0
1224,"[1, 0, 1, 0, 0]",we represent an integerarray with 2 numpy range,represent integerarray numpy range,related instances rendering will be called programmatically in this case . | Individual,related instance rendering called programmatically case | individual,47,8,0
1225,"[1, 0, 1, 0, 0]","by default, set the x ensnare options Header to sameorigin , meaning the",default set x ensnare option header sameorigin meaning,related instances rendering will be called programmatically in this case . | Individual,related instance rendering called programmatically case | individual,72,13,0
1226,"[1, 0, 1, 0, 0]",markup em foo &amp bar Em,markup em foo amp bar em,related instances rendering will be called programmatically in this case . | Individual,related instance rendering called programmatically case | individual,25,6,0
1227,"[1, 0, 1, 0, 0]",exam termination month,exam termination month,related instances rendering will be called programmatically in this case . | Individual,related instance rendering called programmatically case | individual,22,3,0
1228,"[1, 0, 1, 0, 0]",test month in solvent,test month solvent,related instances rendering will be called programmatically in this case . | Individual,related instance rendering called programmatically case | individual,21,4,0
1229,"[1, 0, 1, 0, 0]",# date str integer class integer month integer day,date str integer class integer month integer day,related instances rendering will be called programmatically in this case . | Individual,related instance rendering called programmatically case | individual,50,9,0
1230,"[1, 0, 1, 0, 0]",your project s django scope to refuse .,project django scope refuse,related instances rendering will be called programmatically in this case . | Individual,related instance rendering called programmatically case | individual,39,8,0
1231,"[1, 0, 1, 0, 0]",# equivalent strain,equivalent strain,related instances rendering will be called programmatically in this case . | Individual,related instance rendering called programmatically case | individual,19,3,0
1232,"[1, 0, 1, 0, 0]",your jut s django settings to deny .,jut django setting deny,related instances rendering will be called programmatically in this case . | Individual,related instance rendering called programmatically case | individual,36,8,0
1233,"[1, 0, 1, 0, 0]",exceed an object that enforce html will wrap The,exceed object enforce html wrap,related instances rendering will be called programmatically in this case . | Individual,related instance rendering called programmatically case | individual,48,9,0
1234,"[1, 0, 1, 0, 0]",Your project s django context To deny .,project django context deny,related instances rendering will be called programmatically in this case . | Individual,related instance rendering called programmatically case | individual,39,8,0
1235,"[1, 0, 1, 0, 0]",test Minutes in issue,test minute issue,related instances rendering will be called programmatically in this case . | Individual,related instance rendering called programmatically case | individual,21,4,0
1236,"[1, 0, 1, 0, 0]",your plan s Django settings to deny .,plan django setting deny,related instances rendering will be called programmatically in this case . | Individual,related instance rendering called programmatically case | individual,37,8,0
1237,"[1, 0, 1, 0, 0]",all methods outflow their arguments and return a markup instance.,method outflow argument return markup instance,related instances rendering will be called programmatically in this case . | Individual,related instance rendering called programmatically case | individual,65,10,0
1238,"[1, 0, 1, 0, 0]",we represent an integerarray with 2 Numpy raiment,represent integerarray numpy raiment,related instances rendering will be called programmatically in this case . | Individual,related instance rendering called programmatically case | individual,49,8,0
1239,"[1, 0, 1, 0, 0]",we represent an integerarray with 2 numpy Arrays,represent integerarray numpy array,related instances rendering will be called programmatically in this case . | Individual,related instance rendering called programmatically case | individual,48,8,0
1240,"[1, 0, 1, 0, 0]","def test S, fn repr",def test fn repr,related instances rendering will be called programmatically in this case . | Individual,related instance rendering called programmatically case | individual,19,5,0
1241,"[1, 0, 1, 0, 0]",we represent an integerarray with 2 Numpy arrays,represent integerarray numpy array,related instances rendering will be called programmatically in this case . | Individual,related instance rendering called programmatically case | individual,48,8,0
1242,"[1, 0, 1, 0, 0]",reception can only be loaded On a shape within the same site.,reception loaded shape within site,related instances rendering will be called programmatically in this case . | Individual,related instance rendering called programmatically case | individual,61,12,0
1243,"[1, 0, 1, 0, 0]",# parsestring returns A parseresults object,parsestring return parseresults object,related instances rendering will be called programmatically in this case . | Individual,related instance rendering called programmatically case | individual,43,6,0
1244,"[1, 0, 1, 0, 0]",we typify an integerarray with 2 numpy arrays,typify integerarray numpy array,related instances rendering will be called programmatically in this case . | Individual,related instance rendering called programmatically case | individual,45,8,0
1245,"[1, 0, 1, 0, 0]",# date str Integer year integer month integer day,date str integer year integer month integer day,related instances rendering will be called programmatically in this case . | Individual,related instance rendering called programmatically case | individual,49,9,0
1246,"[1, 0, 1, 0, 0]",test arcminute in result,test arcminute result,related instances rendering will be called programmatically in this case . | Individual,related instance rendering called programmatically case | individual,24,4,0
1247,"[1, 0, 1, 0, 0]",we constitute an integerarray With 2 numpy Arrays,constitute integerarray numpy array,related instances rendering will be called programmatically in this case . | Individual,related instance rendering called programmatically case | individual,49,8,0
1248,"[1, 0, 1, 0, 0]","response from being loaded in a frame in Any site, set x Frame options in",response loaded frame site set x frame option,related instances rendering will be called programmatically in this case . | Individual,related instance rendering called programmatically case | individual,73,15,0
1249,"[1, 0, 1, 0, 0]",# parsestring Returns a parseresults object,parsestring return parseresults object,related instances rendering will be called programmatically in this case . | Individual,related instance rendering called programmatically case | individual,43,6,0
1250,"[1, 0, 1, 0, 0]",# date Str integer year integer Month integer day,date str integer year integer month integer day,related instances rendering will be called programmatically in this case . | Individual,related instance rendering called programmatically case | individual,49,9,0
1251,"[1, 0, 1, 0, 0]","by default, set the x entrap selection coping To sameorigin , meaning the",default set x entrap selection coping sameorigin meaning,related instances rendering will be called programmatically in this case . | Individual,related instance rendering called programmatically case | individual,73,13,0
1252,"[1, 0, 1, 0, 0]",Markup em foo &amp bar em,markup em foo amp bar em,related instances rendering will be called programmatically in this case . | Individual,related instance rendering called programmatically case | individual,25,6,0
1253,"[1, 0, 1, 0, 0]",# date Str integer year integer month integer day,date str integer year integer month integer day,related instances rendering will be called programmatically in this case . | Individual,related instance rendering called programmatically case | individual,49,9,0
1254,"[1, 0, 1, 0, 0]",we constitute an integerarray with 2 numpy Arrays,constitute integerarray numpy array,related instances rendering will be called programmatically in this case . | Individual,related instance rendering called programmatically case | individual,49,8,0
1255,"[1, 0, 1, 0, 0]","test result^dump , Str",test result dump str,related instances rendering will be called programmatically in this case . | Individual,related instance rendering called programmatically case | individual,22,4,0
1256,"[1, 0, 1, 0, 0]",test instant in solvent,test instant solvent,related instances rendering will be called programmatically in this case . | Individual,related instance rendering called programmatically case | individual,23,4,0
1257,"[1, 0, 1, 0, 0]",markup em hello Em &lt foo&gt,markup em hello em lt foo gt,related instances rendering will be called programmatically in this case . | Individual,related instance rendering called programmatically case | individual,29,6,0
1258,"[1, 0, 1, 0, 0]",examination result 0,examination result,related instances rendering will be called programmatically in this case . | Individual,related instance rendering called programmatically case | individual,20,3,0
1259,"[1, 0, 1, 0, 0]",# Equivalent Form,equivalent form,related instances rendering will be called programmatically in this case . | Individual,related instance rendering called programmatically case | individual,17,3,0
1260,"[1, 0, 1, 0, 0]",Response can Only be loaded on a frame inside the same site.,response loaded frame inside site,related instances rendering will be called programmatically in this case . | Individual,related instance rendering called programmatically case | individual,60,12,0
1261,"[1, 0, 1, 0, 0]",this implements The html interface that Some frameworks,implement html interface framework,related instances rendering will be called programmatically in this case . | Individual,related instance rendering called programmatically case | individual,55,8,1
1262,"[1, 0, 1, 0, 0]",Test minutes in outcome,test minute outcome,related instances rendering will be called programmatically in this case . | Individual,related instance rendering called programmatically case | individual,23,4,0
1263,"[1, 0, 1, 0, 0]",we represent an Integerarray with 2 numpy arrays,represent integerarray numpy array,related instances rendering will be called programmatically in this case . | Individual,related instance rendering called programmatically case | individual,48,8,0
1264,"[1, 0, 1, 0, 0]",Integer^setresultsname month,integer setresultsname month,related instances rendering will be called programmatically in this case . | Individual,related instance rendering called programmatically case | individual,28,2,0
1265,"[1, 0, 1, 0, 0]",# tantamount form,tantamount form,related instances rendering will be called programmatically in this case . | Individual,related instance rendering called programmatically case | individual,17,3,0
1266,"[1, 0, 1, 0, 0]",uses The backend specified by the,us backend specified,related instances rendering will be called programmatically in this case . | Individual,related instance rendering called programmatically case | individual,33,6,1
1267,"[1, 0, 1, 0, 0]",operation bequeath already survive .,operation bequeath already survive,related instances rendering will be called programmatically in this case . | Individual,related instance rendering called programmatically case | individual,36,5,0
1268,"[1, 0, 1, 0, 0]",passing an object that Implements html will wrap the,passing object implement html wrap,related instances rendering will be called programmatically in this case . | Individual,related instance rendering called programmatically case | individual,52,9,0
1269,"[1, 0, 1, 0, 0]",operation volition already exist .,operation volition already exist,related instances rendering will be called programmatically in this case . | Individual,related instance rendering called programmatically case | individual,34,5,0
1270,"[1, 0, 0, 1, 0]","int regalia pd^array 1, none, 3 , dtype pd^int32dtype",int regalia pd array none dtype pd int dtype,"categories 2, object b a | CategoricalDtype",category object b | categoricaldtype,53,9,0
1271,"[1, 0, 0, 1, 0]","categoricalindex a , b , c , a , b , c , Categories a , b , c , ordered false, dtype family # noqa",categoricalindex b c b c category b c ordered false dtype family noqa,"categories 2, object b a | CategoricalDtype",category object b | categoricaldtype,98,26,0
1272,"[1, 0, 0, 1, 0]",A nonremittal value which can be Set done the default attribute.,nonremittal value set done default attribute,"categories 2, object b a | CategoricalDtype",category object b | categoricaldtype,64,11,0
1273,"[1, 0, 0, 1, 0]",ordered Categoricalindex can have a min and max value.,ordered categoricalindex min max value,"categories 2, object b a | CategoricalDtype",category object b | categoricaldtype,54,9,0
1274,"[1, 0, 0, 1, 0]",it is Based on the Diagonalarray,based diagonalarray,"categories 2, object b a | CategoricalDtype",category object b | categoricaldtype,32,6,0
1275,"[1, 0, 0, 1, 0]","categoricalindex a , B , c , a , b , c , categories a , b , C , ordered False, dtype category # Noqa",categoricalindex b c b c category b c ordered false dtype category noqa,"categories 2, object b a | CategoricalDtype",category object b | categoricaldtype,100,26,0
1276,"[1, 0, 0, 1, 0]","samples are nonnegative integers, with a Pmf given by",sample nonnegative integer pmf given,"categories 2, object b a | CategoricalDtype",category object b | categoricaldtype,53,9,1
1277,"[1, 0, 0, 1, 0]","pd^array 1, None, 3 , dtype int32",pd array none dtype int,"categories 2, object b a | CategoricalDtype",category object b | categoricaldtype,33,7,0
1278,"[1, 0, 0, 1, 0]",this class Has limited substitute and is mostly utile for Verifying that the,class limited substitute mostly utile verifying,"categories 2, object b a | CategoricalDtype",category object b | categoricaldtype,76,13,1
1279,"[1, 0, 0, 1, 0]","Output math n, c time Prod text Kernel size , l as described supra",output math n c time prod text kernel size l described supra,"categories 2, object b a | CategoricalDtype",category object b | categoricaldtype,66,14,0
1280,"[1, 0, 0, 1, 0]","for comparison methods, this Returns a class pandas^booleanarray",comparison method return class panda booleanarray,"categories 2, object b a | CategoricalDtype",category object b | categoricaldtype,64,8,0
1281,"[1, 0, 0, 1, 0]",it s possible to deal off withdraw and precision by adding weightiness to prescribed examples.,possible deal withdraw precision adding weightiness prescribed example,"categories 2, object b a | CategoricalDtype",category object b | categoricaldtype,94,15,0
1282,"[1, 0, 0, 1, 0]",a Default value which can Be set through The Default Attribute.,default value set default attribute,"categories 2, object b a | CategoricalDtype",category object b | categoricaldtype,63,11,0
1283,"[1, 0, 0, 1, 0]","default, which can be changed by setting the delimiter Argument to",default changed setting delimiter argument,"categories 2, object b a | CategoricalDtype",category object b | categoricaldtype,66,11,0
1284,"[1, 0, 0, 1, 0]","output math n, c times prod text kernel size , l As described above",output math n c time prod text kernel size l described,"categories 2, object b a | CategoricalDtype",category object b | categoricaldtype,67,14,0
1285,"[1, 0, 0, 1, 0]",pd^intervaldtype Subtype int64,pd intervaldtype subtype int,"categories 2, object b a | CategoricalDtype",category object b | categoricaldtype,30,3,0
1286,"[1, 0, 0, 1, 0]","integerarray is currently experimental, And Its api or internal",integerarray currently experimental api internal,"categories 2, object b a | CategoricalDtype",category object b | categoricaldtype,63,9,0
1287,"[1, 0, 0, 1, 0]",it s potential to trade off Recall and preciseness by total weights to positivistic examples.,potential trade recall preciseness total weight positivistic example,"categories 2, object b a | CategoricalDtype",category object b | categoricaldtype,93,15,0
1288,"[1, 0, 0, 1, 0]","pd^array 1, none, 3 , Dtype uint16",pd array none dtype uint,"categories 2, object b a | CategoricalDtype",category object b | categoricaldtype,34,7,0
1289,"[1, 0, 0, 1, 0]",a nonremittal Value which can be set done The default attribute.,nonremittal value set done default attribute,"categories 2, object b a | CategoricalDtype",category object b | categoricaldtype,64,11,0
1290,"[1, 0, 0, 1, 0]","categoricalindex a , b , c , a , B , c , categories a , B , c , ordered false, Dtype family # noqa",categoricalindex b c b c category b c ordered false dtype family noqa,"categories 2, object b a | CategoricalDtype",category object b | categoricaldtype,98,26,0
1291,"[1, 0, 0, 1, 0]","where math n is the batch dimension, math C is The channel dimension,",math n batch dimension math c channel dimension,"categories 2, object b a | CategoricalDtype",category object b | categoricaldtype,69,13,0
1292,"[1, 0, 0, 1, 0]",the prefix is Delimited from the template by a Slash per,prefix delimited template slash per,"categories 2, object b a | CategoricalDtype",category object b | categoricaldtype,56,11,0
1293,"[1, 0, 0, 1, 0]",replicated across all spacial dimensions.,replicated across spacial dimension,"categories 2, object b a | CategoricalDtype",category object b | categoricaldtype,41,5,0
1294,"[1, 0, 0, 1, 0]","where math N is the batch dimension, math c is the channel dimension,",math n batch dimension math c channel dimension,"categories 2, object b a | CategoricalDtype",category object b | categoricaldtype,69,13,0
1295,"[1, 0, 0, 1, 0]","output maths n, C Times Prod text kernel size , l as depict Above",output math n c time prod text kernel size l depict,"categories 2, object b a | CategoricalDtype",category object b | categoricaldtype,65,14,0
1296,"[1, 0, 0, 1, 0]",it s possible To swap off think and precision by add Weights to positive examples.,possible swap think precision add weight positive example,"categories 2, object b a | CategoricalDtype",category object b | categoricaldtype,82,15,0
1297,"[1, 0, 0, 1, 0]","categoricalindex a , b , c , a , b , c , class a , b , c , ordered false, Dtype category # noqa",categoricalindex b c b c class b c ordered false dtype category noqa,"categories 2, object b a | CategoricalDtype",category object b | categoricaldtype,95,26,0
1298,"[1, 0, 0, 1, 0]","pd^array this is , approximately textbook , none, data.",pd array approximately textbook none data,"categories 2, object b a | CategoricalDtype",category object b | categoricaldtype,55,9,0
1299,"[1, 0, 0, 1, 0]",the loss would Act as if the dataset contains math 3 times 100 300 cocksure examples.,loss would act dataset contains math time cocksure example,"categories 2, object b a | CategoricalDtype",category object b | categoricaldtype,85,16,0
1300,"[1, 0, 0, 1, 0]","text loss x, y sum ij frac max 0, 1 x y j x i schoolbook x^size 0",text loss x sum ij frac max x j x schoolbook x size,"categories 2, object b a | CategoricalDtype",category object b | categoricaldtype,65,18,0
1301,"[1, 0, 0, 1, 0]","textbook deprivation X, Y sum ij frac max 0, 1 x y j x i textbook x^size 0",textbook deprivation x sum ij frac max x j x textbook x size,"categories 2, object b a | CategoricalDtype",category object b | categoricaldtype,74,18,0
1302,"[1, 0, 0, 1, 0]","text loss x, y sum ij frac max 0, 1 x y J x i text x^size 0",text loss x sum ij frac max x j x text x size,"categories 2, object b a | CategoricalDtype",category object b | categoricaldtype,59,18,0
1303,"[1, 0, 0, 1, 0]","default, which can be Changed by arrange the delimiter Argument to",default changed arrange delimiter argument,"categories 2, object b a | CategoricalDtype",category object b | categoricaldtype,66,11,0
1304,"[1, 0, 0, 1, 0]","categories c , B , a",category c b,"categories 2, object b a | CategoricalDtype",category object b | categoricaldtype,20,6,1
1305,"[1, 0, 0, 1, 0]",if an explicit prescribe true is generate but no Categories and the,explicit prescribe true generate category,"categories 2, object b a | CategoricalDtype",category object b | categoricaldtype,67,12,0
1306,"[1, 0, 0, 1, 0]","pd^array this is , Some textbook , none, data.",pd array textbook none data,"categories 2, object b a | CategoricalDtype",category object b | categoricaldtype,46,9,0
1307,"[1, 0, 0, 1, 0]",a nonremittal respect which can be set through the default Attribute.,nonremittal respect set default attribute,"categories 2, object b a | CategoricalDtype",category object b | categoricaldtype,69,11,0
1308,"[1, 0, 0, 1, 0]","categoricalindex a , B , c , a , b , C , categories a , b , c , regularise false, dtype class # noqa",categoricalindex b c b c category b c regularise false dtype class noqa,"categories 2, object b a | CategoricalDtype",category object b | categoricaldtype,100,26,0
1309,"[1, 0, 0, 1, 0]","Text loss x, y sum ij frac max 0, 1 x y J x I text X^size 0",text loss x sum ij frac max x j x text x size,"categories 2, object b a | CategoricalDtype",category object b | categoricaldtype,59,18,0
1310,"[1, 0, 0, 1, 0]",it s possible to Trade off recall And preciseness by adding weights to positive Examples.,possible trade recall preciseness adding weight positive example,"categories 2, object b a | CategoricalDtype",category object b | categoricaldtype,89,15,0
1311,"[1, 0, 0, 1, 0]",if an expressed ordered true is pass but no categories and the,expressed ordered true pas category,"categories 2, object b a | CategoricalDtype",category object b | categoricaldtype,62,12,0
1312,"[1, 0, 0, 1, 0]","output math n, c metre spur text kernel sizing , l as name supra",output math n c metre spur text kernel sizing l name supra,"categories 2, object b a | CategoricalDtype",category object b | categoricaldtype,64,14,0
1313,"[1, 0, 0, 1, 0]",The Loss would Act as if the dataset stop mathematics 3 times 100 300 positive examples.,loss would act dataset stop mathematics time positive example,"categories 2, object b a | CategoricalDtype",category object b | categoricaldtype,88,16,0
1314,"[1, 0, 0, 1, 0]","sampling are nonnegative Integers, with a Pmf afford by",sampling nonnegative integer pmf afford,"categories 2, object b a | CategoricalDtype",category object b | categoricaldtype,55,9,0
1315,"[1, 0, 0, 1, 0]","pd^array this is , around text , none, data.",pd array around text none data,"categories 2, object b a | CategoricalDtype",category object b | categoricaldtype,44,9,0
1316,"[1, 0, 0, 1, 0]","default, which can Be changed By setting the delimiter argument to",default changed setting delimiter argument,"categories 2, object b a | CategoricalDtype",category object b | categoricaldtype,66,11,0
1317,"[1, 0, 0, 1, 0]",Something else,something else,"categories 2, object b a | CategoricalDtype",category object b | categoricaldtype,14,2,0
1318,"[1, 0, 0, 1, 0]",this class has special Utility and is Mostly useful for Verifying that the,class special utility mostly useful verifying,"categories 2, object b a | CategoricalDtype",category object b | categoricaldtype,74,13,1
1319,"[1, 0, 0, 1, 0]","samples are nonnegative Integers, with a pmf given by",sample nonnegative integer pmf given,"categories 2, object b a | CategoricalDtype",category object b | categoricaldtype,53,9,1
1320,"[1, 0, 0, 1, 0]","categoricalindex a , b , c , A , B , c , category a , b , c , Ordered false, dtype category # noqa",categoricalindex b c b c category b c ordered false dtype category noqa,"categories 2, object b a | CategoricalDtype",category object b | categoricaldtype,98,26,0
1321,"[1, 0, 0, 1, 0]",this class has limited utility and is largely useful for aver That the,class limited utility largely useful aver,"categories 2, object b a | CategoricalDtype",category object b | categoricaldtype,70,13,1
1322,"[1, 0, 0, 1, 0]",this class has limited utility And is mostly Useful for verifying that the,class limited utility mostly useful verifying,"categories 2, object b a | CategoricalDtype",category object b | categoricaldtype,74,13,1
1323,"[1, 0, 0, 1, 0]","samples are nonnegative integers, with a pmf pass by",sample nonnegative integer pmf pas,"categories 2, object b a | CategoricalDtype",category object b | categoricaldtype,52,9,1
1324,"[1, 0, 0, 1, 0]","for Comparison methods, this returns A class pandas^booleanarray",comparison method return class panda booleanarray,"categories 2, object b a | CategoricalDtype",category object b | categoricaldtype,64,8,0
1325,"[1, 0, 0, 1, 0]","output math n, c clip prod text kernel sizing , l as described above",output math n c clip prod text kernel sizing l described,"categories 2, object b a | CategoricalDtype",category object b | categoricaldtype,68,14,0
1326,"[1, 0, 0, 1, 0]",this class has express usefulness and is generally useful for validating that the,class express usefulness generally useful validating,"categories 2, object b a | CategoricalDtype",category object b | categoricaldtype,81,13,1
1327,"[1, 0, 0, 1, 0]",this class has limited utility and Is mostly useful for Verifying that the,class limited utility mostly useful verifying,"categories 2, object b a | CategoricalDtype",category object b | categoricaldtype,74,13,1
1328,"[1, 0, 0, 1, 0]",the loss would act as if The dataset contains math 3 times 100 300 plus examples.,loss would act dataset contains math time plus example,"categories 2, object b a | CategoricalDtype",category object b | categoricaldtype,81,16,0
1329,"[1, 0, 0, 1, 0]","default, which can be changed by limit the delimiter argument to",default changed limit delimiter argument,"categories 2, object b a | CategoricalDtype",category object b | categoricaldtype,64,11,0
1330,"[1, 0, 0, 1, 0]","int array pd^array 1, None, 3 , dtype pd^int32dtype",int array pd array none dtype pd int dtype,"categories 2, object b a | CategoricalDtype",category object b | categoricaldtype,51,9,0
1331,"[1, 0, 0, 1, 0]",this class has fix utility and is largely useful for control that the,class fix utility largely useful control,"categories 2, object b a | CategoricalDtype",category object b | categoricaldtype,69,13,1
1332,"[1, 0, 0, 1, 0]","int Array pd^array 1, none, 3 , dtype Pd^int32dtype",int array pd array none dtype pd int dtype,"categories 2, object b a | CategoricalDtype",category object b | categoricaldtype,51,9,0
1333,"[1, 0, 0, 1, 0]",Example in the numpy documentation.,example numpy documentation,"categories 2, object b a | CategoricalDtype",category object b | categoricaldtype,35,5,0
1334,"[1, 0, 0, 1, 0]","integerarray is currently experimental, and its api or intragroup",integerarray currently experimental api intragroup,"categories 2, object b a | CategoricalDtype",category object b | categoricaldtype,65,9,0
1335,"[1, 0, 0, 1, 0]","Pd^array 1, none, 3 , Dtype uint16",pd array none dtype uint,"categories 2, object b a | CategoricalDtype",category object b | categoricaldtype,34,7,0
1336,"[1, 0, 0, 1, 0]","samples are nonnegative integers, With a pmf given by",sample nonnegative integer pmf given,"categories 2, object b a | CategoricalDtype",category object b | categoricaldtype,53,9,1
1337,"[1, 0, 0, 1, 0]","integerarray is presently experimental, and its api or internal",integerarray presently experimental api internal,"categories 2, object b a | CategoricalDtype",category object b | categoricaldtype,63,9,0
1338,"[1, 0, 0, 1, 0]","for comparison methods, this retrovert a class pandas^booleanarray",comparison method retrovert class panda booleanarray,"categories 2, object b a | CategoricalDtype",category object b | categoricaldtype,66,8,0
1339,"[1, 0, 0, 1, 0]","for comparison methods, This returns a class pandas^booleanarray",comparison method return class panda booleanarray,"categories 2, object b a | CategoricalDtype",category object b | categoricaldtype,64,8,0
1340,"[1, 0, 0, 1, 0]","where mathematics N is the batch dimension, mathematics C is the channel dimension,",mathematics n batch dimension mathematics c channel dimension,"categories 2, object b a | CategoricalDtype",category object b | categoricaldtype,83,13,0
1341,"[1, 0, 0, 1, 0]","Samples Are nonnegative integers, with a pmf given by",sample nonnegative integer pmf given,"categories 2, object b a | CategoricalDtype",category object b | categoricaldtype,53,9,1
1342,"[1, 0, 0, 1, 0]","default, which can be Changed by prepare the delimiter argument to",default changed prepare delimiter argument,"categories 2, object b a | CategoricalDtype",category object b | categoricaldtype,66,11,0
1343,"[1, 0, 0, 1, 0]",the prefix is delimited from the template by A slash per,prefix delimited template slash per,"categories 2, object b a | CategoricalDtype",category object b | categoricaldtype,56,11,0
1344,"[0, 1, 0, 1, 0]",whether or not this flat is tempered as an ordered,whether flat tempered ordered,a data type sanity check | ConfigDict,data type sanity check | configdict,50,10,0
1345,"[0, 1, 0, 1, 0]","keys can be bare unquoted , or quoted employ Basic , or Literal",key bare unquoted quoted employ basic literal,a data type sanity check | ConfigDict,data type sanity check | configdict,63,13,1
1346,"[0, 1, 0, 1, 0]",whether or not this unconditional is treated As An consecrate,whether unconditional treated consecrate,a data type sanity check | ConfigDict,data type sanity check | configdict,61,10,0
1347,"[0, 1, 0, 1, 0]",false if there Is no existing ordered to maintain.,false existing ordered maintain,a data type sanity check | ConfigDict,data type sanity check | configdict,50,9,0
1348,"[0, 1, 0, 1, 0]",passing an object to The Constructor converts it to text And wraps,passing object constructor convert text wrap,a data type sanity check | ConfigDict,data type sanity check | configdict,66,12,0
1349,"[0, 1, 0, 1, 0]","if the family are not feed here and also not in dtype , they",family feed also dtype,a data type sanity check | ConfigDict,data type sanity check | configdict,60,14,0
1350,"[0, 1, 0, 1, 0]",triangular2 a basic trilateral cycle that scales initial bountifulness by half apiece cycle.,triangular basic trilateral cycle scale initial bountifulness half apiece cycle,a data type sanity check | ConfigDict,data type sanity check | configdict,92,13,0
1351,"[0, 1, 0, 1, 0]",at Each cycle iteration.,cycle iteration,a data type sanity check | ConfigDict,data type sanity check | configdict,24,4,0
1352,"[0, 1, 0, 1, 0]",a default prize,default prize,a data type sanity check | ConfigDict,data type sanity check | configdict,15,3,0
1353,"[0, 1, 0, 1, 0]","name can be bare unquoted , or cite using basic , or Literal",name bare unquoted cite using basic literal,a data type sanity check | ConfigDict,data type sanity check | configdict,60,13,0
1354,"[0, 1, 0, 1, 0]","input math n, where maths means, any number of additional Dimensions",input math n math mean number additional dimension,a data type sanity check | ConfigDict,data type sanity check | configdict,68,11,0
1355,"[0, 1, 0, 1, 0]","Categories sequence, Optional",category sequence optional,a data type sanity check | ConfigDict,data type sanity check | configdict,29,3,1
1356,"[0, 1, 0, 1, 0]",whether or Not this unconditional is treated as an ordered,whether unconditional treated ordered,a data type sanity check | ConfigDict,data type sanity check | configdict,58,10,0
1357,"[0, 1, 0, 1, 0]",At Each cycle iteration.,cycle iteration,a data type sanity check | ConfigDict,data type sanity check | configdict,24,4,0
1358,"[0, 1, 0, 1, 0]",quotes adopt the Same lam regulation As single line stringtype.,quote adopt lam regulation single line stringtype,a data type sanity check | ConfigDict,data type sanity check | configdict,63,10,1
1359,"[0, 1, 0, 1, 0]","if the Categories are not given hither and also not in dtype , they",category given hither also dtype,a data type sanity check | ConfigDict,data type sanity check | configdict,67,14,0
1360,"[0, 1, 0, 1, 0]",The class for the categorical.,class categorical,a data type sanity check | ConfigDict,data type sanity check | configdict,30,5,0
1361,"[0, 1, 0, 1, 0]",categorical volition be unordered.,categorical volition unordered,a data type sanity check | ConfigDict,data type sanity check | configdict,34,4,0
1362,"[0, 1, 0, 1, 0]",triangular2 a basic triangular wheel that scales initial amplitude by half each cycle.,triangular basic triangular wheel scale initial amplitude half cycle,a data type sanity check | ConfigDict,data type sanity check | configdict,86,13,0
1363,"[0, 1, 0, 1, 0]",whether or not this categorical is toughened as an govern,whether categorical toughened govern,a data type sanity check | ConfigDict,data type sanity check | configdict,57,10,0
1364,"[0, 1, 0, 1, 0]",num features Math c from an expected input of sizing,num feature math c expected input sizing,a data type sanity check | ConfigDict,data type sanity check | configdict,52,10,0
1365,"[0, 1, 0, 1, 0]",whether or not this Categorical is address as an ordered,whether categorical address ordered,a data type sanity check | ConfigDict,data type sanity check | configdict,56,10,0
1366,"[0, 1, 0, 1, 0]","if family are given, value not in",family given value,a data type sanity check | ConfigDict,data type sanity check | configdict,33,7,0
1367,"[0, 1, 0, 1, 0]","categories sequence, Optional",category sequence optional,a data type sanity check | ConfigDict,data type sanity check | configdict,29,3,1
1368,"[0, 1, 0, 1, 0]",a data typewrite sanity halt,data typewrite sanity halt,a data type sanity check | ConfigDict,data type sanity check | configdict,28,5,0
1369,"[0, 1, 0, 1, 0]","if categories are given, measure not in",category given measure,a data type sanity check | ConfigDict,data type sanity check | configdict,39,7,0
1370,"[0, 1, 0, 1, 0]",category or ordered .,category ordered,a data type sanity check | ConfigDict,data type sanity check | configdict,21,4,0
1371,"[0, 1, 0, 1, 0]",Num features maths c from an expected input of size,num feature math c expected input size,a data type sanity check | ConfigDict,data type sanity check | configdict,51,10,0
1372,"[0, 1, 0, 1, 0]","if the categories are not pass here and also not in dtype , they",category pas also dtype,a data type sanity check | ConfigDict,data type sanity check | configdict,64,14,0
1373,"[0, 1, 0, 1, 0]","categories Sequence, optional",category sequence optional,a data type sanity check | ConfigDict,data type sanity check | configdict,29,3,1
1374,"[0, 1, 0, 1, 0]","if the category are not given here and likewise not in dtype , they",category given likewise dtype,a data type sanity check | ConfigDict,data type sanity check | configdict,67,14,0
1375,"[0, 1, 0, 1, 0]","if the categories are not given hither and also not in dtype , they",category given hither also dtype,a data type sanity check | ConfigDict,data type sanity check | configdict,67,14,0
1376,"[0, 1, 0, 1, 0]",triangular2 a introductory triangular cycle that scales initial amplitude by half each cycle.,triangular introductory triangular cycle scale initial amplitude half cycle,a data type sanity check | ConfigDict,data type sanity check | configdict,93,13,0
1377,"[0, 1, 0, 1, 0]","consecrate bool, optional",consecrate bool optional,a data type sanity check | ConfigDict,data type sanity check | configdict,25,3,0
1378,"[0, 1, 0, 1, 0]",triangular2 a staple triangular Cycle that scales initial amplitude by half each cycle.,triangular staple triangular cycle scale initial amplitude half cycle,a data type sanity check | ConfigDict,data type sanity check | configdict,87,13,0
1379,"[0, 1, 0, 1, 0]","Input maths N, where math means, any issue of additional attribute",input math n math mean issue additional attribute,a data type sanity check | ConfigDict,data type sanity check | configdict,66,11,0
1380,"[0, 1, 0, 1, 0]","comment mathematics n, where Math means, any number of additional attribute",comment mathematics n math mean number additional attribute,a data type sanity check | ConfigDict,data type sanity check | configdict,75,11,0
1381,"[0, 1, 0, 1, 0]","family index like, optional",family index like optional,a data type sanity check | ConfigDict,data type sanity check | configdict,27,4,0
1382,"[0, 1, 0, 1, 0]","input mathematics N, where mathematics means, any turn Of additional dimensions",input mathematics n mathematics mean turn additional dimension,a data type sanity check | ConfigDict,data type sanity check | configdict,79,11,0
1383,"[0, 1, 0, 1, 0]","if category are given, values not in",category given value,a data type sanity check | ConfigDict,data type sanity check | configdict,36,7,0
1384,"[0, 1, 0, 1, 0]","Key Can be bare unquoted , or quote victimisation basic , or literal",key bare unquoted quote victimisation basic literal,a data type sanity check | ConfigDict,data type sanity check | configdict,68,13,0
1385,"[0, 1, 0, 1, 0]",at apiece cycle iteration.,apiece cycle iteration,a data type sanity check | ConfigDict,data type sanity check | configdict,26,4,0
1386,"[0, 1, 0, 1, 0]",at each motorbike iteration.,motorbike iteration,a data type sanity check | ConfigDict,data type sanity check | configdict,28,4,0
1387,"[0, 1, 0, 1, 0]",triangular2 A basic triangular bike that scales initial amplitude by half apiece cycle.,triangular basic triangular bike scale initial amplitude half apiece cycle,a data type sanity check | ConfigDict,data type sanity check | configdict,87,13,0
1388,"[0, 1, 0, 1, 0]",categoric will be unordered.,categoric unordered,a data type sanity check | ConfigDict,data type sanity check | configdict,28,4,0
1389,"[0, 1, 0, 1, 0]","if category Are given, values not in",category given value,a data type sanity check | ConfigDict,data type sanity check | configdict,36,7,0
1390,"[0, 1, 0, 1, 0]",false if there is no Existing ordered to maintain.,false existing ordered maintain,a data type sanity check | ConfigDict,data type sanity check | configdict,50,9,0
1391,"[0, 1, 0, 1, 0]","Categories sequence, optional",category sequence optional,a data type sanity check | ConfigDict,data type sanity check | configdict,29,3,1
1392,"[0, 1, 0, 1, 0]","if the categories are not given here and also not In dtype , they",category given also dtype,a data type sanity check | ConfigDict,data type sanity check | configdict,65,14,0
1393,"[0, 1, 0, 1, 0]",class Will Be supersede with nan.,class supersede nan,a data type sanity check | ConfigDict,data type sanity check | configdict,33,6,1
1394,"[0, 1, 0, 1, 0]",quotes following the same escaping rules as single Line stringtype.,quote following escaping rule single line stringtype,a data type sanity check | ConfigDict,data type sanity check | configdict,67,10,1
1395,"[0, 1, 0, 1, 0]",categories Or ordered .,category ordered,a data type sanity check | ConfigDict,data type sanity check | configdict,23,4,1
1396,"[0, 1, 0, 1, 0]","family sequence, Optional",family sequence optional,a data type sanity check | ConfigDict,data type sanity check | configdict,25,3,0
1397,"[0, 1, 0, 1, 0]",categories will be Replaced with nan.,category replaced nan,a data type sanity check | ConfigDict,data type sanity check | configdict,37,6,1
1398,"[0, 1, 0, 1, 0]","keys can Be barren unquoted , or quoted using basic , or typo",key barren unquoted quoted using basic typo,a data type sanity check | ConfigDict,data type sanity check | configdict,61,13,1
1399,"[0, 1, 0, 1, 0]",triangular2 a canonic triangular cycle that scales Initial amplitude by half each cycle.,triangular canonic triangular cycle scale initial amplitude half cycle,a data type sanity check | ConfigDict,data type sanity check | configdict,88,13,0
1400,"[0, 1, 0, 1, 0]",false if there is No existing ordered To maintain.,false existing ordered maintain,a data type sanity check | ConfigDict,data type sanity check | configdict,50,9,0
1401,"[0, 1, 0, 1, 0]",quotation following the same Escaping harness as I contrast stringtype.,quotation following escaping harness contrast stringtype,a data type sanity check | ConfigDict,data type sanity check | configdict,71,10,0
1402,"[0, 1, 0, 1, 0]","categories Index like, optional",category index like optional,a data type sanity check | ConfigDict,data type sanity check | configdict,31,4,1
1403,"[0, 1, 0, 1, 0]","keys can be bare Unquoted , Or quoted using staple , or literal",key bare unquoted quoted using staple literal,a data type sanity check | ConfigDict,data type sanity check | configdict,63,13,1
1404,"[0, 1, 0, 1, 0]","Ordered bool, optional",ordered bool optional,a data type sanity check | ConfigDict,data type sanity check | configdict,22,3,0
1405,"[0, 1, 0, 1, 0]",whether or not this categorical is treated as an consistent,whether categorical treated consistent,a data type sanity check | ConfigDict,data type sanity check | configdict,59,10,0
1406,"[0, 1, 0, 1, 0]","Subtype str, np^dtype",subtype str np dtype,a data type sanity check | ConfigDict,data type sanity check | configdict,21,3,0
1407,"[0, 1, 0, 1, 0]",categories testament be replaced with nan.,category testament replaced nan,a data type sanity check | ConfigDict,data type sanity check | configdict,42,6,1
1408,"[0, 1, 0, 1, 0]",categories Will be replace with nan.,category replace nan,a data type sanity check | ConfigDict,data type sanity check | configdict,36,6,1
1409,"[0, 1, 0, 1, 0]","ordered Bool, optional",ordered bool optional,a data type sanity check | ConfigDict,data type sanity check | configdict,22,3,0
1410,"[0, 1, 0, 1, 0]",num sport mathematics c from An wait input of sizing,num sport mathematics c wait input sizing,a data type sanity check | ConfigDict,data type sanity check | configdict,52,10,0
1411,"[0, 1, 0, 1, 0]",num boast mathematics c from an Expected input of Size,num boast mathematics c expected input size,a data type sanity check | ConfigDict,data type sanity check | configdict,54,10,0
1412,"[0, 1, 0, 1, 0]",categories or logical .,category logical,a data type sanity check | ConfigDict,data type sanity check | configdict,23,4,1
1413,"[0, 1, 0, 1, 0]",num features maths c from an look input of sizing,num feature math c look input sizing,a data type sanity check | ConfigDict,data type sanity check | configdict,49,10,0
1414,"[0, 1, 0, 1, 0]","identify can be bare Unquoted , or cite using basic , or actual",identify bare unquoted cite using basic actual,a data type sanity check | ConfigDict,data type sanity check | configdict,63,13,0
1415,"[0, 1, 0, 1, 0]",a data character sanity check,data character sanity check,a data type sanity check | ConfigDict,data type sanity check | configdict,29,5,0
1416,"[0, 1, 0, 1, 0]",quotes Following the same escaping pattern as ace line stringtype.,quote following escaping pattern ace line stringtype,a data type sanity check | ConfigDict,data type sanity check | configdict,66,10,1
1417,"[0, 1, 0, 1, 0]",quotes following the same escaping rules as undivided line stringtype.,quote following escaping rule undivided line stringtype,a data type sanity check | ConfigDict,data type sanity check | configdict,70,10,1
1418,"[0, 1, 0, 1, 0]",A nonremittal value,nonremittal value,a data type sanity check | ConfigDict,data type sanity check | configdict,19,3,0
1419,"[0, 1, 0, 1, 0]","input math n, where math means, any number of additional property",input math n math mean number additional property,a data type sanity check | ConfigDict,data type sanity check | configdict,65,11,0
1420,"[0, 1, 0, 1, 0]",passing an object to The constructor converts It to text and wraps,passing object constructor convert text wrap,a data type sanity check | ConfigDict,data type sanity check | configdict,66,12,0
1421,"[0, 1, 0, 1, 0]",categories will be replaced with Nan.,category replaced nan,a data type sanity check | ConfigDict,data type sanity check | configdict,37,6,1
1422,"[0, 1, 0, 1, 0]","input math n, where math Means, any total of extra dimensions",input math n math mean total extra dimension,a data type sanity check | ConfigDict,data type sanity check | configdict,61,11,0
1423,"[0, 0, 0, 1, 1]",hinge loss border establish loss between input math x a 2d mini Batch tensor,hinge loss border establish loss input math x mini batch tensor,no more reads are allowed from this device. | InputStreamExhausted,read allowed device | inputstreamexhausted,76,14,0
1424,"[0, 0, 0, 1, 1]",are set aright in requestfactory.,set aright requestfactory,no more reads are allowed from this device. | InputStreamExhausted,read allowed device | inputstreamexhausted,33,5,0
1425,"[0, 0, 0, 1, 1]","Multipart post data if it has been accessed via post,",multipart post data accessed via post,no more reads are allowed from this device. | InputStreamExhausted,read allowed device | inputstreamexhausted,53,10,0
1426,"[0, 0, 0, 1, 1]",no more learn are tolerate from this device.,learn tolerate device,no more reads are allowed from this device. | InputStreamExhausted,read allowed device | inputstreamexhausted,44,8,0
1427,"[0, 0, 0, 1, 1]",mathematics result lfloor frac out Channels in Channels right rfloor .,mathematics result lfloor frac channel channel right rfloor,no more reads are allowed from this device. | InputStreamExhausted,read allowed device | inputstreamexhausted,70,11,1
1428,"[0, 0, 0, 1, 1]",this wrapper is utilise to catch And crush brokenpipeerrors resulting,wrapper utilise catch crush brokenpipeerrors resulting,no more reads are allowed from this device. | InputStreamExhausted,read allowed device | inputstreamexhausted,69,10,1
1429,"[0, 0, 0, 1, 1]",globals And others.,globals others,no more reads are allowed from this device. | InputStreamExhausted,read allowed device | inputstreamexhausted,19,3,1
1430,"[0, 0, 0, 1, 1]",are set correctly in Requestfactory.,set correctly requestfactory,no more reads are allowed from this device. | InputStreamExhausted,read allowed device | inputstreamexhausted,36,5,0
1431,"[0, 0, 0, 1, 1]","files, etcetera",file etcetera,no more reads are allowed from this device. | InputStreamExhausted,read allowed device | inputstreamexhausted,15,2,0
1432,"[0, 0, 0, 1, 1]",Are set Correctly in requestfactory.,set correctly requestfactory,no more reads are allowed from this device. | InputStreamExhausted,read allowed device | inputstreamexhausted,36,5,0
1433,"[0, 0, 0, 1, 1]","multipart post data if it Has cost accessed Via post,",multipart post data cost accessed via post,no more reads are allowed from this device. | InputStreamExhausted,read allowed device | inputstreamexhausted,53,10,0
1434,"[0, 0, 0, 1, 1]",hinge deprivation margin based loss between input Math x a 2d mini batch tensor,hinge deprivation margin based loss input math x mini batch tensor,no more reads are allowed from this device. | InputStreamExhausted,read allowed device | inputstreamexhausted,79,14,0
1435,"[0, 0, 0, 1, 1]","joined list node references, one for each value Associated with that key.",joined list node reference one value associated key,no more reads are allowed from this device. | InputStreamExhausted,read allowed device | inputstreamexhausted,73,12,0
1436,"[0, 0, 0, 1, 1]","vertex by Vertex, the manipulator retort true.",vertex vertex manipulator retort true,no more reads are allowed from this device. | InputStreamExhausted,read allowed device | inputstreamexhausted,46,7,0
1437,"[0, 0, 0, 1, 1]","Multipart post datum if it has been accessed Via post,",multipart post datum accessed via post,no more reads are allowed from this device. | InputStreamExhausted,read allowed device | inputstreamexhausted,54,10,0
1438,"[0, 0, 0, 1, 1]",this testament be swapped as nnq^dequantize in convert .,testament swapped nnq dequantize convert,no more reads are allowed from this device. | InputStreamExhausted,read allowed device | inputstreamexhausted,56,9,1
1439,"[0, 0, 0, 1, 1]",No more reads are allowed from this device.,read allowed device,no more reads are allowed from this device. | InputStreamExhausted,read allowed device | inputstreamexhausted,43,8,0
1440,"[0, 0, 0, 1, 1]",hinge loss allowance establish loss betwixt input math x a 2d mini batch tensor,hinge loss allowance establish loss betwixt input math x mini batch tensor,no more reads are allowed from this device. | InputStreamExhausted,read allowed device | inputstreamexhausted,79,14,0
1441,"[0, 0, 0, 1, 1]","linked list node references, one for each value associated With that key.",linked list node reference one value associated key,no more reads are allowed from this device. | InputStreamExhausted,read allowed device | inputstreamexhausted,73,12,0
1442,"[0, 0, 0, 1, 1]",are set right in requestfactory.,set right requestfactory,no more reads are allowed from this device. | InputStreamExhausted,read allowed device | inputstreamexhausted,32,5,0
1443,"[0, 0, 0, 1, 1]",and yield mathematics y which is a 2d tensor of target class exponent .,yield mathematics tensor target class exponent,no more reads are allowed from this device. | InputStreamExhausted,read allowed device | inputstreamexhausted,71,14,0
1444,"[0, 0, 0, 1, 1]","So if a and b are the Saami feature,",b saami feature,no more reads are allowed from this device. | InputStreamExhausted,read allowed device | inputstreamexhausted,36,9,0
1445,"[0, 0, 0, 1, 1]",are set correctly In requestfactory.,set correctly requestfactory,no more reads are allowed from this device. | InputStreamExhausted,read allowed device | inputstreamexhausted,36,5,0
1446,"[0, 0, 0, 1, 1]",it tests real Geometric,test real geometric,no more reads are allowed from this device. | InputStreamExhausted,read allowed device | inputstreamexhausted,23,4,0
1447,"[0, 0, 0, 1, 1]",Math left lfloor frac out canalize in channels right rfloor .,math left lfloor frac canalize channel right rfloor,no more reads are allowed from this device. | InputStreamExhausted,read allowed device | inputstreamexhausted,61,11,0
1448,"[0, 0, 0, 1, 1]",and Output math y which is a 2d tensor of direct class Indices .,output math tensor direct class index,no more reads are allowed from this device. | InputStreamExhausted,read allowed device | inputstreamexhausted,64,14,0
1449,"[0, 0, 0, 1, 1]",regression tests for #8551 And #17067 Ensure that environment variables,regression test ensure environment variable,no more reads are allowed from this device. | InputStreamExhausted,read allowed device | inputstreamexhausted,71,10,0
1450,"[0, 0, 0, 1, 1]","so if A and b are the same feature,",b feature,no more reads are allowed from this device. | InputStreamExhausted,read allowed device | inputstreamexhausted,35,9,0
1451,"[0, 0, 0, 1, 1]","files, Etc.",file etc,no more reads are allowed from this device. | InputStreamExhausted,read allowed device | inputstreamexhausted,11,2,0
1452,"[0, 0, 0, 1, 1]",it tests Actual geometric,test actual geometric,no more reads are allowed from this device. | InputStreamExhausted,read allowed device | inputstreamexhausted,25,4,0
1453,"[0, 0, 0, 1, 1]",mathematics left lfloor frac out channels in channels right rfloor .,mathematics left lfloor frac channel channel right rfloor,no more reads are allowed from this device. | InputStreamExhausted,read allowed device | inputstreamexhausted,68,11,1
1454,"[0, 0, 0, 1, 1]","multipart Post data if it has been access via Post,",multipart post data access via post,no more reads are allowed from this device. | InputStreamExhausted,read allowed device | inputstreamexhausted,51,10,0
1455,"[0, 0, 0, 1, 1]",hinge loss margin based loss betwixt input math x a 2d mini batch tensor,hinge loss margin based loss betwixt input math x mini batch tensor,no more reads are allowed from this device. | InputStreamExhausted,read allowed device | inputstreamexhausted,72,14,0
1456,"[0, 0, 0, 1, 1]",It tests actual geometrical,test actual geometrical,no more reads are allowed from this device. | InputStreamExhausted,read allowed device | inputstreamexhausted,27,4,0
1457,"[0, 0, 0, 1, 1]",no More register are let from this device.,register let device,no more reads are allowed from this device. | InputStreamExhausted,read allowed device | inputstreamexhausted,42,8,0
1458,"[0, 0, 0, 1, 1]",no More take are admit From this device.,take admit device,no more reads are allowed from this device. | InputStreamExhausted,read allowed device | inputstreamexhausted,40,8,0
1459,"[0, 0, 0, 1, 1]","Multipart Post data if it has live accessed via post,",multipart post data live accessed via post,no more reads are allowed from this device. | InputStreamExhausted,read allowed device | inputstreamexhausted,53,10,0
1460,"[0, 0, 0, 1, 1]",This will be swap as Nnq^dequantize in Convert .,swap nnq dequantize convert,no more reads are allowed from this device. | InputStreamExhausted,read allowed device | inputstreamexhausted,48,9,1
1461,"[0, 0, 0, 1, 1]","Vertex by Vertex, the operator returns True.",vertex vertex operator return true,no more reads are allowed from this device. | InputStreamExhausted,read allowed device | inputstreamexhausted,44,7,0
1462,"[0, 0, 0, 1, 1]",maths left lfloor frac out channels In channels right rfloor .,math left lfloor frac channel channel right rfloor,no more reads are allowed from this device. | InputStreamExhausted,read allowed device | inputstreamexhausted,62,11,1
1463,"[0, 0, 0, 1, 1]","so if a and b are The Lapp Feature,",b lapp feature,no more reads are allowed from this device. | InputStreamExhausted,read allowed device | inputstreamexhausted,35,9,0
1464,"[0, 0, 0, 1, 1]","linked list knob references, one for each value associated with that key.",linked list knob reference one value associated key,no more reads are allowed from this device. | InputStreamExhausted,read allowed device | inputstreamexhausted,73,12,0
1465,"[0, 0, 0, 1, 1]",maths left lfloor frac out Channels in channels correct rfloor .,math left lfloor frac channel channel correct rfloor,no more reads are allowed from this device. | InputStreamExhausted,read allowed device | inputstreamexhausted,64,11,1
1466,"[0, 0, 0, 1, 1]",Regression tests for #8551 And #17067 ascertain that environment variable,regression test ascertain environment variable,no more reads are allowed from this device. | InputStreamExhausted,read allowed device | inputstreamexhausted,73,10,0
1467,"[0, 0, 0, 1, 1]",The operator is the same as operator.,operator operator,no more reads are allowed from this device. | InputStreamExhausted,read allowed device | inputstreamexhausted,37,7,0
1468,"[0, 0, 0, 1, 1]",equation of two features.,equation two feature,no more reads are allowed from this device. | InputStreamExhausted,read allowed device | inputstreamexhausted,25,4,0
1469,"[0, 0, 0, 1, 1]",this housecoat is practice to catch and Suppress brokenpipeerrors Resulting,housecoat practice catch suppress brokenpipeerrors resulting,no more reads are allowed from this device. | InputStreamExhausted,read allowed device | inputstreamexhausted,75,10,1
1470,"[0, 0, 0, 1, 1]","multipart post data if It Has been accessed via post,",multipart post data accessed via post,no more reads are allowed from this device. | InputStreamExhausted,read allowed device | inputstreamexhausted,53,10,0
1471,"[0, 0, 0, 1, 1]",it Tests actual geometric,test actual geometric,no more reads are allowed from this device. | InputStreamExhausted,read allowed device | inputstreamexhausted,25,4,0
1472,"[0, 0, 0, 1, 1]",it run actual geometric,run actual geometric,no more reads are allowed from this device. | InputStreamExhausted,read allowed device | inputstreamexhausted,23,4,0
1473,"[0, 0, 0, 1, 1]",globals and Others.,globals others,no more reads are allowed from this device. | InputStreamExhausted,read allowed device | inputstreamexhausted,19,3,1
1474,"[0, 0, 0, 1, 1]","multipart spot data if it has exist accessed via Post,",multipart spot data exist accessed via post,no more reads are allowed from this device. | InputStreamExhausted,read allowed device | inputstreamexhausted,54,10,0
1475,"[0, 0, 0, 1, 1]",hinge loss margin based departure between input math x a 2d mini batch Tensor,hinge loss margin based departure input math x mini batch tensor,no more reads are allowed from this device. | InputStreamExhausted,read allowed device | inputstreamexhausted,77,14,0
1476,"[0, 0, 0, 1, 1]","so if a and b are the Same feature,",b feature,no more reads are allowed from this device. | InputStreamExhausted,read allowed device | inputstreamexhausted,35,9,0
1477,"[0, 0, 0, 1, 1]",math left lfloor frac out channels In transfer right rfloor .,math left lfloor frac channel transfer right rfloor,no more reads are allowed from this device. | InputStreamExhausted,read allowed device | inputstreamexhausted,61,11,0
1478,"[0, 0, 0, 1, 1]",and output mathematics y which is a 2d tensor of target class indices .,output mathematics tensor target class index,no more reads are allowed from this device. | InputStreamExhausted,read allowed device | inputstreamexhausted,71,14,0
1479,"[0, 0, 0, 1, 1]","multipart post data if it has equal access via post,",multipart post data equal access via post,no more reads are allowed from this device. | InputStreamExhausted,read allowed device | inputstreamexhausted,52,10,0
1480,"[0, 0, 0, 1, 1]","vertex by vertex, The operator rejoinder True.",vertex vertex operator rejoinder true,no more reads are allowed from this device. | InputStreamExhausted,read allowed device | inputstreamexhausted,46,7,0
1481,"[0, 0, 0, 1, 1]",it examination actual geometric,examination actual geometric,no more reads are allowed from this device. | InputStreamExhausted,read allowed device | inputstreamexhausted,31,4,0
1482,"[0, 0, 0, 1, 1]","vertex by vertex, The operator returns true.",vertex vertex operator return true,no more reads are allowed from this device. | InputStreamExhausted,read allowed device | inputstreamexhausted,44,7,0
1483,"[0, 0, 0, 1, 1]","vertex by vertex, the hustler comeback True.",vertex vertex hustler comeback true,no more reads are allowed from this device. | InputStreamExhausted,read allowed device | inputstreamexhausted,44,7,0
1484,"[0, 0, 0, 1, 1]",the operator is the Lapp as operator.,operator lapp operator,no more reads are allowed from this device. | InputStreamExhausted,read allowed device | inputstreamexhausted,37,7,0
1485,"[0, 0, 0, 1, 1]",regression trial for #8551 and #17067 see that surround variables,regression trial see surround variable,no more reads are allowed from this device. | InputStreamExhausted,read allowed device | inputstreamexhausted,65,10,0
1486,"[0, 0, 0, 1, 1]",this wrapper is habituate to catch and inhibit brokenpipeerrors lead,wrapper habituate catch inhibit brokenpipeerrors lead,no more reads are allowed from this device. | InputStreamExhausted,read allowed device | inputstreamexhausted,68,10,1
1487,"[0, 0, 0, 1, 1]","acme by vertex, the operator returns true.",acme vertex operator return true,no more reads are allowed from this device. | InputStreamExhausted,read allowed device | inputstreamexhausted,42,7,0
1488,"[0, 0, 0, 1, 1]",hinge Loss margin based loss betwixt input math x a 2d mini batch tensor,hinge loss margin based loss betwixt input math x mini batch tensor,no more reads are allowed from this device. | InputStreamExhausted,read allowed device | inputstreamexhausted,72,14,0
1489,"[0, 0, 0, 1, 1]",it Tests actual geometrical,test actual geometrical,no more reads are allowed from this device. | InputStreamExhausted,read allowed device | inputstreamexhausted,27,4,0
1490,"[0, 0, 0, 1, 1]",this will be swap as nnq^dequantize in convert .,swap nnq dequantize convert,no more reads are allowed from this device. | InputStreamExhausted,read allowed device | inputstreamexhausted,48,9,1
1491,"[0, 0, 0, 1, 1]","tie listing node references, one for Each Value associated with that key.",tie listing node reference one value associated key,no more reads are allowed from this device. | InputStreamExhausted,read allowed device | inputstreamexhausted,73,12,0
1492,"[0, 0, 0, 1, 1]","vertex by vertex, the hustler returns true.",vertex vertex hustler return true,no more reads are allowed from this device. | InputStreamExhausted,read allowed device | inputstreamexhausted,43,7,0
1493,"[0, 0, 0, 1, 1]",fixation tests for #8551 and #17067 Ensure that environment variables,fixation test ensure environment variable,no more reads are allowed from this device. | InputStreamExhausted,read allowed device | inputstreamexhausted,69,10,0
1494,"[0, 0, 0, 1, 1]",hinge loss allowance based loss between input Math x a 2d mini batch tensor,hinge loss allowance based loss input math x mini batch tensor,no more reads are allowed from this device. | InputStreamExhausted,read allowed device | inputstreamexhausted,75,14,0
1495,"[0, 0, 0, 1, 1]",equivalence of two features.,equivalence two feature,no more reads are allowed from this device. | InputStreamExhausted,read allowed device | inputstreamexhausted,28,4,0
1496,"[0, 0, 0, 1, 1]",this will be swapped as nnq^dequantize in Convert .,swapped nnq dequantize convert,no more reads are allowed from this device. | InputStreamExhausted,read allowed device | inputstreamexhausted,51,9,1
1497,"[0, 0, 0, 1, 1]",no more reads are allowed from This device.,read allowed device,no more reads are allowed from this device. | InputStreamExhausted,read allowed device | inputstreamexhausted,43,8,0
1498,"[0, 0, 0, 1, 1]",it tests actual geometrical,test actual geometrical,no more reads are allowed from this device. | InputStreamExhausted,read allowed device | inputstreamexhausted,27,4,0
1499,"[0, 0, 0, 1, 1]",And Output math y Which is a 2d tensor of point class index .,output math tensor point class index,no more reads are allowed from this device. | InputStreamExhausted,read allowed device | inputstreamexhausted,61,14,0
1500,"[0, 0, 0, 1, 1]",No more Reads are allowed from this device.,read allowed device,no more reads are allowed from this device. | InputStreamExhausted,read allowed device | inputstreamexhausted,43,8,0
1501,"[0, 0, 0, 1, 1]",hinge exit leeway ground loss betwixt input math x a 2d mini deal tensor,hinge exit leeway ground loss betwixt input math x mini deal tensor,no more reads are allowed from this device. | InputStreamExhausted,read allowed device | inputstreamexhausted,72,14,0
1502,"[0, 0, 0, 1, 1]",are set aright in Requestfactory.,set aright requestfactory,no more reads are allowed from this device. | InputStreamExhausted,read allowed device | inputstreamexhausted,33,5,0
1503,"[0, 0, 0, 1, 1]",no more reads Are allowed From this device.,read allowed device,no more reads are allowed from this device. | InputStreamExhausted,read allowed device | inputstreamexhausted,43,8,0
1504,"[0, 0, 0, 1, 1]",math left lfloor frac out channels In channels right rfloor .,math left lfloor frac channel channel right rfloor,no more reads are allowed from this device. | InputStreamExhausted,read allowed device | inputstreamexhausted,61,11,0
1505,"[0, 0, 0, 1, 1]",par of two features.,par two feature,no more reads are allowed from this device. | InputStreamExhausted,read allowed device | inputstreamexhausted,20,4,0
1506,"[1, 1, 0, 0, 0]","operations a list of functioning instances, probably from django^db.migrations^operations",operation list functioning instance probably django db migration operation,it will have one or more | Migration,one | migration,89,9,1
1507,"[1, 1, 0, 0, 0]",early parameters can be provided as documented At,early parameter provided documented,it will have one or more | Migration,one | migration,49,8,0
1508,"[1, 1, 0, 0, 0]",func contextfunction s get the dynamic context authorize as first argument,func contextfunction get dynamic context authorize first argument,it will have one or more | Migration,one | migration,74,11,0
1509,"[1, 1, 0, 0, 0]","operations a list of operation instances, credibly from django^db.migrations^operations",operation list operation instance credibly django db migration operation,it will have one or more | Migration,one | migration,87,9,1
1510,"[1, 1, 0, 0, 0]","pos slant tensor, optional a weight of positive examples.",po slant tensor optional weight positive example,it will have one or more | Migration,one | migration,57,9,1
1511,"[1, 1, 0, 0, 0]",occur and Modifications on attr vars are provide from yield,occur modification attr var provide yield,it will have one or more | Migration,one | migration,59,10,0
1512,"[1, 1, 0, 0, 0]","pos weight tensor, optional a weight of Positive examples.",po weight tensor optional weight positive example,it will have one or more | Migration,one | migration,58,9,1
1513,"[1, 1, 0, 0, 0]",of the following Attributes,following attribute,it will have one or more | Migration,one | migration,27,4,0
1514,"[1, 1, 0, 0, 0]","habituation A List Of tuples of app path, migration Name",habituation list tuples app path migration name,it will have one or more | Migration,one | migration,56,10,0
1515,"[1, 1, 0, 0, 0]",of the Following attributes,following attribute,it will have one or more | Migration,one | migration,27,4,0
1516,"[1, 1, 0, 0, 0]",other parameter can be provided as documented at,parameter provided documented,it will have one or more | Migration,one | migration,48,8,0
1517,"[1, 1, 0, 0, 0]",func contextfunction s Get the Active context passed as first contention,func contextfunction get active context passed first contention,it will have one or more | Migration,one | migration,72,11,0
1518,"[1, 1, 0, 0, 0]",modifications on attr parent mustiness not,modification attr parent mustiness,it will have one or more | Migration,one | migration,42,6,1
1519,"[1, 1, 0, 0, 0]","run before a list of tuples of App path, migration name",run list tuples app path migration name,it will have one or more | Migration,one | migration,55,11,0
1520,"[1, 1, 0, 0, 0]",modification on attr Parent mustiness not,modification attr parent mustiness,it will have one or more | Migration,one | migration,41,6,0
1521,"[1, 1, 0, 0, 0]",Happen and modifications on attr vars are Allowed from yield,happen modification attr var allowed yield,it will have one or more | Migration,one | migration,60,10,0
1522,"[1, 1, 0, 0, 0]",other Parameters can Be Provided as attested at,parameter provided attested,it will have one or more | Migration,one | migration,47,8,0
1523,"[1, 1, 0, 0, 0]",it volition have one or more,volition one,it will have one or more | Migration,one | migration,28,6,0
1524,"[1, 1, 0, 0, 0]","pos weight tensor, optional a weight of confirming examples.",po weight tensor optional weight confirming example,it will have one or more | Migration,one | migration,60,9,1
1525,"[1, 1, 0, 0, 0]",and Are permit to admittance the circumstance scan only.,permit admittance circumstance scan,it will have one or more | Migration,one | migration,56,9,0
1526,"[1, 1, 0, 0, 0]",func contextfunction S get the active context passed As first controversy,func contextfunction get active context passed first controversy,it will have one or more | Migration,one | migration,73,11,0
1527,"[1, 1, 0, 0, 0]","operations a List Of operation instances, probably from django^db.migrations^operations",operation list operation instance probably django db migration operation,it will have one or more | Migration,one | migration,87,9,1
1528,"[1, 1, 0, 0, 0]","operations a name of operation instances, probably from django^db.migrations^operations",operation name operation instance probably django db migration operation,it will have one or more | Migration,one | migration,87,9,1
1529,"[1, 1, 0, 0, 0]","procedure A number of operation instances, probably from django^db.migrations^operations",procedure number operation instance probably django db migration operation,it will have one or more | Migration,one | migration,88,9,0
1530,"[1, 1, 0, 0, 0]",func contextfunction S get the active circumstance passed as first parameter,func contextfunction get active circumstance passed first parameter,it will have one or more | Migration,one | migration,76,11,0
1531,"[1, 1, 0, 0, 0]",Replaces a list of migration discover,replaces list migration discover,it will have one or more | Migration,one | migration,37,6,1
1532,"[1, 1, 0, 0, 0]",and mathematics represent arbitrary spatial dimensions.,mathematics represent arbitrary spatial dimension,it will have one or more | Migration,one | migration,55,6,0
1533,"[1, 1, 0, 0, 0]",of The following Attributes,following attribute,it will have one or more | Migration,one | migration,27,4,0
1534,"[1, 1, 0, 0, 0]","pos Weight Tensor, optional a weight of positive examples.",po weight tensor optional weight positive example,it will have one or more | Migration,one | migration,58,9,1
1535,"[1, 1, 0, 0, 0]",replaces a list of migration refer,replaces list migration refer,it will have one or more | Migration,one | migration,34,6,1
1536,"[1, 1, 0, 0, 0]","run Before a list of tuples Of app path, migration diagnose",run list tuples app path migration diagnose,it will have one or more | Migration,one | migration,59,11,0
1537,"[1, 1, 0, 0, 0]",early parameters Can Be provided as documented at,early parameter provided documented,it will have one or more | Migration,one | migration,49,8,0
1538,"[1, 1, 0, 0, 0]",other argument can be leave as documented at,argument leave documented,it will have one or more | Migration,one | migration,44,8,0
1539,"[1, 1, 0, 0, 0]",modifications on attr Parent must not,modification attr parent must,it will have one or more | Migration,one | migration,37,6,1
1540,"[1, 1, 0, 0, 0]",Modifications on attr parent mustiness not,modification attr parent mustiness,it will have one or more | Migration,one | migration,42,6,1
1541,"[1, 1, 0, 0, 0]",and maths represent arbitrary spatial dimensions.,math represent arbitrary spatial dimension,it will have one or more | Migration,one | migration,49,6,0
1542,"[1, 1, 0, 0, 0]",and mathematics represent arbitrary spacial dimensions.,mathematics represent arbitrary spacial dimension,it will have one or more | Migration,one | migration,55,6,0
1543,"[1, 1, 0, 0, 0]",func contextfunction s get the active context run As first argument,func contextfunction get active context run first argument,it will have one or more | Migration,one | migration,67,11,0
1544,"[1, 1, 0, 0, 0]",replaces a list Of migration names,replaces list migration name,it will have one or more | Migration,one | migration,34,6,1
1545,"[1, 1, 0, 0, 0]",Happen and adjustment on attr Vars are allowed From Generated,happen adjustment attr var allowed generated,it will have one or more | Migration,one | migration,61,10,0
1546,"[1, 1, 0, 0, 0]","pos slant tensor, optional a weight of overconfident examples.",po slant tensor optional weight overconfident example,it will have one or more | Migration,one | migration,62,9,1
1547,"[1, 1, 0, 0, 0]",other parameters can be provided as documented At,parameter provided documented,it will have one or more | Migration,one | migration,49,8,0
1548,"[1, 1, 0, 0, 0]",Other parameters can Be provided as documented At,parameter provided documented,it will have one or more | Migration,one | migration,49,8,0
1549,"[1, 1, 0, 0, 0]",And are Allowed To access the setting read only.,allowed access setting read,it will have one or more | Migration,one | migration,48,9,0
1550,"[1, 1, 0, 0, 0]",happen And limiting on attr vars are allowed from generated,happen limiting attr var allowed generated,it will have one or more | Migration,one | migration,59,10,0
1551,"[1, 1, 0, 0, 0]","pos weight tensor, optional a burden of Positive examples.",po weight tensor optional burden positive example,it will have one or more | Migration,one | migration,58,9,1
1552,"[1, 1, 0, 0, 0]",materialise and modifications on Attr Vars are admit from yield,materialise modification attr var admit yield,it will have one or more | Migration,one | migration,63,10,0
1553,"[1, 1, 0, 0, 0]",other parameters can be render As documented at,parameter render documented,it will have one or more | Migration,one | migration,47,8,0
1554,"[1, 1, 0, 0, 0]",and are allowed to Access the context interpret Only.,allowed access context interpret,it will have one or more | Migration,one | migration,53,9,0
1555,"[1, 1, 0, 0, 0]",and are allowed to admittance the circumstance Read only.,allowed admittance circumstance read,it will have one or more | Migration,one | migration,57,9,0
1556,"[1, 1, 0, 0, 0]","Dependencies a List of tuples of app path, migration name",dependency list tuples app path migration name,it will have one or more | Migration,one | migration,57,10,1
1557,"[1, 1, 0, 0, 0]",and are allowed to Access the context read only.,allowed access context read,it will have one or more | Migration,one | migration,48,9,0
1558,"[1, 1, 0, 0, 0]",alteration on attr parent must not,alteration attr parent must,it will have one or more | Migration,one | migration,34,6,0
1559,"[1, 1, 0, 0, 0]",func contextfunction s get The Active circumstance communicate as first argument,func contextfunction get active circumstance communicate first argument,it will have one or more | Migration,one | migration,80,11,0
1560,"[1, 1, 0, 0, 0]",and are allowed to access the circumstance take only.,allowed access circumstance take,it will have one or more | Migration,one | migration,53,9,0
1561,"[1, 1, 0, 0, 0]",occur and alteration on attr vars are appropriate From generated,occur alteration attr var appropriate generated,it will have one or more | Migration,one | migration,64,10,0
1562,"[1, 1, 0, 0, 0]",template Code only.,template code,it will have one or more | Migration,one | migration,19,3,0
1563,"[1, 1, 0, 0, 0]",happen and Modifications on attr vars are allowed from give,happen modification attr var allowed give,it will have one or more | Migration,one | migration,59,10,0
1564,"[1, 1, 0, 0, 0]","Dependencies a list of tuples Of app path, migration name",dependency list tuples app path migration name,it will have one or more | Migration,one | migration,57,10,1
1565,"[1, 1, 0, 0, 0]","run before a list of tuples of app Path, migration name",run list tuples app path migration name,it will have one or more | Migration,one | migration,55,11,0
1566,"[1, 1, 0, 0, 0]",template dribble and global functions pock as,template dribble global function pock,it will have one or more | Migration,one | migration,45,7,0
1567,"[1, 1, 0, 0, 0]",hap and modifications on attr vars Are allow from yield,hap modification attr var allow yield,it will have one or more | Migration,one | migration,55,10,0
1568,"[1, 1, 0, 0, 0]","pos weight Tensor, optional a weight of confident Examples.",po weight tensor optional weight confident example,it will have one or more | Migration,one | migration,59,9,1
1569,"[1, 1, 0, 0, 0]",template filters And global functions distinguish as,template filter global function distinguish,it will have one or more | Migration,one | migration,52,7,0
1570,"[1, 1, 0, 0, 0]",happen and change on attr vars are allowed from sire,happen change attr var allowed sire,it will have one or more | Migration,one | migration,52,10,0
1571,"[1, 1, 0, 0, 0]","run Before a list of tuples of app path, migration appoint",run list tuples app path migration appoint,it will have one or more | Migration,one | migration,58,11,0
1572,"[1, 1, 0, 0, 0]",And mathematics represent arbitrary spacial dimensions.,mathematics represent arbitrary spacial dimension,it will have one or more | Migration,one | migration,55,6,0
1573,"[1, 1, 0, 0, 0]",qualifying on attr parent must not,qualifying attr parent must,it will have one or more | Migration,one | migration,34,6,0
1574,"[1, 1, 0, 0, 0]","dependencies a heel of tuples of app path, migration name",dependency heel tuples app path migration name,it will have one or more | Migration,one | migration,57,10,1
1575,"[1, 1, 0, 0, 0]",and Math represent arbitrary spatial dimensions.,math represent arbitrary spatial dimension,it will have one or more | Migration,one | migration,48,6,0
1576,"[1, 1, 0, 0, 0]",of The following assign,following assign,it will have one or more | Migration,one | migration,23,4,0
1577,"[1, 1, 0, 0, 0]",func Contextfunction s get the Active Context Passed as outset argument,func contextfunction get active context passed outset argument,it will have one or more | Migration,one | migration,71,11,0
1578,"[1, 1, 0, 0, 0]",happen and modifications on attr var are allowed from generated,happen modification attr var allowed generated,it will have one or more | Migration,one | migration,63,10,0
1579,"[1, 1, 0, 0, 0]",and are permit to Access the context read only.,permit access context read,it will have one or more | Migration,one | migration,47,9,0
1580,"[1, 1, 0, 0, 0]","run ahead a listing of tuples Of app Path, migration name",run ahead listing tuples app path migration name,it will have one or more | Migration,one | migration,57,11,0
1581,"[1, 1, 0, 0, 0]",and are allowed to access the setting read only.,allowed access setting read,it will have one or more | Migration,one | migration,48,9,0
1582,"[1, 1, 0, 0, 0]","functioning a List of surgery Instances, probably from django^db.migrations^operations",functioning list surgery instance probably django db migration operation,it will have one or more | Migration,one | migration,86,9,0
1583,"[1, 1, 0, 0, 0]",happen and adjustment on attr vars Are allowed from generated,happen adjustment attr var allowed generated,it will have one or more | Migration,one | migration,61,10,0
1584,"[1, 1, 0, 0, 0]","dependencies A list of tuples of App path, migration diagnose",dependency list tuples app path migration diagnose,it will have one or more | Migration,one | migration,61,10,1
1585,"[1, 1, 0, 0, 0]",And are allowed to admission the circumstance read only.,allowed admission circumstance read,it will have one or more | Migration,one | migration,56,9,0
1586,"[1, 1, 0, 0, 0]",replaces a number of migration names,replaces number migration name,it will have one or more | Migration,one | migration,36,6,1
1587,"[1, 1, 0, 0, 0]",of the come attribute,come attribute,it will have one or more | Migration,one | migration,21,4,0
1588,"[1, 1, 0, 0, 0]","Run before a list of tuples of app path, migration call",run list tuples app path migration call,it will have one or more | Migration,one | migration,55,11,0
1589,"[1, 1, 0, 0, 0]",it bequeath let one or more,bequeath let one,it will have one or more | Migration,one | migration,27,6,0
1590,"[1, 1, 0, 0, 0]",of the observe attributes,observe attribute,it will have one or more | Migration,one | migration,25,4,0
1591,"[0, 0, 1, 1, 0]","may also be construct using the operator, which will",may also construct using operator,"all magics are eventually merged into a single namespace at runtime, but we | UserMagics",magic eventually merged single namespace runtime | usermagics,52,9,0
1592,"[0, 0, 1, 1, 0]","if the nonpayment value is an empty list, it is assumed to be a heel of",nonpayment value empty list assumed heel,"all magics are eventually merged into a single namespace at runtime, but we | UserMagics",magic eventually merged single namespace runtime | usermagics,71,16,0
1593,"[0, 0, 1, 1, 0]",expressions may be severalize by whitespace.,expression may severalize whitespace,"all magics are eventually merged into a single namespace at runtime, but we | UserMagics",magic eventually merged single namespace runtime | usermagics,44,6,1
1594,"[0, 0, 1, 1, 0]","if The default value is an empty list, it is accept to be a list of",default value empty list accept list,"all magics are eventually merged into a single namespace at runtime, but we | UserMagics",magic eventually merged single namespace runtime | usermagics,67,16,0
1595,"[0, 0, 1, 1, 0]",stringarray Returns a booleanarray for Comparison methods.,stringarray return booleanarray comparison method,"all magics are eventually merged into a single namespace at runtime, but we | UserMagics",magic eventually merged single namespace runtime | usermagics,58,7,0
1596,"[0, 0, 1, 1, 0]","may too Be constructed using the operator, which volition",may constructed using operator volition,"all magics are eventually merged into a single namespace at runtime, but we | UserMagics",magic eventually merged single namespace runtime | usermagics,57,9,0
1597,"[0, 0, 1, 1, 0]",nesterov impulse is based on the pattern from,nesterov impulse based pattern,"all magics are eventually merged into a single namespace at runtime, but we | UserMagics",magic eventually merged single namespace runtime | usermagics,45,8,0
1598,"[0, 0, 1, 1, 0]","may likewise be build using the operator, which will",may likewise build using operator,"all magics are eventually merged into a single namespace at runtime, but we | UserMagics",magic eventually merged single namespace runtime | usermagics,52,9,0
1599,"[0, 0, 1, 1, 0]",stringarray take a booleanarray for comparison methods.,stringarray take booleanarray comparison method,"all magics are eventually merged into a single namespace at runtime, but we | UserMagics",magic eventually merged single namespace runtime | usermagics,55,7,0
1600,"[0, 0, 1, 1, 0]",values of The Type specified.,value type specified,"all magics are eventually merged into a single namespace at runtime, but we | UserMagics",magic eventually merged single namespace runtime | usermagics,29,5,1
1601,"[0, 0, 1, 1, 0]","all magics are finally merged into a individual namespace at runtime, but we",magic finally merged individual namespace runtime,"all magics are eventually merged into a single namespace at runtime, but we | UserMagics",magic eventually merged single namespace runtime | usermagics,76,13,0
1602,"[0, 0, 1, 1, 0]",Values of the typecast specified.,value typecast specified,"all magics are eventually merged into a single namespace at runtime, but we | UserMagics",magic eventually merged single namespace runtime | usermagics,33,5,1
1603,"[0, 0, 1, 1, 0]","may also be constructed using the Operator, which volition",may also constructed using operator volition,"all magics are eventually merged into a single namespace at runtime, but we | UserMagics",magic eventually merged single namespace runtime | usermagics,58,9,0
1604,"[0, 0, 1, 1, 0]",will moderate lawsuit Sensitive keys.,moderate lawsuit sensitive key,"all magics are eventually merged into a single namespace at runtime, but we | UserMagics",magic eventually merged single namespace runtime | usermagics,37,5,0
1605,"[0, 0, 1, 1, 0]","may also be retrace using the operator, which will",may also retrace using operator,"all magics are eventually merged into a single namespace at runtime, but we | UserMagics",magic eventually merged single namespace runtime | usermagics,50,9,0
1606,"[0, 0, 1, 1, 0]",Stringarray returns a booleanarray for comparing methods.,stringarray return booleanarray comparing method,"all magics are eventually merged into a single namespace at runtime, but we | UserMagics",magic eventually merged single namespace runtime | usermagics,57,7,0
1607,"[0, 0, 1, 1, 0]",preeminence that the targets t i should be numbers,preeminence target number,"all magics are eventually merged into a single namespace at runtime, but we | UserMagics",magic eventually merged single namespace runtime | usermagics,50,9,0
1608,"[0, 0, 1, 1, 0]",note that the targets t i Should be numbers,note target number,"all magics are eventually merged into a single namespace at runtime, but we | UserMagics",magic eventually merged single namespace runtime | usermagics,43,9,0
1609,"[0, 0, 1, 1, 0]",saying may Be separate by whitespace.,saying may separate whitespace,"all magics are eventually merged into a single namespace at runtime, but we | UserMagics",magic eventually merged single namespace runtime | usermagics,37,6,0
1610,"[0, 0, 1, 1, 0]",on the grandness of initialization and momentum in deep learning .,grandness initialization momentum deep learning,"all magics are eventually merged into a single namespace at runtime, but we | UserMagics",magic eventually merged single namespace runtime | usermagics,66,11,0
1611,"[0, 0, 1, 1, 0]","if the default treasure is an empty list, it is false to be a List Of",default treasure empty list false list,"all magics are eventually merged into a single namespace at runtime, but we | UserMagics",magic eventually merged single namespace runtime | usermagics,69,16,0
1612,"[0, 0, 1, 1, 0]",notation that the butt t i should Be act,notation butt act,"all magics are eventually merged into a single namespace at runtime, but we | UserMagics",magic eventually merged single namespace runtime | usermagics,40,9,0
1613,"[0, 0, 1, 1, 0]",on the Importance of initialization and Momentum In mystifying Learning .,importance initialization momentum mystifying learning,"all magics are eventually merged into a single namespace at runtime, but we | UserMagics",magic eventually merged single namespace runtime | usermagics,73,11,0
1614,"[0, 0, 1, 1, 0]",on the importance of initialization and impulse in deep learning .,importance initialization impulse deep learning,"all magics are eventually merged into a single namespace at runtime, but we | UserMagics",magic eventually merged single namespace runtime | usermagics,66,11,0
1615,"[0, 0, 1, 1, 0]",will hold case sensitive keys.,hold case sensitive key,"all magics are eventually merged into a single namespace at runtime, but we | UserMagics",magic eventually merged single namespace runtime | usermagics,30,5,0
1616,"[0, 0, 1, 1, 0]",their own Class.,class,"all magics are eventually merged into a single namespace at runtime, but we | UserMagics",magic eventually merged single namespace runtime | usermagics,16,3,0
1617,"[0, 0, 1, 1, 0]","if the default Value is an empty list, it is assumed to be a list of",default value empty list assumed list,"all magics are eventually merged into a single namespace at runtime, but we | UserMagics",magic eventually merged single namespace runtime | usermagics,68,16,0
1618,"[0, 0, 1, 1, 0]",expression may be secernate by whitespace.,expression may secernate whitespace,"all magics are eventually merged into a single namespace at runtime, but we | UserMagics",magic eventually merged single namespace runtime | usermagics,42,6,0
1619,"[0, 0, 1, 1, 0]",values of the eccentric specified.,value eccentric specified,"all magics are eventually merged into a single namespace at runtime, but we | UserMagics",magic eventually merged single namespace runtime | usermagics,34,5,1
1620,"[0, 0, 1, 1, 0]",expressions may be separated by Whitespace.,expression may separated whitespace,"all magics are eventually merged into a single namespace at runtime, but we | UserMagics",magic eventually merged single namespace runtime | usermagics,43,6,1
1621,"[0, 0, 1, 1, 0]",on the Importance of initialization and momentum in mysterious learning .,importance initialization momentum mysterious learning,"all magics are eventually merged into a single namespace at runtime, but we | UserMagics",magic eventually merged single namespace runtime | usermagics,73,11,0
1622,"[0, 0, 1, 1, 0]",stringarray returns a booleanarray for comparability methods.,stringarray return booleanarray comparability method,"all magics are eventually merged into a single namespace at runtime, but we | UserMagics",magic eventually merged single namespace runtime | usermagics,61,7,0
1623,"[0, 0, 1, 1, 0]","all magics are finally conflate Into a bingle namespace at runtime, but we",magic finally conflate bingle namespace runtime,"all magics are eventually merged into a single namespace at runtime, but we | UserMagics",magic eventually merged single namespace runtime | usermagics,74,13,0
1624,"[0, 0, 1, 1, 0]","All magics are eventually merged into a individual Namespace at Runtime, but we",magic eventually merged individual namespace runtime,"all magics are eventually merged into a single namespace at runtime, but we | UserMagics",magic eventually merged single namespace runtime | usermagics,79,13,0
1625,"[0, 0, 1, 1, 0]",expressions may be Separated by whitespace.,expression may separated whitespace,"all magics are eventually merged into a single namespace at runtime, but we | UserMagics",magic eventually merged single namespace runtime | usermagics,43,6,1
1626,"[0, 0, 1, 1, 0]",nesterov impulse is based on the rule from,nesterov impulse based rule,"all magics are eventually merged into a single namespace at runtime, but we | UserMagics",magic eventually merged single namespace runtime | usermagics,42,8,0
1627,"[0, 0, 1, 1, 0]",On the importance Of Initialization and impulse in deep Learning .,importance initialization impulse deep learning,"all magics are eventually merged into a single namespace at runtime, but we | UserMagics",magic eventually merged single namespace runtime | usermagics,66,11,0
1628,"[0, 0, 1, 1, 0]",on the importance of initialization and momentum in rich learning .,importance initialization momentum rich learning,"all magics are eventually merged into a single namespace at runtime, but we | UserMagics",magic eventually merged single namespace runtime | usermagics,67,11,0
1629,"[0, 0, 1, 1, 0]","All trick are finally merged into a single namespace at runtime, but we",trick finally merged single namespace runtime,"all magics are eventually merged into a single namespace at runtime, but we | UserMagics",magic eventually merged single namespace runtime | usermagics,71,13,0
1630,"[0, 0, 1, 1, 0]","may also Be make exploitation the operator, which will",may also make exploitation operator,"all magics are eventually merged into a single namespace at runtime, but we | UserMagics",magic eventually merged single namespace runtime | usermagics,54,9,0
1631,"[0, 0, 1, 1, 0]","all magics are eventually Merged into a single namespace At runtime, but we",magic eventually merged single namespace runtime,"all magics are eventually merged into a single namespace at runtime, but we | UserMagics",magic eventually merged single namespace runtime | usermagics,75,13,0
1632,"[0, 0, 1, 1, 0]","if the nonpayment Value is An discharge list, it is assumed to be a list of",nonpayment value discharge list assumed list,"all magics are eventually merged into a single namespace at runtime, but we | UserMagics",magic eventually merged single namespace runtime | usermagics,75,16,0
1633,"[0, 0, 1, 1, 0]",Nesterov impulse is based on the recipe from,nesterov impulse based recipe,"all magics are eventually merged into a single namespace at runtime, but we | UserMagics",magic eventually merged single namespace runtime | usermagics,44,8,0
1634,"[0, 0, 1, 1, 0]",Between 0 and 1.,,"all magics are eventually merged into a single namespace at runtime, but we | UserMagics",magic eventually merged single namespace runtime | usermagics,16,4,0
1635,"[0, 0, 1, 1, 0]","all magics are finally Merged into a single namespace at runtime, but we",magic finally merged single namespace runtime,"all magics are eventually merged into a single namespace at runtime, but we | UserMagics",magic eventually merged single namespace runtime | usermagics,72,13,0
1636,"[0, 0, 1, 1, 0]",Will contain typeface sensitive keys.,contain typeface sensitive key,"all magics are eventually merged into a single namespace at runtime, but we | UserMagics",magic eventually merged single namespace runtime | usermagics,37,5,0
1637,"[0, 0, 1, 1, 0]",note that the quarry t i should Be numbers,note quarry number,"all magics are eventually merged into a single namespace at runtime, but we | UserMagics",magic eventually merged single namespace runtime | usermagics,42,9,0
1638,"[0, 0, 1, 1, 0]",oppress backtracking.,oppress backtracking,"all magics are eventually merged into a single namespace at runtime, but we | UserMagics",magic eventually merged single namespace runtime | usermagics,21,2,1
1639,"[0, 0, 1, 1, 0]",nesterov momentum is establish on the formula from,nesterov momentum establish formula,"all magics are eventually merged into a single namespace at runtime, but we | UserMagics",magic eventually merged single namespace runtime | usermagics,50,8,0
1640,"[0, 0, 1, 1, 0]",on the importance of initialization and impulse in cryptical learning .,importance initialization impulse cryptical learning,"all magics are eventually merged into a single namespace at runtime, but we | UserMagics",magic eventually merged single namespace runtime | usermagics,71,11,0
1641,"[0, 0, 1, 1, 0]","may besides be constructed apply the operator, which bequeath",may besides constructed apply operator bequeath,"all magics are eventually merged into a single namespace at runtime, but we | UserMagics",magic eventually merged single namespace runtime | usermagics,61,9,0
1642,"[0, 0, 1, 1, 0]",on the grandness of initialisation And momentum in deep learning .,grandness initialisation momentum deep learning,"all magics are eventually merged into a single namespace at runtime, but we | UserMagics",magic eventually merged single namespace runtime | usermagics,66,11,0
1643,"[0, 0, 1, 1, 0]",Their own class.,class,"all magics are eventually merged into a single namespace at runtime, but we | UserMagics",magic eventually merged single namespace runtime | usermagics,16,3,0
1644,"[0, 0, 1, 1, 0]",their Own class.,class,"all magics are eventually merged into a single namespace at runtime, but we | UserMagics",magic eventually merged single namespace runtime | usermagics,16,3,0
1645,"[0, 0, 1, 1, 0]",nesterov impulse is establish on The formula from,nesterov impulse establish formula,"all magics are eventually merged into a single namespace at runtime, but we | UserMagics",magic eventually merged single namespace runtime | usermagics,49,8,0
1646,"[0, 0, 1, 1, 0]",on The grandness of initialization and momentum in cryptical learning .,grandness initialization momentum cryptical learning,"all magics are eventually merged into a single namespace at runtime, but we | UserMagics",magic eventually merged single namespace runtime | usermagics,71,11,0
1647,"[0, 0, 1, 1, 0]","may too be Constructed using the Operator, which will",may constructed using operator,"all magics are eventually merged into a single namespace at runtime, but we | UserMagics",magic eventually merged single namespace runtime | usermagics,53,9,0
1648,"[0, 0, 1, 1, 0]",Nesterov momentum is establish on The formula from,nesterov momentum establish formula,"all magics are eventually merged into a single namespace at runtime, but we | UserMagics",magic eventually merged single namespace runtime | usermagics,50,8,0
1649,"[0, 0, 1, 1, 0]",nesterov impulse is establish on the formula From,nesterov impulse establish formula,"all magics are eventually merged into a single namespace at runtime, but we | UserMagics",magic eventually merged single namespace runtime | usermagics,49,8,0
1650,"[0, 0, 1, 1, 0]","if the Default value is an empty list, it is assumed to be a leaning of",default value empty list assumed leaning,"all magics are eventually merged into a single namespace at runtime, but we | UserMagics",magic eventually merged single namespace runtime | usermagics,71,16,0
1651,"[0, 0, 1, 1, 0]","if The nonremittal value Is an empty list, it is assumed to be a list of",nonremittal value empty list assumed list,"all magics are eventually merged into a single namespace at runtime, but we | UserMagics",magic eventually merged single namespace runtime | usermagics,72,16,0
1652,"[0, 0, 1, 1, 0]",subdue backtracking.,subdue backtracking,"all magics are eventually merged into a single namespace at runtime, but we | UserMagics",magic eventually merged single namespace runtime | usermagics,20,2,0
1653,"[0, 0, 1, 1, 0]","if the default value Is an hollow list, It is take to be a list of",default value hollow list take list,"all magics are eventually merged into a single namespace at runtime, but we | UserMagics",magic eventually merged single namespace runtime | usermagics,66,16,0
1654,"[0, 0, 1, 1, 0]","may also be manufacture Using the operator, which will",may also manufacture using operator,"all magics are eventually merged into a single namespace at runtime, but we | UserMagics",magic eventually merged single namespace runtime | usermagics,54,9,0
1655,"[0, 0, 1, 1, 0]",stringarray Returns a booleanarray for comparison methods.,stringarray return booleanarray comparison method,"all magics are eventually merged into a single namespace at runtime, but we | UserMagics",magic eventually merged single namespace runtime | usermagics,58,7,0
1656,"[0, 0, 1, 1, 0]","if the nonremittal value is an empty list, it is Assumed to be a list of",nonremittal value empty list assumed list,"all magics are eventually merged into a single namespace at runtime, but we | UserMagics",magic eventually merged single namespace runtime | usermagics,72,16,0
1657,"[0, 0, 1, 1, 0]","All magics are eventually merged Into a single namespace at runtime, but We",magic eventually merged single namespace runtime,"all magics are eventually merged into a single namespace at runtime, but we | UserMagics",magic eventually merged single namespace runtime | usermagics,75,13,0
1658,"[0, 0, 1, 1, 0]",on the grandness of Initialization and impulse in deep learning .,grandness initialization impulse deep learning,"all magics are eventually merged into a single namespace at runtime, but we | UserMagics",magic eventually merged single namespace runtime | usermagics,65,11,0
1659,"[0, 0, 1, 1, 0]",appraise of The type specified.,appraise type specified,"all magics are eventually merged into a single namespace at runtime, but we | UserMagics",magic eventually merged single namespace runtime | usermagics,31,5,0
1660,"[0, 0, 1, 1, 0]",saying may be separated by Whitespace.,saying may separated whitespace,"all magics are eventually merged into a single namespace at runtime, but we | UserMagics",magic eventually merged single namespace runtime | usermagics,38,6,0
1661,"[0, 0, 1, 1, 0]",nesterov impulse is based on The formula from,nesterov impulse based formula,"all magics are eventually merged into a single namespace at runtime, but we | UserMagics",magic eventually merged single namespace runtime | usermagics,45,8,0
1662,"[0, 0, 1, 1, 0]","if the default appraise is an vacate list, It is assumed to be a list of",default appraise vacate list assumed list,"all magics are eventually merged into a single namespace at runtime, but we | UserMagics",magic eventually merged single namespace runtime | usermagics,72,16,0
1663,"[0, 0, 1, 1, 0]",values of the typewrite specified.,value typewrite specified,"all magics are eventually merged into a single namespace at runtime, but we | UserMagics",magic eventually merged single namespace runtime | usermagics,34,5,1
1664,"[0, 0, 1, 1, 0]",will Contain case medium Keys.,contain case medium key,"all magics are eventually merged into a single namespace at runtime, but we | UserMagics",magic eventually merged single namespace runtime | usermagics,30,5,0
1665,"[0, 0, 1, 1, 0]","all illusion are Eventually merged into a single namespace at runtime, but we",illusion eventually merged single namespace runtime,"all magics are eventually merged into a single namespace at runtime, but we | UserMagics",magic eventually merged single namespace runtime | usermagics,77,13,0
1666,"[0, 0, 1, 1, 0]",nesterov momentum Is based on the expression from,nesterov momentum based expression,"all magics are eventually merged into a single namespace at runtime, but we | UserMagics",magic eventually merged single namespace runtime | usermagics,49,8,0
1667,"[0, 0, 1, 1, 0]",expressions May be separated by whitespace.,expression may separated whitespace,"all magics are eventually merged into a single namespace at runtime, but we | UserMagics",magic eventually merged single namespace runtime | usermagics,43,6,1
1668,"[0, 0, 1, 1, 0]",expressions may Be Separated by whitespace.,expression may separated whitespace,"all magics are eventually merged into a single namespace at runtime, but we | UserMagics",magic eventually merged single namespace runtime | usermagics,43,6,1
1669,"[0, 0, 1, 1, 0]","all thaumaturgy are eventually merged into a single namespace at runtime, but we",thaumaturgy eventually merged single namespace runtime,"all magics are eventually merged into a single namespace at runtime, but we | UserMagics",magic eventually merged single namespace runtime | usermagics,80,13,0
1670,"[0, 0, 1, 1, 0]",note that the prey t i should be amount,note prey amount,"all magics are eventually merged into a single namespace at runtime, but we | UserMagics",magic eventually merged single namespace runtime | usermagics,39,9,0
1671,"[0, 0, 1, 1, 0]",volition carry case sensitive keys.,volition carry case sensitive key,"all magics are eventually merged into a single namespace at runtime, but we | UserMagics",magic eventually merged single namespace runtime | usermagics,35,5,0
1672,"[0, 0, 1, 1, 0]",stringarray reelect a booleanarray for compare methods.,stringarray reelect booleanarray compare method,"all magics are eventually merged into a single namespace at runtime, but we | UserMagics",magic eventually merged single namespace runtime | usermagics,55,7,0
1673,"[0, 0, 1, 1, 0]",Note that the targets t i should be numbers,note target number,"all magics are eventually merged into a single namespace at runtime, but we | UserMagics",magic eventually merged single namespace runtime | usermagics,43,9,0
1674,"[0, 0, 1, 1, 0]",remark that the objective t i should be numbers,remark objective number,"all magics are eventually merged into a single namespace at runtime, but we | UserMagics",magic eventually merged single namespace runtime | usermagics,47,9,0
1675,"[0, 0, 1, 1, 0]",will contain case medium keys.,contain case medium key,"all magics are eventually merged into a single namespace at runtime, but we | UserMagics",magic eventually merged single namespace runtime | usermagics,30,5,0
1676,"[0, 0, 1, 1, 0]",note that the point t i Should be Numbers,note point number,"all magics are eventually merged into a single namespace at runtime, but we | UserMagics",magic eventually merged single namespace runtime | usermagics,41,9,0
1677,"[0, 0, 1, 1, 0]","if the default respect is an Empty list, it is feign to be a name of",default respect empty list feign name,"all magics are eventually merged into a single namespace at runtime, but we | UserMagics",magic eventually merged single namespace runtime | usermagics,68,16,0
1678,"[0, 0, 1, 0, 1]",this is called to decorate the set process of intervalindex,called decorate set process intervalindex,this class and its subclasses are responsible for emitting schema changing | BaseDatabaseSchemaEditor,class subclass responsible emitting schema changing | basedatabaseschemaeditor,59,10,1
1679,"[0, 0, 1, 0, 1]",this is called to dress The set operation Of intervalindex,called dress set operation intervalindex,this class and its subclasses are responsible for emitting schema changing | BaseDatabaseSchemaEditor,class subclass responsible emitting schema changing | basedatabaseschemaeditor,58,10,1
1680,"[0, 0, 1, 0, 1]","statements to the Databases model innovation removal alteration, field",statement database model innovation removal alteration field,this class and its subclasses are responsible for emitting schema changing | BaseDatabaseSchemaEditor,class subclass responsible emitting schema changing | basedatabaseschemaeditor,70,9,1
1681,"[0, 0, 1, 0, 1]",this class and its subclasses are Responsible for emitting schema changing,class subclass responsible emitting schema changing,this class and its subclasses are responsible for emitting schema changing | BaseDatabaseSchemaEditor,class subclass responsible emitting schema changing | basedatabaseschemaeditor,74,11,1
1682,"[0, 0, 1, 0, 1]",to execute the type Check in advance.,execute type check advance,this class and its subclasses are responsible for emitting schema changing | BaseDatabaseSchemaEditor,class subclass responsible emitting schema changing | basedatabaseschemaeditor,37,7,0
1683,"[0, 0, 1, 0, 1]",this is called to decorate the set performance Of intervalindex,called decorate set performance intervalindex,this class and its subclasses are responsible for emitting schema changing | BaseDatabaseSchemaEditor,class subclass responsible emitting schema changing | basedatabaseschemaeditor,63,10,1
1684,"[0, 0, 1, 0, 1]",this is called to deck the set operations of intervalindex,called deck set operation intervalindex,this class and its subclasses are responsible for emitting schema changing | BaseDatabaseSchemaEditor,class subclass responsible emitting schema changing | basedatabaseschemaeditor,58,10,1
1685,"[0, 0, 1, 0, 1]",spatialrefsys target to quash redundant code.,spatialrefsys target quash redundant code,this class and its subclasses are responsible for emitting schema changing | BaseDatabaseSchemaEditor,class subclass responsible emitting schema changing | basedatabaseschemaeditor,45,6,1
1686,"[0, 0, 1, 0, 1]",this class and its subclasses are responsible for utter scheme changing,class subclass responsible utter scheme changing,this class and its subclasses are responsible for emitting schema changing | BaseDatabaseSchemaEditor,class subclass responsible emitting schema changing | basedatabaseschemaeditor,71,11,1
1687,"[0, 0, 1, 0, 1]","renaming, exponent fiddling, and so on.",renaming exponent fiddling,this class and its subclasses are responsible for emitting schema changing | BaseDatabaseSchemaEditor,class subclass responsible emitting schema changing | basedatabaseschemaeditor,39,6,0
1688,"[0, 0, 1, 0, 1]",This Is shout to decorate The set Operations of intervalindex,shout decorate set operation intervalindex,this class and its subclasses are responsible for emitting schema changing | BaseDatabaseSchemaEditor,class subclass responsible emitting schema changing | basedatabaseschemaeditor,61,10,1
1689,"[0, 0, 1, 0, 1]","statements to the databases model universe removal alteration, field",statement database model universe removal alteration field,this class and its subclasses are responsible for emitting schema changing | BaseDatabaseSchemaEditor,class subclass responsible emitting schema changing | basedatabaseschemaeditor,68,9,1
1690,"[0, 0, 1, 0, 1]",to perform the Type check in advance.,perform type check advance,this class and its subclasses are responsible for emitting schema changing | BaseDatabaseSchemaEditor,class subclass responsible emitting schema changing | basedatabaseschemaeditor,37,7,0
1691,"[0, 0, 1, 0, 1]",this class and its subclass are creditworthy for emitting schema interchange,class subclass creditworthy emitting schema interchange,this class and its subclasses are responsible for emitting schema changing | BaseDatabaseSchemaEditor,class subclass responsible emitting schema changing | basedatabaseschemaeditor,76,11,1
1692,"[0, 0, 1, 0, 1]",this class and its Subclasses Are responsible for emitting Schema changing,class subclass responsible emitting schema changing,this class and its subclasses are responsible for emitting schema changing | BaseDatabaseSchemaEditor,class subclass responsible emitting schema changing | basedatabaseschemaeditor,74,11,1
1693,"[0, 0, 1, 0, 1]",to perform the case check in advance.,perform case check advance,this class and its subclasses are responsible for emitting schema changing | BaseDatabaseSchemaEditor,class subclass responsible emitting schema changing | basedatabaseschemaeditor,37,7,0
1694,"[0, 0, 1, 0, 1]",Spatialrefsys objects to reduce Redundant code.,spatialrefsys object reduce redundant code,this class and its subclasses are responsible for emitting schema changing | BaseDatabaseSchemaEditor,class subclass responsible emitting schema changing | basedatabaseschemaeditor,47,6,1
1695,"[0, 0, 1, 0, 1]","Renaming, index fiddling, and so On.",renaming index fiddling,this class and its subclasses are responsible for emitting schema changing | BaseDatabaseSchemaEditor,class subclass responsible emitting schema changing | basedatabaseschemaeditor,36,6,0
1696,"[0, 0, 1, 0, 1]",to do the character bridle in advance.,character bridle advance,this class and its subclasses are responsible for emitting schema changing | BaseDatabaseSchemaEditor,class subclass responsible emitting schema changing | basedatabaseschemaeditor,38,7,0
1697,"[0, 0, 1, 0, 1]",spatialrefsys target to concentrate redundant code.,spatialrefsys target concentrate redundant code,this class and its subclasses are responsible for emitting schema changing | BaseDatabaseSchemaEditor,class subclass responsible emitting schema changing | basedatabaseschemaeditor,51,6,1
1698,"[0, 0, 1, 0, 1]",To perform the type stay in advance.,perform type stay advance,this class and its subclasses are responsible for emitting schema changing | BaseDatabaseSchemaEditor,class subclass responsible emitting schema changing | basedatabaseschemaeditor,36,7,0
1699,"[0, 0, 1, 0, 1]",to perform the type retard in advance.,perform type retard advance,this class and its subclasses are responsible for emitting schema changing | BaseDatabaseSchemaEditor,class subclass responsible emitting schema changing | basedatabaseschemaeditor,38,7,0
1700,"[0, 0, 1, 0, 1]",this is called to embellish the set procedure of intervalindex,called embellish set procedure intervalindex,this class and its subclasses are responsible for emitting schema changing | BaseDatabaseSchemaEditor,class subclass responsible emitting schema changing | basedatabaseschemaeditor,62,10,1
1701,"[0, 0, 1, 0, 1]",this class and its subclasses are responsible for breathe schema switch,class subclass responsible breathe schema switch,this class and its subclasses are responsible for emitting schema changing | BaseDatabaseSchemaEditor,class subclass responsible emitting schema changing | basedatabaseschemaeditor,71,11,1
1702,"[0, 0, 1, 0, 1]",spatialrefsys aim to reduce redundant code.,spatialrefsys aim reduce redundant code,this class and its subclasses are responsible for emitting schema changing | BaseDatabaseSchemaEditor,class subclass responsible emitting schema changing | basedatabaseschemaeditor,43,6,1
1703,"[0, 0, 1, 0, 1]","statements to the databases model creation Removal alteration, battlefield",statement database model creation removal alteration battlefield,this class and its subclasses are responsible for emitting schema changing | BaseDatabaseSchemaEditor,class subclass responsible emitting schema changing | basedatabaseschemaeditor,74,9,1
1704,"[0, 0, 1, 0, 1]",this class And its subclasses are responsible for emitting schema changing,class subclass responsible emitting schema changing,this class and its subclasses are responsible for emitting schema changing | BaseDatabaseSchemaEditor,class subclass responsible emitting schema changing | basedatabaseschemaeditor,74,11,1
1705,"[0, 0, 1, 0, 1]",this class and its subclasses are creditworthy for breathe outline Changing,class subclass creditworthy breathe outline changing,this class and its subclasses are responsible for emitting schema changing | BaseDatabaseSchemaEditor,class subclass responsible emitting schema changing | basedatabaseschemaeditor,75,11,1
1706,"[0, 0, 1, 0, 1]","renaming, index Fiddling, and So on.",renaming index fiddling,this class and its subclasses are responsible for emitting schema changing | BaseDatabaseSchemaEditor,class subclass responsible emitting schema changing | basedatabaseschemaeditor,36,6,0
1707,"[0, 0, 1, 0, 1]",this class and its subclasses are responsible for emitting schema shift,class subclass responsible emitting schema shift,this class and its subclasses are responsible for emitting schema changing | BaseDatabaseSchemaEditor,class subclass responsible emitting schema changing | basedatabaseschemaeditor,71,11,1
1708,"[0, 0, 1, 0, 1]",this class and its subclasses are responsible for breathe Schema changing,class subclass responsible breathe schema changing,this class and its subclasses are responsible for emitting schema changing | BaseDatabaseSchemaEditor,class subclass responsible emitting schema changing | basedatabaseschemaeditor,73,11,1
1709,"[0, 0, 1, 0, 1]","statements to the databases framework creation removal alteration, arena",statement database framework creation removal alteration arena,this class and its subclasses are responsible for emitting schema changing | BaseDatabaseSchemaEditor,class subclass responsible emitting schema changing | basedatabaseschemaeditor,72,9,1
1710,"[0, 0, 1, 0, 1]",this class and Its subclasses are responsible for emit Schema changing,class subclass responsible emit schema changing,this class and its subclasses are responsible for emitting schema changing | BaseDatabaseSchemaEditor,class subclass responsible emitting schema changing | basedatabaseschemaeditor,70,11,1
1711,"[0, 0, 1, 0, 1]","statement To the databases model Creation remotion alteration, field",statement database model creation remotion alteration field,this class and its subclasses are responsible for emitting schema changing | BaseDatabaseSchemaEditor,class subclass responsible emitting schema changing | basedatabaseschemaeditor,68,9,0
1712,"[0, 0, 1, 0, 1]","renaming, forefinger fiddling, and so on.",renaming forefinger fiddling,this class and its subclasses are responsible for emitting schema changing | BaseDatabaseSchemaEditor,class subclass responsible emitting schema changing | basedatabaseschemaeditor,41,6,0
1713,"[0, 0, 1, 0, 1]",this class and its subclasses are responsible for emit schema deepen,class subclass responsible emit schema deepen,this class and its subclasses are responsible for emitting schema changing | BaseDatabaseSchemaEditor,class subclass responsible emitting schema changing | basedatabaseschemaeditor,68,11,1
1714,"[0, 0, 1, 0, 1]",This class And its subclasses are creditworthy for utter schema changing,class subclass creditworthy utter schema changing,this class and its subclasses are responsible for emitting schema changing | BaseDatabaseSchemaEditor,class subclass responsible emitting schema changing | basedatabaseschemaeditor,72,11,1
1715,"[0, 0, 1, 0, 1]",This class and its subclass are responsible for emitting Schema convert,class subclass responsible emitting schema convert,this class and its subclasses are responsible for emitting schema changing | BaseDatabaseSchemaEditor,class subclass responsible emitting schema changing | basedatabaseschemaeditor,71,11,1
1716,"[0, 0, 1, 0, 1]",this is predict to deck the set operations of intervalindex,predict deck set operation intervalindex,this class and its subclasses are responsible for emitting schema changing | BaseDatabaseSchemaEditor,class subclass responsible emitting schema changing | basedatabaseschemaeditor,59,10,1
1717,"[0, 0, 1, 0, 1]",this is called to decorate the set Operations of intervalindex,called decorate set operation intervalindex,this class and its subclasses are responsible for emitting schema changing | BaseDatabaseSchemaEditor,class subclass responsible emitting schema changing | basedatabaseschemaeditor,62,10,1
1718,"[0, 0, 1, 0, 1]",to perform the type Check in advance.,perform type check advance,this class and its subclasses are responsible for emitting schema changing | BaseDatabaseSchemaEditor,class subclass responsible emitting schema changing | basedatabaseschemaeditor,37,7,0
1719,"[0, 0, 1, 0, 1]",Spatialrefsys Objects to reduce extra code.,spatialrefsys object reduce extra code,this class and its subclasses are responsible for emitting schema changing | BaseDatabaseSchemaEditor,class subclass responsible emitting schema changing | basedatabaseschemaeditor,43,6,1
1720,"[0, 0, 1, 0, 1]",Spatialrefsys aim To reduce redundant code.,spatialrefsys aim reduce redundant code,this class and its subclasses are responsible for emitting schema changing | BaseDatabaseSchemaEditor,class subclass responsible emitting schema changing | basedatabaseschemaeditor,43,6,1
1721,"[0, 0, 1, 0, 1]","renaming, index fiddling, And so on.",renaming index fiddling,this class and its subclasses are responsible for emitting schema changing | BaseDatabaseSchemaEditor,class subclass responsible emitting schema changing | basedatabaseschemaeditor,36,6,0
1722,"[0, 0, 1, 0, 1]",This is Called to decorate the set operations of intervalindex,called decorate set operation intervalindex,this class and its subclasses are responsible for emitting schema changing | BaseDatabaseSchemaEditor,class subclass responsible emitting schema changing | basedatabaseschemaeditor,62,10,1
1723,"[0, 0, 1, 0, 1]",this class and Its subclasses are responsible for breathe schema transfer,class subclass responsible breathe schema transfer,this class and its subclasses are responsible for emitting schema changing | BaseDatabaseSchemaEditor,class subclass responsible emitting schema changing | basedatabaseschemaeditor,73,11,1
1724,"[0, 0, 1, 0, 1]","statements to The database model creation remotion alteration, field",statement database model creation remotion alteration field,this class and its subclasses are responsible for emitting schema changing | BaseDatabaseSchemaEditor,class subclass responsible emitting schema changing | basedatabaseschemaeditor,68,9,1
1725,"[0, 0, 1, 0, 1]",this Is telephone to adorn the set operations of intervalindex,telephone adorn set operation intervalindex,this class and its subclasses are responsible for emitting schema changing | BaseDatabaseSchemaEditor,class subclass responsible emitting schema changing | basedatabaseschemaeditor,62,10,1
1726,"[0, 0, 1, 0, 1]",to perform The Type tally in advance.,perform type tally advance,this class and its subclasses are responsible for emitting schema changing | BaseDatabaseSchemaEditor,class subclass responsible emitting schema changing | basedatabaseschemaeditor,37,7,0
1727,"[0, 0, 1, 0, 1]","statements to The database model foundation removal alteration, plain",statement database model foundation removal alteration plain,this class and its subclasses are responsible for emitting schema changing | BaseDatabaseSchemaEditor,class subclass responsible emitting schema changing | basedatabaseschemaeditor,69,9,1
1728,"[0, 0, 1, 0, 1]","statements to the databases Model creation remotion alteration, Field",statement database model creation remotion alteration field,this class and its subclasses are responsible for emitting schema changing | BaseDatabaseSchemaEditor,class subclass responsible emitting schema changing | basedatabaseschemaeditor,69,9,1
1729,"[0, 0, 1, 0, 1]",this class and Its subclasses are responsible for emitting schema changing,class subclass responsible emitting schema changing,this class and its subclasses are responsible for emitting schema changing | BaseDatabaseSchemaEditor,class subclass responsible emitting schema changing | basedatabaseschemaeditor,74,11,1
1730,"[0, 0, 1, 0, 1]","renaming, Index fiddling, and so on.",renaming index fiddling,this class and its subclasses are responsible for emitting schema changing | BaseDatabaseSchemaEditor,class subclass responsible emitting schema changing | basedatabaseschemaeditor,36,6,0
1731,"[0, 0, 1, 0, 1]","renaming, index fiddling, and So on.",renaming index fiddling,this class and its subclasses are responsible for emitting schema changing | BaseDatabaseSchemaEditor,class subclass responsible emitting schema changing | basedatabaseschemaeditor,36,6,0
1732,"[0, 0, 1, 0, 1]","Statements to the databases model Creation removal alteration, Field",statement database model creation removal alteration field,this class and its subclasses are responsible for emitting schema changing | BaseDatabaseSchemaEditor,class subclass responsible emitting schema changing | basedatabaseschemaeditor,68,9,1
1733,"[0, 0, 1, 0, 1]",to execute the character stop in advance.,execute character stop advance,this class and its subclasses are responsible for emitting schema changing | BaseDatabaseSchemaEditor,class subclass responsible emitting schema changing | basedatabaseschemaeditor,41,7,0
1734,"[0, 0, 1, 0, 1]",spatialrefsys object to reduce redundant code.,spatialrefsys object reduce redundant code,this class and its subclasses are responsible for emitting schema changing | BaseDatabaseSchemaEditor,class subclass responsible emitting schema changing | basedatabaseschemaeditor,46,6,1
1735,"[0, 0, 1, 0, 1]",this class and its subclass are responsible for utter Schema changing,class subclass responsible utter schema changing,this class and its subclasses are responsible for emitting schema changing | BaseDatabaseSchemaEditor,class subclass responsible emitting schema changing | basedatabaseschemaeditor,69,11,1
1736,"[0, 0, 1, 0, 1]",this is called to embellish the set operations Of intervalindex,called embellish set operation intervalindex,this class and its subclasses are responsible for emitting schema changing | BaseDatabaseSchemaEditor,class subclass responsible emitting schema changing | basedatabaseschemaeditor,63,10,1
1737,"[0, 0, 1, 0, 1]",spatialrefsys objects to subjugate redundant code.,spatialrefsys object subjugate redundant code,this class and its subclasses are responsible for emitting schema changing | BaseDatabaseSchemaEditor,class subclass responsible emitting schema changing | basedatabaseschemaeditor,50,6,1
1738,"[0, 0, 1, 0, 1]","argument to the databases modeling innovation Removal alteration, champaign",argument database modeling innovation removal alteration champaign,this class and its subclasses are responsible for emitting schema changing | BaseDatabaseSchemaEditor,class subclass responsible emitting schema changing | basedatabaseschemaeditor,75,9,0
1739,"[0, 0, 1, 0, 1]",spatialrefsys object to Reduce redundant code.,spatialrefsys object reduce redundant code,this class and its subclasses are responsible for emitting schema changing | BaseDatabaseSchemaEditor,class subclass responsible emitting schema changing | basedatabaseschemaeditor,46,6,1
1740,"[0, 0, 1, 0, 1]","Statements to the databases sit creation Removal alteration, Field",statement database sit creation removal alteration field,this class and its subclasses are responsible for emitting schema changing | BaseDatabaseSchemaEditor,class subclass responsible emitting schema changing | basedatabaseschemaeditor,66,9,1
1741,"[0, 0, 1, 0, 1]",to execute the type crack in advance.,execute type crack advance,this class and its subclasses are responsible for emitting schema changing | BaseDatabaseSchemaEditor,class subclass responsible emitting schema changing | basedatabaseschemaeditor,37,7,0
1742,"[0, 0, 1, 0, 1]","renaming, Index fiddling, and So on.",renaming index fiddling,this class and its subclasses are responsible for emitting schema changing | BaseDatabaseSchemaEditor,class subclass responsible emitting schema changing | basedatabaseschemaeditor,36,6,0
1743,"[0, 0, 1, 0, 1]",spatialrefsys target to foreshorten redundant code.,spatialrefsys target foreshorten redundant code,this class and its subclasses are responsible for emitting schema changing | BaseDatabaseSchemaEditor,class subclass responsible emitting schema changing | basedatabaseschemaeditor,51,6,1
1744,"[0, 0, 1, 0, 1]",to perform the Type cheque in advance.,perform type cheque advance,this class and its subclasses are responsible for emitting schema changing | BaseDatabaseSchemaEditor,class subclass responsible emitting schema changing | basedatabaseschemaeditor,38,7,0
1745,"[0, 0, 1, 0, 1]",this is called to decorate the Set Operations of intervalindex,called decorate set operation intervalindex,this class and its subclasses are responsible for emitting schema changing | BaseDatabaseSchemaEditor,class subclass responsible emitting schema changing | basedatabaseschemaeditor,62,10,1
1746,"[0, 0, 1, 0, 1]","statements to the databases model world remotion alteration, field",statement database model world remotion alteration field,this class and its subclasses are responsible for emitting schema changing | BaseDatabaseSchemaEditor,class subclass responsible emitting schema changing | basedatabaseschemaeditor,66,9,1
1747,"[0, 0, 1, 0, 1]",to perform The type check in Advance.,perform type check advance,this class and its subclasses are responsible for emitting schema changing | BaseDatabaseSchemaEditor,class subclass responsible emitting schema changing | basedatabaseschemaeditor,37,7,0
1748,"[0, 0, 1, 0, 1]",this is called to decorate the set performance of intervalindex,called decorate set performance intervalindex,this class and its subclasses are responsible for emitting schema changing | BaseDatabaseSchemaEditor,class subclass responsible emitting schema changing | basedatabaseschemaeditor,63,10,1
1749,"[0, 0, 1, 0, 1]",this class and its Subclasses are creditworthy for emitting scheme Changing,class subclass creditworthy emitting scheme changing,this class and its subclasses are responsible for emitting schema changing | BaseDatabaseSchemaEditor,class subclass responsible emitting schema changing | basedatabaseschemaeditor,75,11,1
1750,"[0, 0, 1, 0, 1]",this class and its subclasses are Responsible for emitting schema interchange,class subclass responsible emitting schema interchange,this class and its subclasses are responsible for emitting schema changing | BaseDatabaseSchemaEditor,class subclass responsible emitting schema changing | basedatabaseschemaeditor,77,11,1
1751,"[0, 0, 1, 0, 1]",to perform the Type moderate in advance.,perform type moderate advance,this class and its subclasses are responsible for emitting schema changing | BaseDatabaseSchemaEditor,class subclass responsible emitting schema changing | basedatabaseschemaeditor,40,7,0
1752,"[0, 0, 1, 0, 1]",spatialrefsys objects to reduce supererogatory code.,spatialrefsys object reduce supererogatory code,this class and its subclasses are responsible for emitting schema changing | BaseDatabaseSchemaEditor,class subclass responsible emitting schema changing | basedatabaseschemaeditor,52,6,1
1753,"[0, 0, 1, 0, 1]","statements to the Databases model Creation remotion alteration, field",statement database model creation remotion alteration field,this class and its subclasses are responsible for emitting schema changing | BaseDatabaseSchemaEditor,class subclass responsible emitting schema changing | basedatabaseschemaeditor,69,9,1
1754,"[0, 0, 1, 0, 1]",this class and its subclasses are responsible for emitting outline changing,class subclass responsible emitting outline changing,this class and its subclasses are responsible for emitting schema changing | BaseDatabaseSchemaEditor,class subclass responsible emitting schema changing | basedatabaseschemaeditor,75,11,1
1755,"[0, 0, 1, 0, 1]","renaming, index Fiddling, And so On.",renaming index fiddling,this class and its subclasses are responsible for emitting schema changing | BaseDatabaseSchemaEditor,class subclass responsible emitting schema changing | basedatabaseschemaeditor,36,6,0
1756,"[0, 0, 1, 0, 1]","Statements to the databases simulation instauration remotion alteration, field",statement database simulation instauration remotion alteration field,this class and its subclasses are responsible for emitting schema changing | BaseDatabaseSchemaEditor,class subclass responsible emitting schema changing | basedatabaseschemaeditor,78,9,1
1757,"[0, 0, 1, 0, 1]",this is address to decorate the Set Operations Of intervalindex,address decorate set operation intervalindex,this class and its subclasses are responsible for emitting schema changing | BaseDatabaseSchemaEditor,class subclass responsible emitting schema changing | basedatabaseschemaeditor,63,10,1
1758,"[0, 0, 1, 0, 1]",this class and its Subclasses are responsible for emitting Schema Changing,class subclass responsible emitting schema changing,this class and its subclasses are responsible for emitting schema changing | BaseDatabaseSchemaEditor,class subclass responsible emitting schema changing | basedatabaseschemaeditor,74,11,1
1759,"[0, 0, 1, 0, 1]","statements to the database model creation removal alteration, field",statement database model creation removal alteration field,this class and its subclasses are responsible for emitting schema changing | BaseDatabaseSchemaEditor,class subclass responsible emitting schema changing | basedatabaseschemaeditor,67,9,1
1760,"[0, 0, 1, 0, 1]",spatialrefsys Objects to abbreviate redundant code.,spatialrefsys object abbreviate redundant code,this class and its subclasses are responsible for emitting schema changing | BaseDatabaseSchemaEditor,class subclass responsible emitting schema changing | basedatabaseschemaeditor,51,6,1
1761,"[0, 0, 1, 0, 1]",this is hollo to decorate the Set functioning of Intervalindex,hollo decorate set functioning intervalindex,this class and its subclasses are responsible for emitting schema changing | BaseDatabaseSchemaEditor,class subclass responsible emitting schema changing | basedatabaseschemaeditor,62,10,1
1762,"[0, 0, 1, 0, 1]",to perform the type gibe in advance.,perform type gibe advance,this class and its subclasses are responsible for emitting schema changing | BaseDatabaseSchemaEditor,class subclass responsible emitting schema changing | basedatabaseschemaeditor,36,7,0
1763,"[0, 0, 1, 0, 1]","renaming, indicator fiddling, and so on.",renaming indicator fiddling,this class and its subclasses are responsible for emitting schema changing | BaseDatabaseSchemaEditor,class subclass responsible emitting schema changing | basedatabaseschemaeditor,40,6,0
1764,"[0, 0, 1, 0, 1]",spatialrefsys objective to Reduce redundant code.,spatialrefsys objective reduce redundant code,this class and its subclasses are responsible for emitting schema changing | BaseDatabaseSchemaEditor,class subclass responsible emitting schema changing | basedatabaseschemaeditor,49,6,1
1765,"[0, 0, 1, 0, 1]",this class and its subclass are creditworthy for emitting scheme vary,class subclass creditworthy emitting scheme vary,this class and its subclasses are responsible for emitting schema changing | BaseDatabaseSchemaEditor,class subclass responsible emitting schema changing | basedatabaseschemaeditor,69,11,1
1766,"[0, 0, 1, 0, 1]","affirmation to the database model creation removal alteration, field",affirmation database model creation removal alteration field,this class and its subclasses are responsible for emitting schema changing | BaseDatabaseSchemaEditor,class subclass responsible emitting schema changing | basedatabaseschemaeditor,68,9,0
1767,"[0, 0, 1, 0, 1]",spatialrefsys objective to contract redundant code.,spatialrefsys objective contract redundant code,this class and its subclasses are responsible for emitting schema changing | BaseDatabaseSchemaEditor,class subclass responsible emitting schema changing | basedatabaseschemaeditor,51,6,1
1768,"[0, 0, 1, 0, 1]",spatialrefsys Objects to reduce redundant Code.,spatialrefsys object reduce redundant code,this class and its subclasses are responsible for emitting schema changing | BaseDatabaseSchemaEditor,class subclass responsible emitting schema changing | basedatabaseschemaeditor,47,6,1
1769,"[0, 0, 1, 0, 1]",this is name to Decorate the set operations Of intervalindex,name decorate set operation intervalindex,this class and its subclasses are responsible for emitting schema changing | BaseDatabaseSchemaEditor,class subclass responsible emitting schema changing | basedatabaseschemaeditor,60,10,1
1770,"[0, 0, 1, 0, 1]","command to the databases model creation remotion alteration, field",command database model creation remotion alteration field,this class and its subclasses are responsible for emitting schema changing | BaseDatabaseSchemaEditor,class subclass responsible emitting schema changing | basedatabaseschemaeditor,66,9,0
1771,"[0, 0, 1, 0, 1]",to do the type check in Advance.,type check advance,this class and its subclasses are responsible for emitting schema changing | BaseDatabaseSchemaEditor,class subclass responsible emitting schema changing | basedatabaseschemaeditor,32,7,0
1772,"[0, 1, 0, 0, 1]","a Tuple of three ints in which case, the first int is Used for the depth dimension,",tuple three ints case first int used depth dimension,class for creating enumerated choices. | Choices,class creating enumerated choice | choice,83,17,0
1773,"[0, 1, 0, 0, 1]","a tuple Of Three ints in which case, the first int is used for the depth dimension,",tuple three ints case first int used depth dimension,class for creating enumerated choices. | Choices,class creating enumerated choice | choice,83,17,0
1774,"[0, 1, 0, 0, 1]",make plot of serial Or dataframe.,make plot serial dataframe,class for creating enumerated choices. | Choices,class creating enumerated choice | choice,33,6,0
1775,"[0, 1, 0, 0, 1]","a tuple of three ints in which case, the start int is Used for the depth dimension,",tuple three ints case start int used depth dimension,class for creating enumerated choices. | Choices,class creating enumerated choice | choice,83,17,0
1776,"[0, 1, 0, 0, 1]",class for creating enumerate choices.,class creating enumerate choice,class for creating enumerated choices. | Choices,class creating enumerated choice | choice,37,5,1
1777,"[0, 1, 0, 0, 1]","a tuple of Three ints in which case, the foremost int Is used for the depth dimension,",tuple three ints case foremost int used depth dimension,class for creating enumerated choices. | Choices,class creating enumerated choice | choice,86,17,0
1778,"[0, 1, 0, 0, 1]",make plots Of serial Or dataframe.,make plot serial dataframe,class for creating enumerated choices. | Choices,class creating enumerated choice | choice,34,6,0
1779,"[0, 1, 0, 0, 1]",make plots of serial or dataframe.,make plot serial dataframe,class for creating enumerated choices. | Choices,class creating enumerated choice | choice,34,6,0
1780,"[0, 1, 0, 0, 1]","a Form that creates A user, with no privileges, from the given username and",form creates user privilege given username,class for creating enumerated choices. | Choices,class creating enumerated choice | choice,75,14,0
1781,"[0, 1, 0, 0, 1]",tests A custom remoteusermiddleware subclass with custom http auth user,test custom remoteusermiddleware subclass custom http auth user,class for creating enumerated choices. | Choices,class creating enumerated choice | choice,71,10,1
1782,"[0, 1, 0, 0, 1]","A form that creates A user, with no privileges, from The hold username and",form creates user privilege hold username,class for creating enumerated choices. | Choices,class creating enumerated choice | choice,74,14,0
1783,"[0, 1, 0, 0, 1]",tests a custom remoteusermiddleware subclass with usance http Auth exploiter,test custom remoteusermiddleware subclass usance http auth exploiter,class for creating enumerated choices. | Choices,class creating enumerated choice | choice,76,10,1
1784,"[0, 1, 0, 0, 1]","a tuple of three ints In which case, the low int is used for the depth dimension,",tuple three ints case low int used depth dimension,class for creating enumerated choices. | Choices,class creating enumerated choice | choice,81,17,0
1785,"[0, 1, 0, 0, 1]",tests a Custom remoteusermiddleware subclass with customs http Auth user,test custom remoteusermiddleware subclass custom http auth user,class for creating enumerated choices. | Choices,class creating enumerated choice | choice,72,10,1
1786,"[0, 1, 0, 0, 1]","a tuple Of three ints in which case, the first int is employ for the profundity dimension,",tuple three ints case first int employ profundity dimension,class for creating enumerated choices. | Choices,class creating enumerated choice | choice,90,17,0
1787,"[0, 1, 0, 0, 1]","A form That creates a user, with no privileges, from The given username and",form creates user privilege given username,class for creating enumerated choices. | Choices,class creating enumerated choice | choice,75,14,0
1788,"[0, 1, 0, 0, 1]",work Plots of series or dataframe.,work plot series dataframe,class for creating enumerated choices. | Choices,class creating enumerated choice | choice,34,6,0
1789,"[0, 1, 0, 0, 1]","a tuple of three ints in which case, the offset int is utilise for the depth dimension,",tuple three ints case offset int utilise depth dimension,class for creating enumerated choices. | Choices,class creating enumerated choice | choice,87,17,0
1790,"[0, 1, 0, 0, 1]",class for produce Enumerated choices.,class produce enumerated choice,class for creating enumerated choices. | Choices,class creating enumerated choice | choice,37,5,1
1791,"[0, 1, 0, 0, 1]",Make plot of series or dataframe.,make plot series dataframe,class for creating enumerated choices. | Choices,class creating enumerated choice | choice,33,6,0
1792,"[0, 1, 0, 0, 1]",make plots Of series Or dataframe.,make plot series dataframe,class for creating enumerated choices. | Choices,class creating enumerated choice | choice,34,6,0
1793,"[0, 1, 0, 0, 1]","a form That creates a user, with no privileges, from the Given username and",form creates user privilege given username,class for creating enumerated choices. | Choices,class creating enumerated choice | choice,75,14,0
1794,"[0, 1, 0, 0, 1]",make patch of series or dataframe.,make patch series dataframe,class for creating enumerated choices. | Choices,class creating enumerated choice | choice,34,6,0
1795,"[0, 1, 0, 0, 1]","A Form that creates a user, with no privileges, from the apply username and",form creates user privilege apply username,class for creating enumerated choices. | Choices,class creating enumerated choice | choice,75,14,0
1796,"[0, 1, 0, 0, 1]","a tuple of ternion ints in which case, the First Int is used for the astuteness dimension,",tuple ternion ints case first int used astuteness dimension,class for creating enumerated choices. | Choices,class creating enumerated choice | choice,90,17,0
1797,"[0, 1, 0, 0, 1]","a tuple of three Ints in which case, the first int is Used for the depth dimension,",tuple three ints case first int used depth dimension,class for creating enumerated choices. | Choices,class creating enumerated choice | choice,83,17,0
1798,"[0, 1, 0, 0, 1]",make plots Of Series or dataframe.,make plot series dataframe,class for creating enumerated choices. | Choices,class creating enumerated choice | choice,34,6,0
1799,"[0, 1, 0, 0, 1]","a Form that make a user, with no Privileges, from the given username and",form make user privilege given username,class for creating enumerated choices. | Choices,class creating enumerated choice | choice,72,14,0
1800,"[0, 1, 0, 0, 1]","a mold that creates a user, with no privileges, from the given Username and",mold creates user privilege given username,class for creating enumerated choices. | Choices,class creating enumerated choice | choice,75,14,0
1801,"[0, 1, 0, 0, 1]","a variant That creates a user, with no privileges, from the Given username and",variant creates user privilege given username,class for creating enumerated choices. | Choices,class creating enumerated choice | choice,78,14,0
1802,"[0, 1, 0, 0, 1]","a form that make a user, with no privileges, from the given username and",form make user privilege given username,class for creating enumerated choices. | Choices,class creating enumerated choice | choice,72,14,0
1803,"[0, 1, 0, 0, 1]","a form that creates a user, with no privileges, from The given username and",form creates user privilege given username,class for creating enumerated choices. | Choices,class creating enumerated choice | choice,75,14,0
1804,"[0, 1, 0, 0, 1]","a form that creates a user, with no privileges, from the apply username and",form creates user privilege apply username,class for creating enumerated choices. | Choices,class creating enumerated choice | choice,75,14,0
1805,"[0, 1, 0, 0, 1]","a form that creates a user, with no privileges, from the given Username and",form creates user privilege given username,class for creating enumerated choices. | Choices,class creating enumerated choice | choice,75,14,0
1806,"[0, 1, 0, 0, 1]","A tuple of leash ints in which case, the maiden Int Is expend for the astuteness dimension,",tuple leash ints case maiden int expend astuteness dimension,class for creating enumerated choices. | Choices,class creating enumerated choice | choice,91,17,0
1807,"[0, 1, 0, 0, 1]","a tuple of three ints in which case, The first int Is used for the Depth dimension,",tuple three ints case first int used depth dimension,class for creating enumerated choices. | Choices,class creating enumerated choice | choice,83,17,0
1808,"[0, 1, 0, 0, 1]",Tests a Custom remoteusermiddleware subclass with custom http auth user,test custom remoteusermiddleware subclass custom http auth user,class for creating enumerated choices. | Choices,class creating enumerated choice | choice,71,10,1
1809,"[0, 1, 0, 0, 1]","a Form that produce a User, with no privileges, from the given username and",form produce user privilege given username,class for creating enumerated choices. | Choices,class creating enumerated choice | choice,75,14,0
1810,"[0, 1, 0, 0, 1]","a form that Creates A user, with No privileges, from the given username and",form creates user privilege given username,class for creating enumerated choices. | Choices,class creating enumerated choice | choice,75,14,0
1811,"[0, 1, 0, 0, 1]",class for produce enumerated choices.,class produce enumerated choice,class for creating enumerated choices. | Choices,class creating enumerated choice | choice,37,5,1
1812,"[0, 1, 0, 0, 1]","a tuple of three ints in which case, the first int is practice for the profundity dimension,",tuple three ints case first int practice profundity dimension,class for creating enumerated choices. | Choices,class creating enumerated choice | choice,92,17,0
1813,"[0, 1, 0, 0, 1]","a pattern that creates a user, with no privileges, from the given username And",pattern creates user privilege given username,class for creating enumerated choices. | Choices,class creating enumerated choice | choice,78,14,0
1814,"[0, 1, 0, 0, 1]","a mannikin that creates a user, with no privileges, from the have username and",mannikin creates user privilege username,class for creating enumerated choices. | Choices,class creating enumerated choice | choice,78,14,0
1815,"[0, 1, 0, 0, 1]",tests a usage remoteusermiddleware subclass with usage http auth user,test usage remoteusermiddleware subclass usage http auth user,class for creating enumerated choices. | Choices,class creating enumerated choice | choice,69,10,1
1816,"[0, 1, 0, 0, 1]",class for create enumerated choices.,class create enumerated choice,class for creating enumerated choices. | Choices,class creating enumerated choice | choice,36,5,1
1817,"[0, 1, 0, 0, 1]",Tests a custom Remoteusermiddleware subclass with custom http auth user,test custom remoteusermiddleware subclass custom http auth user,class for creating enumerated choices. | Choices,class creating enumerated choice | choice,71,10,1
1818,"[0, 1, 0, 0, 1]","a tuple of Three ints in which case, the beginning int is used for The astuteness dimension,",tuple three ints case beginning int used astuteness dimension,class for creating enumerated choices. | Choices,class creating enumerated choice | choice,92,17,0
1819,"[0, 1, 0, 0, 1]",class for make itemize choices.,class make itemize choice,class for creating enumerated choices. | Choices,class creating enumerated choice | choice,31,5,1
1820,"[0, 1, 0, 0, 1]",tests a custom remoteusermiddleware subclass with Custom http auth user,test custom remoteusermiddleware subclass custom http auth user,class for creating enumerated choices. | Choices,class creating enumerated choice | choice,71,10,1
1821,"[0, 1, 0, 0, 1]",class for creating numerate choices.,class creating numerate choice,class for creating enumerated choices. | Choices,class creating enumerated choice | choice,36,5,1
1822,"[0, 1, 0, 0, 1]",make plots Of series or dataframe.,make plot series dataframe,class for creating enumerated choices. | Choices,class creating enumerated choice | choice,34,6,0
1823,"[0, 1, 0, 0, 1]",class for creating enumerated Choices.,class creating enumerated choice,class for creating enumerated choices. | Choices,class creating enumerated choice | choice,38,5,1
1824,"[0, 1, 0, 0, 1]","a tuple of trine Ints In which case, the first int is used for the Depth dimension,",tuple trine ints case first int used depth dimension,class for creating enumerated choices. | Choices,class creating enumerated choice | choice,83,17,0
1825,"[0, 1, 0, 0, 1]",tryout A custom remoteusermiddleware subclass with custom http auth user,tryout custom remoteusermiddleware subclass custom http auth user,class for creating enumerated choices. | Choices,class creating enumerated choice | choice,72,10,0
1826,"[0, 1, 0, 0, 1]",class for make enumerated choices.,class make enumerated choice,class for creating enumerated choices. | Choices,class creating enumerated choice | choice,34,5,1
1827,"[0, 1, 0, 0, 1]","a Tuple of three ints In which case, the first int is used for the depth dimension,",tuple three ints case first int used depth dimension,class for creating enumerated choices. | Choices,class creating enumerated choice | choice,83,17,0
1828,"[0, 1, 0, 0, 1]","a Tuple of Three ints in which case, the first int is used for the depth dimension,",tuple three ints case first int used depth dimension,class for creating enumerated choices. | Choices,class creating enumerated choice | choice,83,17,0
1829,"[0, 1, 0, 0, 1]",induce plots of Series or dataframe.,induce plot series dataframe,class for creating enumerated choices. | Choices,class creating enumerated choice | choice,36,6,0
1830,"[0, 1, 0, 0, 1]","a tuple of three ints In which case, the first Int Is Used for the depth dimension,",tuple three ints case first int used depth dimension,class for creating enumerated choices. | Choices,class creating enumerated choice | choice,83,17,0
1831,"[0, 1, 0, 0, 1]",realise plots of series or dataframe.,realise plot series dataframe,class for creating enumerated choices. | Choices,class creating enumerated choice | choice,37,6,0
1832,"[0, 1, 0, 0, 1]",tests a custom remoteusermiddleware subclass with tradition http auth exploiter,test custom remoteusermiddleware subclass tradition http auth exploiter,class for creating enumerated choices. | Choices,class creating enumerated choice | choice,79,10,1
1833,"[0, 1, 0, 0, 1]",make diagram of series or dataframe.,make diagram series dataframe,class for creating enumerated choices. | Choices,class creating enumerated choice | choice,36,6,0
1834,"[0, 1, 0, 0, 1]","a tuple of trinity ints in which case, the first int is used for the depth dimension,",tuple trinity ints case first int used depth dimension,class for creating enumerated choices. | Choices,class creating enumerated choice | choice,85,17,0
1835,"[0, 1, 0, 0, 1]","a tuple of Three ints in which case, the first int is used for the astuteness dimension,",tuple three ints case first int used astuteness dimension,class for creating enumerated choices. | Choices,class creating enumerated choice | choice,88,17,0
1836,"[0, 1, 0, 0, 1]","a tuple of triplet ints in which case, the First int is exploited for the Depth dimension,",tuple triplet ints case first int exploited depth dimension,class for creating enumerated choices. | Choices,class creating enumerated choice | choice,90,17,0
1837,"[0, 1, 0, 0, 1]",Make plots of series or dataframe.,make plot series dataframe,class for creating enumerated choices. | Choices,class creating enumerated choice | choice,34,6,0
1838,"[0, 1, 0, 0, 1]",tests A customs remoteusermiddleware subclass with custom http auth exploiter,test custom remoteusermiddleware subclass custom http auth exploiter,class for creating enumerated choices. | Choices,class creating enumerated choice | choice,77,10,1
1839,"[0, 1, 0, 0, 1]",shuffling plots of serial or dataframe.,shuffling plot serial dataframe,class for creating enumerated choices. | Choices,class creating enumerated choice | choice,39,6,0
1840,"[0, 1, 0, 0, 1]",Tests a custom remoteusermiddleware subclass with usance http auth user,test custom remoteusermiddleware subclass usance http auth user,class for creating enumerated choices. | Choices,class creating enumerated choice | choice,71,10,1
1841,"[0, 1, 0, 0, 1]","a tuple of three ints In which case, the first int is used for the depth dimension,",tuple three ints case first int used depth dimension,class for creating enumerated choices. | Choices,class creating enumerated choice | choice,83,17,0
1842,"[0, 1, 0, 0, 1]","a imprint that creates a user, with no Privileges, from the given username and",imprint creates user privilege given username,class for creating enumerated choices. | Choices,class creating enumerated choice | choice,78,14,0
1843,"[0, 1, 0, 0, 1]",Tests a custom remoteusermiddleware subclass with custom Http auth user,test custom remoteusermiddleware subclass custom http auth user,class for creating enumerated choices. | Choices,class creating enumerated choice | choice,71,10,1
1844,"[0, 1, 0, 0, 1]","a form that produce a user, with no privileges, from the given Username And",form produce user privilege given username,class for creating enumerated choices. | Choices,class creating enumerated choice | choice,75,14,0
1845,"[0, 1, 0, 0, 1]",make Plots of series or dataframe.,make plot series dataframe,class for creating enumerated choices. | Choices,class creating enumerated choice | choice,34,6,0
1846,"[0, 1, 0, 0, 1]","A tuple Of three Ints in which case, the first int is used for the depth dimension,",tuple three ints case first int used depth dimension,class for creating enumerated choices. | Choices,class creating enumerated choice | choice,83,17,0
1847,"[0, 1, 0, 0, 1]",make plots of series Or dataframe.,make plot series dataframe,class for creating enumerated choices. | Choices,class creating enumerated choice | choice,34,6,0
1848,"[0, 1, 0, 0, 1]",tests a custom remoteusermiddleware subclass with custom http Auth exploiter,test custom remoteusermiddleware subclass custom http auth exploiter,class for creating enumerated choices. | Choices,class creating enumerated choice | choice,76,10,1
1849,"[0, 1, 0, 0, 1]",tests a tradition remoteusermiddleware subclass With custom http auth exploiter,test tradition remoteusermiddleware subclass custom http auth exploiter,class for creating enumerated choices. | Choices,class creating enumerated choice | choice,79,10,1
1850,"[0, 1, 0, 0, 1]","a imprint That creates a user, with no privileges, from the grant username and",imprint creates user privilege grant username,class for creating enumerated choices. | Choices,class creating enumerated choice | choice,78,14,0
1851,"[0, 1, 0, 0, 1]",Tests a custom remoteusermiddleware subclass with custom http auth user,test custom remoteusermiddleware subclass custom http auth user,class for creating enumerated choices. | Choices,class creating enumerated choice | choice,71,10,1
1852,"[0, 1, 0, 0, 1]",tests a custom Remoteusermiddleware subclass with custom http auth user,test custom remoteusermiddleware subclass custom http auth user,class for creating enumerated choices. | Choices,class creating enumerated choice | choice,71,10,1
1853,"[0, 1, 0, 0, 1]",Make Plots of Series or dataframe.,make plot series dataframe,class for creating enumerated choices. | Choices,class creating enumerated choice | choice,34,6,0
1854,"[0, 1, 0, 0, 1]","A tuple of Three ints in which case, the first int is Used for the depth dimension,",tuple three ints case first int used depth dimension,class for creating enumerated choices. | Choices,class creating enumerated choice | choice,83,17,0
1855,"[0, 1, 0, 0, 1]","a tuple of trine ints in which case, the first int is habituate for The depth dimension,",tuple trine ints case first int habituate depth dimension,class for creating enumerated choices. | Choices,class creating enumerated choice | choice,88,17,0
1856,"[0, 1, 0, 0, 1]","a tuple of three ints in which case, the firstly int is used for the depth dimension,",tuple three ints case firstly int used depth dimension,class for creating enumerated choices. | Choices,class creating enumerated choice | choice,85,17,0
1857,"[0, 1, 0, 0, 1]",exam A Custom Remoteusermiddleware subclass with impost http auth exploiter,exam custom remoteusermiddleware subclass impost http auth exploiter,class for creating enumerated choices. | Choices,class creating enumerated choice | choice,75,10,0
1858,"[0, 1, 0, 0, 1]",class for create Enumerated choices.,class create enumerated choice,class for creating enumerated choices. | Choices,class creating enumerated choice | choice,36,5,1
1859,"[0, 1, 0, 0, 1]",class for creating number choices.,class creating number choice,class for creating enumerated choices. | Choices,class creating enumerated choice | choice,34,5,1
1860,"[0, 1, 0, 0, 1]",Tests a tradition Remoteusermiddleware Subclass with usance http auth user,test tradition remoteusermiddleware subclass usance http auth user,class for creating enumerated choices. | Choices,class creating enumerated choice | choice,74,10,1
1861,"[0, 1, 0, 0, 1]",make game of series Or dataframe.,make game series dataframe,class for creating enumerated choices. | Choices,class creating enumerated choice | choice,33,6,0
1862,"[0, 1, 0, 0, 1]","A tuple of triplet ints in which case, The first int is Used for the depth dimension,",tuple triplet ints case first int used depth dimension,class for creating enumerated choices. | Choices,class creating enumerated choice | choice,85,17,0
1863,"[0, 1, 0, 0, 1]",class for create enumerated Choices.,class create enumerated choice,class for creating enumerated choices. | Choices,class creating enumerated choice | choice,36,5,1
1864,"[0, 1, 0, 0, 1]","a form That Creates A user, with No privileges, from the feed username and",form creates user privilege feed username,class for creating enumerated choices. | Choices,class creating enumerated choice | choice,74,14,0
1865,"[0, 1, 0, 0, 1]",screen a custom remoteusermiddleware subclass with custom http auth user,screen custom remoteusermiddleware subclass custom http auth user,class for creating enumerated choices. | Choices,class creating enumerated choice | choice,72,10,0
1866,"[0, 1, 0, 0, 1]","a form that produce a user, with no privileges, from the given username and",form produce user privilege given username,class for creating enumerated choices. | Choices,class creating enumerated choice | choice,75,14,0
1867,"[1, 0, 1, 0, 1]",an op namespace to dynamically Bind manipulator into python.,op namespace dynamically bind manipulator python,expression matches at the current position. | FollowedBy,expression match current position | followedby,60,9,0
1868,"[1, 0, 1, 0, 1]",always fall a null token list.,always fall null token list,expression matches at the current position. | FollowedBy,expression match current position | followedby,30,6,1
1869,"[1, 0, 1, 0, 1]",ever returns A null token list.,ever return null token list,expression matches at the current position. | FollowedBy,expression match current position | followedby,31,6,0
1870,"[1, 0, 1, 0, 1]",saying correspond At the current position.,saying correspond current position,expression matches at the current position. | FollowedBy,expression match current position | followedby,42,6,0
1871,"[1, 0, 1, 0, 1]",formula matches at the flow position.,formula match flow position,expression matches at the current position. | FollowedBy,expression match current position | followedby,37,6,0
1872,"[1, 0, 1, 0, 1]",always Returns a null keepsake list.,always return null keepsake list,expression matches at the current position. | FollowedBy,expression match current position | followedby,36,6,1
1873,"[1, 0, 1, 0, 1]",an op namespace to dynamically bind Operators into python.,op namespace dynamically bind operator python,expression matches at the current position. | FollowedBy,expression match current position | followedby,58,9,0
1874,"[1, 0, 1, 0, 1]",always rejoinder a null nominal list.,always rejoinder null nominal list,expression matches at the current position. | FollowedBy,expression match current position | followedby,37,6,1
1875,"[1, 0, 1, 0, 1]",constantly returns a null token list.,constantly return null token list,expression matches at the current position. | FollowedBy,expression match current position | followedby,37,6,0
1876,"[1, 0, 1, 0, 1]",expression Matches at the current position.,expression match current position,expression matches at the current position. | FollowedBy,expression match current position | followedby,43,6,0
1877,"[1, 0, 1, 0, 1]",expression matches At the current position.,expression match current position,expression matches at the current position. | FollowedBy,expression match current position | followedby,43,6,0
1878,"[1, 0, 1, 0, 1]",an op namespace to Dynamically bind operators into python.,op namespace dynamically bind operator python,expression matches at the current position. | FollowedBy,expression match current position | followedby,58,9,0
1879,"[1, 0, 1, 0, 1]",always returns a null relic List.,always return null relic list,expression matches at the current position. | FollowedBy,expression match current position | followedby,33,6,1
1880,"[1, 0, 1, 0, 1]",always returns a null item list.,always return null item list,expression matches at the current position. | FollowedBy,expression match current position | followedby,32,6,1
1881,"[1, 0, 1, 0, 1]",always reelect a null token list.,always reelect null token list,expression matches at the current position. | FollowedBy,expression match current position | followedby,33,6,1
1882,"[1, 0, 1, 0, 1]",an Op namespace to dynamically bind operators into python.,op namespace dynamically bind operator python,expression matches at the current position. | FollowedBy,expression match current position | followedby,58,9,0
1883,"[1, 0, 1, 0, 1]",expression Matches at the flow position.,expression match flow position,expression matches at the current position. | FollowedBy,expression match current position | followedby,40,6,0
1884,"[1, 0, 1, 0, 1]",ever devolve a null token list.,ever devolve null token list,expression matches at the current position. | FollowedBy,expression match current position | followedby,31,6,0
1885,"[1, 0, 1, 0, 1]",always Returns a null Token list.,always return null token list,expression matches at the current position. | FollowedBy,expression match current position | followedby,33,6,1
1886,"[1, 0, 1, 0, 1]",Expression matches at the flow position.,expression match flow position,expression matches at the current position. | FollowedBy,expression match current position | followedby,40,6,0
1887,"[1, 0, 1, 0, 1]",an op namespace to dynamically oblige operators Into python.,op namespace dynamically oblige operator python,expression matches at the current position. | FollowedBy,expression match current position | followedby,60,9,0
1888,"[1, 0, 1, 0, 1]",always returns a null nominal list.,always return null nominal list,expression matches at the current position. | FollowedBy,expression match current position | followedby,35,6,1
1889,"[1, 0, 1, 0, 1]",Always returns a null Token list.,always return null token list,expression matches at the current position. | FollowedBy,expression match current position | followedby,33,6,1
1890,"[1, 0, 1, 0, 1]",expression matches at the stream Position.,expression match stream position,expression matches at the current position. | FollowedBy,expression match current position | followedby,42,6,0
1891,"[1, 0, 1, 0, 1]",an op namespace to dynamically bond manipulator into python.,op namespace dynamically bond manipulator python,expression matches at the current position. | FollowedBy,expression match current position | followedby,60,9,0
1892,"[1, 0, 1, 0, 1]",expression matches at The current Position.,expression match current position,expression matches at the current position. | FollowedBy,expression match current position | followedby,43,6,0
1893,"[1, 0, 1, 0, 1]",aspect tally at The current Position.,aspect tally current position,expression matches at the current position. | FollowedBy,expression match current position | followedby,37,6,0
1894,"[1, 0, 1, 0, 1]",an op namespace to dynamically Bind operators into Python.,op namespace dynamically bind operator python,expression matches at the current position. | FollowedBy,expression match current position | followedby,58,9,0
1895,"[1, 0, 1, 0, 1]",An op Namespace to dynamically Bind Operators into python.,op namespace dynamically bind operator python,expression matches at the current position. | FollowedBy,expression match current position | followedby,58,9,0
1896,"[1, 0, 1, 0, 1]",an Op namespace to dynamically bind operator into python.,op namespace dynamically bind operator python,expression matches at the current position. | FollowedBy,expression match current position | followedby,57,9,0
1897,"[1, 0, 1, 0, 1]",reflection jibe at the stream position.,reflection jibe stream position,expression matches at the current position. | FollowedBy,expression match current position | followedby,39,6,0
1898,"[1, 0, 1, 0, 1]",Always returns A null relic list.,always return null relic list,expression matches at the current position. | FollowedBy,expression match current position | followedby,33,6,1
1899,"[1, 0, 1, 0, 1]",always returns A null token list.,always return null token list,expression matches at the current position. | FollowedBy,expression match current position | followedby,33,6,1
1900,"[1, 0, 1, 0, 1]",constantly returns a null souvenir list.,constantly return null souvenir list,expression matches at the current position. | FollowedBy,expression match current position | followedby,40,6,0
1901,"[1, 0, 1, 0, 1]",always returns a null tokenish list.,always return null tokenish list,expression matches at the current position. | FollowedBy,expression match current position | followedby,36,6,1
1902,"[1, 0, 1, 0, 1]",an op Namespace to dynamically hold operators into python.,op namespace dynamically hold operator python,expression matches at the current position. | FollowedBy,expression match current position | followedby,58,9,0
1903,"[1, 0, 1, 0, 1]",formula matches at the current position.,formula match current position,expression matches at the current position. | FollowedBy,expression match current position | followedby,40,6,0
1904,"[1, 0, 1, 0, 1]",An op namespace to dynamically bond Operators into python.,op namespace dynamically bond operator python,expression matches at the current position. | FollowedBy,expression match current position | followedby,58,9,0
1905,"[1, 0, 1, 0, 1]",expression matches at the Current position.,expression match current position,expression matches at the current position. | FollowedBy,expression match current position | followedby,43,6,0
1906,"[1, 0, 1, 0, 1]",expression jibe at the current position.,expression jibe current position,expression matches at the current position. | FollowedBy,expression match current position | followedby,40,6,0
1907,"[1, 0, 1, 0, 1]",ever returns a null token list.,ever return null token list,expression matches at the current position. | FollowedBy,expression match current position | followedby,31,6,0
1908,"[1, 0, 1, 0, 1]",Always returns a null token list.,always return null token list,expression matches at the current position. | FollowedBy,expression match current position | followedby,33,6,1
1909,"[1, 0, 1, 0, 1]",an op namespace to dynamically truss hustler into python.,op namespace dynamically truss hustler python,expression matches at the current position. | FollowedBy,expression match current position | followedby,57,9,0
1910,"[1, 0, 1, 0, 1]",An op namespace to dynamically bind operators into python.,op namespace dynamically bind operator python,expression matches at the current position. | FollowedBy,expression match current position | followedby,58,9,0
1911,"[1, 0, 1, 0, 1]",always restitution a null keepsake list.,always restitution null keepsake list,expression matches at the current position. | FollowedBy,expression match current position | followedby,40,6,1
1912,"[1, 0, 1, 0, 1]",perpetually returns a null token list.,perpetually return null token list,expression matches at the current position. | FollowedBy,expression match current position | followedby,38,6,0
1913,"[1, 0, 1, 0, 1]",expression matches at the current Position.,expression match current position,expression matches at the current position. | FollowedBy,expression match current position | followedby,43,6,0
1914,"[1, 0, 1, 0, 1]",expression lucifer at the current position.,expression lucifer current position,expression matches at the current position. | FollowedBy,expression match current position | followedby,43,6,0
1915,"[1, 0, 1, 0, 1]",an op Namespace to Dynamically bind operators into python.,op namespace dynamically bind operator python,expression matches at the current position. | FollowedBy,expression match current position | followedby,58,9,0
1916,"[1, 0, 1, 0, 1]",Always deliver a null Token list.,always deliver null token list,expression matches at the current position. | FollowedBy,expression match current position | followedby,33,6,1
1917,"[1, 0, 1, 0, 1]",expression pair at the flow position.,expression pair flow position,expression matches at the current position. | FollowedBy,expression match current position | followedby,37,6,0
1918,"[1, 0, 1, 0, 1]",an Op namespace to dynamically bind Operators into python.,op namespace dynamically bind operator python,expression matches at the current position. | FollowedBy,expression match current position | followedby,58,9,0
1919,"[1, 0, 1, 0, 1]",reflection matches at The stream position.,reflection match stream position,expression matches at the current position. | FollowedBy,expression match current position | followedby,42,6,0
1920,"[1, 0, 1, 0, 1]",forever Returns a null keepsake list.,forever return null keepsake list,expression matches at the current position. | FollowedBy,expression match current position | followedby,37,6,0
1921,"[1, 0, 1, 0, 1]",An op namespace to dynamically bind operators into Python.,op namespace dynamically bind operator python,expression matches at the current position. | FollowedBy,expression match current position | followedby,58,9,0
1922,"[1, 0, 1, 0, 1]",always Returns a null token list.,always return null token list,expression matches at the current position. | FollowedBy,expression match current position | followedby,33,6,1
1923,"[1, 0, 1, 0, 1]",ever returns a null souvenir list.,ever return null souvenir list,expression matches at the current position. | FollowedBy,expression match current position | followedby,34,6,0
1924,"[1, 0, 1, 0, 1]",expression matches at the Current Position.,expression match current position,expression matches at the current position. | FollowedBy,expression match current position | followedby,43,6,0
1925,"[1, 0, 1, 0, 1]",always return a null token list.,always return null token list,expression matches at the current position. | FollowedBy,expression match current position | followedby,32,6,1
1926,"[1, 0, 1, 0, 1]",an op namespace to dynamically bind hustler into python.,op namespace dynamically bind hustler python,expression matches at the current position. | FollowedBy,expression match current position | followedby,56,9,0
1927,"[1, 0, 1, 0, 1]",Expression matches at the Current position.,expression match current position,expression matches at the current position. | FollowedBy,expression match current position | followedby,43,6,0
1928,"[1, 0, 1, 0, 1]",always returns a null souvenir list.,always return null souvenir list,expression matches at the current position. | FollowedBy,expression match current position | followedby,36,6,1
1929,"[1, 0, 1, 0, 1]",forever replication a null token list.,forever replication null token list,expression matches at the current position. | FollowedBy,expression match current position | followedby,38,6,0
1930,"[1, 0, 1, 0, 1]",an op Namespace to dynamically bind operators into python.,op namespace dynamically bind operator python,expression matches at the current position. | FollowedBy,expression match current position | followedby,58,9,0
1931,"[1, 0, 1, 0, 1]",An op namespace to dynamically bind manipulator into python.,op namespace dynamically bind manipulator python,expression matches at the current position. | FollowedBy,expression match current position | followedby,60,9,0
1932,"[1, 0, 1, 0, 1]",expression pit at the flow position.,expression pit flow position,expression matches at the current position. | FollowedBy,expression match current position | followedby,36,6,0
1933,"[1, 0, 1, 0, 1]",an op Namespace to dynamically bind manipulator into python.,op namespace dynamically bind manipulator python,expression matches at the current position. | FollowedBy,expression match current position | followedby,60,9,0
1934,"[1, 0, 1, 0, 1]",an op namespace to dynamically constipate operators into python.,op namespace dynamically constipate operator python,expression matches at the current position. | FollowedBy,expression match current position | followedby,64,9,0
1935,"[1, 0, 1, 0, 1]",always deliver A null token list.,always deliver null token list,expression matches at the current position. | FollowedBy,expression match current position | followedby,33,6,1
1936,"[1, 0, 1, 0, 1]",expression matches at the flow Position.,expression match flow position,expression matches at the current position. | FollowedBy,expression match current position | followedby,40,6,0
1937,"[1, 0, 1, 0, 1]",forever returns a null token list.,forever return null token list,expression matches at the current position. | FollowedBy,expression match current position | followedby,34,6,0
1938,"[1, 0, 1, 0, 1]",expression check at the stream position.,expression check stream position,expression matches at the current position. | FollowedBy,expression match current position | followedby,40,6,0
1939,"[1, 0, 1, 0, 1]",manifestation pit at the current position.,manifestation pit current position,expression matches at the current position. | FollowedBy,expression match current position | followedby,42,6,0
1940,"[1, 0, 1, 0, 1]",saying matches at the current position.,saying match current position,expression matches at the current position. | FollowedBy,expression match current position | followedby,39,6,0
1941,"[1, 0, 1, 0, 1]",incessantly returns a null token list.,incessantly return null token list,expression matches at the current position. | FollowedBy,expression match current position | followedby,38,6,0
1942,"[1, 0, 1, 0, 1]",verbalism matches At the current position.,verbalism match current position,expression matches at the current position. | FollowedBy,expression match current position | followedby,42,6,0
1943,"[1, 0, 1, 0, 1]",an op namespace to dynamically Bind hustler into python.,op namespace dynamically bind hustler python,expression matches at the current position. | FollowedBy,expression match current position | followedby,56,9,0
1944,"[1, 0, 1, 0, 1]",an op namespace to dynamically obligate hustler into python.,op namespace dynamically obligate hustler python,expression matches at the current position. | FollowedBy,expression match current position | followedby,60,9,0
1945,"[1, 0, 1, 0, 1]",an op namespace to dynamically Bind operators into python.,op namespace dynamically bind operator python,expression matches at the current position. | FollowedBy,expression match current position | followedby,58,9,0
1946,"[1, 0, 1, 0, 1]",Expression matches at the current position.,expression match current position,expression matches at the current position. | FollowedBy,expression match current position | followedby,43,6,0
1947,"[1, 0, 1, 0, 1]",always returns a null token List.,always return null token list,expression matches at the current position. | FollowedBy,expression match current position | followedby,33,6,1
1948,"[1, 0, 1, 0, 1]",an op namespace To dynamically bind operators into python.,op namespace dynamically bind operator python,expression matches at the current position. | FollowedBy,expression match current position | followedby,58,9,0
1949,"[1, 0, 1, 0, 1]",always returns a null souvenir List.,always return null souvenir list,expression matches at the current position. | FollowedBy,expression match current position | followedby,36,6,1
1950,"[1, 0, 1, 0, 1]",saying matches at the stream position.,saying match stream position,expression matches at the current position. | FollowedBy,expression match current position | followedby,38,6,0
1951,"[1, 0, 1, 0, 1]",expression equalize at the stream position.,expression equalize stream position,expression matches at the current position. | FollowedBy,expression match current position | followedby,43,6,0
1952,"[1, 0, 1, 0, 1]",reflection matches at the current position.,reflection match current position,expression matches at the current position. | FollowedBy,expression match current position | followedby,43,6,0
1953,"[1, 0, 1, 0, 1]",face matches at the current position.,face match current position,expression matches at the current position. | FollowedBy,expression match current position | followedby,37,6,0
1954,"[1, 0, 1, 0, 1]",verbalism matches at the current position.,verbalism match current position,expression matches at the current position. | FollowedBy,expression match current position | followedby,42,6,0
1955,"[1, 0, 1, 0, 1]",invariably returns a null keepsake list.,invariably return null keepsake list,expression matches at the current position. | FollowedBy,expression match current position | followedby,40,6,0
1956,"[1, 0, 1, 0, 1]",Always fall A null relic list.,always fall null relic list,expression matches at the current position. | FollowedBy,expression match current position | followedby,30,6,1
1957,"[1, 0, 1, 0, 1]",expression matches At the stream position.,expression match stream position,expression matches at the current position. | FollowedBy,expression match current position | followedby,42,6,0
1958,"[1, 0, 1, 0, 1]",an op namespace to dynamically bind operators Into python.,op namespace dynamically bind operator python,expression matches at the current position. | FollowedBy,expression match current position | followedby,58,9,0
1959,"[1, 0, 1, 0, 1]",always returns a null Token list.,always return null token list,expression matches at the current position. | FollowedBy,expression match current position | followedby,33,6,1
1960,"[1, 0, 1, 0, 1]",Always revert a null token list.,always revert null token list,expression matches at the current position. | FollowedBy,expression match current position | followedby,32,6,1
1961,"[1, 0, 1, 0, 1]",always homecoming a null relic List.,always homecoming null relic list,expression matches at the current position. | FollowedBy,expression match current position | followedby,36,6,1
1962,"[1, 0, 1, 0, 1]",expression matches at the flow position.,expression match flow position,expression matches at the current position. | FollowedBy,expression match current position | followedby,40,6,0
1963,"[1, 0, 1, 0, 1]",expression equate at the current position.,expression equate current position,expression matches at the current position. | FollowedBy,expression match current position | followedby,42,6,0
1964,"[1, 0, 1, 1, 0]","In the lookahead expression, those will be returned for access by",lookahead expression returned access,if any results names are defined | FollowedBy,result name defined | followedby,65,11,0
1965,"[1, 0, 1, 1, 0]","in the lookahead expression, those leave be returned for access By",lookahead expression leave returned access,if any results names are defined | FollowedBy,result name defined | followedby,66,11,0
1966,"[1, 0, 1, 1, 0]","in the lookahead expression, those will be Returned for access by",lookahead expression returned access,if any results names are defined | FollowedBy,result name defined | followedby,65,11,0
1967,"[1, 0, 1, 1, 0]",if any results names are limit,result name limit,if any results names are defined | FollowedBy,result name defined | followedby,30,6,0
1968,"[1, 0, 1, 1, 0]",if any results names Are specify,result name specify,if any results names are defined | FollowedBy,result name defined | followedby,32,6,0
1969,"[1, 0, 1, 1, 0]","in the lookahead expression, those Will Be returned for access by",lookahead expression returned access,if any results names are defined | FollowedBy,result name defined | followedby,65,11,0
1970,"[1, 0, 1, 1, 0]","in the lookahead expression, those will Be returned for Access by",lookahead expression returned access,if any results names are defined | FollowedBy,result name defined | followedby,65,11,0
1971,"[1, 0, 1, 1, 0]","in the lookahead Expression, those will be generate for Access by",lookahead expression generate access,if any results names are defined | FollowedBy,result name defined | followedby,65,11,0
1972,"[1, 0, 1, 1, 0]",if any results appoint are defined,result appoint defined,if any results names are defined | FollowedBy,result name defined | followedby,34,6,0
1973,"[1, 0, 1, 1, 0]","in the lookahead expression, those will be returned for admission by",lookahead expression returned admission,if any results names are defined | FollowedBy,result name defined | followedby,68,11,0
1974,"[1, 0, 1, 1, 0]","in The lookahead expression, those volition be returned for approach by",lookahead expression volition returned approach,if any results names are defined | FollowedBy,result name defined | followedby,71,11,0
1975,"[1, 0, 1, 1, 0]","in the lookahead expression, those will Be rejoin for admission by",lookahead expression rejoin admission,if any results names are defined | FollowedBy,result name defined | followedby,66,11,0
1976,"[1, 0, 1, 1, 0]","in the lookahead expression, those will be repay for entree by",lookahead expression repay entree,if any results names are defined | FollowedBy,result name defined | followedby,62,11,0
1977,"[1, 0, 1, 1, 0]",if any answer names are defined,answer name defined,if any results names are defined | FollowedBy,result name defined | followedby,31,6,0
1978,"[1, 0, 1, 1, 0]","in the lookahead expression, Those will be rejoin for access by",lookahead expression rejoin access,if any results names are defined | FollowedBy,result name defined | followedby,63,11,0
1979,"[1, 0, 1, 1, 0]",if any results diagnose are defined,result diagnose defined,if any results names are defined | FollowedBy,result name defined | followedby,35,6,0
1980,"[1, 0, 1, 1, 0]","in the lookahead expression, those will be deliver for admittance by",lookahead expression deliver admittance,if any results names are defined | FollowedBy,result name defined | followedby,68,11,0
1981,"[1, 0, 1, 1, 0]","in the lookahead expression, Those bequeath be Returned for access By",lookahead expression bequeath returned access,if any results names are defined | FollowedBy,result name defined | followedby,69,11,0
1982,"[1, 0, 1, 1, 0]","In the lookahead expression, those testament be repay for admittance by",lookahead expression testament repay admittance,if any results names are defined | FollowedBy,result name defined | followedby,71,11,0
1983,"[1, 0, 1, 1, 0]","In the lookahead expression, those bequeath be returned for access by",lookahead expression bequeath returned access,if any results names are defined | FollowedBy,result name defined | followedby,69,11,0
1984,"[1, 0, 1, 1, 0]","in the lookahead expression, Those leave be Returned for access by",lookahead expression leave returned access,if any results names are defined | FollowedBy,result name defined | followedby,66,11,0
1985,"[1, 0, 1, 1, 0]",if any results figure are defined,result figure defined,if any results names are defined | FollowedBy,result name defined | followedby,33,6,0
1986,"[1, 0, 1, 1, 0]","in The lookahead expression, Those will be returned for admittance by",lookahead expression returned admittance,if any results names are defined | FollowedBy,result name defined | followedby,69,11,0
1987,"[1, 0, 1, 1, 0]","in the lookahead Expression, those will be returned for access by",lookahead expression returned access,if any results names are defined | FollowedBy,result name defined | followedby,65,11,0
1988,"[1, 0, 1, 1, 0]",if any lead names Are defined,lead name defined,if any results names are defined | FollowedBy,result name defined | followedby,29,6,0
1989,"[1, 0, 1, 1, 0]",if any event names are Defined,event name defined,if any results names are defined | FollowedBy,result name defined | followedby,30,6,0
1990,"[1, 0, 1, 1, 0]","in the lookahead Expression, Those will be Returned for Access by",lookahead expression returned access,if any results names are defined | FollowedBy,result name defined | followedby,65,11,0
1991,"[1, 0, 1, 1, 0]","in the lookahead expression, Those will be returned for access by",lookahead expression returned access,if any results names are defined | FollowedBy,result name defined | followedby,65,11,0
1992,"[1, 0, 1, 1, 0]",if Any lead names are outlined,lead name outlined,if any results names are defined | FollowedBy,result name defined | followedby,30,6,0
1993,"[1, 0, 1, 1, 0]",if any leave names are defined,leave name defined,if any results names are defined | FollowedBy,result name defined | followedby,30,6,0
1994,"[1, 0, 1, 1, 0]","in the lookahead expression, those will Be returned for approach By",lookahead expression returned approach,if any results names are defined | FollowedBy,result name defined | followedby,67,11,0
1995,"[1, 0, 1, 1, 0]",if any Results describe are defined,result describe defined,if any results names are defined | FollowedBy,result name defined | followedby,35,6,0
1996,"[1, 0, 1, 1, 0]",if any issue appoint are defined,issue appoint defined,if any results names are defined | FollowedBy,result name defined | followedby,32,6,0
1997,"[1, 0, 1, 1, 0]","in the lookahead expression, those leave be returned for access by",lookahead expression leave returned access,if any results names are defined | FollowedBy,result name defined | followedby,66,11,0
1998,"[1, 0, 1, 1, 0]",if any results distinguish are define,result distinguish define,if any results names are defined | FollowedBy,result name defined | followedby,37,6,0
1999,"[1, 0, 1, 1, 0]",if any solution Names are defined,solution name defined,if any results names are defined | FollowedBy,result name defined | followedby,33,6,0
2000,"[1, 0, 1, 1, 0]",if Any Results discover are defined,result discover defined,if any results names are defined | FollowedBy,result name defined | followedby,35,6,0
2001,"[1, 0, 1, 1, 0]",if any results names are outlined,result name outlined,if any results names are defined | FollowedBy,result name defined | followedby,33,6,0
2002,"[1, 0, 1, 1, 0]",if any Results names are Defined,result name defined,if any results names are defined | FollowedBy,result name defined | followedby,32,6,0
2003,"[1, 0, 1, 1, 0]","In the lookahead Expression, those will be Returned for Access by",lookahead expression returned access,if any results names are defined | FollowedBy,result name defined | followedby,65,11,0
2004,"[1, 0, 1, 1, 0]",if any Results names Are delineate,result name delineate,if any results names are defined | FollowedBy,result name defined | followedby,34,6,0
2005,"[1, 0, 1, 1, 0]","in the lookahead expression, those volition be returned for access by",lookahead expression volition returned access,if any results names are defined | FollowedBy,result name defined | followedby,69,11,0
2006,"[1, 0, 1, 1, 0]",if any issue refer are defined,issue refer defined,if any results names are defined | FollowedBy,result name defined | followedby,30,6,0
2007,"[1, 0, 1, 1, 0]",if Any results names are set,result name set,if any results names are defined | FollowedBy,result name defined | followedby,28,6,0
2008,"[1, 0, 1, 1, 0]","in the lookahead Expression, those bequeath be returned for Access by",lookahead expression bequeath returned access,if any results names are defined | FollowedBy,result name defined | followedby,69,11,0
2009,"[1, 0, 1, 1, 0]",if any lead Names are delineate,lead name delineate,if any results names are defined | FollowedBy,result name defined | followedby,31,6,0
2010,"[1, 0, 1, 1, 0]","in the lookahead expression, those will be pass for Access by",lookahead expression pas access,if any results names are defined | FollowedBy,result name defined | followedby,61,11,0
2011,"[1, 0, 1, 1, 0]",if any Results key are outlined,result key outlined,if any results names are defined | FollowedBy,result name defined | followedby,31,6,0
2012,"[1, 0, 1, 1, 0]",if Any results key Are defined,result key defined,if any results names are defined | FollowedBy,result name defined | followedby,30,6,0
2013,"[1, 0, 1, 1, 0]","in the lookahead expression, those Will be deliver for access by",lookahead expression deliver access,if any results names are defined | FollowedBy,result name defined | followedby,64,11,0
2014,"[1, 0, 1, 1, 0]",if any consequence discover are defined,consequence discover defined,if any results names are defined | FollowedBy,result name defined | followedby,39,6,0
2015,"[1, 0, 1, 1, 0]",if any lead names are Defined,lead name defined,if any results names are defined | FollowedBy,result name defined | followedby,29,6,0
2016,"[1, 0, 1, 1, 0]","In the lookahead expression, those Will be returned for access by",lookahead expression returned access,if any results names are defined | FollowedBy,result name defined | followedby,65,11,0
2017,"[1, 0, 1, 1, 0]","in the lookahead expression, those will Be returned for accession by",lookahead expression returned accession,if any results names are defined | FollowedBy,result name defined | followedby,68,11,0
2018,"[1, 0, 1, 1, 0]","in the lookahead expression, those will be Returned for accession by",lookahead expression returned accession,if any results names are defined | FollowedBy,result name defined | followedby,68,11,0
2019,"[1, 0, 1, 1, 0]",if any consequence names are delimitate,consequence name delimitate,if any results names are defined | FollowedBy,result name defined | followedby,39,6,0
2020,"[1, 0, 1, 1, 0]","in the lookahead Expression, those Will be returned for access by",lookahead expression returned access,if any results names are defined | FollowedBy,result name defined | followedby,65,11,0
2021,"[1, 0, 1, 1, 0]",if any results identify are defined,result identify defined,if any results names are defined | FollowedBy,result name defined | followedby,35,6,0
2022,"[1, 0, 1, 1, 0]",if any consequence names are set,consequence name set,if any results names are defined | FollowedBy,result name defined | followedby,32,6,0
2023,"[1, 0, 1, 1, 0]","in the lookahead expression, those will be fall for access by",lookahead expression fall access,if any results names are defined | FollowedBy,result name defined | followedby,61,11,0
2024,"[1, 0, 1, 1, 0]",if any Results names are defined,result name defined,if any results names are defined | FollowedBy,result name defined | followedby,32,6,0
2025,"[1, 0, 1, 1, 0]",if any termination Names are defined,termination name defined,if any results names are defined | FollowedBy,result name defined | followedby,36,6,0
2026,"[1, 0, 1, 1, 0]",if any answer names Are define,answer name define,if any results names are defined | FollowedBy,result name defined | followedby,30,6,0
2027,"[1, 0, 1, 1, 0]","in the lookahead expression, those will be returned for approach by",lookahead expression returned approach,if any results names are defined | FollowedBy,result name defined | followedby,67,11,0
2028,"[1, 0, 1, 1, 0]",if any Results key are defined,result key defined,if any results names are defined | FollowedBy,result name defined | followedby,30,6,0
2029,"[1, 0, 1, 1, 0]",if any Results call are defined,result call defined,if any results names are defined | FollowedBy,result name defined | followedby,31,6,0
2030,"[1, 0, 1, 1, 0]",if any Results Names are defined,result name defined,if any results names are defined | FollowedBy,result name defined | followedby,32,6,0
2031,"[1, 0, 1, 1, 0]",if Any results names Are delineate,result name delineate,if any results names are defined | FollowedBy,result name defined | followedby,34,6,0
2032,"[1, 0, 1, 1, 0]","in The lookahead expression, those testament be deliver for access by",lookahead expression testament deliver access,if any results names are defined | FollowedBy,result name defined | followedby,69,11,0
2033,"[1, 0, 1, 1, 0]",if Any Results describe are delimitate,result describe delimitate,if any results names are defined | FollowedBy,result name defined | followedby,38,6,0
2034,"[1, 0, 1, 1, 0]","in the lookahead expression, those will be returned for entree by",lookahead expression returned entree,if any results names are defined | FollowedBy,result name defined | followedby,65,11,0
2035,"[1, 0, 1, 1, 0]","in the lookahead expression, those will Be returned for access by",lookahead expression returned access,if any results names are defined | FollowedBy,result name defined | followedby,65,11,0
2036,"[1, 0, 1, 1, 0]","in The lookahead expression, those will be returned for Access by",lookahead expression returned access,if any results names are defined | FollowedBy,result name defined | followedby,65,11,0
2037,"[1, 0, 1, 1, 0]",if any results discover are outlined,result discover outlined,if any results names are defined | FollowedBy,result name defined | followedby,36,6,0
2038,"[1, 0, 1, 1, 0]","in the lookahead expression, those bequeath be returned for access by",lookahead expression bequeath returned access,if any results names are defined | FollowedBy,result name defined | followedby,69,11,0
2039,"[1, 0, 1, 1, 0]",if any ensue refer are defined,ensue refer defined,if any results names are defined | FollowedBy,result name defined | followedby,30,6,0
2040,"[1, 0, 1, 1, 0]",if any results gens are delineate,result gen delineate,if any results names are defined | FollowedBy,result name defined | followedby,33,6,0
2041,"[1, 0, 1, 1, 0]",if any event names are limit,event name limit,if any results names are defined | FollowedBy,result name defined | followedby,28,6,0
2042,"[1, 0, 1, 1, 0]",if any resolution names are defined,resolution name defined,if any results names are defined | FollowedBy,result name defined | followedby,35,6,0
2043,"[1, 0, 1, 1, 0]","in the lookahead expression, those Will be returned for access by",lookahead expression returned access,if any results names are defined | FollowedBy,result name defined | followedby,65,11,0
2044,"[1, 0, 1, 1, 0]",if any effect names are defined,effect name defined,if any results names are defined | FollowedBy,result name defined | followedby,31,6,0
2045,"[1, 0, 1, 1, 0]",if any upshot nominate are limit,upshot nominate limit,if any results names are defined | FollowedBy,result name defined | followedby,32,6,0
2046,"[1, 0, 1, 1, 0]",if any leave mention are Defined,leave mention defined,if any results names are defined | FollowedBy,result name defined | followedby,32,6,0
2047,"[1, 0, 1, 1, 0]",if any upshot names are defined,upshot name defined,if any results names are defined | FollowedBy,result name defined | followedby,31,6,0
2048,"[1, 0, 1, 1, 0]","in the lookahead expression, those will be riposte for access by",lookahead expression riposte access,if any results names are defined | FollowedBy,result name defined | followedby,64,11,0
2049,"[1, 0, 1, 1, 0]","in the lookahead expression, those volition be reelect for access by",lookahead expression volition reelect access,if any results names are defined | FollowedBy,result name defined | followedby,68,11,0
2050,"[1, 0, 1, 1, 0]","in the lookahead Expression, those will be render for access by",lookahead expression render access,if any results names are defined | FollowedBy,result name defined | followedby,63,11,0
2051,"[1, 0, 1, 1, 0]","in the lookahead expression, those will be returned for Access By",lookahead expression returned access,if any results names are defined | FollowedBy,result name defined | followedby,65,11,0
2052,"[1, 0, 1, 1, 0]",if Any results names are delimit,result name delimit,if any results names are defined | FollowedBy,result name defined | followedby,32,6,0
2053,"[1, 0, 1, 1, 0]",if any ensue names are limit,ensue name limit,if any results names are defined | FollowedBy,result name defined | followedby,28,6,0
2054,"[1, 0, 1, 1, 0]",if any ensue refer Are defined,ensue refer defined,if any results names are defined | FollowedBy,result name defined | followedby,30,6,0
2055,"[1, 0, 1, 1, 0]","In the Lookahead expression, Those will be returned for admission by",lookahead expression returned admission,if any results names are defined | FollowedBy,result name defined | followedby,68,11,0
2056,"[1, 0, 1, 1, 0]",if any results names are delineate,result name delineate,if any results names are defined | FollowedBy,result name defined | followedby,34,6,0
2057,"[1, 0, 1, 1, 0]","in the lookahead expression, those Will be returned for Access by",lookahead expression returned access,if any results names are defined | FollowedBy,result name defined | followedby,65,11,0
2058,"[1, 0, 1, 1, 0]","in The lookahead expression, those will be returned for access by",lookahead expression returned access,if any results names are defined | FollowedBy,result name defined | followedby,65,11,0
2059,"[1, 0, 1, 1, 0]","in the lookahead expression, those will be returned for Access by",lookahead expression returned access,if any results names are defined | FollowedBy,result name defined | followedby,65,11,0
2060,"[1, 0, 1, 1, 0]","in the lookahead expression, those will be fall for admission by",lookahead expression fall admission,if any results names are defined | FollowedBy,result name defined | followedby,64,11,0
2061,"[1, 0, 1, 1, 0]",if any Results names are define,result name define,if any results names are defined | FollowedBy,result name defined | followedby,31,6,0
2062,"[1, 0, 0, 0, 1]",the parse data,parse data,"an invalid version was found, users should refer to pep 440. | InvalidVersion",invalid version found user refer pep | invalidversion,14,3,0
2063,"[1, 0, 0, 0, 1]","an invalid variant was found, users Should concern to pep 440.",invalid variant found user concern pep,"an invalid version was found, users should refer to pep 440. | InvalidVersion",invalid version found user refer pep | invalidversion,62,11,0
2064,"[1, 0, 0, 0, 1]","an incapacitate Version Was found, Users should refer to pep 440.",incapacitate version found user refer pep,"an invalid version was found, users should refer to pep 440. | InvalidVersion",invalid version found user refer pep | invalidversion,65,11,0
2065,"[1, 0, 0, 0, 1]",The parsed data,parsed data,"an invalid version was found, users should refer to pep 440. | InvalidVersion",invalid version found user refer pep | invalidversion,15,3,0
2066,"[1, 0, 0, 0, 1]",the parsed datum,parsed datum,"an invalid version was found, users should refer to pep 440. | InvalidVersion",invalid version found user refer pep | invalidversion,16,3,0
2067,"[1, 0, 0, 0, 1]","an incapacitate rendering was Found, Users should refer To pep 440.",incapacitate rendering found user refer pep,"an invalid version was found, users should refer to pep 440. | InvalidVersion",invalid version found user refer pep | invalidversion,67,11,0
2068,"[1, 0, 0, 0, 1]","an incapacitate variation was found, users should refer to pep 440.",incapacitate variation found user refer pep,"an invalid version was found, users should refer to pep 440. | InvalidVersion",invalid version found user refer pep | invalidversion,67,11,0
2069,"[1, 0, 0, 0, 1]","an invalid version was found, users should mention to pep 440.",invalid version found user mention pep,"an invalid version was found, users should refer to pep 440. | InvalidVersion",invalid version found user refer pep | invalidversion,62,11,0
2070,"[1, 0, 0, 0, 1]",the Parsed Data,parsed data,"an invalid version was found, users should refer to pep 440. | InvalidVersion",invalid version found user refer pep | invalidversion,15,3,0
2071,"[1, 0, 0, 0, 1]","an disable version Was found, user should refer to pep 440.",disable version found user refer pep,"an invalid version was found, users should refer to pep 440. | InvalidVersion",invalid version found user refer pep | invalidversion,59,11,0
2072,"[1, 0, 0, 0, 1]","an invalid rendering was found, users should Refer to pep 440.",invalid rendering found user refer pep,"an invalid version was found, users should refer to pep 440. | InvalidVersion",invalid version found user refer pep | invalidversion,62,11,0
2073,"[1, 0, 0, 0, 1]",the parse information,parse information,"an invalid version was found, users should refer to pep 440. | InvalidVersion",invalid version found user refer pep | invalidversion,21,3,0
2074,"[1, 0, 0, 0, 1]",the parsed Data,parsed data,"an invalid version was found, users should refer to pep 440. | InvalidVersion",invalid version found user refer pep | invalidversion,15,3,0
2075,"[1, 0, 0, 0, 1]","an Invalid version was Found, user should Refer to pep 440.",invalid version found user refer pep,"an invalid version was found, users should refer to pep 440. | InvalidVersion",invalid version found user refer pep | invalidversion,59,11,0
2076,"[1, 0, 0, 0, 1]","an incapacitate version was found, users should refer to pep 440.",incapacitate version found user refer pep,"an invalid version was found, users should refer to pep 440. | InvalidVersion",invalid version found user refer pep | invalidversion,65,11,0
2077,"[1, 0, 0, 0, 1]","An invalid Version was found, exploiter should refer to pep 440.",invalid version found exploiter refer pep,"an invalid version was found, users should refer to pep 440. | InvalidVersion",invalid version found user refer pep | invalidversion,64,11,0
2078,"[1, 0, 0, 0, 1]",The parsed datum,parsed datum,"an invalid version was found, users should refer to pep 440. | InvalidVersion",invalid version found user refer pep | invalidversion,16,3,0
2079,"[1, 0, 0, 0, 1]","An invalid reading was found, users should refer to pep 440.",invalid reading found user refer pep,"an invalid version was found, users should refer to pep 440. | InvalidVersion",invalid version found user refer pep | invalidversion,60,11,0
2080,"[1, 0, 0, 0, 1]","an invalid adaptation was found, users should concern to pep 440.",invalid adaptation found user concern pep,"an invalid version was found, users should refer to pep 440. | InvalidVersion",invalid version found user refer pep | invalidversion,65,11,0
2081,"[1, 0, 0, 0, 1]","an Invalid version was found, users should denote to Pep 440.",invalid version found user denote pep,"an invalid version was found, users should refer to pep 440. | InvalidVersion",invalid version found user refer pep | invalidversion,61,11,0
2082,"[1, 0, 0, 0, 1]","an invalid version Was found, users Should refer to pep 440.",invalid version found user refer pep,"an invalid version was found, users should refer to pep 440. | InvalidVersion",invalid version found user refer pep | invalidversion,60,11,0
2083,"[1, 0, 0, 0, 1]",the parsed information,parsed information,"an invalid version was found, users should refer to pep 440. | InvalidVersion",invalid version found user refer pep | invalidversion,22,3,0
2084,"[1, 0, 0, 0, 1]","an handicap version was Found, users should refer to pep 440.",handicap version found user refer pep,"an invalid version was found, users should refer to pep 440. | InvalidVersion",invalid version found user refer pep | invalidversion,61,11,0
2085,"[1, 0, 0, 0, 1]","an invalid version was found, users should Refer to pep 440.",invalid version found user refer pep,"an invalid version was found, users should refer to pep 440. | InvalidVersion",invalid version found user refer pep | invalidversion,60,11,0
2086,"[1, 0, 0, 0, 1]","an invalid Version Was found, user should refer to pep 440.",invalid version found user refer pep,"an invalid version was found, users should refer to pep 440. | InvalidVersion",invalid version found user refer pep | invalidversion,59,11,0
2087,"[1, 0, 0, 0, 1]","an disable variant was found, users should refer to pep 440.",disable variant found user refer pep,"an invalid version was found, users should refer to pep 440. | InvalidVersion",invalid version found user refer pep | invalidversion,60,11,0
2088,"[1, 0, 0, 0, 1]","an invalid translation was found, exploiter should refer to pep 440.",invalid translation found exploiter refer pep,"an invalid version was found, users should refer to pep 440. | InvalidVersion",invalid version found user refer pep | invalidversion,68,11,0
2089,"[1, 0, 0, 0, 1]","an invalid Version was found, exploiter Should refer to pep 440.",invalid version found exploiter refer pep,"an invalid version was found, users should refer to pep 440. | InvalidVersion",invalid version found user refer pep | invalidversion,64,11,0
2090,"[1, 0, 0, 0, 1]","an invalid version was found, user should refer to pep 440.",invalid version found user refer pep,"an invalid version was found, users should refer to pep 440. | InvalidVersion",invalid version found user refer pep | invalidversion,59,11,0
2091,"[1, 0, 0, 0, 1]","an invalid version was found, users should pertain to pep 440.",invalid version found user pertain pep,"an invalid version was found, users should refer to pep 440. | InvalidVersion",invalid version found user refer pep | invalidversion,62,11,0
2092,"[1, 0, 0, 0, 1]","an invalid edition was found, Users should concern to pep 440.",invalid edition found user concern pep,"an invalid version was found, users should refer to pep 440. | InvalidVersion",invalid version found user refer pep | invalidversion,62,11,0
2093,"[1, 0, 0, 0, 1]","An invalid version was found, users should refer to pep 440.",invalid version found user refer pep,"an invalid version was found, users should refer to pep 440. | InvalidVersion",invalid version found user refer pep | invalidversion,60,11,0
2094,"[1, 0, 0, 0, 1]","an incapacitate version was found, users should Refer to pep 440.",incapacitate version found user refer pep,"an invalid version was found, users should refer to pep 440. | InvalidVersion",invalid version found user refer pep | invalidversion,65,11,0
2095,"[1, 0, 0, 0, 1]","an disable version Was found, users should refer to pep 440.",disable version found user refer pep,"an invalid version was found, users should refer to pep 440. | InvalidVersion",invalid version found user refer pep | invalidversion,60,11,0
2096,"[1, 0, 0, 0, 1]",the parse datum,parse datum,"an invalid version was found, users should refer to pep 440. | InvalidVersion",invalid version found user refer pep | invalidversion,15,3,0
2097,"[1, 0, 0, 0, 1]","an invalid version was found, users should concern to pep 440.",invalid version found user concern pep,"an invalid version was found, users should refer to pep 440. | InvalidVersion",invalid version found user refer pep | invalidversion,62,11,0
2098,"[1, 0, 0, 0, 1]",the Parsed data,parsed data,"an invalid version was found, users should refer to pep 440. | InvalidVersion",invalid version found user refer pep | invalidversion,15,3,0
2099,"[1, 0, 0, 0, 1]","an Invalid version was Found, Users should refer to pep 440.",invalid version found user refer pep,"an invalid version was found, users should refer to pep 440. | InvalidVersion",invalid version found user refer pep | invalidversion,60,11,0
2100,"[1, 0, 0, 0, 1]","an invalid version was Found, users should refer to pep 440.",invalid version found user refer pep,"an invalid version was found, users should refer to pep 440. | InvalidVersion",invalid version found user refer pep | invalidversion,60,11,0
2101,"[1, 0, 0, 0, 1]","an handicap adaptation was found, Users Should consult to pep 440.",handicap adaptation found user consult pep,"an invalid version was found, users should refer to pep 440. | InvalidVersion",invalid version found user refer pep | invalidversion,66,11,0
2102,"[1, 0, 0, 0, 1]","an invalid version was found, exploiter Should refer To pep 440.",invalid version found exploiter refer pep,"an invalid version was found, users should refer to pep 440. | InvalidVersion",invalid version found user refer pep | invalidversion,64,11,0
2103,"[1, 0, 0, 0, 1]","an invalid Version was Found, users should consult to pep 440.",invalid version found user consult pep,"an invalid version was found, users should refer to pep 440. | InvalidVersion",invalid version found user refer pep | invalidversion,62,11,0
2104,"[1, 0, 0, 0, 1]",the Parsed datum,parsed datum,"an invalid version was found, users should refer to pep 440. | InvalidVersion",invalid version found user refer pep | invalidversion,16,3,0
2105,"[1, 0, 0, 0, 1]","an invalid variation was found, user should refer to pep 440.",invalid variation found user refer pep,"an invalid version was found, users should refer to pep 440. | InvalidVersion",invalid version found user refer pep | invalidversion,61,11,0
2106,"[1, 0, 0, 0, 1]","An invalid edition was found, users should refer to Pep 440.",invalid edition found user refer pep,"an invalid version was found, users should refer to pep 440. | InvalidVersion",invalid version found user refer pep | invalidversion,60,11,0
2107,"[1, 0, 0, 0, 1]","an invalid version was found, users should denote to pep 440.",invalid version found user denote pep,"an invalid version was found, users should refer to pep 440. | InvalidVersion",invalid version found user refer pep | invalidversion,61,11,0
2108,"[1, 0, 0, 0, 1]","an invalid Version was found, user should advert to pep 440.",invalid version found user advert pep,"an invalid version was found, users should refer to pep 440. | InvalidVersion",invalid version found user refer pep | invalidversion,60,11,0
2109,"[1, 0, 0, 0, 1]","an invalid reading was found, users should Refer to pep 440.",invalid reading found user refer pep,"an invalid version was found, users should refer to pep 440. | InvalidVersion",invalid version found user refer pep | invalidversion,60,11,0
2110,"[1, 0, 0, 0, 1]",The parse datum,parse datum,"an invalid version was found, users should refer to pep 440. | InvalidVersion",invalid version found user refer pep | invalidversion,15,3,0
2111,"[1, 0, 0, 0, 1]","an invalid Version was found, Users should Refer to pep 440.",invalid version found user refer pep,"an invalid version was found, users should refer to pep 440. | InvalidVersion",invalid version found user refer pep | invalidversion,60,11,0
2112,"[1, 0, 0, 0, 1]","An invalid reading was found, users should Refer To pep 440.",invalid reading found user refer pep,"an invalid version was found, users should refer to pep 440. | InvalidVersion",invalid version found user refer pep | invalidversion,60,11,0
2113,"[1, 0, 0, 0, 1]","an invalid reading was found, Users should refer to pep 440.",invalid reading found user refer pep,"an invalid version was found, users should refer to pep 440. | InvalidVersion",invalid version found user refer pep | invalidversion,60,11,0
2114,"[1, 0, 0, 0, 1]","an invalid version was found, Users should refer to pep 440.",invalid version found user refer pep,"an invalid version was found, users should refer to pep 440. | InvalidVersion",invalid version found user refer pep | invalidversion,60,11,0
2115,"[1, 0, 0, 0, 1]","an Invalid version was Found, users Should refer to pep 440.",invalid version found user refer pep,"an invalid version was found, users should refer to pep 440. | InvalidVersion",invalid version found user refer pep | invalidversion,60,11,0
2116,"[1, 0, 0, 0, 1]","an incapacitate version was Found, users should concern to pep 440.",incapacitate version found user concern pep,"an invalid version was found, users should refer to pep 440. | InvalidVersion",invalid version found user refer pep | invalidversion,67,11,0
2117,"[1, 0, 0, 0, 1]","An incapacitate version was found, user should refer to pep 440.",incapacitate version found user refer pep,"an invalid version was found, users should refer to pep 440. | InvalidVersion",invalid version found user refer pep | invalidversion,64,11,0
2118,"[1, 0, 0, 0, 1]","an Invalid version was found, users should cite to pep 440.",invalid version found user cite pep,"an invalid version was found, users should refer to pep 440. | InvalidVersion",invalid version found user refer pep | invalidversion,59,11,0
2119,"[1, 0, 0, 0, 1]",The parsed information,parsed information,"an invalid version was found, users should refer to pep 440. | InvalidVersion",invalid version found user refer pep | invalidversion,22,3,0
2120,"[1, 0, 0, 0, 1]","an invalid version was Found, users should refer To pep 440.",invalid version found user refer pep,"an invalid version was found, users should refer to pep 440. | InvalidVersion",invalid version found user refer pep | invalidversion,60,11,0
2121,"[1, 0, 0, 0, 1]","an invalid adaptation Was found, user should pertain to pep 440.",invalid adaptation found user pertain pep,"an invalid version was found, users should refer to pep 440. | InvalidVersion",invalid version found user refer pep | invalidversion,64,11,0
2122,"[1, 0, 0, 0, 1]","an Invalid version was found, users should refer to pep 440.",invalid version found user refer pep,"an invalid version was found, users should refer to pep 440. | InvalidVersion",invalid version found user refer pep | invalidversion,60,11,0
2123,"[1, 0, 0, 0, 1]",the Parsed information,parsed information,"an invalid version was found, users should refer to pep 440. | InvalidVersion",invalid version found user refer pep | invalidversion,22,3,0
2124,"[1, 0, 0, 0, 1]","an invalid variant was found, users should refer to pep 440.",invalid variant found user refer pep,"an invalid version was found, users should refer to pep 440. | InvalidVersion",invalid version found user refer pep | invalidversion,60,11,0
2125,"[1, 0, 0, 0, 1]","an invalid version was found, Users Should refer to pep 440.",invalid version found user refer pep,"an invalid version was found, users should refer to pep 440. | InvalidVersion",invalid version found user refer pep | invalidversion,60,11,0
2126,"[1, 0, 0, 0, 1]",The parse data,parse data,"an invalid version was found, users should refer to pep 440. | InvalidVersion",invalid version found user refer pep | invalidversion,14,3,0
2127,"[1, 0, 0, 0, 1]","an invalid version was found, Users should advert to pep 440.",invalid version found user advert pep,"an invalid version was found, users should refer to pep 440. | InvalidVersion",invalid version found user refer pep | invalidversion,61,11,0
2128,"[1, 0, 0, 0, 1]","an disable version was found, users should concern to pep 440.",disable version found user concern pep,"an invalid version was found, users should refer to pep 440. | InvalidVersion",invalid version found user refer pep | invalidversion,62,11,0
2129,"[1, 0, 0, 0, 1]","an invalid Version was found, Users should pertain to pep 440.",invalid version found user pertain pep,"an invalid version was found, users should refer to pep 440. | InvalidVersion",invalid version found user refer pep | invalidversion,62,11,0
2130,"[1, 0, 0, 0, 1]","an disable Version was found, user should refer to pep 440.",disable version found user refer pep,"an invalid version was found, users should refer to pep 440. | InvalidVersion",invalid version found user refer pep | invalidversion,59,11,0
2131,"[1, 0, 0, 0, 1]","an invalid edition was found, user should mention To pep 440.",invalid edition found user mention pep,"an invalid version was found, users should refer to pep 440. | InvalidVersion",invalid version found user refer pep | invalidversion,61,11,0
2132,"[1, 0, 0, 0, 1]","an invalid version was found, user Should refer to pep 440.",invalid version found user refer pep,"an invalid version was found, users should refer to pep 440. | InvalidVersion",invalid version found user refer pep | invalidversion,59,11,0
2133,"[1, 0, 0, 0, 1]","an invalid version Was found, Users should refer to pep 440.",invalid version found user refer pep,"an invalid version was found, users should refer to pep 440. | InvalidVersion",invalid version found user refer pep | invalidversion,60,11,0
2134,"[1, 0, 0, 0, 1]","an invalid variation was Found, Users should refer to pep 440.",invalid variation found user refer pep,"an invalid version was found, users should refer to pep 440. | InvalidVersion",invalid version found user refer pep | invalidversion,62,11,0
2135,"[1, 0, 0, 0, 1]","an invalid version was found, users Should refer To pep 440.",invalid version found user refer pep,"an invalid version was found, users should refer to pep 440. | InvalidVersion",invalid version found user refer pep | invalidversion,60,11,0
2136,"[1, 0, 0, 0, 1]","an invalid Version was found, users should Refer to pep 440.",invalid version found user refer pep,"an invalid version was found, users should refer to pep 440. | InvalidVersion",invalid version found user refer pep | invalidversion,60,11,0
2137,"[1, 0, 0, 0, 1]","an invalid version was Found, users should refer to Pep 440.",invalid version found user refer pep,"an invalid version was found, users should refer to pep 440. | InvalidVersion",invalid version found user refer pep | invalidversion,60,11,0
2138,"[1, 0, 0, 0, 1]","an invalid version was found, exploiter should refer to pep 440.",invalid version found exploiter refer pep,"an invalid version was found, users should refer to pep 440. | InvalidVersion",invalid version found user refer pep | invalidversion,64,11,0
2139,"[1, 0, 0, 0, 1]","an invalid variation was Found, users should refer to pep 440.",invalid variation found user refer pep,"an invalid version was found, users should refer to pep 440. | InvalidVersion",invalid version found user refer pep | invalidversion,62,11,0
2140,"[1, 0, 0, 0, 1]","an incapacitate version was found, users should refer To pep 440.",incapacitate version found user refer pep,"an invalid version was found, users should refer to pep 440. | InvalidVersion",invalid version found user refer pep | invalidversion,65,11,0
2141,"[1, 0, 0, 0, 1]","an invalid translation was found, Users should Refer to pep 440.",invalid translation found user refer pep,"an invalid version was found, users should refer to pep 440. | InvalidVersion",invalid version found user refer pep | invalidversion,64,11,0
2142,"[1, 0, 0, 0, 1]","an invalid translation was found, users should refer to pep 440.",invalid translation found user refer pep,"an invalid version was found, users should refer to pep 440. | InvalidVersion",invalid version found user refer pep | invalidversion,64,11,0
2143,"[1, 0, 0, 0, 1]","an invalid interpretation was found, users should refer to Pep 440.",invalid interpretation found user refer pep,"an invalid version was found, users should refer to pep 440. | InvalidVersion",invalid version found user refer pep | invalidversion,67,11,0
2144,"[1, 0, 0, 0, 1]","an invalid edition was found, users should refer to pep 440.",invalid edition found user refer pep,"an invalid version was found, users should refer to pep 440. | InvalidVersion",invalid version found user refer pep | invalidversion,60,11,0
2145,"[1, 0, 0, 0, 1]","an Invalid Version was found, Users should consult to pep 440.",invalid version found user consult pep,"an invalid version was found, users should refer to pep 440. | InvalidVersion",invalid version found user refer pep | invalidversion,62,11,0
2146,"[1, 0, 0, 0, 1]","an disable variation was found, Users should refer to pep 440.",disable variation found user refer pep,"an invalid version was found, users should refer to pep 440. | InvalidVersion",invalid version found user refer pep | invalidversion,62,11,0
2147,"[1, 0, 0, 0, 1]","an Invalid version was Found, users should refer to pep 440.",invalid version found user refer pep,"an invalid version was found, users should refer to pep 440. | InvalidVersion",invalid version found user refer pep | invalidversion,60,11,0
2148,"[1, 0, 0, 0, 1]","an invalid Version was found, users Should refer to pep 440.",invalid version found user refer pep,"an invalid version was found, users should refer to pep 440. | InvalidVersion",invalid version found user refer pep | invalidversion,60,11,0
2149,"[1, 0, 0, 0, 1]","an invalid version was found, users should refer To pep 440.",invalid version found user refer pep,"an invalid version was found, users should refer to pep 440. | InvalidVersion",invalid version found user refer pep | invalidversion,60,11,0
2150,"[1, 0, 0, 0, 1]","an Invalid version was found, Users should pertain to pep 440.",invalid version found user pertain pep,"an invalid version was found, users should refer to pep 440. | InvalidVersion",invalid version found user refer pep | invalidversion,62,11,0
2151,"[1, 0, 0, 0, 1]","an invalid version was found, users should refer to Pep 440.",invalid version found user refer pep,"an invalid version was found, users should refer to pep 440. | InvalidVersion",invalid version found user refer pep | invalidversion,60,11,0
2152,"[1, 0, 0, 0, 1]","An invalid translation was found, users Should refer to pep 440.",invalid translation found user refer pep,"an invalid version was found, users should refer to pep 440. | InvalidVersion",invalid version found user refer pep | invalidversion,64,11,0
2153,"[1, 0, 0, 0, 1]","an incapacitate version Was found, users should refer to pep 440.",incapacitate version found user refer pep,"an invalid version was found, users should refer to pep 440. | InvalidVersion",invalid version found user refer pep | invalidversion,65,11,0
2154,"[1, 0, 0, 0, 1]","an invalid version was found, Users should name to pep 440.",invalid version found user name pep,"an invalid version was found, users should refer to pep 440. | InvalidVersion",invalid version found user refer pep | invalidversion,59,11,0
2155,"[1, 0, 0, 0, 1]",the parse Data,parse data,"an invalid version was found, users should refer to pep 440. | InvalidVersion",invalid version found user refer pep | invalidversion,14,3,0
2156,"[1, 0, 0, 0, 1]","an Invalid Version Was found, user should refer to pep 440.",invalid version found user refer pep,"an invalid version was found, users should refer to pep 440. | InvalidVersion",invalid version found user refer pep | invalidversion,59,11,0
2157,"[1, 0, 0, 0, 1]","an disable version was found, users should refer to pep 440.",disable version found user refer pep,"an invalid version was found, users should refer to pep 440. | InvalidVersion",invalid version found user refer pep | invalidversion,60,11,0
2158,"[1, 0, 0, 0, 1]","an invalid version Was found, user should advert to pep 440.",invalid version found user advert pep,"an invalid version was found, users should refer to pep 440. | InvalidVersion",invalid version found user refer pep | invalidversion,60,11,0
2159,"[1, 0, 0, 0, 1]","An invalid rendering was found, user should refer to pep 440.",invalid rendering found user refer pep,"an invalid version was found, users should refer to pep 440. | InvalidVersion",invalid version found user refer pep | invalidversion,61,11,0
2160,"[1, 1, 0, 1, 0]","to dodging the text, use the",dodging text use,"to escape the text, use the | Markup",escape text use | markup,28,6,0
2161,"[1, 1, 0, 1, 0]","to escapism the text, use the",escapism text use,"to escape the text, use the | Markup",escape text use | markup,29,6,0
2162,"[1, 1, 0, 1, 0]","to leak the text, use the",leak text use,"to escape the text, use the | Markup",escape text use | markup,25,6,0
2163,"[1, 1, 0, 1, 0]","to bunk the text, use the",bunk text use,"to escape the text, use the | Markup",escape text use | markup,25,6,0
2164,"[1, 1, 0, 1, 0]","to escape the Text, use the",escape text use,"to escape the text, use the | Markup",escape text use | markup,27,6,0
2165,"[1, 1, 0, 1, 0]","to miss the text, use the",miss text use,"to escape the text, use the | Markup",escape text use | markup,25,6,0
2166,"[1, 1, 0, 1, 0]","to escape the text, use The",escape text use,"to escape the text, use the | Markup",escape text use | markup,27,6,0
2167,"[1, 1, 0, 1, 0]","to leakage the text, use the",leakage text use,"to escape the text, use the | Markup",escape text use | markup,28,6,0
2168,"[1, 1, 0, 1, 0]","to Escape the text, Use the",escape text use,"to escape the text, use the | Markup",escape text use | markup,27,6,0
2169,"[1, 1, 0, 1, 0]","to flight the text, use the",flight text use,"to escape the text, use the | Markup",escape text use | markup,27,6,0
2170,"[1, 1, 0, 1, 0]","to evasion the Text, use the",evasion text use,"to escape the text, use the | Markup",escape text use | markup,28,6,0
2171,"[1, 1, 0, 1, 0]","to Escape the text, use the",escape text use,"to escape the text, use the | Markup",escape text use | markup,27,6,0
2172,"[1, 1, 0, 1, 0]","to outflow the text, Use the",outflow text use,"to escape the text, use the | Markup",escape text use | markup,28,6,0
2173,"[1, 1, 0, 1, 0]","to outflow the text, use the",outflow text use,"to escape the text, use the | Markup",escape text use | markup,28,6,0
2174,"[1, 1, 0, 1, 0]","To escape the text, use The",escape text use,"to escape the text, use the | Markup",escape text use | markup,27,6,0
2175,"[1, 1, 0, 1, 0]","to Escape The text, use the",escape text use,"to escape the text, use the | Markup",escape text use | markup,27,6,0
2176,"[1, 1, 0, 1, 0]","to escape The text, use the",escape text use,"to escape the text, use the | Markup",escape text use | markup,27,6,0
2177,"[1, 1, 0, 1, 0]","to lam the text, use the",lam text use,"to escape the text, use the | Markup",escape text use | markup,24,6,0
2178,"[1, 1, 0, 1, 0]","to scarper the Text, use the",scarper text use,"to escape the text, use the | Markup",escape text use | markup,28,6,0
2179,"[1, 1, 0, 1, 0]","to elude the text, Use the",elude text use,"to escape the text, use the | Markup",escape text use | markup,26,6,0
2180,"[1, 1, 0, 1, 0]","To escape the Text, use the",escape text use,"to escape the text, use the | Markup",escape text use | markup,27,6,0
2181,"[1, 1, 0, 1, 0]","to scarper the text, use the",scarper text use,"to escape the text, use the | Markup",escape text use | markup,28,6,0
2182,"[1, 1, 0, 1, 0]","to Escape The text, use The",escape text use,"to escape the text, use the | Markup",escape text use | markup,27,6,0
2183,"[1, 1, 0, 1, 0]","To Escape the text, use the",escape text use,"to escape the text, use the | Markup",escape text use | markup,27,6,0
2184,"[1, 1, 0, 1, 0]","to escape the Text, Use the",escape text use,"to escape the text, use the | Markup",escape text use | markup,27,6,0
2185,"[1, 1, 0, 1, 0]","To escape the text, use the",escape text use,"to escape the text, use the | Markup",escape text use | markup,27,6,0
2186,"[1, 1, 0, 1, 0]","to escape the text, Use the",escape text use,"to escape the text, use the | Markup",escape text use | markup,27,6,0
2187,"[1, 1, 0, 1, 0]","to evasion the text, Use the",evasion text use,"to escape the text, use the | Markup",escape text use | markup,28,6,0
2188,"[1, 1, 0, 1, 0]","to leak the Text, use the",leak text use,"to escape the text, use the | Markup",escape text use | markup,25,6,0
2189,"[1, 1, 0, 1, 0]","to run the text, use the",run text use,"to escape the text, use the | Markup",escape text use | markup,24,6,0
2190,"[1, 1, 0, 1, 0]","to escapism the text, use The",escapism text use,"to escape the text, use the | Markup",escape text use | markup,29,6,0
2191,"[1, 1, 0, 1, 0]","To escape The text, use the",escape text use,"to escape the text, use the | Markup",escape text use | markup,27,6,0
2192,"[1, 1, 0, 1, 0]","to Escape the Text, use the",escape text use,"to escape the text, use the | Markup",escape text use | markup,27,6,0
2193,"[1, 1, 0, 1, 0]","To escape the text, Use the",escape text use,"to escape the text, use the | Markup",escape text use | markup,27,6,0
2194,"[1, 1, 0, 1, 0]","to escape the text, Use The",escape text use,"to escape the text, use the | Markup",escape text use | markup,27,6,0
2195,"[1, 1, 0, 1, 0]","to escape The Text, use the",escape text use,"to escape the text, use the | Markup",escape text use | markup,27,6,0
2196,"[1, 1, 0, 1, 0]","to miss the text, Use the",miss text use,"to escape the text, use the | Markup",escape text use | markup,25,6,0
2197,"[1, 1, 0, 1, 0]","to escape The Text, use The",escape text use,"to escape the text, use the | Markup",escape text use | markup,27,6,0
2198,"[1, 1, 0, 1, 0]","to elude the text, use the",elude text use,"to escape the text, use the | Markup",escape text use | markup,26,6,0
2199,"[1, 1, 0, 1, 0]","to scat the text, use the",scat text use,"to escape the text, use the | Markup",escape text use | markup,25,6,0
2200,"[1, 1, 0, 1, 0]","to scat the text, Use the",scat text use,"to escape the text, use the | Markup",escape text use | markup,25,6,0
2201,"[1, 1, 0, 1, 0]","to flight the text, Use the",flight text use,"to escape the text, use the | Markup",escape text use | markup,27,6,0
2202,"[1, 1, 0, 1, 0]","to flight the Text, Use the",flight text use,"to escape the text, use the | Markup",escape text use | markup,27,6,0
2203,"[1, 1, 0, 1, 0]","to evasion the text, use the",evasion text use,"to escape the text, use the | Markup",escape text use | markup,28,6,0
2204,"[1, 1, 0, 1, 0]","to run the text, Use the",run text use,"to escape the text, use the | Markup",escape text use | markup,24,6,0
2205,"[1, 1, 0, 1, 0]","To flight the text, use the",flight text use,"to escape the text, use the | Markup",escape text use | markup,27,6,0
2206,"[1, 1, 0, 1, 0]","to scarper The text, use the",scarper text use,"to escape the text, use the | Markup",escape text use | markup,28,6,0
2207,"[1, 1, 0, 1, 0]","To leakage The text, use the",leakage text use,"to escape the text, use the | Markup",escape text use | markup,28,6,0
2208,"[1, 1, 0, 1, 0]","To scarper the text, use The",scarper text use,"to escape the text, use the | Markup",escape text use | markup,28,6,0
2209,"[1, 1, 0, 1, 0]","to dodging the Text, use the",dodging text use,"to escape the text, use the | Markup",escape text use | markup,28,6,0
2210,"[1, 1, 0, 1, 0]","to scarper The text, use The",scarper text use,"to escape the text, use the | Markup",escape text use | markup,28,6,0
2211,"[1, 1, 0, 1, 0]","to run the text, use The",run text use,"to escape the text, use the | Markup",escape text use | markup,24,6,0
2212,"[1, 1, 0, 1, 0]","to escape The text, Use the",escape text use,"to escape the text, use the | Markup",escape text use | markup,27,6,0
2213,"[1, 1, 0, 1, 0]","To bunk the text, use the",bunk text use,"to escape the text, use the | Markup",escape text use | markup,25,6,0
2214,"[1, 1, 0, 1, 0]","to elude The text, use the",elude text use,"to escape the text, use the | Markup",escape text use | markup,26,6,0
2215,"[1, 1, 0, 1, 0]","To Escape the text, Use the",escape text use,"to escape the text, use the | Markup",escape text use | markup,27,6,0
2216,"[1, 1, 0, 1, 0]","to scat The text, use the",scat text use,"to escape the text, use the | Markup",escape text use | markup,25,6,0
2217,"[1, 1, 0, 1, 0]","To scarper the Text, use The",scarper text use,"to escape the text, use the | Markup",escape text use | markup,28,6,0
2218,"[1, 1, 0, 1, 0]","to leak The text, use the",leak text use,"to escape the text, use the | Markup",escape text use | markup,25,6,0
2219,"[1, 1, 0, 1, 0]","to bunk The text, use the",bunk text use,"to escape the text, use the | Markup",escape text use | markup,25,6,0
2220,"[1, 1, 0, 1, 0]","to escapism the Text, use the",escapism text use,"to escape the text, use the | Markup",escape text use | markup,29,6,0
2221,"[1, 1, 0, 1, 0]","to scarper the text, use The",scarper text use,"to escape the text, use the | Markup",escape text use | markup,28,6,0
2222,"[1, 1, 0, 1, 0]","to leakage the text, use The",leakage text use,"to escape the text, use the | Markup",escape text use | markup,28,6,0
2223,"[1, 1, 0, 1, 0]","to run the Text, use the",run text use,"to escape the text, use the | Markup",escape text use | markup,24,6,0
2224,"[1, 1, 0, 1, 0]","to outflow The text, Use the",outflow text use,"to escape the text, use the | Markup",escape text use | markup,28,6,0
2225,"[1, 1, 0, 1, 0]","to dodging the text, Use the",dodging text use,"to escape the text, use the | Markup",escape text use | markup,28,6,0
2226,"[1, 1, 0, 1, 0]","to Escape The Text, use The",escape text use,"to escape the text, use the | Markup",escape text use | markup,27,6,0
2227,"[1, 1, 0, 1, 0]","to flight the Text, use the",flight text use,"to escape the text, use the | Markup",escape text use | markup,27,6,0
2228,"[1, 1, 0, 1, 0]","to leak the text, Use the",leak text use,"to escape the text, use the | Markup",escape text use | markup,25,6,0
2229,"[1, 1, 0, 1, 0]","To escape The Text, use the",escape text use,"to escape the text, use the | Markup",escape text use | markup,27,6,0
2230,"[1, 1, 0, 1, 0]","to dodging The text, use the",dodging text use,"to escape the text, use the | Markup",escape text use | markup,28,6,0
2231,"[1, 1, 0, 1, 0]","to flight the text, use The",flight text use,"to escape the text, use the | Markup",escape text use | markup,27,6,0
2232,"[1, 1, 0, 1, 0]","to escape the Text, use The",escape text use,"to escape the text, use the | Markup",escape text use | markup,27,6,0
2233,"[1, 1, 0, 1, 0]","to Escape the text, Use The",escape text use,"to escape the text, use the | Markup",escape text use | markup,27,6,0
