index,labels,comment_length,word_count,comment_clean
1,[0 0 1 0 0 0 0],41,7,impl delegate old filesystem
2,[1 0 0 0 0 0 0],50,6,test getfilestatus related listing operation
15,[0 0 1 0 0 0 0],54,8,filesystem filter expose protected method
16,[0 0 1 0 0 0 0],43,5,link listlocatedstatus path pathfilter
18,[0 0 1 0 0 0 0],37,7,type launch container
22,[0 0 1 0 0 0 0],48,8,currently handle text sequence file
25,[0 0 0 0 0 0 1],58,11,cluster balanced pool node balanced
28,[1 0 0 0 0 0 0],20,5,place batch
32,[1 0 0 0 0 0 0],14,2,iterator type
34,[1 0 0 0 0 0 0],58,11,class maintains map block metadata
37,[1 0 0 0 0 0 1],40,6,utils function help block function
38,[1 0 0 0 0 0 0],44,7,class implement link planfollower
39,[1 0 0 0 0 0 0],31,7,invoked timer
41,[1 0 0 0 0 0 0],25,3,link capacityscheduler
43,[0 0 1 0 0 0 0],73,11,adding removing resizing leaf queue scheduler thus affecting
44,[0 0 1 0 0 0 0],70,13,dynamic behavior scheduler way consistent
45,[0 0 1 0 0 0 0],20,4,content plan
47,[0 0 1 0 0 0 0],29,5,available cluster
48,[0 0 0 0 0 0 1],71,10,implementation planfollower relatively stateless
50,[0 0 0 0 0 0 1],35,5,difference among existing queue
52,[0 0 0 0 0 0 1],65,11,synchronization rm restart issue catch necessary
53,[0 0 1 0 0 0 0],58,9,output likely include wildcards classpath
56,[0 0 0 0 1 0 0],210,28,code source file http grepcodecom file repomavenorg maven orgapachemaven maven artifact org apache maven artifact versioning comparableversionjava modification made top source
58,[1 0 0 1 0 0 0],45,5,generic implementation version comparison
59,[0 0 0 1 0 0 0],10,2,p feature
61,[0 0 0 1 0 0 0],40,9,li code milestone code code code li
62,[0 0 0 1 0 0 0],34,9,li code rc code code cr code li
64,[0 0 0 1 0 0 0],67,15,li code empty string code code ga code code final code li
67,[0 0 0 1 0 0 0],102,14,unknown qualifier considered known qualifier lexical order always case insensitive
71,[1 0 0 1 0 0 0],51,9,represents numeric item version item list
72,[1 0 0 1 0 0 0],66,11,represents string version item list usually qualifier
73,[1 0 0 1 0 0 0],31,5,represents version list item
74,[1 0 0 1 0 0 0],78,16,class used global item list sub list start
75,[1 0 0 0 0 0 0],42,7,number version specification
76,[1 0 0 0 0 0 0],54,9,exception throw case configuration problem
77,[1 0 0 0 0 0 1],45,7,utility sampling computing cpu usage
78,[1 0 0 0 0 0 0],47,7,user visible configs based rocksdb tuning page
79,[0 0 0 1 1 0 0],26,3,documentation option
81,[0 0 0 1 1 0 0],71,9,http githubcom facebook rocksdb blob master include rocksdb optionsh
83,[0 0 0 1 1 0 0],45,8,tuning parameter based url
85,[0 0 0 1 1 0 0],69,10,http githubcom facebook rocksdb wiki setup option basic tuning
86,[1 0 0 0 0 0 0],30,4,default rumen json serializer
103,[0 0 0 1 0 0 0],25,3,system installed openssl
117,[0 0 0 0 0 0 1],17,3,however name
118,[0 0 0 1 0 0 1],61,9,changed order preserve backwards compatibility
122,[0 0 0 1 0 0 1],62,10,implementation change list enabled cipher
125,[1 0 1 0 0 0 0],55,9,delegation token identifier specific hdfs
127,[1 0 0 0 0 0 0],69,9,diskbalancercluster represents node working
129,[0 0 1 0 0 0 0],11,2,please note
130,[0 0 1 0 0 0 0],46,5,semantics inclusionlist exclusionlists
132,[0 0 1 0 0 0 0],76,12,non empty inclusionlist specified diskbalancer assumes
136,[0 0 1 0 0 0 0],34,5,exclusionlist processed
138,[0 0 1 0 0 0 0],77,15,inclusionlist empty assume live node node
140,[0 0 1 0 0 0 0],40,7,case diskbalancer avoid
141,[0 0 1 0 0 0 0],70,12,node specified exclusionlist process node
142,[0 0 1 0 0 0 0],8,1,cluster
145,[0 0 1 0 0 0 0],67,11,given list processed exclusionlist always honored
146,[1 0 0 0 0 0 0],77,11,object used application master distributed scheduling enabled
150,[1 0 0 0 0 0 0],13,1,fsnamesystem
151,[0 0 1 0 0 0 0],67,12,thread actual work tailing edits journal
154,[0 0 0 0 0 0 1],53,11,cannot single proxy since could
158,[0 0 0 0 0 0 1],11,2,
162,[0 0 0 0 0 0 1],37,6,retries throwing hand
163,[0 0 0 0 0 0 1],52,9,working proxy retained across attempt since
170,[0 0 1 0 0 0 0],15,2,namenode image
171,[0 0 0 1 1 0 0],47,7,class instantiated fsnamesystem
172,[1 0 0 0 0 0 0],50,9,event watcher send message timeout
173,[0 0 0 0 0 0 1],72,12,event watcher send tracked payload event timeout period
174,[0 0 0 0 0 0 1],74,11,unless confirmation original event completion event arrived
175,[0 0 0 0 1 0 0],64,11,param timeout payload type event tracked
178,[1 0 0 0 1 0 0],67,8,orderingpolicy order schedulableentities fairness see
179,[1 0 0 0 1 0 0],13,1,fairscheduler
180,[1 0 0 0 1 0 0],68,9,fairsharepolicy generally process lesser usage lesser
181,[0 0 0 1 0 0 0],2,1,
182,[0 0 0 1 0 0 0],68,11,sizedbasedweight set true application high demand
186,[0 0 0 1 0 0 0],36,4,continuously optional default false
189,[1 0 0 0 1 0 0],61,7,file system implementation link applicationhistorystore
194,[0 0 1 0 1 0 0],70,8,open file link applicationfinished applicationfinishdata
197,[1 0 0 0 0 0 0],29,3,filesystem related constant
199,[1 0 0 0 0 0 0],68,11,indicates method passed illegal invalid argument
206,[0 0 0 1 0 0 0],69,12,editing hadoop configuration used bring client
211,[1 0 0 0 0 0 0],22,3,test list performance
215,[1 0 0 0 0 0 0],74,9,kerberos spnego authentication mechanism support hadoop delegation
216,[1 0 0 0 0 0 0],17,2,token operation
219,[0 0 1 0 1 0 0],49,7,endpoint trigger spnego authentication
223,[1 0 0 0 1 0 0],73,14,link loggedtask represents hadoop task part hadoop job
227,[0 0 0 1 0 0 0],36,8,want write json file
228,[1 0 0 0 1 0 0],46,7,common utility function link logparser
230,[1 0 1 0 0 0 0],66,11,lru cache configurable maximum cache size access order
234,[0 0 0 1 0 0 0],49,9,param valuein value input type mapper
236,[0 0 0 1 0 0 0],53,9,param valueout value output type mapper
237,[1 0 0 0 0 0 0],55,9,exception meta block name already exists
238,[1 0 0 0 0 0 0],60,11,metric cache sink support sparse update
239,[0 0 1 0 0 0 0],13,2,cached record
241,[1 0 0 0 0 0 0],69,12,sample parser parse sample log extract resource
242,[1 0 0 0 0 0 0],8,1,skyline
245,[1 0 0 0 0 0 0],54,9,success error status reported nfs response
247,[0 0 1 0 0 0 0],56,9,information built dn container report
249,[1 0 1 0 0 0 0],45,9,consume output put dev null
250,[1 0 0 0 0 0 0],34,6,class store om node detail
251,[1 0 0 0 1 0 0],32,4,builder class omnodedetails
252,[1 0 0 0 0 0 0],64,5,protocol buffer implementation opportunisticcontainersstatus
253,[1 0 0 0 0 0 0],42,6,class representing unique ozone object
254,[0 0 1 0 0 0 0],32,5,ozone object supported acl
255,[0 0 1 0 0 0 0],32,5,ozone object supported acl
256,[1 0 0 0 0 0 0],27,5,class parsing output
257,[0 0 0 0 1 0 0],66,5,interface link orgapachehadoopmapreduceoutputcommitter
258,[1 0 0 0 0 0 1],74,12,class represents queue user resource usage info given partition
259,[1 0 0 0 0 0 0],49,9,helper functionality read pid file
262,[0 0 1 0 0 0 0],67,9,arbitrary integral approximated numerically qmc method
263,[0 0 0 1 1 0 0],16,3,example
264,[0 0 0 1 1 0 0],64,16,use qmc method approximate integral int f x dx
265,[0 0 0 1 0 0 0],32,8,unit square
266,[0 0 0 1 0 0 0],35,9,x x x dimensional point
267,[0 0 0 1 0 0 0],69,14,f function describing inscribed circle square
268,[0 0 0 1 0 0 0],57,20,f x x x lt f x otherwise
269,[0 0 0 1 0 0 0],42,12,easy see pi equal
270,[0 0 0 1 0 0 0],70,12,approximation pi obtained evaluated numerically
271,[0 0 1 1 0 0 0],42,7,better method computing pi
272,[0 0 1 1 0 0 0],76,10,emphasize numerical approximation arbitrary integral example
273,[0 0 1 1 0 0 0],52,9,computing many digit pi consider using bbp
274,[0 0 1 0 0 0 0],38,5,implementation discussed
275,[0 0 1 0 0 0 0],6,1,mapper
276,[0 0 1 0 0 0 0],32,6,generate point unit square
277,[0 0 1 0 0 0 0],75,13,count point inside outside inscribed circle square
278,[0 0 1 0 0 0 0],7,1,reducer
279,[0 0 1 0 0 0 0],32,6,generate point unit square
280,[0 0 1 0 0 0 0],75,13,count point inside outside inscribed circle square
282,[0 0 1 0 0 0 0],38,7,query usually partial record
283,[0 0 0 0 1 0 0],37,8,param type record query
300,[1 0 1 0 0 0 0],71,12,submitted future statistic far future
303,[1 0 0 0 0 0 0],2,1,
305,[1 0 0 0 0 0 0],56,9,class encapsulates encryption detail file
306,[1 0 0 0 0 0 0],36,5,internal constant registry
307,[0 0 0 0 0 0 1],51,10,thing visible user
311,[0 0 0 0 1 0 0],20,2,see resourcerequest
320,[0 0 1 0 1 0 0],72,12,link builder user also make verification custom resource
323,[1 0 0 0 1 0 0],59,6,builder class link resourcerequestsjsonverifications
324,[1 0 0 0 0 0 0],74,11,defines contract implemented request intercepter class
327,[1 0 0 0 0 0 0],35,6,context queue scheduler
330,[1 0 0 0 0 0 0],138,21,simple shell based implementation link groupmappingserviceprovider exec code group code shell command fetch group
331,[1 0 0 0 0 0 0],62,9,specialized socketfactory create socket sock proxy
332,[1 0 0 0 1 0 0],60,7,link statestoredriver implementation based filesystem
333,[1 0 0 0 0 0 0],49,5,shared functionality hadoopstreaming format
334,[0 0 0 1 0 0 0],22,5,custom reader
335,[0 0 0 1 0 0 0],76,13,defined recordreader constructor selected
336,[0 0 0 1 0 0 0],44,6,option bin hadoopstreaming inputreader
338,[1 0 1 0 0 0 0],70,10,program generates random namespace structure following
339,[0 0 1 0 0 0 0],11,1,constraint
340,[0 0 1 0 0 0 0],1,1,
344,[0 0 1 0 0 0 0],1,1,
345,[0 0 1 0 0 0 0],51,8,file randomly placed empty directory
347,[0 0 1 0 0 0 0],35,4,file follows gaussian distribution
348,[0 0 1 0 0 0 0],73,12,generated namespace structure described two file output
349,[0 0 1 0 0 0 0],10,1,directory
352,[0 0 0 1 0 0 0],30,6,synopsis command
356,[0 0 0 1 0 0 0],79,11,maxwidth maxwidth maximum number subdirectory per directory default
357,[0 0 0 1 0 0 0],60,10,numoffiles offiles total number file default
358,[0 0 1 1 0 0 0],68,9,avgfilesize avgfilesizeinblocks average size block default
359,[0 0 1 1 0 0 0],64,9,outdir outdir output directory default current directory
360,[0 0 0 1 0 0 0],67,11,seed seed random number generator seed default current time
362,[1 0 0 0 0 0 0],89,15,thrown indicate data locality calculated requested path incorrect
363,[0 0 0 0 0 1 0],68,12,data locality calculated openstack swift version old
365,[0 0 0 0 1 0 0],37,5,get current operation statistic
366,[0 0 0 0 1 0 0],36,6,return snapshot statistic
367,[0 0 0 0 1 0 0],41,7,base class swift rest operation
368,[0 0 0 0 1 0 0],16,3,param request
369,[0 0 0 0 1 0 0],15,3,param r result
370,[0 0 0 0 1 0 0],37,5,get current operation statistic
371,[0 0 0 0 1 0 0],36,6,return snapshot statistic
373,[0 0 0 0 1 0 0],36,6,return snapshot statistic
376,[0 0 0 0 1 0 0],37,5,get current operation statistic
377,[0 0 0 0 1 0 0],36,6,return snapshot statistic
378,[0 0 0 0 1 0 0],17,2,create operation
379,[0 0 0 0 1 0 0],37,5,get current operation statistic
380,[0 0 0 0 1 0 0],36,6,return snapshot statistic
381,[0 0 0 0 1 0 0],17,2,delete operation
382,[0 0 0 0 1 0 0],8,2,param r
383,[1 0 0 0 0 0 0],41,5,class maintains table configuration
384,[1 0 1 0 0 0 0],45,7,test addblockop written read correctly
386,[1 0 0 0 0 0 0],39,7,test seek operation adl file system
388,[1 0 0 0 0 0 0],34,5,test custom oauth token provider
392,[1 0 0 0 0 0 0],32,3,test editlogfileoutputstream
393,[1 0 0 0 1 0 0],43,6,unit test link federationpolicyutils
395,[1 0 0 0 0 0 0],24,3,test handler interface
403,[1 0 0 0 0 0 0],56,10,test upload buffering flush logic wasb
409,[1 0 0 0 1 0 0],44,6,test class link ozonenativeauthorizer
411,[0 0 1 0 0 0 0],69,12,test depends testproto definition type src test proto
413,[1 0 0 0 0 0 0],15,2,rdbstore test
415,[1 0 0 0 0 0 0],52,6,test class validate routerwebserviceutil method
421,[0 0 1 0 0 0 0],73,12,li recover failure saving second storage directory li
422,[0 0 1 0 0 0 0],71,10,li recover failure moving current lastcheckpointtmp li
430,[1 0 1 0 0 0 0],77,14,test start several run namenodes minicluster
432,[1 0 0 0 0 0 0],47,9,default config set point filesystem
434,[0 0 0 0 0 0 1],55,9,swiftfs implement feature
435,[0 0 0 0 0 0 1],54,10,behavior swiftfs match normal
436,[0 0 0 0 0 0 1],62,9,contract normally mean directory equal file
437,[0 0 0 0 0 0 1],27,5,treated equal
438,[1 0 0 0 0 0 0],58,9,special committer cleanup temporary file
440,[0 0 0 0 0 0 1],59,8,framework fileoutputcommitter clean temporary
441,[1 0 0 0 0 0 1],31,5,file left behind aborttask
442,[0 0 0 0 0 0 1],24,6,want test case
443,[1 0 0 0 0 0 1],51,8,find file hence short circuit aborttask
444,[0 0 0 1 0 0 0],46,6,special committer always requires commit
445,[1 0 0 0 1 0 0],101,11,test context api link statusreportergetprogress via link taskattemptcontextgetprogress api
446,[1 0 0 0 0 0 0],22,4,test class topcli
447,[1 0 0 0 0 0 0],39,8,end end test case upgrade domain
449,[0 0 1 0 0 0 0],53,9,config file put node decommission state
452,[1 0 0 0 1 0 0],42,7,link inputformat plain text file
455,[0 0 1 0 0 0 0],66,12,either linefeed carriage return used signal end line
456,[0 0 1 0 0 0 0],1,1,
457,[1 0 1 0 1 0 0],73,10,encapsulates information regarding data retrieve entity
464,[0 0 1 0 1 0 0],12,2,response
465,[0 0 0 0 1 0 0],56,8,represented link timelinefilterlist object
466,[0 0 0 0 1 0 0],46,4,containing link timelineprefixfilter object
467,[0 0 1 0 1 0 0],19,4,either
468,[0 0 1 0 1 0 0],68,11,exact config key prefix compared config
469,[0 0 1 0 1 0 0],64,9,empty configuration fetched fieldstoretrieve
470,[0 0 0 0 1 0 0],49,7,contains link fieldconfigs link fieldall
471,[0 0 1 0 1 0 0],69,11,confused configfilters used decide entity
472,[0 0 1 0 1 0 0],15,2,return instead
474,[0 0 1 0 1 0 0],12,2,response
475,[0 0 0 0 1 0 0],56,8,represented link timelinefilterlist object
476,[0 0 0 0 1 0 0],46,4,containing link timelineprefixfilter object
477,[0 0 1 0 1 0 0],19,4,either
478,[0 0 1 0 1 0 0],67,11,exact metric id prefix compared metric
479,[0 0 1 0 1 0 0],66,10,empty metric fetched fieldstoretrieve contains
480,[0 0 1 0 1 0 0],67,11,metricfilters used decide entity return
481,[0 0 1 0 1 0 0],8,1,instead
483,[0 0 1 0 1 0 0],54,9,namely entity id entity type entity created time
484,[0 0 1 0 1 0 0],15,3,field
486,[0 0 1 0 1 0 0],28,5,number metric return
487,[0 0 1 0 1 0 0],47,9,parameter ignored metric
488,[0 0 1 0 1 0 0],11,2,fetched
490,[0 0 1 0 1 0 0],13,2,retrieved
492,[0 0 1 0 1 0 0],13,2,retrieved
495,[1 0 0 0 0 0 1],65,10,abstract class monitoring health timeline storage
496,[1 0 0 0 1 0 0],50,6,implementation runtimefactory tony runtime
501,[1 0 0 0 0 0 0],24,4,input split distcp
502,[0 0 1 0 0 0 0],75,14,look copy listing group content input split
505,[1 0 0 0 0 0 0],16,3,utility class
506,[1 0 0 0 0 0 0],11,2,provides
507,[1 0 0 0 0 0 0],71,14,path filter utility filter output part file output dir
515,[0 0 1 1 0 0 0],35,6,doesnt accept path log
525,[0 0 1 1 1 0 0],19,3,define alternate
528,[0 0 0 1 1 0 0],61,9,p one may optimize compare intensive operation overriding
531,[0 0 0 1 1 0 0],26,4,static utility method
534,[1 0 0 0 0 0 0],69,9,implementation interface provide authorization related
536,[0 0 1 0 0 0 1],30,7,excepted
539,[0 0 1 0 0 0 1],70,11,involve expensive computation method could invoked rpc
540,[1 0 0 0 0 0 0],24,5,submit job cluster
543,[1 0 0 0 0 0 0],76,11,plugin automatically instantiated within spark executor
544,[1 0 0 0 0 0 0],75,13,function return zero output record input record
545,[0 0 0 1 0 0 0],68,10,java bean class used example javasqlnetworkwordcount
546,[1 0 0 0 0 0 0],91,18,perform streaming testing using welch sample test stream data data
547,[1 0 0 0 0 0 0],44,8,stream arrives text file directory
549,[1 0 0 0 0 0 0],91,16,significant p value user specified timeout number batch exceeded
552,[0 0 1 0 0 0 0],10,2,false
555,[0 0 0 1 0 0 0],64,4,javastreamingtestexample datadir batchduration numbatchestimeout
557,[0 0 0 1 0 0 0],47,7,timeout insignificant batch call
558,[0 0 0 1 0 0 0],60,7,bin run example mllibjavastreamingtestexample datadir
559,[0 0 0 1 0 0 0],83,14,add text file datadir significance test wil continually update every
560,[0 0 0 1 0 0 0],85,14,batchduration second test becomes significant p value number
561,[0 0 0 1 0 0 0],45,5,batch processed exceeds numbatchestimeout
571,[0 0 1 0 0 0 0],17,3,serializer
573,[0 0 1 0 0 0 0],18,3,app defined type
576,[0 0 1 0 0 0 0],57,9,data also automatically compressed save disk space
578,[0 0 1 0 0 0 0],30,5,h automatic key management h
581,[0 0 1 0 0 0 0],40,8,key type written store
583,[0 0 1 0 0 0 0],80,16,prefix character easy use manual automatic key
584,[0 0 1 0 0 0 0],35,5,management apis without conflict
588,[0 0 1 0 1 0 0],86,16,object written store link kvindex index created sort data
589,[0 0 1 0 0 0 0],34,6,value property
590,[0 0 1 0 0 0 0],56,9,make possible provide sorting without
591,[0 0 1 0 0 0 0],52,10,load instance type store
598,[1 0 0 0 0 0 0],95,15,storage index file functionality historically used spark earlier
599,[1 0 0 0 0 0 0],70,14,wrapper message hold two separate piece header body
600,[1 0 0 0 0 0 0],34,7,request remove set block
602,[1 0 0 0 0 0 0],8,1,message
603,[0 0 0 0 1 0 0],78,7,used link orgapachesparknetworkshuffleoneforoneblockfetcher
604,[1 0 0 0 0 0 0],105,16,set field struct contains along convenience method finding manipulating
606,[0 0 1 0 0 0 0],44,8,actual block data contained
607,[0 0 1 0 0 0 0],45,7,passed streamcallbackwithid
608,[0 0 1 0 0 0 0],46,5,returned rpchandlerreceivestream
611,[0 0 0 0 0 0 1],48,8,particular allows get current project
612,[0 0 0 0 0 0 1],51,5,configuration etc see icpropertyprovider interface
614,[0 0 0 0 0 0 1],48,8,handle event see buttonpressed int
615,[0 0 0 0 0 0 1],48,8,several utility method create widget
616,[0 0 0 0 0 0 1],43,7,uniform manner setuplabel setuptext etc
617,[0 0 0 0 0 0 1],51,9,mean handle control message main
620,[1 0 0 0 0 0 0],56,9,ruler action add breakpoint dialog property
621,[1 0 0 0 0 0 0],46,8,delegate add line breakpoint action
626,[0 0 0 0 0 1 0],9,2,since
628,[0 0 1 0 0 0 0],65,12,test suite execute testcases added suite
636,[0 1 0 0 0 0 0],19,3,author mike kucera
639,[0 0 0 1 0 0 0],17,2,li initialization
642,[0 0 0 1 0 0 0],47,5,new cconfigurationdescriptioncache created
644,[0 0 0 1 0 0 0],96,9,li client needed icconfigurationdescription get cconfigurationdescription using constructor
648,[0 0 0 1 0 0 0],104,14,li fcfgcache used getspecsettings cconfigurationspecsettings fcfgcache set null
650,[0 0 0 1 0 0 0],42,6,li user enters project property setting
653,[0 0 0 1 0 0 0],38,3,cconfigurationdescriptioncache
655,[0 0 0 1 0 0 0],93,12,li user change setting setting configuration cconfigurationdescription save
657,[0 0 0 1 0 0 0],99,10,li new cconfigurationdescriptioncache created cconfigurationdescription via constructor
658,[0 0 0 1 0 0 0],76,4,cconfigurationdescriptioncache icconfigurationdescription basedescription
659,[0 0 0 1 0 0 0],5,1,
660,[0 0 0 1 0 0 0],45,5,basedescription saved fbasedescription
661,[0 0 0 1 0 0 0],45,3,li cconfigurationdescriptioncacheapplydata
662,[0 0 0 1 0 0 0],28,6,used persist data
666,[0 0 0 1 1 0 0],31,2,see icconfigurationdescription
667,[0 0 0 1 1 0 0],30,2,see cconfigurationdescription
668,[0 0 0 1 1 0 0],29,2,see cprojectdescriptionevent
669,[0 0 0 0 1 0 0],28,2,see idebugmodelpresentation
670,[0 0 0 0 1 0 0],19,2,see icelementdelta
675,[0 0 0 0 0 1 0],11,2,since
678,[0 0 0 0 0 1 0],9,2,since
679,[1 0 0 0 0 0 0],62,9,c specific implementation allows action visit problem
680,[1 0 0 0 0 0 0],35,4,reference operator declarators
681,[0 0 1 0 0 0 0],49,7,compiler would resolve instantiation
682,[1 0 0 0 0 0 0],51,8,represents variable implicitly created c code
684,[0 0 0 1 0 0 0],39,6,code auto first second decomposed code
685,[0 0 0 1 0 0 0],55,8,code initializerevaluation code supplied
686,[1 0 0 0 0 0 0],78,16,property tester determines file executable c c project
687,[1 0 0 0 0 0 0],79,12,class implement setting cui initial preference store setting
689,[1 0 0 0 0 0 0],88,12,default implementation icontextinfo used environment variable provider
690,[0 0 0 0 0 0 1],88,11,used represent configuration project workspace eclipse environment context
694,[0 0 0 1 0 0 0],55,12,em class intended use outside cdt em
700,[1 0 0 0 0 0 1],160,24,class replace category reference orgeclipsecdtui exclude bring orgeclipsecdtmanagedbuildui plug
701,[0 0 0 0 0 1 0],9,2,since
702,[0 0 0 0 0 0 1],60,12,purpose find path stdc library located
703,[0 0 0 1 0 0 0],45,8,currently shell script linux
704,[1 0 0 0 0 0 0],40,5,configures c editor folding preference
706,[1 0 0 0 0 0 0],54,7,test verify operation formattedvaluesvmutil
707,[0 0 0 0 0 1 0],9,2,since
708,[0 0 1 0 0 0 0],76,13,helper class store element path node using certain format
711,[0 0 0 0 0 1 0],42,7,need new finallaunchsequence gdb
712,[0 0 0 0 0 1 0],9,2,since
715,[1 0 0 0 0 0 0],48,5,default implementation link igdbsourcelookup
717,[0 0 0 0 0 1 0],9,2,since
720,[0 0 0 1 0 0 0],46,8,imanagedbuildermakefilegenerator e h
722,[0 0 0 1 0 0 0],46,20,n makefile k e f l e e h
728,[0 0 0 1 0 0 0],6,2,c srcs
730,[0 0 0 1 0 0 0],43,22,r e u r c e v r e h
733,[0 0 0 1 0 0 0],51,6,window drive letter whitespace appropriately
735,[0 0 0 1 0 0 0],77,16,context path appear right hand side rule header
741,[0 0 0 1 0 0 0],44,6,throw nullpointerexception path null
743,[0 0 0 1 0 0 0],33,5,resource changed
747,[0 0 0 1 0 0 0],23,4,regenerated
749,[0 0 0 1 0 0 0],7,1,
750,[0 0 0 1 0 0 0],61,12,relying make right thing confronted
752,[0 0 0 1 0 0 0],26,5,said make treat
753,[0 0 0 1 0 0 0],72,15,missing header file dependency rule target build
754,[0 0 0 1 0 0 0],22,3,unless told otherwise
758,[0 0 0 1 0 0 0],46,8,imanagedbuildermakefilegenerator e h
760,[0 0 0 1 0 0 0],46,20,n makefile k e f l e e h
764,[0 0 0 1 0 0 0],64,13,add macro addition prefix map macro name entry
766,[0 0 0 1 0 0 0],6,2,c srcs
768,[0 0 0 1 0 0 0],43,22,r e u r c e v r e h
771,[0 0 0 1 0 0 0],51,6,window drive letter whitespace appropriately
773,[0 0 0 1 0 0 0],77,16,context path appear right hand side rule header
781,[0 0 0 1 0 0 0],70,12,class used recursively walk project determine
782,[0 0 0 1 0 0 0],42,5,module contribute buildable source file
788,[0 0 0 0 1 0 0],43,6,see interface hierarchy specific
789,[0 0 0 0 1 0 0],39,5,see link icsettingentrylibrary file
791,[0 0 0 0 1 1 0],56,5,deprecated replaced link includefilecontentprovider
792,[0 0 0 1 0 0 0],72,11,noreference interface intended referenced client
802,[1 0 0 0 0 0 0],54,10,virt specifier end function declaration
803,[0 0 1 0 0 0 0],51,9,two virt specifier final override
808,[0 0 1 0 0 0 0],46,8,instance usually provided adapter
809,[1 0 0 0 0 0 0],33,6,factory create dsf service
811,[1 0 0 0 0 0 0],79,10,tracecontrol service provides access debugger tracing functionality
814,[0 0 1 0 0 0 0],17,3,gdb specific part
815,[0 0 1 0 0 0 0],73,12,marker interface context trace operation performed
816,[0 0 1 0 0 0 0],17,3,gdb specific part
818,[0 0 1 0 0 0 0],26,4,describes tracing data
819,[0 0 1 0 0 0 0],17,3,gdb specific part
820,[0 0 1 0 0 0 0],75,10,model data interface corresponds itracerecorddmcontext
821,[0 0 1 0 0 0 0],17,3,gdb specific part
822,[0 0 1 0 0 0 0],12,2,trace event
823,[0 0 1 0 0 1 0],27,5,gdb specific part since
829,[1 0 0 0 0 0 0],45,7,service controlling back end process
832,[1 0 0 0 0 0 0],67,8,represents microsoft attribute specifier introduced declspec
833,[0 0 0 0 0 1 0],9,2,since
836,[1 0 0 0 0 0 0],31,5,control flow graph node factory
839,[0 0 0 1 0 0 0],37,5,client may implement interface
841,[0 0 0 0 0 1 0],9,2,since
843,[1 0 0 0 0 0 0],70,10,service extension iregisters manage user defined register group
844,[0 0 0 0 0 1 0],9,2,since
849,[1 0 0 0 0 0 0],35,6,represents status test item
852,[1 0 0 0 0 0 0],114,13,helper class handling serialization notification language setting entry link iclanguagesettingentry
862,[0 0 0 0 0 0 1],82,14,case gdb report exec command failure running event fired
863,[1 0 0 0 0 0 0],94,15,class handle type situation firing mierrorevent error appears
864,[0 0 0 0 0 1 0],9,2,since
869,[0 0 0 0 1 0 0],28,5,would happen
872,[0 0 0 0 1 0 0],33,5,violated many assumption
876,[0 0 0 0 1 0 0],75,11,dsf requiring normal synchronization primitive everything
878,[0 0 0 0 1 0 0],43,8,resolve problem code
879,[0 0 0 0 1 0 0],66,9,link queueevent breakpointevent ensures event fully
881,[0 0 0 0 0 1 0],9,2,since
885,[0 0 0 1 0 0 0],30,5,data list register name regno
887,[0 0 0 1 0 0 0],31,4,environment directory r pathdir
888,[1 0 0 0 0 0 0],67,11,add directory pathdir beginning search path source file
893,[0 0 1 0 0 0 0],66,12,class track stack depth debug frame internal cache
900,[0 0 0 0 0 0 1],18,4,stack info depth
906,[0 0 0 0 0 0 1],87,14,concept applicable stack list frame command different limit
911,[0 0 0 0 0 0 1],24,5,data error
913,[0 0 0 0 0 0 1],91,14,problem mi gdb reply randomly sometimes data sometimes error
914,[0 0 0 0 0 0 1],26,6,cache valid data
916,[0 0 0 0 0 0 1],22,5,cache error
922,[0 0 0 0 0 1 0],48,11,detected gdb mi gdb
923,[0 0 0 0 0 1 0],9,2,since
925,[1 0 0 0 0 0 0],27,5,tab group launch group
927,[0 1 0 0 0 0 0],21,3,author doug schaefer
930,[1 0 0 0 0 0 0],83,10,represents declaration definition reference binding except macro
932,[1 0 0 0 0 0 0],70,9,class implement external process launching internal builder
934,[0 0 0 0 1 0 0],54,6,see also http wwwlinuxhowtosorg system procstathtm
936,[0 0 1 0 0 0 0],63,12,equivalent java type map string list pdomname
937,[0 1 0 0 0 0 0],20,4,author ee graf ifs
938,[1 0 0 0 1 0 0],37,5,test see returncheckertest class
939,[0 0 0 1 1 0 0],60,9,instance obtained link rulercolumnregistry
944,[1 0 0 0 0 0 0],61,9,test interaction source lookup work expected
948,[0 0 0 1 0 0 0],41,4,link basetestcasesource path directory
951,[0 0 0 1 0 0 0],75,15,wild card sourcelookup exe one following cover
953,[0 0 0 1 0 0 0],29,5,program compiled
954,[0 0 0 1 0 0 0],46,7,option produce different debug
955,[0 0 0 1 0 0 0],48,8,information find source file
956,[0 0 0 1 1 0 0],25,5,see makefile
957,[0 0 0 1 1 0 0],12,1,information
959,[0 0 0 1 0 0 0],42,10,li b ac b absolute canonical path
960,[0 0 0 1 0 0 0],1,1,
966,[0 0 0 1 0 0 0],1,1,
967,[0 0 0 1 0 0 0],21,5,path passed gcc
969,[0 0 0 1 0 0 0],1,1,
970,[0 0 0 1 0 0 0],21,5,path passed gcc
973,[0 0 0 0 0 1 0],56,13,addition also b dwarf b name
975,[0 0 0 0 0 1 0],71,12,designed run gdb see comment makefile olddwarfflags
978,[0 0 0 1 0 1 0],76,13,result variation compilation argument mean
982,[0 0 0 0 0 1 0],71,10,others therefore relevant test use assumegdbversion method
983,[0 0 0 0 0 1 0],25,3,skipped appropriate
984,[1 0 0 0 0 0 0],63,11,spell event fired word detected spell check iterator
985,[1 0 0 0 0 0 0],81,9,celementlabelprovider respect setting appearance preference page
986,[0 0 1 0 0 0 0],51,8,trigger viewer update preference change
988,[1 0 0 0 0 0 0],51,9,dialog field containing label text control
989,[1 0 0 0 0 0 0],41,9,toggle dynamic printf c c editor
991,[1 0 0 0 0 0 0],36,5,property page tracepoint action
992,[0 0 0 0 0 1 0],9,2,since
994,[1 0 0 0 0 0 0],36,7,console attached launch
1002,[1 0 0 0 0 0 0],45,8,enumeration keywords upc add c
1003,[0 1 0 0 0 0 0],19,3,author mike kucera
1005,[0 1 0 0 0 0 0],19,3,author mike kucera
1009,[1 0 0 0 0 0 0],60,10,manage code formatter white space option higher level
1015,[0 0 0 1 0 0 0],51,10,node representing group option tree
1021,[1 0 0 0 0 0 0],34,5,base class collection tester
1022,[0 0 0 1 0 0 0],57,11,param e element type collection tested
1028,[0 0 0 1 0 0 0],95,16,p addition link execute subclass must implement method related shutdown
1029,[0 0 0 1 0 0 0],12,1,termination
1030,[0 1 0 0 0 0 0],20,3,author chris povirk
1034,[0 0 0 0 0 0 1],44,6,effort required implement interface
1035,[0 0 0 1 0 0 0],85,16,p implement cache programmer need extend class provide
1036,[0 0 0 1 0 0 0],5,1,link
1037,[0 0 0 1 0 0 0],23,4,method throw
1038,[0 1 0 0 0 0 0],19,3,author charles fry
1040,[1 0 0 0 0 0 0],83,14,skeleton code multimap implementation necessarily term code map
1045,[0 0 0 0 0 0 1],91,14,p superclass allows code treemultimap override method return navigable set
1050,[0 0 1 0 0 0 0],94,15,p cover array enums common type defined code javalang code javalangreflect
1051,[0 0 1 0 0 0 0],74,13,code javaio code javanio code javamath code javautil code
1053,[0 0 1 0 0 0 0],66,5,comgooglecommoncollect code comgooglecommonprimitives
1054,[0 0 1 0 0 0 0],24,5,addition type
1055,[0 0 1 0 0 0 0],96,18,expose least one public static final constant type one constant
1056,[0 0 1 0 0 0 0],90,18,used class expose public parameter less constructor new
1057,[0 0 1 0 0 0 0],9,1,returned
1061,[0 0 0 1 0 0 0],84,14,error using code get comparatorclass code comparator foo example
1062,[0 0 0 1 0 0 0],88,14,immutable empty instance returned collection type code string code
1064,[0 0 0 1 0 0 0],26,5,mutable type fresh
1065,[0 0 0 1 0 0 0],50,9,instance created time code get called
1066,[0 1 0 0 0 0 0],25,3,author kevin bourrillion
1068,[0 0 0 0 0 1 0],10,2,since
1070,[1 0 0 0 0 0 0],19,2,arraylistmultimap
1072,[0 0 0 0 1 0 0],92,14,p detail hack see link gwtserializationdependencies take
1073,[0 0 0 0 1 0 0],54,9,approach subclass rather superclass
1077,[1 0 0 0 0 0 0],39,6,unit test link atomicdoublearray
1078,[1 0 0 0 0 0 0],45,5,benchmark code baseencoding performance
1079,[1 0 0 0 0 0 0],41,9,bloom filter instance code
1080,[1 0 0 0 0 0 0],53,8,bloom filter offer approximate containment test
1081,[1 0 0 0 0 0 0],93,19,one sided error claim element contained might error
1083,[0 0 0 0 1 0 0],55,11,p unfamiliar bloom filter nice
1086,[0 0 1 0 1 0 0],90,16,p false positive probability code fpp bloom filter defined probability
1087,[0 0 1 0 1 0 0],90,13,linkplain mightcontain object erroneously return code true object
1088,[0 0 1 0 1 0 0],52,10,actually put code bloomfilter
1089,[0 0 1 0 1 0 0],33,5,p bloom filter serializable
1090,[0 0 1 0 1 0 0],62,10,also support compact serial representation via
1091,[0 0 1 0 1 0 0],43,6,link writeto link readfrom method
1092,[0 0 1 0 0 0 0],41,7,serialized form continue
1093,[0 0 1 0 0 0 0],45,7,supported future version library
1094,[0 0 1 0 0 1 0],49,7,however serial form generated newer version
1095,[0 0 1 0 0 1 0],91,18,code may readable older version code eg serialized bloom filter
1096,[0 0 1 0 0 1 0],84,18,generated today may readable binary compiled month ago
1098,[0 0 0 0 0 1 0],30,5,internally us atomics
1100,[0 0 0 1 0 0 0],65,11,param type instance code bloomfilter accepts
1101,[0 1 0 0 0 0 0],24,3,author dimitris andreou
1102,[0 1 0 0 0 0 0],25,3,author kevin bourrillion
1104,[0 0 0 1 0 0 0],209,50,cheat sheet total bit n expected insertion b n bit per insertion p expected false positive probability optimal k b ln p e kn k optimal k p k b optimal k nlnp ln
1107,[1 0 1 1 0 0 0],87,14,builder link loadingcache link cache instance combination
1111,[0 0 1 0 0 0 0],63,11,li least recently used eviction maximum size exceeded
1113,[0 0 1 0 0 0 0],73,9,li key automatically wrapped linkplain weakreference weak reference
1115,[0 0 1 0 0 0 0],29,3,softreference soft reference
1118,[0 0 0 1 0 0 0],82,16,p feature optional cache created using none
1119,[0 0 1 1 0 0 0],10,2,default
1120,[0 0 0 1 0 0 0],84,13,cache instance created code cachebuilder perform type eviction
1121,[0 0 0 1 0 0 0],15,3,p usage example
1124,[0 0 0 1 0 0 0],17,2,maximumsize
1125,[0 0 0 1 0 0 0],38,3,expireafterwrite durationofminutes
1126,[0 0 0 1 0 0 0],27,3,removallistener listener
1127,[0 0 0 1 0 0 0],5,1,build
1129,[0 0 0 1 0 0 0],45,7,public graph load key key throw anyexception
1132,[0 0 0 1 0 0 0],18,3,p equivalently
1137,[0 0 0 1 0 0 0],5,1,build
1143,[0 0 0 1 0 0 0],25,3,link concurrenthashmap
1144,[0 0 0 1 0 0 0],67,10,implement optional operation link loadingcache
1145,[0 0 0 1 0 0 0],23,3,link cache interface
1146,[0 0 0 1 0 0 0],59,11,code asmap view collection view weakly
1147,[0 0 0 1 0 0 0],24,4,consistent iterators
1148,[0 0 0 1 0 0 0],70,13,mean safe concurrent use thread
1149,[0 0 0 1 0 0 0],95,17,modify cache iterator created undefined change
1151,[0 0 0 1 1 0 0],33,5,iterators never throw link
1152,[0 0 0 1 1 0 0],33,2,concurrentmodificationexception
1153,[0 0 1 0 0 0 0],77,14,p b note b default returned cache us equality comparison link
1154,[0 0 0 1 0 0 0],69,10,objectequals equal method determine equality key value
1155,[0 0 0 1 0 0 0],17,3,however link
1157,[0 0 0 1 0 0 0],90,13,likewise link weakvalues link softvalues specified cache us identity
1158,[0 0 0 1 0 0 0],23,3,comparison value
1161,[0 0 1 1 0 0 0],89,9,maximumsize linkplain maximumweight long maximumweight linkplain expireafterwrite
1164,[0 0 1 1 0 0 0],87,11,weakkeys linkplain weakvalues weakvalues linkplain softvalues softvalues
1167,[0 0 0 1 0 0 0],79,10,p linkplain maximumsize long maximumsize linkplain maximumweight long
1170,[0 0 0 1 0 0 0],95,13,expireafteraccess requested entry may evicted cache modification occasional
1171,[0 0 0 1 0 0 0],52,9,cache access call link cachecleanup
1172,[0 0 0 1 0 0 0],39,7,expired entry may counted link
1173,[0 0 0 1 0 0 0],67,12,cachesize never visible read write operation
1175,[0 0 0 1 0 0 0],38,6,reclaimed garbage collector
1176,[0 0 0 1 0 0 0],57,10,entry reclaimed key value may removed
1177,[0 0 0 1 0 0 0],88,15,cache cache modification occasional cache access call link
1178,[0 0 0 1 0 0 0],92,16,cachecleanup entry may counted link cachesize never visible
1179,[0 0 0 1 0 0 0],25,4,read write operation
1180,[0 0 1 1 0 0 0],93,14,p certain cache configuration result accrual periodic maintenance task
1182,[0 0 0 1 0 0 0],7,1,writes
1183,[0 0 0 1 0 0 0],87,13,link cachecleanup method returned cache also perform maintenance
1186,[0 0 0 1 0 0 0],22,4,cache built
1187,[0 0 0 1 0 0 0],93,8,linkplain removallistener removallistener linkplain expireafterwrite expireafterwrite
1188,[0 0 0 1 0 0 0],92,9,linkplain expireafteraccess expireafteraccess linkplain weakkeys weakkeys linkplain
1189,[0 0 0 1 0 0 0],91,10,weakvalues weakvalues linkplain softvalues softvalues perform periodic maintenance
1190,[0 0 0 1 0 0 0],62,9,retain configuration property original cache
1191,[0 0 0 1 0 0 0],34,6,note serialized form
1192,[0 0 0 1 0 0 0],55,9,include cache content configuration
1193,[0 0 0 0 1 0 0],39,9,p see guava user guide article
1196,[0 0 0 1 0 0 0],7,2,
1197,[0 0 0 1 0 0 0],75,13,normally code object unless constrained using method like code
1199,[0 0 0 1 0 0 0],7,2,
1200,[0 0 0 1 0 0 0],75,13,normally code object unless constrained using method like code
1201,[0 0 0 1 0 0 0],16,1,removallistener
1202,[0 1 0 0 0 0 0],19,3,author charles fry
1203,[0 1 0 0 0 0 0],25,3,author kevin bourrillion
1204,[0 0 0 0 0 1 0],10,2,since
1207,[0 1 0 0 0 0 0],19,3,author charles fry
1209,[1 0 0 0 0 0 0],22,4,instance type
1210,[1 0 0 0 0 0 0],64,11,addition implementing code map additional type safe
1211,[1 0 0 0 0 0 0],67,8,operation link putinstance link getinstance available
1215,[0 0 0 0 1 0 0],87,7,http githubcom google guava wiki newcollectiontypesexplainedclasstoinstancemap code
1216,[0 0 0 0 1 0 0],22,3,classtoinstancemap
1217,[0 0 0 1 0 0 0],62,14,p map generic type instance type use link
1218,[0 0 0 1 0 0 0],52,2,comgooglecommonreflecttypetoinstancemap instead
1219,[0 0 0 1 0 0 0],91,16,param b common supertype entry must share often simply link object
1220,[0 1 0 0 0 0 0],25,3,author kevin bourrillion
1221,[0 0 0 0 0 1 0],9,2,since
1222,[1 0 0 0 0 0 0],33,6,unit test link closeables
1224,[0 0 1 0 0 0 0],88,12,propagated link closeablesclose method code swallowexception true
1229,[1 0 0 0 1 0 0],21,2,settestsuitebuilder
1238,[0 0 0 0 1 0 0],36,5,need code forwardmultiset
1241,[1 0 0 0 0 0 0],50,9,tester equal hashcode method class
1245,[0 0 0 1 0 0 1],87,16,p test code fooequals foo code fooequals null operation
1248,[0 0 0 1 0 0 1],33,5,group contain object
1249,[0 0 0 1 0 0 0],75,15,equal unequal object group
1253,[0 0 0 1 0 0 0],46,8,addequalitygroup new user page new user page
1259,[0 0 0 0 0 0 1],52,8,li comparing object return true
1260,[0 0 0 0 0 0 1],83,13,li comparing object instance incompatible class return false
1261,[0 0 0 0 0 0 1],77,13,li comparing pair object within equality group return true
1262,[0 0 0 0 0 0 1],78,12,li comparing pair object different equality group return false
1267,[0 1 0 0 0 0 0],20,3,author jim mcmaster
1269,[0 0 0 0 0 1 0],10,2,since
1273,[1 0 1 0 0 0 0],80,12,g selecting appropriate test matching specified feature
1276,[0 0 0 1 0 0 0],84,15,class link named return type builder method derived
1278,[0 0 0 1 0 0 0],2,1,
1282,[0 1 0 0 0 0 0],20,3,author emily soldal
1288,[1 0 0 0 0 0 0],19,4,run gwt test
1290,[0 0 0 0 0 0 1],43,8,suite per suite setup expensive
1292,[0 1 0 0 0 0 0],27,4,author kurt alfred kluever
1295,[0 0 0 1 0 0 0],15,3,p example usage
1297,[0 0 0 1 0 0 0],48,6,hostandport hp hostandportfromstring db
1301,[0 0 0 1 0 0 0],33,6,hptostring return db
1305,[0 0 0 1 0 0 0],14,2,li examplecom
1307,[0 0 0 1 0 0 0],43,8,li db link gethost omits bracket
1309,[0 0 0 1 0 0 0],64,10,li db use link requirebracketsforipv prohibit
1311,[0 0 0 1 0 0 0],89,16,p note exhaustive list method concerned
1313,[0 0 0 1 0 0 0],24,3,caller responsibility
1317,[1 0 0 0 1 0 0],80,8,benchmark implementation link immutablesethashfloodingdetected object
1318,[1 0 0 0 0 0 0],85,12,class contains static utility method writing link immutabletable gwt field
1319,[1 0 0 0 0 0 0],12,1,serializers
1322,[1 0 0 0 1 0 0],72,9,quick dirty benchmark link throwableslazystacktrace throwable
1324,[0 0 0 0 0 0 1],64,10,finder implementation might used logging framework
1328,[0 0 0 0 1 0 0],72,5,please see link comgooglecommoncollecttestingmaptestsuitebuilder
1329,[0 1 0 0 0 0 0],20,3,author chris povirk
1331,[1 0 0 0 0 0 0],34,5,basic serialization test map
1337,[0 0 1 1 0 0 0],59,7,explicitly code comgooglecommoncollect example
1345,[0 0 0 1 0 0 0],45,7,invoking configuration method effect
1357,[0 0 0 1 0 0 0],86,14,intermediate stage link multimapbuilder key value collection map
1359,[0 0 0 1 0 0 0],68,13,param k upper bound key type generated multimap
1377,[0 1 0 0 0 0 0],20,3,author chris povirk
1378,[1 0 0 0 0 0 0],91,11,objectcounthashmap implementation code abstractobjectcountmap us array
1379,[1 0 0 0 0 0 0],35,6,store key object count value
1382,[0 0 0 0 0 0 1],57,7,minimizes object allocation reduces memory footprint
1387,[0 0 0 0 1 0 0],19,3,peekingiterator
1389,[0 1 0 0 0 0 0],9,2,since
1391,[1 0 1 1 0 0 0],59,11,correctly whether precondition met
1400,[0 0 1 1 0 0 0],58,7,throw new illegalargumentexception input negative value
1417,[0 0 0 1 0 0 0],72,13,p would flagged called code sqrt illegal argument
1419,[0 0 0 1 0 0 0],93,15,p avoid passing message argument expensive compute code always compute
1421,[0 0 0 1 0 0 0],48,8,argument use conventional
1423,[0 0 0 1 0 0 0],91,15,p depending message argument memory may allocated boxing varargs array
1425,[0 0 1 0 0 0 0],85,15,however method class large number overload prevent
1426,[0 0 0 1 0 0 0],33,5,allocation many common case
1430,[0 0 0 1 0 0 0],89,14,environment possible spending lot effort tweaking particular element
1431,[0 0 1 0 0 0 0],34,6,h type precondition h
1432,[0 0 1 0 0 0 0],71,12,p every type precondition failure supported method
1434,[0 0 0 1 0 0 0],79,9,standard jdk exception link javautilnosuchelementexception link
1436,[0 0 1 0 0 0 0],23,4,h non precondition h
1437,[0 0 0 1 0 0 0],91,18,p course possible use method class check invalid condition
1439,[0 0 0 1 0 0 0],45,10,b recommended b
1451,[0 0 0 1 0 0 0],44,4,h code javautilobjectsrequirenonnull h
1455,[0 0 0 1 0 0 0],90,11,checknotnull object link verifyverifynotnull object appropriate situation
1457,[0 0 0 1 0 0 0],32,7,h code supported h
1458,[0 0 1 0 0 0 0],87,11,p code precondition us link stringslenientformat format error message template
1462,[0 0 0 1 0 0 0],64,12,however note number argument match
1463,[0 0 1 0 0 0 0],86,14,number occurrence code format string code precondition still
1466,[0 0 0 0 1 0 0],22,4,h information h
1467,[0 0 0 0 1 0 0],31,8,p see guava user guide
1470,[0 0 1 1 1 0 0],17,3,precondition
1471,[0 1 0 0 0 0 0],25,3,author kevin bourrillion
1472,[0 0 0 0 0 1 0],9,2,since
1473,[1 0 0 0 1 0 0],75,10,class implement gwt serialization link regularimmutablelist
1477,[1 0 0 0 0 0 0],69,10,provides utility method working resource classpath
1484,[0 0 0 1 0 0 0],41,7,ratelimiter designed
1491,[1 0 0 0 0 0 0],13,3,wait much
1496,[0 0 1 0 0 0 0],94,20,qps token per second ensure request granted earlier m
1498,[0 0 1 1 0 0 0],43,9,request come last request
1502,[0 0 1 1 0 0 1],92,17,important realize ratelimiter superficial memory past
1505,[0 0 1 1 0 0 1],55,11,ratelimiter unused long period
1508,[0 0 1 0 0 0 1],34,4,ratelimiter would immediately
1513,[0 0 1 1 0 0 1],82,13,overflow depending real world consequence using expected rate
1525,[0 0 1 1 0 0 0],87,16,request become less ready future request ie cache become stale
1527,[0 0 1 0 0 0 0],89,18,example server booted mostly busy getting
1529,[0 0 1 0 0 0 0],87,15,deal scenario add extra dimension past underutilization
1531,[0 0 1 1 0 0 0],56,9,variable zero underutilization
1538,[0 0 0 1 0 0 0],48,9,work best explained example
1542,[0 0 0 1 0 0 0],90,20,second ie expected request time x time x second
1545,[0 0 0 1 0 0 0],27,6,point request
1547,[0 0 0 1 0 0 0],69,13,serve request storedpermits reduce
1548,[0 0 0 1 0 0 0],58,10,translated throttling time discussed later
1549,[0 0 0 1 0 0 0],33,5,immediately assume
1551,[0 0 0 1 0 0 0],61,10,serve request partly storedpermits using
1552,[0 0 0 1 0 0 0],90,16,remaining permit remaining serve fresh permit produced
1553,[0 0 0 1 0 0 0],13,2,rate limiter
1555,[0 0 0 1 0 0 0],51,11,token per second take second
1556,[0 0 0 1 0 0 0],39,9,mean serve stored
1557,[0 0 0 1 0 0 0],8,1,permit
1558,[0 0 0 1 0 0 0],46,8,explained unique answer
1559,[0 0 0 1 0 0 0],38,7,primarily interested deal
1560,[0 0 0 1 0 0 0],90,15,underutilization want stored permit given faster fresh one
1561,[0 0 0 1 0 0 0],55,7,underutilization free resource taking
1562,[0 0 0 1 0 0 0],33,6,primarily interested
1563,[0 0 0 1 0 0 0],82,14,deal overflow stored permit could given slower fresh one
1564,[0 0 0 1 0 0 0],8,2,thus
1565,[0 0 0 1 0 0 0],91,13,require different case function translates storedpermits throttling time
1567,[0 0 0 1 0 0 0],3,1,
1569,[0 0 0 1 0 0 0],13,1,storedpermits
1570,[0 0 0 1 0 0 0],76,11,essentially measure unused time spend unused time buying storing permit
1572,[0 0 0 1 0 0 0],41,9,permit time thus rate time permit
1574,[0 0 0 1 0 0 0],21,3,requested permit
1576,[0 0 0 1 0 0 0],11,2,integral
1577,[0 0 0 1 0 0 0],47,12,cost fresh one qps cost
1578,[0 0 0 1 0 0 0],17,1,underutilization
1579,[0 0 0 1 0 0 0],86,15,last least consider ratelimiter rate permit per second currently
1580,[0 0 0 1 0 0 0],62,9,completely unused expensive acquire request come
1583,[0 0 0 1 0 0 0],6,2,much
1584,[0 0 0 1 0 0 0],53,8,instead postpone subsequent request needed
1585,[0 0 0 1 0 0 0],92,16,task immediately postpone second future request thus allow work get
1586,[0 0 0 1 0 0 0],94,16,important consequence mean ratelimiter remember time
1588,[0 0 0 1 0 0 0],17,3,also enables
1589,[0 0 0 1 0 0 0],91,15,u tell immediately see tryacquire timeout whether particular timeout enough get
1590,[0 0 0 1 0 0 0],75,14,u point next scheduling time since always maintain
1591,[0 0 0 1 0 0 0],19,5,mean
1593,[0 0 0 1 0 0 0],90,16,expected arrival time next request actually past difference
1594,[0 0 0 1 0 0 0],93,18,past amount time ratelimiter formally unused amount
1595,[0 0 0 1 0 0 0],41,6,time translate storedpermits
1597,[0 0 0 1 0 0 0],49,10,would produced idle time
1600,[0 0 0 1 0 0 0],74,13,would increase arrival later expected one second
1601,[0 0 0 1 0 0 0],66,13,time next request matter size granted
1602,[0 0 0 1 0 0 0],25,4,granting request
1604,[0 0 0 1 0 0 0],53,8,large request push small request
1605,[0 0 1 1 0 0 0],84,9,implement following function coldinterval coldfactor stableinterval
1607,[0 0 1 0 0 0 0],12,2,throttling
1610,[0 0 1 1 0 0 0],50,9,warmup period area trapezoid
1611,[0 0 1 0 0 0 0],31,3,thresholdpermits maxpermits
1613,[0 0 1 0 0 0 0],10,2,interval
1614,[0 0 1 0 0 0 0],4,2,
1615,[0 0 1 0 0 0 0],7,1,period
1616,[0 0 1 1 0 0 0],15,2,storedpermits
1619,[0 0 1 1 0 0 0],88,16,going detail particular function let keep mind basic
1621,[0 0 1 0 0 0 0],80,14,li state ratelimiter storedpermits vertical line figure
1622,[0 0 1 1 0 0 0],69,13,li ratelimiter used go right maxpermits
1623,[0 0 1 1 0 0 0],79,17,li ratelimiter used go left zero since
1624,[0 0 1 1 0 0 0],40,6,storedpermits serve first
1625,[0 0 1 0 0 0 0],48,11,li unused go right constant rate
1626,[0 0 1 1 0 0 0],41,10,rate move right
1627,[0 0 1 1 0 0 0],51,12,ensures time take go
1628,[0 0 1 1 0 0 0],90,18,li used time take explained introductory class note equal
1629,[0 0 1 1 0 0 0],84,16,integral function x permit x k permit assuming want
1630,[0 0 1 0 0 0 0],22,4,spend k saved permit
1632,[1 0 0 1 0 0 0],93,22,p summary time take move left spend k permit equal area
1633,[1 0 0 1 0 0 0],24,5,function width k
1634,[0 0 1 1 0 0 0],90,15,p assuming saturated demand time go maxpermits thresholdpermits
1635,[0 0 1 0 0 0 0],22,3,equal warmupperiod
1636,[0 0 1 1 0 0 0],64,12,time go thresholdpermits warmupperiod
1638,[0 0 0 1 0 0 0],93,15,reason warmupperiod maintain behavior original implementation
1640,[0 0 1 0 0 0 0],59,8,p remains calculate thresholdspermits maxpermits
1641,[0 0 1 1 0 0 0],85,17,li time go thresholdpermits equal integral function
1643,[0 0 1 0 0 0 0],41,4,thresholdpermits stableintervals
1644,[0 0 0 1 0 0 0],9,1,therefore
1645,[0 0 1 0 0 0 0],47,4,thresholdpermits warmupperiod stableinterval
1646,[0 0 1 1 0 0 0],85,16,li time go maxpermits thresholdpermits equal integral
1647,[0 0 1 0 0 0 0],49,5,function thresholdpermits maxpermits
1648,[0 0 0 1 0 0 0],32,7,area pictured
1649,[0 0 1 0 0 0 0],71,10,trapezoid equal stableinterval coldinterval maxpermits
1650,[0 0 1 0 0 0 0],18,2,thresholdpermits
1651,[0 0 1 0 0 0 0],70,6,maxpermits thresholdpermits warmupperiod stableinterval coldinterval
1652,[0 0 0 1 0 0 0],41,7,ratelimiter designed
1657,[1 0 0 0 0 0 0],13,3,wait much
1660,[0 0 1 0 0 0 0],26,6,example rate
1663,[0 0 1 1 0 0 0],43,9,request come last request
1665,[0 0 1 0 0 0 0],38,7,rate serving fresh permit
1667,[0 0 1 1 0 0 1],92,17,important realize ratelimiter superficial memory past
1669,[0 0 1 1 0 0 1],55,11,ratelimiter unused long period
1671,[0 0 1 0 0 0 1],34,4,ratelimiter would immediately
1674,[0 0 1 1 0 0 1],82,13,overflow depending real world consequence using expected rate
1680,[0 0 1 0 0 0 0],69,11,translates almost empty buffer filled immediately
1682,[0 0 1 1 0 0 0],87,16,request become less ready future request ie cache become stale
1684,[0 0 1 0 0 0 0],89,18,example server booted mostly busy getting
1686,[0 0 1 0 0 0 0],87,15,deal scenario add extra dimension past underutilization
1688,[0 0 1 1 0 0 0],56,9,variable zero underutilization
1696,[0 0 0 1 0 0 0],57,8,ratelimiter unused increase storedpermits
1698,[0 0 0 1 0 0 0],90,20,second ie expected request time x time x second
1703,[0 0 0 1 0 0 0],69,13,serve request storedpermits reduce
1704,[0 0 0 1 0 0 0],58,10,translated throttling time discussed later
1705,[0 0 0 1 0 0 0],33,5,immediately assume
1706,[0 0 0 1 0 0 0],28,4,acquire request arriving
1707,[0 0 0 1 0 0 0],61,10,serve request partly storedpermits using
1708,[0 0 0 1 0 0 0],90,16,remaining permit remaining serve fresh permit produced
1710,[0 0 0 1 0 0 0],78,17,already know much time take serve fresh permit rate
1711,[0 0 0 1 0 0 0],51,11,token per second take second
1712,[0 0 0 1 0 0 0],39,9,mean serve stored
1713,[0 0 0 1 0 0 0],8,1,permit
1714,[0 0 0 1 0 0 0],46,8,explained unique answer
1715,[0 0 0 1 0 0 0],38,7,primarily interested deal
1716,[0 0 0 1 0 0 0],90,15,underutilization want stored permit given faster fresh one
1717,[0 0 0 1 0 0 0],55,7,underutilization free resource taking
1718,[0 0 0 1 0 0 0],33,6,primarily interested
1719,[0 0 0 1 0 0 0],82,14,deal overflow stored permit could given slower fresh one
1720,[0 0 0 1 0 0 0],8,2,thus
1721,[0 0 0 1 0 0 0],91,13,require different case function translates storedpermits throttling time
1725,[0 0 0 1 0 0 0],91,12,underlying model continuous function mapping storedpermits maxstoredpermits
1726,[0 0 0 1 0 0 0],13,1,storedpermits
1727,[0 0 0 1 0 0 0],76,11,essentially measure unused time spend unused time buying storing permit
1728,[0 0 0 1 0 0 0],7,2,rate
1729,[0 0 0 1 0 0 0],41,9,permit time thus rate time permit
1731,[0 0 0 1 0 0 0],21,3,requested permit
1732,[0 0 0 1 0 0 0],30,5,guarantee handle
1733,[0 0 0 1 0 0 0],11,2,integral
1734,[0 0 0 1 0 0 0],47,12,cost fresh one qps cost
1736,[0 0 0 1 0 0 0],86,15,last least consider ratelimiter rate permit per second currently
1737,[0 0 0 1 0 0 0],62,9,completely unused expensive acquire request come
1738,[0 0 0 1 0 0 0],31,6,would nonsensical
1739,[0 0 0 1 0 0 0],32,5,wait without anything
1741,[0 0 0 1 0 0 0],53,8,instead postpone subsequent request needed
1742,[0 0 0 1 0 0 0],92,16,task immediately postpone second future request thus allow work get
1744,[0 0 0 1 0 0 0],69,12,last request remembers expected time next request
1745,[0 0 0 1 0 0 0],17,3,also enables
1746,[0 0 0 1 0 0 0],91,15,u tell immediately see tryacquire timeout whether particular timeout enough get
1747,[0 0 0 1 0 0 0],75,14,u point next scheduling time since always maintain
1748,[0 0 0 1 0 0 0],19,5,mean
1749,[0 0 0 1 0 0 0],77,14,unused ratelimiter also defined notion observe
1750,[0 0 0 1 0 0 0],90,16,expected arrival time next request actually past difference
1751,[0 0 0 1 0 0 0],93,18,past amount time ratelimiter formally unused amount
1752,[0 0 0 1 0 0 0],41,6,time translate storedpermits
1753,[0 0 0 1 0 0 0],52,8,increase storedpermits amount permit
1754,[0 0 0 1 0 0 0],49,10,would produced idle time
1755,[0 0 0 1 0 0 0],36,8,rate permit per second
1758,[0 0 0 1 0 0 0],74,13,would increase arrival later expected one second
1759,[0 0 0 1 0 0 0],66,13,time next request matter size granted
1760,[0 0 0 1 0 0 0],25,4,granting request
1761,[0 0 0 1 0 0 0],37,7,pushed future
1765,[0 0 0 1 0 0 1],92,17,maximum number permit saved ratelimiter unused defined
1767,[0 0 0 0 0 0 1],43,10,second save permit
1769,[0 0 0 1 1 0 0],36,7,invoked directly please see
1774,[0 1 0 0 0 0 0],20,3,author cliff biffle
1779,[0 1 0 0 0 0 0],25,3,author kevin bourrillion
1781,[1 0 0 0 0 0 0],83,12,wraptask callable wrap task submitted underlying executor
1783,[0 1 0 0 0 0 0],21,3,author luke sandberg
1784,[1 0 0 0 0 0 0],90,16,support class link module reduces repetition result readable
1786,[0 0 0 1 0 0 0],77,12,simply extend class implement link configure call inherited
1790,[0 0 0 1 0 0 0],44,5,public class mymodule extends abstractmodule
1792,[0 0 0 1 0 0 0],60,6,bind serviceclass serviceimplclass singletonclass
1794,[0 0 0 1 0 0 0],60,4,bind paymentserviceclass creditcardpaymentserviceclass
1802,[0 0 0 1 0 0 0],28,6,h guice binding edsl h
1804,[0 0 0 1 0 0 0],20,3,simply readably
1806,[0 0 0 1 0 0 0],57,9,instead consult series example
1808,[0 0 0 1 0 0 0],86,16,example omit opening code binder module extends link
1812,[0 0 0 1 0 0 0],85,16,link module class serve explicit manifest service provides
1814,[0 0 0 1 0 0 0],17,2,given explicitly
1816,[0 0 0 1 0 0 0],91,15,specifies request code service instance binding annotation
1818,[0 0 0 1 0 0 0],22,5,override
1820,[0 0 0 1 0 0 0],84,15,annotation found code service since guice already moved code
1824,[0 0 0 1 0 0 0],4,1,
1828,[0 0 0 1 0 0 0],89,19,p link provider use factory provider
1834,[0 0 0 1 0 0 0],12,3,code red
1836,[0 0 0 1 0 0 0],55,11,code red exact match binding
1838,[0 0 0 1 0 0 0],42,4,bind serviceimplclass singletonclass
1839,[0 0 0 1 0 0 0],17,2,alternatively
1840,[0 0 0 1 0 0 0],83,12,either statement place code serviceimpl class singleton scope
1841,[0 0 0 1 0 0 0],10,2,guice
1842,[0 0 0 1 0 0 0],93,16,create one instance code serviceimpl reuse injection request
1843,[0 0 0 1 0 0 0],83,15,note still possible bind another instance code serviceimpl
1844,[0 0 0 1 0 0 0],19,4,guice overly
1845,[0 0 0 1 0 0 0],94,19,enabling application share one instance tell guice
1847,[0 0 0 1 0 0 0],45,7,annotation code serviceimpl class
1850,[0 0 0 1 0 0 0],45,9,custom scope use well
1852,[0 0 0 1 0 0 0],52,5,bind new typeliterallt paymentservicelt creditcard
1853,[0 0 0 1 0 0 0],21,5,tell guice
1854,[0 0 0 1 0 0 0],83,13,honor injection request element type code paymentservice creditcard
1856,[0 0 0 1 0 0 0],92,9,code creditcardpaymentservice must implement code paymentservice creditcard interface
1857,[0 0 0 1 0 0 0],93,17,guice cannot currently bind inject generic type code set e type parameter
1860,[0 0 0 1 0 0 0],46,5,bind serviceclass toinstance new serviceimpl
1861,[0 0 0 1 0 0 0],17,2,alternatively
1862,[0 0 0 1 0 0 0],33,4,code service injection request
1865,[0 0 0 1 0 0 0],23,5,control
1867,[0 0 0 1 0 0 0],27,5,set constant binding
1868,[0 0 0 1 0 0 0],45,6,constant injection must always annotated
1869,[0 0 0 1 0 0 0],15,3,constant
1870,[0 0 0 1 0 0 0],91,17,binding value string eligible conversion primitive type link
1871,[0 0 0 1 0 0 0],82,13,enumvalueof class string enums link classforname class literal
1874,[0 0 0 1 0 0 0],16,2,converttotypes
1877,[0 0 0 1 0 0 0],66,5,red mymoduleclassgetdeclaredfield red getannotation colorclass
1879,[0 0 0 1 0 0 0],26,4,value annotation
1883,[0 0 0 1 0 0 0],18,2,bind serviceclass
1885,[0 0 0 1 0 0 0],92,15,differentiating name common enough use case provided standard annotation
1886,[0 0 0 1 0 0 0],43,4,link comgoogleinjectnamenamed named
1888,[0 0 0 1 0 0 0],74,13,quite easier arbitrary binding annotation case saw
1889,[0 0 0 1 0 0 0],22,3,however remember
1893,[0 0 0 1 0 0 0],62,4,constructor lonector getlonectorfromserviceimplviareflection
1894,[0 0 0 1 0 0 0],22,2,bind serviceimplclass
1895,[0 0 0 1 0 0 0],15,1,implementation
1898,[0 0 0 1 0 0 0],5,2,
1901,[0 0 0 1 0 0 0],52,10,p list example far exhaustive
1903,[0 0 0 1 0 0 0],97,16,example might coexist concept another likely weave two together
1906,[0 0 0 1 0 0 0],52,10,runtime soon try create injector
1907,[0 0 0 1 0 0 0],87,15,p method binder link bindscope link bindinterceptor link
1908,[0 0 0 1 0 0 0],90,12,install link requeststaticinjection link adderror link currentstage
1909,[0 0 0 1 0 0 0],89,19,part binding edsl learn use usual way method
1914,[1 0 0 0 0 0 0],42,6,test interception default method
1918,[0 0 0 1 0 0 0],79,15,base class defining method signature foo default method
1919,[0 0 0 1 0 0 0],80,11,foo implementation use superclass method rather default method
1920,[1 0 0 0 0 0 0],73,11,internal binding annotation applied element multibinding
1922,[0 0 1 0 0 0 0],84,12,assigned globally unique id allow different module contribute multibindings
1923,[0 0 1 0 0 0 0],14,1,independently
1926,[0 1 0 0 0 0 1],150,24,author crazybobgooglecom bob lee enum cannot implemented anything possible successful valid jitable binding
1928,[1 0 0 0 0 0 0],9,1,pipeline
1929,[0 1 0 0 0 0 0],43,5,author dhanjigmailcom dhanji r prasanna
1930,[1 0 0 0 0 0 0],47,4,handle code bindernewprivatebinder element
1933,[1 0 0 0 0 0 0],64,9,utility testing multibinder mapbinder extension spi
1940,[1 0 0 0 1 0 0],44,6,shared state code abstractmultiselect
1942,[0 0 0 0 0 1 0],9,2,since
1943,[1 0 0 0 1 0 0],55,7,abstract base class link property implementation
1944,[1 0 0 0 1 0 0],63,8,handle listener management link valuechangelistener
1945,[1 0 0 0 1 0 0],37,3,link readonlystatuschangelistener
1946,[0 0 0 0 0 1 0],9,2,since
1947,[0 0 0 0 1 1 0],74,13,deprecated replaced link valueprovider link setter see
1952,[0 0 1 0 0 0 0],24,4,status changed
1954,[1 0 0 0 0 0 0],73,6,default shared state implementation abstractsinglecomponentcontainer
1959,[1 0 0 0 0 0 0],72,11,wrap native javascript object containing field error message
1961,[1 0 0 0 0 0 0],53,8,representation bootstrap page generated
1962,[0 0 1 0 0 0 0],18,3,bootstrap page
1963,[0 0 1 0 0 0 0],73,15,contains full dom html document well http header
1964,[0 0 1 0 0 0 0],57,9,included corresponding http response
1967,[1 0 0 0 0 0 0],57,10,renderer display button textual caption
1969,[0 0 1 0 0 0 0],46,7,corresponding property used caption
1970,[0 0 0 1 0 0 0],28,5,click listener added
1974,[1 0 0 0 0 0 0],58,8,serializes link clientrpc client rpc invocation json
1976,[0 0 0 0 0 1 0],9,2,since
1980,[0 0 0 0 0 1 0],9,2,since
1981,[1 0 0 0 0 0 0],45,6,value provider class declarative support
1985,[1 0 0 0 0 0 0],69,12,validator validating link double inside given range
1987,[0 0 0 0 0 1 0],9,2,since
1993,[1 0 0 0 0 0 0],45,7,grid component displaying tabular data
2002,[0 0 0 1 0 0 0],66,10,selection mode representing built selection model grid
2003,[0 0 0 0 1 0 0],68,9,enums used link gridsetselectionmode selectionmode
2004,[0 0 0 0 1 0 0],40,3,see gridsetselectionmode selectionmode
2014,[0 0 0 1 0 0 0],56,4,gridaddcontextclicklistener event gt notificationshow
2015,[0 0 0 1 0 0 0],57,5,gridcontextclickeventlt persongt event getitem clicked
2024,[0 0 0 1 0 0 0],67,11,helper base class creating extension grid component
2027,[0 0 0 1 0 0 0],40,6,class managing visible detail row
2033,[1 0 0 0 0 0 0],57,8,test ui grid initial rendering performance profiling
2034,[1 0 0 0 0 0 0],63,10,server side interface control grid selection state
2039,[0 0 0 0 1 0 0],27,2,see abstractselectionmodel
2040,[0 0 0 0 1 0 0],25,2,see singleselectionmodel
2044,[0 0 0 0 0 1 0],9,2,since
2045,[1 0 0 0 0 0 0],63,7,annotation enabling using multiple link javascript javascript
2049,[1 0 0 0 1 0 0],22,4,mini tutorial code
2050,[0 0 0 0 1 0 0],70,6,http vaadincom wiki wiki main widgetstylingusingonlycss
2051,[0 0 0 0 1 0 0],5,1,http
2056,[1 0 0 0 0 0 0],57,10,component displaying two different view data
2057,[1 0 0 0 0 0 0],18,3,minimized view
2058,[1 0 0 0 0 0 0],73,14,normally used render component clicked full
2059,[1 0 0 0 0 0 0],29,6,view displayed popup
2061,[1 0 0 0 0 0 0],43,7,used deliver content component
2063,[0 0 1 0 0 0 1],12,1,constructor
2064,[0 0 1 0 0 0 1],50,4,method inherited abstractcomponentcontainer
2065,[0 0 1 0 0 0 1],21,3,unnecessary
2066,[0 0 1 0 0 0 1],15,3,mandatory
2067,[0 0 1 0 0 0 1],54,9,supported implementation
2068,[0 0 1 0 0 0 1],12,1,constructor
2069,[0 0 1 0 0 0 1],50,4,method inherited abstractcomponentcontainer
2070,[0 0 1 0 0 0 1],21,3,unnecessary
2071,[0 0 1 0 0 0 1],15,3,mandatory
2072,[0 0 1 0 0 0 1],54,9,supported implementation
2073,[0 0 1 0 0 0 0],63,9,event received popupvisibilitylisteners
2078,[0 0 1 0 0 0 1],12,1,constructor
2079,[0 0 1 0 0 0 1],50,4,method inherited abstractcomponentcontainer
2080,[0 0 1 0 0 0 1],21,3,unnecessary
2081,[0 0 1 0 0 0 1],15,3,mandatory
2082,[0 0 1 0 0 0 1],54,9,supported implementation
2083,[0 0 1 0 0 0 0],67,10,defines listener receive popupvisibilityevent
2084,[0 0 1 0 0 0 0],32,5,visibility popup change
2085,[1 0 0 0 0 0 0],76,12,request handler provides dummy html response resource request
2086,[1 0 0 0 0 0 0],27,5,resource id dummy
2088,[0 0 0 0 0 1 0],9,2,since
2090,[1 0 0 0 0 0 0],26,5,test v required style
2092,[1 0 0 0 0 0 0],54,9,provides vaadin server side container data source
2093,[1 0 0 0 0 0 0],67,4,link comvaadinvclientconnectorsgridconnector gridconnector
2094,[1 0 0 0 0 0 0],17,3,currently
2101,[0 0 0 0 1 0 0],77,5,see gridaddvaluechangelistener comvaadinvdatacontainer object object
2102,[0 0 0 0 1 0 0],53,4,gridaddvaluechangelistener container object object
2104,[1 0 0 0 0 0 1],75,16,select event fired grid need row data source
2111,[1 0 0 0 1 0 1],72,10,delegate used link designcontext determine whether container data
2118,[0 0 0 0 0 0 1],66,12,event fired spacer element hidden shown escalator
2121,[1 0 0 0 1 0 0],71,9,hashmap backed implementation link targetdetails terminan
2126,[0 0 0 0 0 1 0],11,2,since
2129,[1 0 0 0 0 0 0],47,8,replaces servlet servlet portlet
2130,[1 0 0 0 0 0 0],66,9,deployment handle various portlet request browser
2135,[0 0 1 0 0 0 0],37,5,portlet request websphere portal
2140,[0 0 0 0 0 1 0],24,2,backwards compatibility
2141,[0 0 0 0 0 1 0],29,4,link requesthandler
2143,[0 0 0 0 0 1 0],4,1,
2148,[0 0 1 0 0 0 0],21,3,link serviceloader
2149,[0 0 1 0 0 0 0],47,8,mean implementation must
2151,[0 0 1 0 0 0 0],44,10,class must listed separate line
2153,[0 0 1 0 0 0 0],49,7,jar file containing implementation class
2154,[0 0 1 0 0 0 0],77,11,integration specific runtime environment osgi spring might
2155,[0 0 1 0 0 0 0],49,7,also provide way discovering listener
2160,[0 0 0 0 0 1 0],31,5,deprecated replaced
2163,[1 0 1 0 0 0 0],72,11,vscrolltable flowpanel two widget tablehead component
2168,[1 0 1 0 0 0 0],67,7,scrollpanel contains vscrolltablebody object handle content
2169,[1 0 0 0 0 0 0],7,2,save
2170,[1 0 1 0 0 0 0],75,12,bandwidth improve client responsiveness load data
2171,[1 0 0 0 0 0 0],53,7,vscrolltablebody row necessary rendered
2172,[1 0 0 0 0 0 0],20,4,spacers
2173,[1 0 1 0 0 0 0],76,13,vscrolltablebody use exact space non rendered row would use
2174,[1 0 1 0 0 0 1],76,12,way use seamlessly traditional scrollbars scrolling fetch
2176,[0 0 1 0 0 0 0],43,7,vscrolltable listen scroll event
2177,[0 0 1 0 0 0 0],31,5,horizontal scrolling also
2179,[0 0 1 0 0 0 0],2,1,
2180,[0 0 1 0 0 0 0],77,15,vertical scroll event check reaching end area
2181,[0 0 1 0 0 0 0],25,5,row rendered
2182,[0 0 1 0 0 0 0],58,8,todo implement unregistering child component cell
2224,[0 0 1 0 1 0 0],63,11,handle showing context menu long press touch screen
2343,[0 0 1 0 0 0 0],54,8,reordering disabled clicking reset sorting
2382,[0 0 1 0 0 0 0],54,8,reordering disabled clicking reset sorting
2421,[0 0 1 0 0 0 1],60,9,panel contain vscrolltablerow type widget
2422,[0 0 0 0 0 0 1],4,1,
2424,[0 0 0 0 0 0 1],16,2,unrendered row
2428,[1 0 1 1 0 0 0],74,14,component represents floating popup window added
2429,[1 0 0 0 0 0 0],10,3,link ui
2430,[1 0 1 1 0 0 0],37,9,window added code ui using
2431,[1 0 1 0 0 0 0],27,4,link uiaddwindow window
2438,[0 0 1 0 0 0 0],41,8,set centered using link center
2446,[0 0 1 0 0 0 0],51,10,function covered link ui class
2468,[0 0 1 0 0 0 0],7,2,add
2484,[0 0 1 0 0 0 0],3,1,add
2486,[0 0 1 0 0 0 0],70,3,link windowmodechangelistenerwindowmodechanged windowmodechangeevent
2488,[0 0 1 0 0 0 0],64,7,link windowmodemaximized restored link windowmodenormal
2493,[0 0 1 0 0 0 0],69,12,resize event fired whenever client side fire resize event
2494,[0 0 1 0 0 0 0],34,7,eg browser window resized
2505,[0 0 1 0 0 0 0],63,9,link shortcutlistener specifically made define keyboard
2509,[0 0 0 1 0 0 0],30,5,within window using helper
2510,[0 0 0 1 0 0 0],11,2,globally
2512,[0 0 0 1 0 0 0],4,1,code
3449,[0 0 0 0 0 0 1],75,14,internal use may removed replaced future
3451,[0 0 0 0 0 0 1],75,14,internal use may removed replaced future
3452,[0 0 0 0 0 0 1],75,14,internal use may removed replaced future
3453,[0 0 0 0 0 0 1],101,18,size overridden update uidl initial size needed keep ie alive
3456,[0 0 0 0 0 0 1],75,14,internal use may removed replaced future
3533,[0 0 0 0 0 0 1],38,6,ensure really catch everything
3537,[0 0 0 0 0 0 1],48,10,offset first element byte array
3538,[0 0 0 0 0 0 1],93,12,doesnt matter throw swallowed getbestcomparer
3539,[0 0 0 0 0 0 1],37,7,sanity check never fail
3563,[0 0 0 0 0 0 1],134,20,get added instance another instance added another thread previous get putifabsent
3627,[0 0 0 0 0 0 1],42,9,make sure value within range
3663,[0 0 0 0 0 0 1],166,25,pbecause bimap unique value method return link set instead link javautilcollection specified link map interface
3762,[0 0 1 0 0 0 0],440,71,client us checksum identify resource link applicationid identify application using resource p p codesharedcachemanagercode responds whether resource exists cache resource exists codepathcode resource shared cache returned resource exist response empty
3763,[0 0 1 0 0 0 0],264,44,method called application longer using claimed resource shared cache client us checksum identify resource link applicationid identify application releasing resource p
3770,[0 0 0 0 0 0 1],192,33,class parameter must raw cant create proxy generic type argument created proxy record call return null type irrelevant runtime
3801,[0 0 0 0 0 0 1],559,90,hml columnsh column ml attribute attached called ml column data ml column stored double value ie ml column either scalar column double value vector column column type must encoded ml column using transformer use link orgapachesparkmlattributeattribute describe scalar ml column link orgapachesparkmlattributeattributegroup describe vector ml column ml attribute stored metadata field column schema
3804,[0 0 0 0 0 0 1],208,33,see bugzilla discussion dependency management led creation dependency calculator note also technique exhibit failure mode discussed comment
3805,[0 0 0 0 0 0 1],136,14,dependency calculator us class defaultgccdependencycalculatorcommands implement persource command information
3815,[0 0 0 0 0 0 1],68,11,container acquired increaseddecreased
3863,[0 0 1 0 0 0 0],388,72,simple heuristic used detect valid line end comment character character known potential line end comment character used line start comment char character considered valid line end comment character eg used introduce line start comment also recognized line end comment introducer afterwards p
3974,[0 0 1 0 0 0 0],397,56,sortorder similar sortorder already defined grid default implementation method return empty array mean property included getsortablecontainerpropertyids attempting sort column throw unsupportedoperationexception returning null allowed
3980,[0 0 0 0 0 0 1],18,6,
3985,[0 0 1 0 0 0 0],321,50,checkbox selection normally propagated label text control checkbox selection listener however callback invoked selection change mean initial value false properly propagated state directly updated
4001,[0 0 0 0 1 0 0],36,3,code guicethrowingprovidersjar
4019,[0 0 0 0 0 0 1],62,12,true positive range set empty bounded
4020,[0 0 0 0 0 0 1],62,12,true positive range set empty bounded
4026,[0 0 1 0 0 0 0],136,19,pthe returned set link objecttostring method return shorthand form set content code
4029,[0 0 0 0 0 0 1],17,4,catch cces
4030,[0 0 0 0 0 0 1],41,8,contained definitely c
4062,[0 0 0 0 1 0 0],28,2,link immutablerangesetof
4063,[0 0 0 0 1 0 0],17,2,link rangeall
4067,[0 0 0 1 0 0 0],11,2,code count
4069,[0 0 0 1 0 0 0],69,10,param rm requestmonitor indicating gdb terminated
4075,[0 0 0 1 0 0 0],9,2,param rm
4078,[0 0 0 1 0 0 0],9,2,param rm
4090,[0 0 0 1 0 0 0],29,5,param viewer text viewer
4091,[0 0 0 1 0 0 0],29,5,param viewer text viewer
4092,[0 0 0 1 0 0 0],222,26,param x screen xcoordinate param screen ycoordinate param absolute codetruecode coordinate expected absolute screen coordinate
4093,[0 0 0 1 0 0 0],19,3,return text offset
4094,[0 0 0 1 0 0 0],19,2,param widgetoffset
4095,[0 0 0 1 0 0 0],23,3,return document offset
4096,[0 0 0 1 0 0 0],56,11,return true document may changed drag
4097,[0 0 0 1 0 0 0],14,2,param enabled
4100,[0 0 0 0 0 0 1],24,5,expecting
4101,[0 0 0 0 1 0 0],37,2,see styledtextgetoffsetatlocation
4103,[0 0 0 0 0 0 1],22,5,effect
4106,[0 0 1 0 0 0 0],236,43,add drag selection position position used delete selection dropmove used drop target determine allow drop eg drop location overlap selection
4109,[0 0 0 0 1 0 0],90,2,see orgeclipseswtdnddragsourcelistenerdragstartorgeclipseswtdnddragsourceevent
4133,[0 0 0 1 0 0 0],12,2,since
4152,[0 0 0 1 0 0 0],12,2,since
4155,[0 0 0 1 0 0 0],11,2,since
4156,[0 0 0 1 0 0 0],12,2,since
4157,[0 0 0 1 0 0 0],11,2,since
4158,[0 0 0 1 0 0 0],11,2,since
4160,[0 0 0 0 1 0 0],18,2,link outputstream
4161,[0 0 0 0 1 0 0],31,4,link funnelfunnel funnel
4162,[0 0 0 0 1 0 0],35,2,link funnelsstringfunnelcharset
4166,[0 0 0 0 1 0 0],13,2,code charset
4173,[0 0 0 1 0 0 0],19,2,code primitivesink
4174,[0 0 0 1 0 0 0],19,2,code primitivesink
4175,[0 0 0 1 0 0 0],18,2,code outputstream
4177,[0 0 0 1 0 0 0],11,2,code flush
4180,[0 0 0 1 0 0 0],14,2,code iterable
4181,[0 0 0 1 0 0 0],18,2,code charsequence
4182,[0 0 0 1 0 0 0],18,2,code charsequence
4185,[0 0 0 0 0 0 1],28,6,bad path also fail
4193,[0 0 0 1 0 0 0],133,25,param v type returned visit method use link void code return null return type needed
4194,[0 0 0 0 1 0 0],10,2,link void
4200,[0 0 0 1 0 0 0],17,3,code return null
4201,[0 0 0 0 1 0 0],78,5,link comgoogleinjectbinderbindscopeclass scope binderbindscope
4205,[0 0 0 0 1 0 0],109,2,see orgeclipsecdtdsfserviceabstractdsfserviceinitializeorgeclipsecdtdsfconcurrentrequestmonitor
4208,[0 0 0 1 0 0 0],55,8,param context param breakpoint param finalrm
4210,[0 0 1 0 0 0 0],255,44,gdb create breakpoint disabled avoids disable separate command also much better nonstop dont risk habing thread hitting breakpoint creation disablement
4219,[0 0 0 1 0 0 0],51,8,param context param breakpoint param drm
4222,[0 0 0 0 0 0 1],138,23,simplest way convert clitraceinfo mibreakinsertinfo list breakpoints take proper output
4233,[0 0 0 1 0 0 0],124,22,note breakpoint command action handled backend dont check change
4245,[0 0 0 0 1 0 0],24,2,link fsdataoutputstream
4250,[0 0 0 1 0 0 0],57,10,return number valid replica current block
4251,[1 0 0 0 0 0 0],56,9,sync buffered data datanodes flush disk device
4252,[1 0 0 0 0 0 0],60,11,get actual number replica current block
4253,[0 0 0 0 0 0 1],402,70,different designated replication factor file namenode maintain replication block currently written depending configuration client may continue write block even datanodes write pipeline failed client may add new datanodes datanode failed
4258,[0 0 1 0 0 0 0],92,16,seems thread termination stream closing working without help
4259,[1 0 0 0 0 0 0],93,14,live link launched process configured inout stream using reader thread
4260,[0 0 0 1 0 0 0],212,27,param outputstream prcess stdout written stream cannot codenullcode param errorstream prcess stderr written stream cannot codenullcode
4263,[1 0 0 0 0 0 0],112,17,bundled state launched process including thread linking process inoutput console document
4265,[1 0 0 0 0 0 0],84,14,map connector class state property name hander method data
4266,[0 0 0 0 0 0 1],92,15,inefficient implementation getting identifier class
4268,[0 0 0 1 0 0 0],8,1,return
4269,[0 0 0 0 0 1 0],116,12,deprecated use link getpropertiesasarraytype instead improved performance
4270,[0 0 0 0 1 0 0],33,2,link getpropertiesasarraytype
4271,[1 0 0 0 0 0 0],59,8,create property instance property name
4272,[1 0 0 0 0 0 0],191,22,method set prototype chain codebaseclassnamecode precondition codesuperclassnamecode handled child codebaseclassnamecode
4275,[1 0 0 0 0 0 0],98,15,add data method annotated link onstatechange given connector type
4276,[1 0 0 0 0 0 0],77,11,check whether provided method annotated link nolayout
4282,[0 0 0 1 0 0 0],112,12,return codetruecode property nolayout annotation otherwise codefalsecode
4283,[0 0 0 1 0 0 0],56,8,param method rpc method check
4285,[0 0 0 1 0 0 0],110,12,return codetruecode method nolayout annotation otherwise codefalsecode
4286,[0 0 0 1 0 0 0],11,2,since
4287,[0 0 0 1 0 0 0],49,6,param clazz connector type
4288,[0 0 0 1 0 0 0],60,8,param method state change method data
4290,[0 0 0 1 0 0 0],48,6,param type connector type
4291,[0 0 0 1 0 0 0],60,11,return map state property name handler method data
4293,[0 0 0 0 1 0 0],25,2,link regularimmutableset
4294,[1 0 0 0 0 0 0],46,5,gwt emulation link regularimmutableset
4295,[1 0 0 0 0 0 0],293,44,policy enforce simple physical cluster capacity constraint validating allocation proposed fit current plan validation compatible update verifying capacity constraint conceptually remove prior version reservation
4296,[1 0 0 0 0 0 0],40,7,check update using name
4297,[1 0 0 0 0 0 0],74,12,every instant time check respecting cluster capacity
4298,[1 0 0 0 0 0 0],50,8,check cluster never committed
4299,[1 0 0 0 0 0 0],69,14,policy memory valid window set zero
4301,[1 0 0 0 0 0 0],137,23,class test hadoopstreaming mapreduce local mode testcase look different case tab position input
4302,[0 0 0 0 0 0 1],270,54,first line input key tab value second line input start tab character empty key whole line value third line input tab character whole line key value empty
4306,[0 0 0 1 0 0 0],13,2,since
4307,[0 0 0 1 0 0 0],37,5,param indicator param string
4310,[1 0 0 0 0 0 0],63,10,represents declaration specifier builtin type
4312,[0 0 0 1 0 0 0],76,12,noimplement interface intended implemented client
4314,[1 0 0 0 0 0 0],132,21,used omitted declaration specifier eg declaration constructor plain c default integer
4322,[0 0 0 1 0 0 0],14,3,since
4323,[0 0 0 1 0 0 0],14,3,since
4324,[0 0 0 1 0 0 0],15,3,since
4326,[0 0 0 1 0 0 0],15,3,since
4337,[0 0 0 0 0 1 0],63,10,deprecated constant must defined interface
4338,[1 0 0 0 0 0 0],27,5,used subclass
4339,[1 0 0 0 0 0 0],30,6,allowed frozen ast
4340,[1 0 0 0 0 0 0],30,6,allowed frozen ast
4341,[1 0 0 0 0 0 0],30,6,allowed frozen ast
4342,[1 0 0 0 0 0 0],30,6,allowed frozen ast
4343,[1 0 0 0 0 0 0],30,6,allowed frozen ast
4345,[0 0 0 0 1 0 0],40,2,link iastsimpledeclspecifiertdecltype
4346,[0 0 0 0 1 0 0],38,2,link iastsimpledeclspecifierttypeof
4348,[0 0 0 0 1 0 0],21,2,link ibasictypekind
4349,[0 0 0 0 1 0 0],16,2,see issigned
4350,[0 0 0 0 1 0 0],19,2,see isunsigned
4352,[0 0 0 0 1 0 0],14,2,see islong
4354,[0 0 0 0 1 0 0],17,2,see iscomplex
4355,[0 0 0 0 1 0 0],20,2,see isimaginary
4359,[0 0 1 0 0 0 0],203,29,check byte stored correctly modifiedutf format note datainput dataoutput interface convert byte string using modifiedutf format
4360,[1 0 0 0 0 0 0],33,5,generate random string
4361,[1 0 0 0 0 0 0],17,3,write
4362,[1 0 0 0 0 0 0],37,6,test read correctly
4366,[0 0 0 0 1 0 0],64,2,see httpwwwfileformatinfoinfounicodecharfindexhtm
4367,[0 0 1 0 0 0 0],52,8,test using cat face character uf
4369,[1 0 0 0 0 0 0],50,9,decode back string using decoder
4370,[1 0 0 0 0 0 0],73,11,test decoding invalid utf throw appropriate error message
4373,[0 0 1 0 0 0 0],108,20,truncated cat face character byte sequence first three byte
4376,[1 0 0 0 0 0 0],115,17,used compute binding resolution parse imperative style symbol table destructive update
4377,[0 0 1 0 0 0 0],140,27,consists two data structure hash table fast lookup binding given name stack used keep track scope
4381,[1 0 0 0 0 0 0],22,4,open global scope
4384,[1 0 0 0 0 0 0],87,15,return binding associated given identifier null none
4386,[0 0 0 1 0 0 0],72,13,param mask bit mask used identify namespace identifier
4388,[0 0 0 0 0 0 1],94,18,identifier added already exists outer scope shadowed
4389,[1 0 0 0 0 0 0],69,13,remove symbol defined scope closed
4392,[0 0 0 1 0 0 0],72,13,param scope iscope object used represent scope
4394,[1 0 0 0 0 0 0],32,6,reporter nothing
4395,[1 0 0 0 0 0 0],31,6,variety length
4396,[1 0 0 0 0 0 0],42,7,create file length entry
4397,[1 0 0 0 0 0 0],53,10,try splitting file variety size
4398,[1 0 0 0 0 0 0],27,4,check split
4399,[1 0 0 0 0 0 0],23,4,create codec
4401,[1 0 0 0 0 0 0],31,6,variety length
4402,[1 0 0 0 0 0 0],42,7,create file length entry
4403,[1 0 0 0 0 0 0],53,10,try splitting file variety size
4404,[1 0 0 0 0 0 0],27,4,check split
4405,[1 0 0 0 0 0 0],166,26,test readline various kind line termination sequneces varies buffer size stress test also check returned value match string length
4407,[0 0 0 0 0 0 1],8,1,bbn
4409,[0 0 0 0 0 0 1],9,1,cccr
4410,[0 0 0 0 0 0 1],8,1,ddddr
4411,[0 0 0 0 0 0 1],6,1,r
4412,[0 0 0 0 0 0 1],8,1,rn
4413,[0 0 0 0 0 0 1],8,1,rn
4414,[0 0 0 0 0 0 1],12,1,eeeeeeof
4415,[1 0 0 0 0 0 0],287,45,test readline correct interpretation maxlinelength returned string clipped maxlinelength remaining byte line thrown also check returned value match string length varies buffer size stress test
4416,[1 0 0 0 0 0 0],31,7,max lrr po linereader buf
4417,[1 0 0 0 0 0 0],6,2,
4418,[0 0 0 1 0 0 0],16,3,param args
4420,[1 0 0 0 0 0 0],54,11,test using gzip codec empty input file
4422,[1 0 0 0 0 0 0],31,4,test another constructor
4425,[1 0 0 0 0 0 0],216,38,orderby represents sorting rule applied query made sqlcontainers querydelegate sorting rule simple contains affected column name direction sort
4428,[0 0 0 0 1 0 0],117,3,see orgeclipseuitexteditoriannotationimageprovidergetmanagedimageorgeclipsejfacetextsourceannotation
4429,[0 0 0 0 1 0 0],122,3,see orgeclipseuitexteditoriannotationimageprovidergetimagedescriptoridorgeclipsejfacetextsourceannotation
4430,[0 0 0 0 1 0 0],96,3,see orgeclipseuitexteditoriannotationimageprovidergetimagedescriptorjavalangstring
4431,[1 0 0 0 0 0 0],43,5,provides breakpoints image information
4433,[1 0 0 0 0 0 0],29,5,try current directory
4434,[0 0 0 0 1 0 0],22,2,link referencecounter
4437,[0 0 0 1 0 0 0],44,8,param key key remove reference
4438,[0 0 0 1 0 0 0],12,2,return
4440,[1 0 0 0 0 0 0],23,4,clear content
4441,[1 0 0 0 0 0 0],38,7,get number unique element
4442,[1 0 0 0 0 0 0],40,8,get reference count key
4445,[1 0 0 0 0 0 0],91,14,add reference instance already present increase reference count
4446,[1 0 0 0 0 0 0],160,27,class deduplication instance br hold reference count single instance reference entry removedbr
4448,[0 0 0 1 0 0 0],39,7,note class threadsafe
4451,[0 0 0 0 0 0 1],231,35,contribution rack rack rack rack rack host host host returned even individual contribution highest
4452,[1 0 0 0 0 0 0],57,8,create block without topology information
4453,[0 0 0 0 0 0 1],106,17,host make highest contribution among host returned others
4455,[1 0 0 0 0 0 0],220,38,simple shellbased implementation link idmappingserviceprovider map id user name group name update every minute single instance class expected server
4456,[0 0 0 0 0 0 1],790,142,map incrementally updated described initialize map empty incrementally update map shellbasedidmapping requested user group name given id id given user group name look map first doesnt exist find corresponding entry shell command insert entry map group id requested given group name group name numerical full group map loaded dont good way find entry numerical group name loading full map help get entry periodically refresh map user group eg step
4457,[0 0 0 1 0 0 0],100,17,note testing purpose step may initial map full mapping using constructor
4458,[0 0 0 0 1 0 0],69,3,link shellbasedidmappingshellbasedidmappingconfiguration boolean
4461,[1 0 0 0 0 0 0],46,8,used parsing static mapping file
4462,[1 0 0 0 0 0 0],65,13,map id name map guarded object monitor lock
4463,[1 0 0 0 0 0 0],27,5,last time map updated
4465,[0 0 0 1 0 0 0],29,4,param conf configuration
4467,[1 0 0 0 0 0 0],35,6,minimal interval minute
4469,[0 0 0 1 0 0 0],34,5,param conf configuration
4473,[1 0 0 0 0 0 0],111,20,get list user group returned specified command save corresponding map
4476,[1 0 0 0 0 0 0],46,9,got didnt return false
4477,[0 0 0 0 0 0 1],247,44,static mapping file modified last update load map exist added since last update load map existed deleted since last update clear map
4478,[1 0 0 0 0 0 0],108,17,check modification time reload file last modification time changed since prior load
4479,[1 0 0 0 0 0 0],116,19,print following log initialization static mapping file deleted prior load
4480,[1 0 0 0 0 0 0],195,33,refresh static map reset map empty testing code full map may reconstructed object created constructfullmapatinit set true
4481,[1 0 0 0 0 0 0],129,19,set constructfullmapatinit false allow testing code incremental update map initial construction
4482,[1 0 0 0 0 0 0],167,29,search id given name return nameid return getent group name cut f id u name awk print name
4483,[1 0 0 0 0 0 0],56,9,search name given id return nameid
4484,[1 0 0 0 0 0 0],586,88,dscl read usersname grep uniqueid return uniqueid id dscl read groupsname grep primarygroupid return primarygoupid id following method return command us awk process result command return name id simulate one entry returned macgetalluserscmd macgetallgroupscmd specificially method return id u name awk print name dscl read groupsname grep primarygroupid awk primarygroupid print name
4485,[1 0 0 0 0 0 0],860,133,dscl search user uniqueid id return name uniqueid id dscl search group primarygroupid id return name primarygroupid id following method return command us sed process result return name id simulate one entry returned macgetalluserscmd macgetallgroupscmd certain negative id case like nfsnobody id quoted id added one sed section remove quote specifically method return dscl search user uniqueid id sed nsngnsng sed suniqueid g sed sg sed sg dscl search group primarygroupid id sed nsngnsng sed sprimarygroupid g sed sg sed sg
4487,[1 0 0 0 0 0 0],123,21,know line fine parse without error checking like since matched regex
4488,[1 0 0 0 0 0 0],60,10,cant map user return user name string hashcode
4491,[0 0 0 1 0 0 0],11,2,since
4494,[1 0 0 0 0 0 0],77,13,make sure dealing valid set information
4497,[1 0 0 0 0 0 0],63,10,make sure working editable area
4498,[1 0 0 0 0 0 0],72,10,let model provider supply current format
4499,[1 0 0 0 0 0 0],400,59,combo box need take value bitfield compare associated mnemonic value see mnemonic representing current value point bitfield model data already established since canmodify method called first flexible hierarchy proxy
4500,[0 0 0 0 0 0 1],128,20,column value modify register data otherwise call superclass edit watch expression
4501,[1 0 0 0 0 0 0],76,10,let model provider supply current format
4502,[1 0 0 0 0 0 0],82,10,get integer value corresponding selected entry
4508,[1 0 0 0 0 0 0],47,7,class implement gwt serialization
4510,[0 1 0 0 0 0 0],21,3,author doug schaefer
4511,[1 0 0 0 0 0 0],146,28,string take chunk string need broken section reassembled necessary
4512,[1 0 0 0 0 0 0],38,6,additional field first record
4514,[1 0 0 0 0 0 0],44,6,additional field subsequent record
4515,[1 0 0 0 0 0 0],28,5,write first record
4516,[1 0 0 0 0 0 0],34,5,write subsequent record
4518,[1 0 0 0 0 0 0],17,3,first record
4519,[1 0 0 0 0 0 0],18,3,record
4523,[1 0 0 0 0 0 0],41,4,compatible link stringhashcode
4526,[0 0 0 0 1 0 0],14,2,link database
4527,[1 0 0 0 0 0 0],37,6,test link database class
4528,[1 0 0 0 0 0 0],131,24,constant used run test large database try example setting integermaxvalue l
4530,[1 0 0 0 0 0 0],58,11,check opening readonly file rw access fails
4534,[1 0 0 0 0 0 0],79,10,match stringcomparetoignorecase behavior within limited range
4535,[0 1 0 0 0 0 0],240,34,contributor william r swanson tilera corporation initial api implementation marc dumais ericsson add cpucore load information multicore visualizer bug marc dumais ericsson bug
4536,[1 0 0 0 0 0 0],22,3,represents single cpu
4537,[1 0 0 0 0 0 0],53,6,ivisualizermodelobject version compareto
4539,[1 0 0 0 0 0 0],39,8,sort core cpu etc id
4540,[1 0 0 0 0 0 0],21,4,remove core
4542,[1 0 0 0 0 0 0],36,7,get core specified id
4543,[1 0 0 0 0 0 0],19,4,get core
4544,[1 0 0 0 0 0 0],29,6,get number core
4545,[1 0 0 0 0 0 0],55,10,get highest recorded load value cpu
4547,[1 0 0 0 0 0 0],51,10,set load object associated cpu
4548,[1 0 0 0 0 0 0],48,10,cpu parent always return null
4550,[1 0 0 0 0 0 0],38,5,return string representation
4551,[1 0 0 0 0 0 0],22,4,dispose method
4553,[1 0 0 0 0 0 0],21,5,list core
4554,[1 0 0 0 0 0 0],42,8,load object associated cpu
4555,[1 0 0 0 0 0 0],24,6,id core
4556,[1 0 0 0 0 0 0],31,6,lookup table core
4558,[1 0 0 0 0 0 0],28,5,allow snapshot dir
4560,[1 0 0 0 0 0 0],31,5,create snapshot sub
4563,[0 0 0 0 0 0 1],54,5,instead subsnapshotsfile exist
4564,[1 0 0 0 0 0 0],67,11,filestatus snapshot change except path
4565,[0 1 0 0 0 0 0],74,10,contributor red hat incorporated initial api implementation
4566,[1 0 0 0 0 0 0],99,15,look automake conditionals optionally activate disable makefile rule command
4569,[0 0 0 1 0 0 0],29,4,param job configuration
4570,[1 0 0 0 0 0 0],56,9,initializes new instance link jobconf
4573,[1 0 0 0 0 0 0],93,16,viewer input requester used update viewer viewer input resolved
4575,[1 0 0 0 0 0 0],28,6,set input viewer
4576,[0 0 0 1 0 0 0],37,6,param context object context
4577,[0 0 0 1 0 0 0],22,4,return context id
4578,[0 0 0 1 0 0 0],21,4,return swt style
4579,[0 0 0 0 1 0 0],107,3,see orgeclipsedebuginternaluiviewersmodelprovisionaliviewerupdatelistenerviewerupdatesbegin
4585,[1 0 0 0 0 0 0],70,12,update action set viewer input context activated
4586,[1 0 0 0 0 0 0],42,8,return style bit viewer
4587,[1 0 0 0 0 0 0],54,9,return presentation context id view
4588,[0 0 0 1 0 0 0],20,3,param selection
4590,[1 0 0 0 0 0 0],62,9,interface represents c conversion member function
4591,[0 0 0 1 0 0 0],70,12,noextend interface intended extended client
4593,[0 0 0 1 0 0 0],17,3,param typeid
4594,[0 0 0 1 0 0 0],14,3,since
4595,[0 0 0 1 0 0 0],14,3,since
4596,[1 0 0 0 0 0 0],136,19,return iasttypeid icppastconversionname ie gettypeid operator int would return iasttypeid int
4600,[1 0 0 0 0 0 0],101,16,flag tell color automatically disposed current display get disposed
4601,[1 0 0 0 0 0 0],129,20,creates new cdt color manager automatically disposes allocated color current display get disposed
4602,[1 0 0 0 0 0 0],36,7,creates new cdt color manager
4603,[0 0 0 1 0 0 0],268,30,param autodisposeondisplaydispose codetruecode color manager automatically disposes managed color current display get disposed call link orgeclipsejfacetextsourceisharedtextcolorsdispose ignored
4604,[0 0 0 1 0 0 0],14,3,since
4605,[0 0 0 0 1 0 0],63,2,link orgeclipsejfacetextsourceisharedtextcolorsdispose
4606,[0 0 0 0 1 0 0],20,2,link inodedirectory
4607,[1 0 0 0 0 0 0],75,12,verify storagespace quota violated applying delta
4608,[1 0 0 0 0 0 0],72,12,verify namespace quota violated applying delta
4611,[0 0 0 1 0 0 0],62,9,param delta change namespacespacetype usage
4612,[0 0 0 1 0 0 0],77,12,param tsquotas type space count storage type supporting quota
4613,[0 0 0 1 0 0 0],62,11,param count count added current quota usage
4614,[0 0 0 1 0 0 0],69,12,return count added current qutoa usage
4615,[0 0 0 1 0 0 0],54,13,return quota set set
4618,[0 0 0 1 0 0 0],135,21,param type storage type storage space quota set set storagespacenamespace quota type must null
4619,[1 0 0 0 0 0 0],44,6,quota feature link inodedirectory
4620,[1 0 0 0 0 0 0],32,5,set directory quota
4621,[1 0 0 0 0 0 0],68,13,set storage type quota batch used fsimage load
4622,[1 0 0 0 0 0 0],68,12,add current quota usage count return updated count
4624,[0 0 1 0 0 0 0],223,38,following step important check quota inode ancestor changing count change made quota violation verify quota inode
4625,[1 0 0 0 0 0 0],57,10,verify quota add count ancestor
4627,[1 0 0 0 0 0 0],55,8,update spacenamespacetype usage tree
4628,[1 0 0 0 0 0 0],157,26,set namespace storagespace take directory rooted inode used carefully check quota violation
4630,[0 0 0 0 1 0 0],81,3,see orgeclipseuiiworkbenchpreferencepageinitorgeclipseuiiworkbench
4631,[1 0 0 0 0 0 0],197,32,creates field editor field editor abstraction common gui block needed manipulate various type preference field editor know save restore
4633,[1 0 0 0 0 0 0],40,6,application support headless build
4634,[0 0 0 1 0 0 0],66,12,noextend class intended extended client
4635,[0 0 0 1 0 0 0],75,12,noinstantiate class intended instantiated client
4636,[0 0 0 1 0 0 0],17,3,param string
4640,[0 0 0 0 1 0 0],17,2,link printstream
4641,[0 0 0 1 0 0 0],50,9,param p link printstream print
4642,[1 0 0 0 0 0 0],92,15,print job history given link printstream humanreadable format
4643,[0 0 0 0 1 0 0],19,2,link historyviewer
4645,[0 1 0 0 0 0 0],37,4,author crazybobgooglecom bob lee
4646,[0 1 0 0 0 0 0],132,17,contributor markus schorn initial api implementation andrew ferguson symbian sergey prigogin google
4648,[1 0 0 0 0 0 0],110,18,gcc version emulate running test emulate latest version whose extension support
4649,[1 0 0 0 0 0 0],40,6,logged resource plugin
4650,[0 0 0 0 0 0 1],43,10,iff dont run junit plugin test
4652,[0 0 0 0 0 0 1],190,34,logged number nonok status object differs last value passed test failed method called expected number default zero
4653,[0 0 0 1 0 0 0],69,11,param count expected number logged error warning message
4654,[1 0 0 0 0 0 0],114,20,test step need synchronizing cmodel event class basic mean
4656,[1 0 0 0 0 0 0],21,3,assertion helper
4657,[0 1 0 0 0 0 0],21,4,author vaadin ltd
4659,[0 0 0 0 1 0 0],75,3,see comvaadintestscomponentsabstracttestuigettestdescription
4660,[0 0 0 0 1 0 0],94,4,see comvaadintestscomponentsabstracttestuisetupcomvaadinserver vaadinrequest
4661,[0 0 0 1 0 0 0],7,1,since
4663,[1 0 0 0 0 0 0],98,15,empty array string indicating project doesnt prerequesite project
4664,[0 0 0 0 1 0 0],79,3,see orgeclipsecdtinternalcoremodelcmodeloperationexecuteoperation
4665,[0 0 0 0 0 0 1],129,16,project reference updated may throw exception unable write cdtproject file updateprojectreferencesifnecessary
4666,[0 0 0 0 0 0 1],50,9,ensure changed order consistent
4668,[0 1 0 0 0 0 0],20,3,author dschaefer
4670,[1 0 0 0 0 0 0],27,6,treated
4672,[1 0 0 0 0 0 0],18,4,fallback cwd
4673,[1 0 0 0 0 0 0],90,15,populate containing scope affected alternative branch
4674,[0 1 0 0 0 0 0],126,17,contributor markus schorn initial api implementation sergey prigogin google thomas corbat ifs
4675,[1 0 0 0 0 0 0],99,17,handle ambiguity parsing declarators br example void fint type
4676,[0 0 0 1 0 0 0],12,2,since
4677,[1 0 0 0 0 0 0],32,5,utility used across test case
4678,[1 0 0 0 0 0 0],16,4,get test uri
4679,[1 0 0 0 0 0 0],69,12,assert property property set match expected value
4680,[1 0 0 0 0 0 0],188,30,write file read validating result optional flag control whether file overwrite operation enabled whether file deleted afterwards
4681,[1 0 0 0 0 0 0],98,15,write file optional flag control whether file overwrite operation enabled
4682,[1 0 0 0 0 0 0],48,10,read file convert byte dataset
4683,[1 0 0 0 0 0 0],59,10,assert array srclen dest equal
4684,[1 0 0 0 0 0 0],116,21,range either side first error print purely arbitrary number aid user debugging
4685,[1 0 0 0 0 0 0],152,30,convert byte character printing byte value lt hence unprintable byte returned two digit hex value
4687,[1 0 0 0 0 0 0],40,6,report overridden test unsupported
4691,[1 0 0 0 0 0 0],40,8,assert path refers directory
4692,[1 0 0 0 0 0 0],102,19,write text file returning converted byte array use validating round trip
4693,[1 0 0 0 0 0 0],42,9,touch file fails already
4695,[1 0 0 0 0 0 0],126,23,assert file exists whose link filestatus entry declares file symlink directory
4701,[1 0 0 0 0 0 0],73,11,assert filesystemliststatus dir find subdirchild entry
4702,[0 0 0 1 0 0 0],30,4,param conf configuration
4703,[0 0 0 1 0 0 0],30,5,param prop property set
4704,[0 0 0 1 0 0 0],29,5,param key property name
4710,[0 0 0 1 0 0 0],206,33,param delete file deleted afterwards verification worked deletion attempted assertion failed earlier codefinallycode block
4711,[0 0 0 1 0 0 0],25,4,param f filesystem
4716,[0 0 0 1 0 0 0],34,7,param path path read
4717,[0 0 0 1 0 0 0],38,8,param len length data read
4718,[0 0 0 1 0 0 0],22,4,return byte
4719,[0 0 0 1 0 0 0],42,8,param len length byte compare
4720,[0 0 0 1 0 0 0],27,5,param src source data
4721,[0 0 0 1 0 0 0],23,4,param dest actual
4724,[0 0 0 1 0 0 0],32,5,param message text message
4725,[0 0 0 1 0 0 0],31,5,param failure failed
4727,[0 0 0 1 0 0 0],46,9,param message message use text
4728,[0 0 0 1 0 0 0],25,4,param f filesystem
4729,[0 0 0 1 0 0 0],33,7,param path path file
4730,[0 0 0 1 0 0 0],36,5,param expected expected length
4731,[0 0 0 1 0 0 0],25,4,param f filesystem
4732,[0 0 0 1 0 0 0],38,7,param path path directory
4734,[0 0 0 1 0 0 0],25,4,param f filesystem
4735,[0 0 0 1 0 0 0],29,6,param path path file
4737,[0 0 0 1 0 0 0],30,6,param text text write
4739,[0 0 0 1 0 0 0],25,4,param f filesystem
4740,[0 0 0 1 0 0 0],21,4,param path path
4741,[0 0 0 1 0 0 0],25,4,param f filesystem
4742,[0 0 0 1 0 0 0],29,6,param path path read
4744,[0 0 0 1 0 0 0],53,10,return byte read converted string
4746,[0 0 0 1 0 0 0],37,7,param filename name file
4747,[0 0 0 1 0 0 0],30,6,param len length data
4749,[0 0 0 1 0 0 0],40,6,return newly generated dataset
4750,[0 0 0 1 0 0 0],29,5,param modulo modulo
4752,[0 0 0 1 0 0 0],71,11,param message message include assertion failure message
4753,[0 0 0 1 0 0 0],39,7,param path path filesystem
4754,[0 0 0 1 0 0 0],44,6,param filesystem filesystem examine
4755,[0 0 0 1 0 0 0],71,11,param message message include assertion failure message
4756,[0 0 0 1 0 0 0],39,7,param path path filesystem
4757,[0 0 0 1 0 0 0],25,4,param f filesystem
4760,[0 0 0 0 0 0 1],370,66,mismatch written expected small range byte either side first error logged aid diagnosing problem occurred whether previous file corrupting current file assumes two sequential run path use datasets different character modulus
4765,[1 0 0 0 0 0 0],68,12,style name row null none
4766,[0 0 0 0 1 0 0],22,2,link abstractembedded
4767,[0 0 0 0 1 0 0],14,2,link embedded
4770,[1 0 0 0 0 0 0],98,12,test declarative support implementation link abstractembedded link embedded
4771,[1 0 0 0 0 0 0],98,13,rawlocalfs implementation abstractfilesystem impl delegate old filesystem
4772,[1 0 0 0 0 0 0],51,9,evolving releaseto changed stable
4773,[1 0 0 0 0 0 0],114,11,constructor signature needed link abstractfilesystemcreatefilesystemuri configuration
4774,[0 0 0 0 1 0 0],61,3,link abstractfilesystemcreatefilesystemuri configuration
4776,[0 0 0 1 0 0 0],16,3,param conf
4777,[1 0 0 0 0 0 0],31,6,default port file
4778,[1 0 0 0 0 0 0],174,26,different local file system different validation rule skip validation let o handle consistent rawlocalfilesystem
4782,[0 0 0 0 0 0 1],265,48,deleteonerror deleteonerror mentioned target anywhere makefile make delete target rule changed command exit nonzero exit status receives signal
4783,[1 0 0 0 0 0 0],113,22,exception happens ask create file already created closed yet
4784,[1 0 0 0 0 0 0],93,20,interface defines grow size hash map threshold
4786,[1 0 0 0 0 0 0],31,4,guard overflow
4787,[1 0 0 0 0 0 0],43,8,indicates exception rpc server
4788,[1 0 0 0 0 0 0],60,8,construct exception specified detail message
4789,[1 0 0 0 0 0 0],70,10,construct exception specified detail message cause
4790,[1 0 0 0 0 0 0],55,9,get rpc status corresponding exception
4792,[0 0 0 1 0 0 0],28,4,param message message
4793,[0 0 0 1 0 0 0],37,5,param message detailed message
4796,[0 0 0 1 0 0 0],70,12,noextend interface intended extended client
4797,[0 0 0 1 0 0 0],76,12,noimplement interface intended implemented client
4798,[1 0 0 0 0 0 0],91,16,return marker type associated problem get persisted marker
4799,[0 0 0 1 0 0 0],76,14,return type marker would associated problem
4800,[0 0 0 0 1 0 0],11,2,link bimap
4801,[0 0 0 0 1 0 0],25,2,link immutablecollection
4802,[0 0 0 0 1 0 0],12,2,link build
4803,[0 0 0 0 1 0 0],28,2,link immutablebimapbuilder
4804,[0 0 0 0 1 0 0],9,2,code key
4806,[0 0 0 0 1 0 0],12,2,link build
4810,[0 0 0 0 1 0 0],12,2,link build
4811,[0 0 0 0 1 0 0],13,2,code builder
4816,[0 0 0 0 1 0 0],20,2,code immutablebimap
4817,[0 0 0 0 1 0 0],20,2,code immutablebimap
4818,[1 0 0 0 0 0 0],226,31,serialized type immutablebimap instance capture logical content reconstructed using public factory method ensures implementation type remain implementation detail
4821,[1 0 0 0 0 0 0],131,26,return immutable set value map value order parameter used build map
4822,[1 0 0 0 0 0 0],83,11,pthe inverse code immutablebimap another code immutablebimap
4823,[1 0 0 0 0 0 0],196,26,current implementation end using entryarray directly though write arbitrary potentially mutable entry object actually stored entryarray
4825,[1 0 0 0 0 0 0],57,8,return immutable bimap containing given entry
4826,[1 0 0 0 0 0 0],286,45,return immutable bimap containing entry code map code map somehow contains entry duplicate key example code sortedmap whose comparator iconsistent equalsi result method undefined
4827,[1 0 0 0 0 0 0],6,1,copyof
4828,[1 0 0 0 0 0 0],40,5,return newlycreated immutable bimap
4829,[1 0 0 0 0 0 0],5,1,build
4832,[1 0 0 0 0 0 0],164,29,associate given map key value built bimap duplicate key value allowed cause link build fail
4833,[1 0 0 0 0 0 0],132,23,add given code entry bimap duplicate key value allowed cause link build fail
4834,[1 0 0 0 0 0 0],149,25,associate code key code value built bimap duplicate key value allowed cause link build fail
4835,[1 0 0 0 0 0 0],124,17,creates new builder returned builder equivalent builder generated link immutablebimapbuilder
4836,[1 0 0 0 0 0 0],716,93,builder creating immutable bimap instance especially code public static final bimaps constant bimaps example pre code static final immutablebimapstring integer wordtoint new immutablebimapbuilderstring integer putone puttwo putthree buildpre pfor ismalli immutable bimaps code immutablebimapof method even convenient pbuilder instance reused safe call link build multiple time build multiple bimaps series bimap superset bimaps created
4837,[0 0 0 0 1 0 0],13,2,link builder
4839,[1 0 0 0 0 0 0],64,10,return immutable map containing given entry order
4840,[1 0 0 0 0 0 0],64,10,return immutable map containing given entry order
4841,[1 0 0 0 0 0 0],64,10,return immutable map containing given entry order
4843,[1 0 0 0 0 0 0],53,8,return immutable bimap containing single entry
4845,[1 0 0 0 0 0 0],130,18,link bimap whose content never change many important property detailed link immutablecollection
4846,[0 1 0 0 0 0 0],19,3,author jared levy
4848,[0 0 0 0 0 0 1],73,14,casting type safe set never hold element
4849,[0 0 0 1 0 0 0],15,3,since
4852,[0 0 0 1 0 0 0],18,3,since
4853,[0 0 0 1 0 0 0],16,3,since
4856,[0 0 0 0 0 0 1],59,11,looking entry use builder instead
4857,[0 0 0 0 0 0 1],190,33,pthe sort order stable two entry value compare equivalent entry inserted first first built map iteration order
4858,[0 0 0 0 0 0 1],416,66,entry full implementation may end using entry array directly writing entry object nonterminal entry safe builder used grow entry array cant affect original array future build call always copy entry object cannot safely reused
4860,[1 0 0 0 0 0 0],33,7,safe since map writable
4861,[0 1 0 0 0 0 0],125,19,contributor qnx software system initial api implementation anton leherbauer wind river system bug
4863,[0 0 0 0 1 0 0],27,2,link rulerbreakpointaction
4864,[0 0 0 0 1 0 0],34,3,see link rulerbreakpointaction
4865,[1 0 0 0 0 0 0],116,18,construct action work breakpoints specified part specified vertical ruler information
4866,[1 0 0 0 0 0 0],104,18,return breakpoint last line mouse activity ruler codenullcode none
4867,[1 0 0 0 0 0 0],55,9,return workbench part action created
4868,[1 0 0 0 0 0 0],67,10,return vertical ruler information action created
4869,[0 0 0 1 0 0 0],34,4,return vertical ruler information
4871,[0 0 0 1 0 0 0],77,10,return breakpoint associated activity ruler codenullcode
4872,[0 0 0 1 0 0 0],45,7,param part text editor disassemblyview
4873,[0 0 0 1 0 0 0],39,5,param info vertical ruler information
4874,[0 1 0 0 0 0 0],64,7,contributor lufimtse leo ufimtsev lufimtseredhatcom
4875,[0 0 0 1 0 0 0],10,2,since
4877,[0 1 0 0 0 0 0],277,33,contributor qnx software system initial api implementation freescale semiconductor address watchpoints httpsbugseclipseorgbugsshowbugcgiid warren paul nokia bug bug oyvind harboe oyvindharboezylincom bug
4878,[1 0 0 0 0 0 0],44,8,toggle line breakpoint cc editor
4881,[1 0 0 0 0 0 0],28,4,default constructor
4882,[1 0 0 0 0 0 0],11,1,constructor
4883,[1 0 0 0 0 0 0],49,10,set limit number unique value
4884,[1 0 0 0 0 0 0],34,7,add value aggregator
4885,[1 0 0 0 0 0 0],25,4,reset aggregator
4886,[0 0 0 1 0 0 0],118,21,return return array unique object return value expected used combiner
4887,[0 0 0 1 0 0 0],37,7,return set unique object
4889,[0 0 0 1 0 0 0],35,5,param val object
4890,[0 0 0 1 0 0 0],68,13,param maxnum limit number unique value keep
4891,[0 0 0 1 0 0 0],62,12,param n desired limit number unique value
4892,[0 0 0 1 0 0 0],57,11,return new limit number unique value
4893,[1 0 0 0 0 0 0],211,34,contains logic lookup leveldb timestamp multiple smaller database roll according configured period evicted efficiently via operating system directory removal
4894,[1 0 0 0 0 0 0],31,6,logger class
4895,[1 0 0 0 0 0 0],58,10,factory open create new leveldb instance
4896,[1 0 0 0 0 0 0],36,6,thread safe date formatter
4897,[1 0 0 0 0 0 0],21,4,date parser
4900,[1 0 0 0 0 0 0],62,10,collection rolling leveldb instance evict
4903,[1 0 0 0 0 0 0],71,12,file system instance find create new leveldb instance
4904,[1 0 0 0 0 0 0],54,8,directory store rolling leveldb instance
4906,[1 0 0 0 0 0 0],24,4,rolling period
4907,[1 0 0 0 0 0 0],124,21,rolling leveldb instance evicted endtime earlier current time minus time live value
4908,[1 0 0 0 0 0 0],41,8,whether time live enabled
4910,[1 0 0 0 0 0 0],87,13,convenience class associating write batch rolling leveldb instance
4912,[1 0 0 0 0 0 0],41,8,write batch db object
4913,[1 0 0 0 0 0 0],39,7,make sure sanitize input
4914,[1 0 0 0 0 0 0],48,10,keep least time live amount data
4915,[1 0 0 0 0 0 0],31,6,parse gmt time
4916,[1 0 0 0 0 0 0],62,10,need called synchronously due shared calendar
4918,[1 0 0 0 0 0 0],38,7,round hour interval
4919,[1 0 0 0 0 0 0],40,7,round minute interval
4921,[0 0 0 0 1 0 0],145,6,see orgapachehadoopyarnserverapplicationhistoryservicewebappahsview preheadorgapachehadoop yarnwebapphamlethamlethtml
4922,[1 0 0 0 0 0 0],56,9,content page aggregatedlogsblock
4923,[0 0 0 1 0 0 0],38,3,return aggregatedlogsblockclass
4925,[0 0 0 0 1 0 0],18,2,link fsnamesystem
4926,[0 0 0 0 1 0 0],21,2,link snapshotmanager
4927,[0 0 0 0 1 0 0],17,2,link fsdirectory
4929,[0 0 0 0 1 0 0],21,2,link snapshottables
4930,[0 0 0 0 1 0 0],21,2,link snapshottables
4931,[0 0 0 0 1 0 0],21,2,link snapshottables
4932,[0 0 0 0 1 0 0],22,2,link snapshotcounter
4933,[0 0 0 0 1 0 0],19,2,link numsnapshots
4936,[0 0 0 0 1 0 0],34,2,link snapshottabledirectorystatus
4938,[1 0 0 0 0 0 0],22,2,snapshotstatsmxbean
4939,[1 0 0 0 0 0 0],22,2,snapshotstatsmxbean
4941,[1 0 0 0 0 0 0],61,9,fromsnapshot tosnapshot indicate current tree
4942,[1 0 0 0 0 0 0],141,25,find source root directory path snapshot taken check path included valueof method
4943,[1 0 0 0 0 0 0],126,21,compute difference two snapshot directory snapshot directory current tree
4944,[1 0 0 0 0 0 0],74,12,list snapshottable directory owned current user
4947,[1 0 0 0 0 0 0],96,12,write link snapshotcounter link numsnapshots snapshot dataoutput
4949,[1 0 0 0 0 0 0],47,7,delete snapshot snapshottable directory
4950,[1 0 0 0 0 0 0],27,4,create success update id
4951,[1 0 0 0 0 0 0],161,25,reached maximum allowable snapshot id since dont handle rollover fail subsequent snapshot creation request
4952,[1 0 0 0 0 0 0],101,17,create snapshot given path assumed caller perform synchronization
4953,[1 0 0 0 0 0 0],85,16,find source root directory snapshot taken given path
4955,[1 0 0 0 0 0 0],59,7,set given snapshottable directory nonsnapshottable
4956,[1 0 0 0 0 0 0],70,8,remove snapshottable directory link snapshottables
4957,[1 0 0 0 0 0 0],79,10,remove given snapshottable directory link snapshottables
4958,[1 0 0 0 0 0 0],74,10,add given snapshottable directory link snapshottables
4959,[1 0 0 0 0 0 0],59,7,directory already snapshottable directory
4960,[1 0 0 0 0 0 0],53,8,set given directory snapshottable directory
4962,[1 0 0 0 0 0 0],57,8,snapshottable directory namesystem
4963,[1 0 0 0 0 0 0],231,32,manage snapshottable directory snapshot class includes operation create access modify snapshot andor snapshotrelated data general locking structure snapshot operation br
4965,[0 0 0 0 0 0 1],72,12,path already snapshottable directory update quota
4968,[1 0 0 0 0 0 0],17,3,read snapshot
4969,[0 0 0 1 0 0 0],61,8,param newsnapshotname new name snapshot
4970,[0 0 0 1 0 0 0],61,8,param oldsnapshotname old name snapshot
4971,[0 0 0 1 0 0 0],105,12,param reclaimcontext used collect information reclaim block inodes
4972,[0 0 0 1 0 0 0],54,9,param snapshotname name snapshot deleted
4973,[0 0 0 1 0 0 0],59,8,param snapshotname name snapshot
4974,[0 0 0 1 0 0 0],70,10,param iip inodes resolved snapshottable directory path
4977,[0 0 0 0 1 0 0],75,2,see orgeclipsecdtmanagedbuilderbuilddescriptionibuildcommandgetcwd
4978,[0 0 0 0 1 0 0],83,2,see orgeclipsecdtmanagedbuilderbuilddescriptionibuildcommandgetenvironment
4980,[0 0 0 0 1 0 0],79,2,see orgeclipsecdtmanagedbuilderbuilddescriptionibuildcommandgetcommand
4981,[0 0 0 1 0 0 0],11,2,since
4982,[0 0 0 1 0 0 0],146,24,param eventbus link eventbus handled event subscriber useful broadcasting new event based error
4983,[0 0 0 1 0 0 0],66,11,param event event object caused subscriber throw
4984,[0 0 0 1 0 0 0],48,6,param subscriber source subscriber context
4985,[0 0 0 1 0 0 0],46,5,param subscribermethod subscribed method
4987,[0 0 0 1 0 0 0],61,10,return event object caused subscriber throw
4988,[0 0 0 1 0 0 0],61,10,return object context subscriber called
4989,[0 0 0 1 0 0 0],55,8,return subscribed method threw exception
4991,[1 0 0 0 0 0 0],48,8,context exception thrown subscriber
4993,[1 0 0 0 0 0 0],107,16,create new serversocket accept sslv connection accept tlsvx connection
4994,[0 1 0 0 0 0 0],253,34,contributor ericsson initial api implementation marc khouzam ericsson use new finallaunchsequence base class bug xavier raynaud kalray avoid duplicating field subclass add protected accessors
4996,[1 0 0 0 0 0 0],24,5,subclass gdb
4997,[1 0 0 0 0 0 0],142,28,initialize list base class step need create list modify create arraylist
4998,[1 0 0 0 0 0 0],73,13,insert step right initialization base class
4999,[1 0 0 0 0 0 0],129,20,initialize member finallaunchsequence class step mandatory rest sequence complete
5000,[1 0 0 0 0 0 0],68,12,tell gdb whether automatically attach forked process
5001,[1 0 0 0 0 0 0],40,5,set preemption related configuration
5002,[0 0 0 1 0 0 0],57,11,note must hold cache lock call function
5004,[0 0 0 1 0 0 0],42,6,return evictable time nanosecond
5005,[0 0 0 1 0 0 0],57,11,note must hold cache lock call function
5006,[0 0 0 1 0 0 0],63,9,return true successfully added nochecksum anchor
5008,[1 0 0 0 0 0 0],59,7,identifies shortcircuitreplica object
5009,[1 0 0 0 0 0 0],43,8,block data input stream
5011,[1 0 0 0 0 0 0],38,6,block metadata header
5012,[1 0 0 0 0 0 0],38,8,cache belong
5013,[1 0 0 0 0 0 0],64,11,monotonic time replica created
5015,[1 0 0 0 0 0 0],76,13,current mmap state protected cache lock
5016,[1 0 0 0 0 0 0],125,22,true replica purged cache false otherwise protected cache lock
5017,[0 0 1 0 0 0 0],323,53,number external reference replica replica referenced cache blockreaderlocal instance clientmmap instance number start create replica referenced cache requester protected cache lock
5018,[0 0 1 0 0 0 0],163,29,monotonic time nanosecond replica became evictable null evictable protected cache lock
5020,[1 0 0 0 0 0 0],97,19,check replica stale must called cache lock held
5022,[1 0 0 0 0 0 0],39,5,communicate datanode
5023,[1 0 0 0 0 0 0],55,8,fall back old timebased staleness method
5024,[0 0 1 0 0 0 0],419,72,try add nochecksum anchor shared memory slot possible add anchor block mlocked datanode datanode munlock block number nochecksum anchor block reach zero method require synchronization return true successfully added nochecksum anchor
5025,[1 0 0 0 0 0 0],130,21,remove nochecksum anchor shared memory slot method require synchronization
5026,[1 0 0 0 0 0 0],138,26,check replica associated mmap fully loaded must called cache lock held
5027,[1 0 0 0 0 0 0],110,20,free mmap associated replica must called cache lock held
5028,[1 0 0 0 0 0 0],142,26,close replica must called reference replica cache elsewhere
5029,[1 0 0 0 0 0 0],43,7,get evictable time nanosecond
5030,[1 0 0 0 0 0 0],43,7,set evictable time nanosecond
5031,[1 0 0 0 0 0 0],100,18,convert replica string debugging purpose note cant take lock
5032,[1 0 0 0 0 0 0],80,16,launch config added get called add configs map
5033,[1 0 0 0 0 0 0],39,7,set project connection
5034,[1 0 0 0 0 0 0],62,11,nothing since local connection cant removed
5035,[0 0 0 0 1 0 0],30,2,link comgoogleinjectbinder
5036,[0 0 0 0 1 0 0],30,2,link comgoogleinjectbinder
5037,[0 0 0 0 1 0 0],30,2,link comgoogleinjectbinder
5038,[0 0 0 0 1 0 0],32,2,link comgoogleinjectinjector
5039,[0 0 0 0 1 0 0],30,2,link comgoogleinjectbinder
5040,[0 1 0 0 0 0 0],37,4,author crazybobgooglecom bob lee
5041,[1 0 0 0 0 0 0],58,7,see edsl example link comgoogleinjectbinder
5043,[1 0 0 0 0 0 0],63,8,see edsl example link comgoogleinjectbinder
5044,[1 0 0 0 0 0 0],196,24,instructs link comgoogleinjectinjector eagerly initialize singletonscoped binding upon creation useful application initialization logic see edsl example
5045,[1 0 0 0 0 0 0],73,12,removing line cause tree show normally firefox
5047,[0 0 0 0 1 0 0],19,2,link configuration
5049,[0 0 0 0 1 0 0],24,2,link requestinterceptor
5050,[0 0 0 0 1 0 0],24,2,link requestinterceptor
5051,[0 0 0 0 1 0 0],24,2,link requestinterceptor
5053,[0 0 0 1 0 0 0],52,6,return distributed scheduler register response
5054,[0 0 0 1 0 0 0],58,6,param request applicationmaster registration request
5055,[0 0 0 1 0 0 0],52,6,return distribtued scheduler allocate response
5056,[0 0 0 1 0 0 0],54,6,param request applicationmaster allocate request
5058,[1 0 0 0 0 0 0],54,8,set link requestinterceptor chain
5059,[1 0 0 0 0 0 0],36,5,set link configuration
5061,[1 0 0 0 0 0 0],48,5,initializes link requestinterceptor
5062,[1 0 0 0 0 0 0],45,5,disposes link requestinterceptor
5063,[1 0 0 0 0 0 0],59,9,get next link requestinterceptor chain
5064,[1 0 0 0 0 0 0],102,14,default implementation invokes distributed scheduling version register method
5065,[1 0 0 0 0 0 0],99,13,default implementation invokes distributed scheduling version allocate method
5066,[1 0 0 0 0 0 0],56,10,add new row ithisi dynamic bloom filter
5067,[1 0 0 0 0 0 0],82,12,return active standard bloom filter ithisi dynamic bloom filter
5069,[0 0 0 1 0 0 0],13,2,writable
5070,[0 0 0 1 0 0 0],100,19,param nr threshold maximum number key record dynamic bloom filter row
5071,[0 0 0 1 0 0 0],98,11,param hashtype type hashing function see link orgapachehadooputilhashhash
5074,[0 0 0 0 1 0 0],39,2,link orgapachehadooputilhashhash
5075,[1 0 0 0 0 0 0],64,10,constructor p build empty dynamic bloom filter
5076,[1 0 0 0 0 0 0],45,5,zeroargs constructor serialization
5077,[1 0 0 0 0 0 0],27,5,matrix bloom filter
5078,[1 0 0 0 0 0 0],77,13,number key recorded current standard active bloom filter
5080,[1 0 0 0 0 0 0],1688,288,implement idynamic bloom filteri defined infocom paper p dynamic bloom filter dbf make use code mcode bit matrix codescode row standard bloom filter creation process dbf iterative start dbf code mcode bit matrix ie composed single standard bloom filter assumes codensubrsubcode element recorded initial bit vector codensubrsub ncode codencode cardinality set codeacode record filter p size codeacode grows execution application several key must inserted dbf inserting key dbf one must first get active bloom filter matrix bloom filter active number recorded key codensubrsubcode strictly less current cardinality codeacode codencode active bloom filter found key inserted codensubrsubcode incremented one hand active bloom filter new one created ie new row added matrix according current size codeacode element added new bloom filter codensubrsubcode value new bloom filter set one given key said belong dbf codekcode position set one one matrix row p originally created hrefhttpwwwonelaborgeuropean commission onelab project
5081,[0 0 0 0 1 0 0],47,9,see filter general behavior filter
5082,[0 0 0 0 1 0 0],34,6,see bloomfilter bloom filter
5084,[1 0 0 0 0 0 0],88,16,simple benchmark find difference speed block page blob
5085,[1 0 0 0 0 0 0],79,15,writes data given stream given size flushing every x byte
5086,[1 0 0 0 0 0 0],121,22,writes data given file given size flushing every x byte measure performance return
5087,[1 0 0 0 0 0 0],118,22,writes data block blob given size flushing every x byte measure performance return
5088,[1 0 0 0 0 0 0],117,22,writes data page blob given size flushing every x byte measure performance return
5089,[1 0 0 0 0 0 0],69,13,run benchmark small kb file flushing every byte
5090,[1 0 0 0 0 0 0],63,11,run benchmark given file size flush frequency
5091,[1 0 0 0 0 0 0],90,16,run benchmark given file size flush frequency command line
5093,[1 0 0 0 0 0 0],16,3,ok expected
5094,[1 0 0 0 0 0 0],16,3,ok expected
5097,[1 0 0 0 0 0 0],22,3,ok expected
5098,[1 0 0 0 0 0 0],22,3,ok expected
5101,[1 0 0 0 0 0 0],62,11,modification method harfs must lead ioe
5102,[1 0 0 0 0 0 0],22,3,ok expected
5103,[1 0 0 0 0 0 0],54,9,metadata reused cache
5104,[1 0 0 0 0 0 0],20,4,init har
5105,[1 0 0 0 0 0 0],36,5,write unsupported version
5108,[1 0 0 0 0 0 0],22,3,ok expected
5110,[1 0 0 0 0 0 0],29,5,delete index file
5111,[1 0 0 0 0 0 0],278,47,construct valid har file system path authority contains userinfo port userinfo port useless local f uri used verify har file system correctly preserve information underlying file system
5114,[1 0 0 0 0 0 0],135,26,reinitialize har file system host name make sure qualified path name append end host name
5115,[1 0 0 0 0 0 0],142,25,init harfs constructor arg underlying f object created demand got cache initialize method
5119,[1 0 0 0 0 0 0],90,17,init nd har file system underlying f metadata get reused
5120,[1 0 0 0 0 0 0],48,8,metadata reused cache
5121,[1 0 0 0 0 0 0],90,17,init nd har file system underlying f metadata get reused
5122,[1 0 0 0 0 0 0],113,16,check impossible reset working directory setworkingdirectory effect
5124,[1 0 0 0 0 0 0],27,5,check har home path
5125,[1 0 0 0 0 0 0],21,4,check har uri
5126,[1 0 0 0 0 0 0],25,4,check har version
5128,[1 0 0 0 0 0 0],20,4,close har f
5131,[1 0 0 0 0 0 0],56,7,creates return fully initialized harfilesystem
5132,[0 0 0 1 0 0 0],33,6,nb har suffix necessary
5133,[1 0 0 0 0 0 0],106,19,strip drive specifier window would make har uri invalid cause test fail
5136,[1 0 0 0 0 0 0],30,6,header read written
5138,[1 0 0 0 0 0 0],25,4,remove default header
5139,[1 0 0 0 0 0 0],32,4,remove default header
5140,[1 0 0 0 0 0 0],29,6,header read written
5141,[1 0 0 0 0 0 0],29,6,header read written
5143,[0 0 0 0 1 0 0],36,2,link datanodeprotocolsendheartbeat
5144,[1 0 0 0 0 0 0],50,4,response link datanodeprotocolsendheartbeat
5145,[1 0 0 0 0 0 0],60,10,command returned namenode datanode
5146,[1 0 0 0 0 0 0],65,11,information current harelated state nn
5147,[1 0 0 0 0 0 0],39,7,thrown queue name malformed
5148,[0 1 0 0 0 0 0],96,13,contributor ibm corporation initial api implementation qnx software system
5153,[1 0 0 0 0 0 0],431,72,test authenticate delegation token get delegation token using kerberos auththis end testing fallback authenticator submit app without kerberos delegationtoken get unauthorized response submit app delegationtoken get ok response confirm owner app user whose delegationtoken used
5154,[1 0 0 0 0 0 0],96,15,fail unauthorized auth kerberos delegation token
5155,[1 0 0 0 0 0 0],27,5,fail
5156,[1 0 0 0 0 0 0],73,12,test make sure cancelled delegation token rejected
5157,[1 0 0 0 0 0 0],97,15,fail unauthorized auth kerberos delegation token
5159,[1 0 0 0 0 0 0],34,6,first test create renew
5160,[1 0 0 0 0 0 0],18,3,test cancel
5161,[1 0 0 0 0 0 0],194,28,superuser client able get delegation token user client authenticated using kerberos request shouldnt work authenticated using delegationtokens
5163,[1 0 0 0 0 0 0],66,13,also fail due client super user
5164,[0 1 0 0 0 0 0],379,56,contributor marc khouzam ericsson initial implementation test case alvaro sanchezleon ericsson bug split dsfgdb test plugin fragment pair jonah graham kichwa coder bug add miexpressionsnonstoptest suite jonah graham kichwa coder add support gdbs set substitutepath bug
5165,[1 0 0 0 0 0 0],210,42,class meant empty enables u define annotation list different junit class want run creating new test class added list
5166,[0 0 0 1 0 0 0],49,12,suite test run gdb
5167,[0 0 0 1 0 0 0],31,7,add test class
5170,[0 0 0 1 0 0 0],10,2,since
5171,[1 0 0 0 0 0 0],28,3,emulation runnablefuture
5172,[1 0 0 0 0 0 0],27,4,recreates test table
5173,[1 0 0 0 0 0 0],39,8,add test data test table
5174,[0 0 0 1 0 0 0],28,3,param connectionpool
5176,[0 0 0 0 1 0 0],16,2,link nodereport
5178,[0 0 0 0 1 0 0],73,3,see applicationclientprotocolgetclusternodesgetclusternodesrequest
5179,[1 0 0 0 0 0 0],293,40,pthe response sent coderesourcemanagercode client requesting link nodereport nodesp pthe codenodereportcode contains pernode information available resource number container tracking url rack name health status etc
5180,[1 0 0 0 0 0 0],57,8,get codenodereportcode node cluster
5181,[0 0 0 1 0 0 0],65,9,return codenodereportcode node cluster
5182,[1 0 0 0 0 0 0],32,5,arithmetic progression
5183,[1 0 0 0 0 0 0],17,4,symbol
5184,[1 0 0 0 0 0 0],23,4,starting value
5186,[1 0 0 0 0 0 0],21,4,ending value
5189,[1 0 0 0 0 0 0],32,6,contain
5190,[1 0 0 0 0 0 0],24,5,skip step
5191,[1 0 0 0 0 0 0],32,7,get number step
5192,[1 0 0 0 0 0 0],54,8,convert string arithmeticprogression
5196,[1 0 0 0 0 0 0],57,11,helper class manage group mutable rate metric
5197,[1 0 0 0 0 0 0],147,25,initialize registry method protocol show first snapshot convenient jmx implementation
5199,[0 0 0 1 0 0 0],34,5,param protocol protocol class
5201,[0 0 0 1 0 0 0],24,4,param elapsed time
5202,[0 1 0 0 0 0 0],72,10,contributor john camelon ibm initial api implementation
5206,[0 0 0 1 0 0 0],32,2,return codeiastproblemcode
5207,[0 0 0 1 0 0 0],48,4,param p codeiastproblemcode
5208,[1 0 0 0 0 0 0],127,11,codeproblemcode represents relationship codeiastproblemholdercode codeiastproblemcode
5209,[0 0 0 1 0 0 0],70,12,noextend interface intended extended client
5210,[0 0 0 1 0 0 0],76,12,noimplement interface intended implemented client
5212,[1 0 0 0 0 0 0],93,16,preference page used present property gdb dynamic printf preference
5214,[0 0 0 0 1 0 0],26,2,see fieldeditordostore
5216,[0 0 0 0 1 0 0],26,2,see getpreferencestore
5219,[0 0 1 0 0 0 0],330,60,look breakpoint base bp class source file line number currently inputed careful compare current dprintf case modifying property existing dprintf case course particular dprintf file line
5220,[1 0 0 0 0 0 0],20,4,update page state
5221,[1 0 0 0 0 0 0],25,4,update container state
5224,[1 0 0 0 0 0 0],49,8,dont allow create duplicate breakpoint
5225,[1 0 0 0 0 0 0],80,14,default main label label marker type dynamic printf
5226,[1 0 0 0 0 0 0],14,2,linedprintf
5227,[1 0 0 0 0 0 0],246,37,preference store used interface dynamic printf dynamic printf preference page preference store initialized preference store cannot retrieved preference dialog element
5228,[1 0 0 0 0 0 0],83,14,indicates page currently aim create breakpoint already exit
5230,[1 0 0 0 0 0 0],117,21,clear error message message line error message error message field editor
5231,[1 0 0 0 0 0 0],117,21,clear error message message line error message error message field editor
5232,[1 0 0 0 0 0 0],46,9,store text control enabled
5235,[1 0 0 0 0 0 0],38,7,go date week
5236,[0 0 0 0 0 0 1],56,11,check date range need
5239,[1 0 0 0 0 0 0],49,9,simple base case mapping user queue
5240,[1 0 0 0 0 0 0],91,16,specify overwritten see user specified queue overridden
5242,[1 0 0 0 0 0 0],35,8,find gcc clang path
5245,[1 0 0 0 0 0 0],113,14,tableelement scroll working properly need httpdevvaadincomticket
5247,[0 1 0 0 0 0 0],71,9,contributor tomasz wesolowski initial api implementation
5248,[1 0 0 0 0 0 0],39,7,gcc problem matched pattern
5249,[1 0 0 0 0 0 0],87,16,load basic job level data upfront data job history file loaded lazily
5250,[1 0 0 0 0 0 0],47,8,picked jobinfo conversion
5251,[1 0 0 0 0 0 0],31,6,picked jobinfo
5253,[1 0 0 0 0 0 0],33,7,two type task
5256,[0 0 0 0 1 0 0],60,2,see orgapachehadoopmapreducevappjobjobgetjobacls
5257,[1 0 0 0 0 0 0],18,4,jaxb need
5259,[1 0 0 0 0 0 0],78,12,codearcode class used parsing standard som archive ar file
5260,[1 0 0 0 0 0 0],75,11,archive archive member header include byte magic character
5261,[1 0 0 0 0 0 0],36,7,file member name terminated
5262,[1 0 0 0 0 0 0],29,6,file member date decimal
5266,[1 0 0 0 0 0 0],29,6,file member size decimal
5269,[1 0 0 0 0 0 0],22,3,derived information
5270,[1 0 0 0 0 0 0],38,9,get name object file
5271,[1 0 0 0 0 0 0],42,10,get size object file
5272,[1 0 0 0 0 0 0],31,5,library symbol table header
5273,[1 0 0 0 0 0 0],18,3,record field
5274,[1 0 0 0 0 0 0],80,13,creates new codearcode object content given file
5275,[1 0 0 0 0 0 0],66,13,get array object file header archive
5276,[1 0 0 0 0 0 0],54,10,load header file required
5277,[1 0 0 0 0 0 0],57,10,check eof condition get som directory
5278,[1 0 0 0 0 0 0],78,15,som directory entry bit word som offset lst size
5284,[0 0 0 1 0 0 0],72,13,return array header one object within archive
5285,[0 0 0 0 1 0 0],17,3,see arheader
5287,[1 0 0 0 0 0 0],101,20,going define loop want two iteration get group
5288,[1 0 0 0 0 0 0],59,11,define attribute name first group
5289,[1 0 0 0 0 0 0],60,11,define attribute name second group
5290,[1 0 0 0 0 0 0],68,11,search result get reused return group group
5292,[1 0 0 0 0 0 0],57,11,find first occured tab utf encoded string
5293,[1 0 0 0 0 0 0],96,17,split utf byte array key value assuming delimilator splitpos
5294,[1 0 0 0 0 0 0],96,17,split utf byte array key value assuming delimilator splitpos
5295,[1 0 0 0 0 0 0],95,17,split utf byte array key value assuming delimilator splitpos
5300,[0 0 0 1 0 0 0],33,6,return number byte read
5301,[0 0 0 1 0 0 0],34,6,param splitpos split po
5302,[0 0 0 1 0 0 0],58,10,param val contains value upon method returned
5303,[0 0 0 1 0 0 0],56,10,param key contains key upon method returned
5304,[0 0 0 1 0 0 0],36,6,param utf utf encoded string
5306,[0 0 0 1 0 0 0],34,6,param splitpos split po
5308,[0 0 0 1 0 0 0],56,10,param key contains key upon method returned
5310,[0 0 0 1 0 0 0],34,6,param splitpos split po
5315,[0 0 0 1 0 0 0],36,6,param utf utf encoded string
5317,[0 0 0 1 0 0 0],34,6,param splitpos split po
5318,[0 0 0 1 0 0 0],58,10,param val contains value upon method returned
5319,[0 0 0 1 0 0 0],56,10,param key contains key upon method returned
5320,[0 0 0 1 0 0 0],31,6,param length byte
5321,[0 0 0 1 0 0 0],33,5,param start starting offset
5322,[0 0 0 1 0 0 0],36,6,param utf utf encoded string
5323,[0 0 0 1 0 0 0],62,11,param utf byte array containing utf encoded string
5324,[0 0 0 1 0 0 0],57,9,return position first tab occures otherwise
5325,[0 0 0 1 0 0 0],62,11,param utf byte array containing utf encoded string
5326,[0 0 0 1 0 0 0],33,5,param start starting offset
5329,[0 1 0 0 0 0 0],48,5,author jessewilsongooglecom jesse wilson
5331,[1 0 0 0 0 0 0],133,19,untargetted binding binding indicates injector use implicit binding strategy resolve injection
5333,[0 0 0 0 1 0 0],67,2,see orgeclipsecdtcoreibinaryparseribinaryarchivegetobjects
5335,[0 0 0 0 0 1 0],73,4,deprecated use link elfbinaryarchivecreatearchivemembersarheader
5336,[1 0 0 0 0 0 0],276,46,abstract class add consistent api common method thats needed vaadins serverbased selection model work p emnoteem interface instead abstract class could define protected method interface
5337,[0 0 0 1 0 0 0],89,12,return codetruecode iff selection state changed call
5338,[0 0 0 1 0 0 0],57,8,param handle handle deselect
5339,[0 0 0 1 0 0 0],89,12,return codetruecode iff selection state changed call
5340,[0 0 0 1 0 0 0],55,8,param handle handle select
5343,[0 0 0 0 1 0 0],59,3,link comvaadinclientdatadatasourcerowhandle rowhandle
5344,[0 0 0 0 1 0 0],59,3,link comvaadinclientdatadatasourcerowhandle rowhandle
5345,[0 0 0 1 0 0 0],64,9,emnoteem method may fire selection change event
5348,[1 0 0 0 0 0 0],26,6,select row based
5349,[1 0 0 0 0 0 0],29,6,deselect row based
5350,[1 0 0 0 0 0 0],34,5,destination path parameter
5351,[1 0 0 0 0 0 0],24,4,parameter name
5352,[1 0 0 0 0 0 0],33,5,default parameter value
5356,[0 0 0 1 0 0 0],10,2,since
5357,[0 0 0 1 0 0 0],88,14,param entry dirty cache entry missing given requested property
5358,[0 0 0 1 0 0 0],51,7,param property property missing cache
5360,[1 0 0 0 0 0 0],134,24,extension vm update policy allows policy control update missing property value dirty cache entry
5361,[1 0 0 0 0 0 0],103,15,determines whether given dirty cache entry given missing property updated
5362,[0 1 0 0 0 0 0],69,9,contributor alena laskavaia initial api implementation
5364,[0 0 0 1 0 0 0],76,12,noimplement interface intended implemented client
5365,[0 0 0 1 0 0 0],45,9,return reference start node graph
5366,[1 0 0 0 0 0 0],110,21,exit node graph usually return function also throw abort exit call
5367,[1 0 0 0 0 0 0],150,21,jsonmarshallable description single component support deserialization unknown attribute support creation
5368,[1 0 0 0 0 0 0],104,18,type string must serialized json permit fast discarding invalid entry
5369,[1 0 0 0 0 0 0],65,11,type field must string link recordtype
5370,[1 0 0 0 0 0 0],23,3,description string
5371,[1 0 0 0 0 0 0],38,6,map handle unknown attribute
5372,[1 0 0 0 0 0 0],59,10,list endpoint intended use external caller
5375,[1 0 0 0 0 0 0],29,4,deep cloning constructor
5377,[1 0 0 0 0 0 0],29,5,add internal endpoint
5379,[1 0 0 0 0 0 0],33,6,look external endpoint
5380,[1 0 0 0 0 0 0],53,9,handle unknown attribute storing
5381,[1 0 0 0 0 0 0],135,25,map attribute set parsing included json value record generated
5382,[1 0 0 0 0 0 0],50,9,get attribute specific key
5383,[1 0 0 0 0 0 0],51,9,get attribute specific key
5384,[1 0 0 0 0 0 0],32,7,find endpoint api
5385,[1 0 0 0 0 0 0],65,10,shallow clone endpoint shared across instance
5386,[0 0 0 1 0 0 0],36,7,return clone instance
5387,[0 0 0 1 0 0 0],24,5,param api api name
5388,[0 0 0 1 0 0 0],21,4,param list list
5391,[0 0 0 1 0 0 0],32,5,param defval default value
5394,[0 0 0 1 0 0 0],30,6,return value null
5395,[0 0 0 1 0 0 0],70,12,return map unknown attribute deserialized json
5396,[0 0 0 1 0 0 0],30,5,param key attribute name
5397,[0 0 0 1 0 0 0],34,5,param value attribute value
5398,[0 0 0 1 0 0 0],19,4,param api api
5399,[0 0 0 1 0 0 0],55,11,return endpoint null match
5401,[0 0 0 1 0 0 0],36,6,param endpoint endpoint set
5402,[0 0 0 1 0 0 0],38,6,param service record source
5403,[0 0 0 0 1 0 0],18,2,link recordtype
5404,[0 0 0 1 0 0 0],14,3,param api api
5406,[0 0 0 0 1 0 0],17,2,link attribute
5407,[1 0 0 0 0 0 0],151,25,generic junit test test creation typically constructor static factory method set cant invoked directly please see
5410,[1 0 0 0 0 0 0],42,8,setting per directory file limit
5411,[1 0 0 0 0 0 0],32,7,test root directory path
5412,[1 0 0 0 0 0 0],52,8,testing path generation zz
5413,[1 0 0 0 0 0 0],167,25,making sure directory becomes nonfull reused future getrelativepathforlocalization call order freed
5415,[1 0 0 0 0 0 0],36,6,checking first four path
5416,[1 0 0 0 0 0 0],51,8,releasing two file root directory
5417,[1 0 0 0 0 0 0],65,11,space two file available root directory
5418,[1 0 0 0 0 0 0],99,19,space available root directory first sub directory
5419,[1 0 0 0 0 0 0],41,6,finish filling directory
5420,[0 0 0 0 1 0 0],27,2,link immutablelistmultimap
5421,[0 1 0 0 0 0 0],18,3,author jared levy
5423,[1 0 0 0 0 0 0],8,2,suite
5424,[1 0 0 0 0 0 0],21,2,serializabletester
5425,[1 0 0 0 0 0 0],21,2,serializabletester
5426,[1 0 0 0 0 0 0],196,33,state invalid identifier resource manager used default value initializing rm identifier currently rm using time stamp rm identifier
5427,[1 0 0 0 0 0 0],371,68,creates close file certain length call append allow next write operation add end write invocation call hflush make sure data sunk pipeline check state last block replica supposes rbw state throw ioexception case error
5428,[0 0 0 0 1 0 0],27,1,linktestreadwhilewriting
5429,[1 0 0 0 0 0 0],100,14,two test case already implemented linktestreadwhilewriting
5430,[1 0 0 0 0 0 0],47,7,click button decreasing size
5431,[1 0 0 0 0 0 0],47,7,click button increasing size
5432,[0 0 0 0 1 0 0],17,2,link cacheloader
5433,[0 0 0 0 1 0 0],17,2,link cacheloader
5434,[0 0 0 0 1 0 0],22,2,link cacheloaderload
5435,[0 0 0 0 1 0 0],12,2,code loader
5436,[0 0 0 0 1 0 0],25,2,link cacheloaderloadall
5437,[0 0 0 0 1 0 0],17,2,link cacheloader
5439,[0 0 0 0 1 0 0],17,2,link cacheloader
5440,[0 0 0 0 1 0 0],14,2,code constant
5442,[0 0 0 0 1 0 0],17,2,link cacheloader
5444,[0 0 0 0 1 0 0],18,3,code new object
5445,[0 0 0 0 1 0 0],15,2,link getcount
5446,[0 0 0 0 1 0 0],18,3,code new object
5447,[0 0 0 0 1 0 0],13,2,code integer
5449,[0 0 0 0 1 0 0],12,2,code reload
5450,[0 0 0 0 1 0 0],19,2,link getloadcount
5452,[0 1 0 0 0 0 0],23,3,author mike nonemacher
5453,[1 0 0 0 0 0 0],72,9,utility link cacheloader implementation intended use testing
5454,[1 0 0 0 0 0 0],148,18,return link cacheloader implement naive link cacheloaderloadall delegating link cacheloaderload call code loader
5456,[1 0 0 0 0 0 0],88,13,return link cacheloader return given code constant every request
5459,[1 0 0 0 0 0 0],145,23,return code new object every request increment counter every request count accessible via link getcount
5461,[1 0 0 0 0 0 0],9,2,reload
5463,[1 0 0 0 0 0 0],34,6,cost entire function call
5464,[1 0 0 0 0 0 0],27,6,udc performed
5465,[1 0 0 0 0 0 0],52,9,compare function call cost another one
5466,[0 0 1 0 0 0 0],211,39,order function better previous best must least one parameter match better corresponding match function none worse
5469,[1 0 0 0 0 0 0],62,9,using declaration class overridden
5470,[1 0 0 0 0 0 0],45,7,point prefer nonindex binding
5471,[0 1 0 0 0 0 0],115,16,contributor doug schaefer ibm initial api implementation markus schorn wind river system
5479,[0 0 0 0 1 0 0],19,2,link getclauses
5480,[0 0 0 0 1 0 0],39,2,link addclauseiastinitializerclause
5482,[0 0 0 0 0 1 0],66,5,deprecated replaced link addclauseiastinitializerclause
5484,[1 0 0 0 0 0 0],170,26,return size initializer list including trivial initializers size may larger length array returned link getinitializers
5485,[1 0 0 0 0 0 0],135,23,return list initializers depending ast created may omit trivial initializers order save memory
5486,[1 0 0 0 0 0 0],285,41,add initializer clause initializer list depending ast created initializer may codenullcode codenullcode initializer returned link getinitializers however contributes actual element count getsize
5487,[0 0 0 0 1 0 0],24,2,link getinitializers
5489,[0 0 0 1 0 0 0],62,11,param lv new layout version addition feature
5490,[0 0 0 1 0 0 0],45,6,param description description feature
5492,[0 0 0 1 0 0 0],71,12,param ancestorlv layout version new lv derived
5496,[0 0 0 0 1 0 0],17,2,code ancestorylv
5497,[0 0 0 0 1 0 0],8,2,code lv
5498,[1 0 0 0 0 0 0],240,41,enums feature change layout version brbr add new layout version ul lidefine new enum constant short enum name new layout version description added featureli
5499,[1 0 0 0 0 0 0],63,11,datanodefeature added layout version code lv
5500,[1 0 0 0 0 0 0],69,10,datanode feature added layout version code ancestorylv
5501,[0 0 0 0 0 0 1],167,28,liwhen adding layout version ancestor immediate predecessor use constructor specific ancestor passed
5503,[0 0 0 1 0 0 0],11,2,since
5504,[0 0 0 1 0 0 0],66,12,param lang language ast created
5506,[0 0 0 1 0 0 0],28,5,return status object
5507,[0 0 0 1 0 0 0],40,6,param tunit translation unit
5510,[0 0 0 1 0 0 0],68,8,param progressmonitor progress monitor codenullcode
5511,[0 0 0 1 0 0 0],72,12,return ast codenullcode ast available
5512,[0 0 0 1 0 0 0],48,6,param tunit translation unit
5513,[0 0 0 1 0 0 0],84,12,param wait codetruecode ast computed waited
5514,[0 0 0 1 0 0 0],64,9,param monitor progress monitor may codenullcode
5515,[0 0 0 1 0 0 0],51,8,param astrunnable runnable taking ast
5516,[0 0 0 1 0 0 0],50,8,return status returned astrunnable
5517,[0 0 0 1 0 0 0],36,5,param tunit translation unit
5519,[0 0 0 1 0 0 0],119,16,param wait codetruecode wait ast computed might compute new ast
5521,[0 0 0 1 0 0 0],72,12,return ast codenullcode ast available
5522,[0 0 0 1 0 0 0],36,7,param ast ast release
5524,[0 0 0 1 0 0 0],38,6,param tunit translation unit
5529,[0 0 0 1 0 0 0],38,6,param tunit translation unit
5530,[0 0 0 1 0 0 0],38,6,param tunit translation unit
5534,[0 0 0 1 0 0 0],38,6,param tunit translation unit
5535,[0 0 0 1 0 0 0],38,6,param tunit translation unit
5537,[0 0 0 1 0 0 0],38,6,param tunit translation unit
5538,[0 0 0 1 0 0 0],39,7,return string used debugging
5539,[0 0 0 1 0 0 0],40,7,param ast translation unit ast
5540,[0 0 0 1 0 0 0],39,7,return string used debugging
5542,[1 0 0 0 0 0 0],64,12,return string given c element used debugging
5545,[1 0 0 0 0 0 0],99,17,informs reconciling computation ast given element started
5546,[1 0 0 0 0 0 0],81,14,check whether given translation unit active element cache
5547,[1 0 0 0 0 0 0],73,14,set given translation unit active element cache ast
5548,[1 0 0 0 0 0 0],39,7,creates new translation unit ast
5549,[1 0 0 0 0 0 0],28,5,disposes cached ast
5550,[1 0 0 0 0 0 0],56,10,cache given ast given translation unit
5551,[1 0 0 0 0 0 0],136,14,release shared ast previously acquired calling link acquiresharedastitranslationunit iindex boolean iprogressmonitor
5552,[1 0 0 0 0 0 0],64,13,provides shared ast single translation unit time
5554,[0 0 0 0 1 0 0],46,3,see runonastilanguage iasttranslationunit
5555,[0 0 0 0 1 0 0],58,3,link astrunnablerunonastilanguage iasttranslationunit
5556,[0 0 0 0 1 0 0],44,2,link releasesharedastiasttranslationunit
5557,[1 0 0 0 0 0 0],22,4,signal ast change
5560,[0 0 0 0 0 0 1],67,14,called thread one acquired ast
5561,[0 0 1 0 0 0 0],260,54,ast released thread one acquired p client allowed modify ast must hold index read lock prior calling method continue hold lock long ast used
5562,[1 0 0 0 0 0 0],278,44,return shared ast given translation unit lock exclusive access ast obtained method released calling link releasesharedastiasttranslationunit subsequent call method block ast released
5563,[1 0 0 0 0 0 0],213,28,executes link astrunnablerunonastilanguage iasttranslationunit ast provided cache given translation unit handle acquiring releasing index readlock client
5565,[1 0 0 0 0 0 0],12,3,try
5566,[1 0 0 0 0 0 0],52,8,check whether active element still valid
5567,[1 0 0 0 0 0 0],21,4,wait ast
5568,[1 0 0 0 0 0 0],30,6,cached ast wait
5569,[1 0 0 0 0 0 0],38,9,ast wait done
5570,[1 0 0 0 0 0 0],21,4,cached ast
5571,[1 0 0 0 0 0 0],227,29,wait ast wait done debug systemoutprintlndebugprefix getthreadname returning null waitno tunitgetelementname nonnls return null
5572,[1 0 0 0 0 0 0],29,5,cached ast valid
5573,[1 0 0 0 0 0 0],56,9,ast invalidated index write access
5574,[1 0 0 0 0 0 0],22,4,ast cached
5575,[1 0 0 0 0 0 0],257,50,return shared translation unit ast given translation unit p client allowed modify ast must hold index read lock prior calling method continue hold lock long ast used
5576,[1 0 0 0 0 0 0],27,6,create new ast cache
5577,[1 0 0 0 0 0 0],61,10,indicates whether ast currently computed
5578,[1 0 0 0 0 0 0],151,28,timestamp last index write access time ast got cached cached ast becomes invalid index write access afterwards
5580,[1 0 0 0 0 0 0],62,12,active translation unit cache ast
5581,[1 0 0 0 0 0 0],37,7,something given ast
5583,[1 0 0 0 0 0 0],116,23,test blocksize never zero file either f default filestatus value queried file
5585,[0 0 0 1 0 0 0],58,11,param name name use exception message
5588,[0 0 0 1 0 0 0],58,11,param name name use exception message
5591,[0 0 0 1 0 0 0],58,11,param name name use exception message
5593,[0 0 0 1 0 0 0],23,4,return value
5594,[0 0 0 1 0 0 0],58,11,param name name use exception message
5595,[0 0 0 1 0 0 0],32,5,param value integer value
5597,[0 0 0 1 0 0 0],58,11,param name name use exception message
5599,[0 0 0 1 0 0 0],62,12,param value string check valid identifier
5600,[0 0 0 1 0 0 0],26,4,return variable
5601,[0 0 0 1 0 0 0],58,11,param name name use exception message
5603,[0 0 0 1 0 0 0],26,4,return variable
5604,[0 0 0 1 0 0 0],58,11,param name name use exception message
5606,[0 0 0 1 0 0 0],22,4,return list
5607,[0 0 0 1 0 0 0],58,11,param name name use exception message
5609,[0 0 0 1 0 0 0],26,4,return variable
5610,[0 0 0 1 0 0 0],58,11,param name name use exception message
5611,[0 0 0 1 0 0 0],38,7,param obj variable check
5614,[1 0 0 0 0 0 0],48,9,verifies list null element
5616,[1 0 0 0 0 0 0],48,10,verifies string list null emtpy
5617,[1 0 0 0 0 0 0],107,14,verifies value valid identifier codeazazazazcode maximum length
5618,[1 0 0 0 0 0 0],41,7,verifies integer greater zero
5620,[1 0 0 0 0 0 0],45,9,verifies long greater equal zero
5623,[0 1 0 0 0 0 0],45,5,author dhanji r prasanna dhanjigmailcom
5624,[1 0 0 0 0 0 0],32,6,try query back
5627,[1 0 0 0 0 0 0],25,2,startup persistence
5628,[1 0 0 0 0 0 0],174,29,instance sessionperrequest strategy control opening closing em manual discretion opposed transactional unit work
5629,[1 0 0 0 0 0 0],68,10,interface getting secret key associated application
5630,[1 0 0 0 0 0 0],50,9,get appropriate sasl user given appid
5632,[0 0 0 0 1 0 0],21,2,link taskattemptinfo
5634,[0 0 0 0 1 0 0],14,2,link taskinfo
5635,[0 0 0 1 0 0 0],60,7,return codetaskinfocode given taskattempt
5636,[0 0 0 1 0 0 0],46,7,return total runtime taskattempt
5640,[1 0 0 0 0 0 0],43,7,get total runtime taskattempt
5641,[1 0 0 0 0 0 0],53,8,get link taskinfo given taskattempt
5643,[0 0 0 1 0 0 0],42,6,param listener property change listener
5644,[0 0 0 1 0 0 0],42,6,param listener property change listener
5645,[1 0 0 0 0 0 0],52,9,provides access property debug target
5646,[1 0 0 0 0 0 0],118,20,add property change listener target affect identical listener already registered
5647,[1 0 0 0 0 0 0],101,18,remove given listener target affect listener registered
5648,[0 0 0 0 1 0 0],32,6,see webapps usage example
5649,[0 0 0 1 0 0 0],40,6,param action controller method
5651,[0 0 0 1 0 0 0],80,12,param pathspec path spec form controlleractionargs etc
5652,[0 0 0 1 0 0 0],49,9,param method http method route
5654,[0 0 0 1 0 0 0],30,3,return inetsocketaddress
5655,[1 0 0 0 0 0 0],24,5,path redirect
5657,[1 0 0 0 0 0 0],48,10,get address http server bound
5658,[1 0 0 0 0 0 0],183,33,set path redirect user go instance go yarnapps allows filter easily differentiate different webapps
5661,[1 0 0 0 0 0 0],32,6,setup webapp serving route
5668,[0 0 0 1 0 0 0],19,2,param layoutclass
5669,[1 0 0 0 0 0 0],194,30,main class series namenode benchmark benchmark measure throughput average execution time specific namenode operation eg file creation block report
5670,[0 0 1 0 0 0 0],1784,251,benchmark involve hadoop component except namenode operation executed calling directly respective namenode method namenode real component simulated benchmark support hrefdocroothadoopprojectdisthadoopcommoncommandsmanualhtmlgenericoptions standard commandline optionsa use remote namenode ttfstt option config ttdfsnamenodefslimitsminblocksizett set command line argument benchmark include ol litotal number operation performedli linumber thread run operationsli lifollowed operation specific input parametersli liloglevel l specifies logging level benchmark run default logging level link levelerrorli liugcacherefreshcount g cause benchmark call link namenoderpcserverrefreshusertogroupsmappings every g operation purge namenodes user group cache default refresh never calledli likeepresults clean namespace executionli liuseexisting recreate namespace use existing datali ol benchmark first generates input thread input generation overhead effect resulting statistic number operation performed thread practically precisely difference number operation performed two thread exceed benchmark executes specified number operation using specified number thread output resulting stats
5671,[1 0 0 0 0 0 0],115,19,need many handler since thread simulates handler calling namenode method directly
5672,[1 0 0 0 0 0 0],47,7,turn minimum block size verification
5673,[1 0 0 0 0 0 0],23,4,set exclude file
5674,[1 0 0 0 0 0 0],40,7,change log level namenode log
5675,[1 0 0 0 0 0 0],147,22,base class collecting operation statistic overload class order run statistic specific namenode operation
5676,[1 0 0 0 0 0 0],21,4,number thread
5677,[1 0 0 0 0 0 0],33,5,number operation requested
5678,[1 0 0 0 0 0 0],33,5,number operation executed
5681,[1 0 0 0 0 0 0],37,7,dont clean base directory exit
5682,[1 0 0 0 0 0 0],34,6,logging level error default
5683,[1 0 0 0 0 0 0],34,6,user group cache refresh count
5684,[1 0 0 0 0 0 0],22,3,operation name
5685,[1 0 0 0 0 0 0],36,5,parse command line argument
5686,[1 0 0 0 0 0 0],46,7,generate input daemon thread
5687,[1 0 0 0 0 0 0],165,23,corresponds arg argument link executeopint int string different meaning depending operation performed
5688,[1 0 0 0 0 0 0],35,4,execute namenode operation
5690,[1 0 0 0 0 0 0],27,5,thread index nrthreads
5691,[1 0 0 0 0 0 0],42,6,execute separate thread
5693,[1 0 0 0 0 0 0],71,7,try threadsleep catch interruptedexception e
5695,[0 0 0 1 0 0 0],60,9,param opsperthread number input thread
5697,[0 0 0 1 0 0 0],60,10,param daemonid id daemon calling method
5698,[0 0 0 1 0 0 0],74,12,param inputidx serial index operation called deamon
5701,[0 0 0 1 0 0 0],27,4,return argument
5702,[0 0 0 0 1 0 0],34,4,link executeopint int string
5703,[1 0 0 0 0 0 0],66,10,parse first argument corresponding op option
5705,[0 0 0 1 0 0 0],220,35,return true operation mean option related operation ignored false otherwise meaning usage printed unrelated option encountered
5706,[1 0 0 0 0 0 0],31,4,process common option
5709,[1 0 0 0 0 0 0],36,6,schedule stop daemon
5710,[1 0 0 0 0 0 0],44,6,clean benchmark result directory
5711,[1 0 0 0 0 0 0],22,3,operation type
5712,[1 0 0 0 0 0 0],19,3,nothing
5715,[1 0 0 0 0 0 0],192,31,file creation statistic thread creates number file file name pregenerated initialization created file block
5716,[1 0 0 0 0 0 0],22,3,operation type
5717,[1 0 0 0 0 0 0],21,4,parse command line
5718,[1 0 0 0 0 0 0],26,4,return client name
5719,[1 0 0 0 0 0 0],22,4,file create
5720,[1 0 0 0 0 0 0],164,23,directory creation statistic thread creates number directory directory name pregenerated initialization
5721,[1 0 0 0 0 0 0],22,3,operation type
5724,[1 0 0 0 0 0 0],27,4,mkdirs operation
5725,[1 0 0 0 0 0 0],125,18,open file statistic measure many open call getblocklocations namenode handle per second
5726,[1 0 0 0 0 0 0],9,1,operation
5727,[1 0 0 0 0 0 0],43,8,generate file use existing one
5728,[1 0 0 0 0 0 0],40,5,create file using opsperthread
5729,[1 0 0 0 0 0 0],47,9,create file created
5730,[1 0 0 0 0 0 0],30,7,use file open
5733,[1 0 0 0 0 0 0],15,2,operation type
5735,[1 0 0 0 0 0 0],16,2,operation type
5736,[1 0 0 0 0 0 0],101,16,rename file statistic measure many rename call namenode handle per second
5737,[1 0 0 0 0 0 0],15,2,operation type
5738,[1 0 0 0 0 0 0],28,3,minimal datanode simulator
5739,[1 0 0 0 0 0 0],18,3,one storage
5741,[1 0 0 0 0 0 0],33,6,get version namenode
5743,[1 0 0 0 0 0 0],27,3,first block report
5746,[1 0 0 0 0 0 0],59,10,fill remaining slot block exist
5747,[1 0 0 0 0 0 0],75,12,send heartbeat namenode replicate block requested
5748,[1 0 0 0 0 0 0],45,7,keep future blockreceived benchmark
5749,[1 0 0 0 0 0 0],26,3,register datanode
5750,[1 0 0 0 0 0 0],45,10,send copy block another datanode
5751,[1 0 0 0 0 0 0],132,21,transfer block another datanode report behalf datanode block received
5752,[1 0 0 0 0 0 0],202,31,block report statistic thread represents datanode datanodes send block report time block report may contain missing nonexisting block
5753,[1 0 0 0 0 0 0],37,7,array datanodes sorted name
5754,[1 0 0 0 0 0 0],72,13,set heartbeat interval min expiration min
5755,[1 0 0 0 0 0 0],55,8,adjust replication number datanodes
5756,[1 0 0 0 0 0 0],21,4,parse command line
5757,[1 0 0 0 0 0 0],26,3,create datanodes
5759,[1 0 0 0 0 0 0],30,4,prepare block report
5760,[0 0 0 0 0 0 1],132,14,ibrs asynchronously processed namenode next clientprotocoladdblock may throw notreplicatedyetexception
5761,[1 0 0 0 0 0 0],201,26,retry clientprotocoladdblock throw notreplicatedyetexception addblock also commits previous block fails enough ibrs processed namenode
5762,[1 0 0 0 0 0 0],36,6,require argument
5763,[1 0 0 0 0 0 0],137,23,measure fast replication monitor compute datanode work run one thread work scheduled
5765,[1 0 0 0 0 0 0],75,11,start datanodes create bunch file generate block report
5766,[1 0 0 0 0 0 0],33,4,stop replication monitor
5768,[1 0 0 0 0 0 0],32,3,decommission datanodes
5772,[0 0 0 1 0 0 0],36,5,param aargs command line parameter
5773,[1 0 0 0 0 0 0],29,5,main method benchmark
5774,[1 0 0 0 0 0 0],25,4,start namenode
5777,[1 0 0 0 0 0 0],15,2,configurable
5779,[0 0 0 0 1 0 0],17,2,link levelerror
5780,[0 0 0 0 1 0 0],51,2,link namenoderpcserverrefreshusertogroupsmappings
5781,[0 0 0 0 1 0 0],8,1,docroot
5783,[0 0 1 0 0 0 0],1784,251,benchmark involve hadoop component except namenode operation executed calling directly respective namenode method namenode real component simulated benchmark support hrefdocroothadoopprojectdisthadoopcommoncommandsmanualhtmlgenericoptions standard commandline optionsa use remote namenode ttfstt option config ttdfsnamenodefslimitsminblocksizett set command line argument benchmark include ol litotal number operation performedli linumber thread run operationsli lifollowed operation specific input parametersli liloglevel l specifies logging level benchmark run default logging level link levelerrorli liugcacherefreshcount g cause benchmark call link namenoderpcserverrefreshusertogroupsmappings every g operation purge namenodes user group cache default refresh never calledli likeepresults clean namespace executionli liuseexisting recreate namespace use existing datali ol benchmark first generates input thread input generation overhead effect resulting statistic number operation performed thread practically precisely difference number operation performed two thread exceed benchmark executes specified number operation using specified number thread output resulting stats
5784,[1 0 0 0 0 0 0],115,19,need many handler since thread simulates handler calling namenode method directly
5785,[1 0 0 0 0 0 0],47,7,turn minimum block size verification
5788,[1 0 0 0 0 0 0],147,22,base class collecting operation statistic overload class order run statistic specific namenode operation
5789,[1 0 0 0 0 0 0],21,4,number thread
5790,[1 0 0 0 0 0 0],33,5,number operation requested
5791,[1 0 0 0 0 0 0],33,5,number operation executed
5792,[1 0 0 0 0 0 0],27,7,sum time op
5794,[1 0 0 0 0 0 0],37,7,dont clean base directory exit
5795,[1 0 0 0 0 0 0],34,6,logging level error default
5796,[1 0 0 0 0 0 0],34,6,user group cache refresh count
5797,[1 0 0 0 0 0 0],22,3,operation name
5798,[1 0 0 0 0 0 0],36,5,parse command line argument
5799,[1 0 0 0 0 0 0],46,7,generate input daemon thread
5800,[1 0 0 0 0 0 0],165,23,corresponds arg argument link executeopint int string different meaning depending operation performed
5801,[1 0 0 0 0 0 0],35,4,execute namenode operation
5802,[1 0 0 0 0 0 0],45,7,print result benchmarking
5803,[1 0 0 0 0 0 0],27,5,thread index nrthreads
5804,[1 0 0 0 0 0 0],42,6,execute separate thread
5805,[1 0 0 0 0 0 0],84,12,numthreads numopsrequired remaining thread nothing
5806,[1 0 0 0 0 0 0],71,7,try threadsleep catch interruptedexception e
5807,[0 0 0 1 0 0 0],28,4,param args argument
5808,[0 0 0 1 0 0 0],60,9,param opsperthread number input thread
5809,[0 0 0 1 0 0 0],59,10,param daemonid id daemon calling method
5812,[0 0 0 1 0 0 0],47,6,param arg operation specific argument
5813,[0 0 0 1 0 0 0],53,8,return time individual namenode call
5814,[0 0 0 1 0 0 0],27,4,return argument
5815,[0 0 0 0 1 0 0],34,4,link executeopint int string
5816,[1 0 0 0 0 0 0],66,10,parse first argument corresponding op option
5817,[0 0 0 1 0 0 0],25,4,param args argument list
5819,[1 0 0 0 0 0 0],31,4,process common option
5820,[1 0 0 0 0 0 0],54,9,one thread perform stats operation
5821,[1 0 0 0 0 0 0],33,5,argument passed executeop
5822,[1 0 0 0 0 0 0],36,6,schedule stop daemon
5824,[1 0 0 0 0 0 0],22,3,operation type
5825,[1 0 0 0 0 0 0],19,3,nothing
5826,[1 0 0 0 0 0 0],36,6,require argument
5827,[1 0 0 0 0 0 0],41,5,remove entire benchmark directory
5829,[1 0 0 0 0 0 0],22,3,operation type
5830,[1 0 0 0 0 0 0],21,4,parse command line
5831,[1 0 0 0 0 0 0],26,4,return client name
5833,[1 0 0 0 0 0 0],164,23,directory creation statistic thread creates number directory directory name pregenerated initialization
5835,[1 0 0 0 0 0 0],21,4,parse command line
5837,[1 0 0 0 0 0 0],27,4,mkdirs operation
5838,[1 0 0 0 0 0 0],125,18,open file statistic measure many open call getblocklocations namenode handle per second
5839,[1 0 0 0 0 0 0],9,1,operation
5840,[1 0 0 0 0 0 0],43,8,generate file use existing one
5843,[1 0 0 0 0 0 0],30,7,use file open
5844,[1 0 0 0 0 0 0],20,4,file open
5845,[1 0 0 0 0 0 0],101,16,delete file statistic measure many delete call namenode handle per second
5846,[1 0 0 0 0 0 0],15,2,operation type
5847,[1 0 0 0 0 0 0],115,17,list file status statistic measure many getfilestatus call namenode handle per second
5848,[1 0 0 0 0 0 0],16,2,operation type
5850,[1 0 0 0 0 0 0],15,2,operation type
5852,[1 0 0 0 0 0 0],18,3,one storage
5853,[1 0 0 0 0 0 0],26,5,actual number block
5854,[1 0 0 0 0 0 0],33,6,get version namenode
5855,[1 0 0 0 0 0 0],26,3,register datanode
5857,[1 0 0 0 0 0 0],64,10,send heartbeat namenode ignore reply command
5858,[1 0 0 0 0 0 0],26,3,register datanode
5859,[1 0 0 0 0 0 0],59,10,fill remaining slot block exist
5860,[1 0 0 0 0 0 0],75,12,send heartbeat namenode replicate block requested
5861,[1 0 0 0 0 0 0],45,7,keep future blockreceived benchmark
5864,[1 0 0 0 0 0 0],132,21,transfer block another datanode report behalf datanode block received
5865,[1 0 0 0 0 0 0],202,31,block report statistic thread represents datanode datanodes send block report time block report may contain missing nonexisting block
5866,[1 0 0 0 0 0 0],37,7,array datanodes sorted name
5867,[1 0 0 0 0 0 0],72,13,set heartbeat interval min expiration min
5868,[1 0 0 0 0 0 0],55,8,adjust replication number datanodes
5869,[1 0 0 0 0 0 0],21,4,parse command line
5870,[1 0 0 0 0 0 0],26,3,create datanodes
5872,[1 0 0 0 0 0 0],30,4,prepare block report
5873,[0 0 0 0 0 0 1],132,14,ibrs asynchronously processed namenode next clientprotocoladdblock may throw notreplicatedyetexception
5879,[1 0 0 0 0 0 0],33,4,stop replication monitor
5882,[1 0 0 0 0 0 0],35,5,set node replication limit
5885,[0 0 0 1 0 0 0],36,5,param aargs command line parameter
5887,[1 0 0 0 0 0 0],25,4,start namenode
5888,[1 0 0 0 0 0 0],27,4,run benchmark
5889,[1 0 0 0 0 0 0],25,3,print statistic
5891,[1 0 0 0 0 0 0],15,2,configurable
5893,[0 0 0 0 1 0 0],51,2,link namenoderpcserverrefreshusertogroupsmappings
5894,[0 0 0 0 1 0 0],8,1,docroot
5898,[0 1 0 0 0 0 0],13,2,author hamer
5905,[0 0 0 0 1 0 0],88,3,see orgeclipsecdtcorecodeassisttestscompletionproposalstestgetfilefullpath
5906,[0 0 0 0 1 0 0],94,3,see orgeclipsecdtcorecodeassisttestscompletionproposalstestgetheaderfilefullpath
5907,[0 0 0 0 1 0 0],90,3,see orgeclipsecdtcorecodeassisttestscompletionproposalstestgetheaderfilename
5909,[0 0 0 0 1 0 0],23,2,link arraylistmultimap
5910,[1 0 0 0 0 0 0],73,9,class implement gwt serialization link arraylistmultimap
5912,[1 0 0 0 0 0 0],93,14,test link rollingfilesystemsink class context hdfs kerberos enabled
5913,[1 0 0 0 0 0 0],163,28,basic write test hdfs cluster kerberos enabled assume basic write succeeds complex operation also succeed
5915,[1 0 0 0 0 0 0],125,21,basic write test hdfs cluster kerberos enabled without principal keytab property set
5916,[1 0 0 0 0 0 0],32,4,restore nonsecure conf
5918,[1 0 0 0 0 0 0],52,10,setup kdc testing secure hdfs cluster
5919,[1 0 0 0 0 0 0],23,4,stop minikdc
5920,[1 0 0 0 0 0 0],59,9,creates configuration starting secure cluster
5921,[0 0 0 1 0 0 0],36,5,param cluster minicluster
5922,[0 0 0 1 0 0 0],36,6,return ugi isinki
5926,[1 0 0 0 0 0 0],67,10,limit application state relevant scheduling
5927,[1 0 0 0 0 0 0],24,5,test grid state
5928,[1 0 0 0 0 0 0],184,35,setting table height setting column header mode hidden leaf body height table would header visible leaf empty area body
5929,[1 0 0 0 0 0 0],95,14,table body height px together header make px
5931,[1 0 0 0 0 0 0],57,9,class represent naming service checkpoint
5932,[1 0 0 0 0 0 0],35,6,generate new checkpoint name
5933,[0 0 0 1 0 0 0],32,5,return checkpoint name
5937,[0 0 0 1 0 0 0],50,9,param p link printstream print
5940,[1 0 0 0 0 0 0],42,7,killed job might counter
5941,[1 0 0 0 0 0 0],43,7,killed task might counter
5942,[0 1 0 0 0 0 0],89,12,contributor john camelon ibm rational software initial api implementation
5945,[0 1 0 0 0 0 0],53,6,contributor james blackburn broadcom corp
5946,[0 0 0 0 1 0 0],40,2,see cprojectdescriptionstoragetypeproxy
5947,[0 0 0 0 1 0 0],32,2,link storagerootelementname
5948,[0 0 0 0 1 0 0],29,2,link storagetypeattribute
5949,[0 0 0 1 0 0 0],40,7,param type proxy created
5952,[0 0 0 1 0 0 0],46,3,return abstractcprojectdescriptionstorage
5954,[0 0 0 1 0 0 0],16,3,param name
5955,[0 0 0 1 0 0 0],23,3,param storagetype
5956,[0 0 0 1 0 0 0],19,3,param version
5958,[0 0 0 1 0 0 0],23,3,param maxversion
5959,[0 0 0 1 0 0 0],14,3,param el
5960,[1 0 0 0 0 0 0],139,19,interface defining icprojectdescriptionstoragetype used factory creating project description storage give project
5964,[1 0 0 0 0 0 0],68,12,document storage type id attribute root element
5965,[1 0 0 0 0 0 0],85,8,public static final string storagetypeattribute storagetypeid nonnls
5967,[1 0 0 0 0 0 0],36,4,cprojectdescription proxy type
5968,[1 0 0 0 0 0 0],81,11,constructor verifies version range minversion maxversion
5969,[1 0 0 0 0 0 0],71,12,indicates type compatible provided version
5971,[1 0 0 0 0 0 0],114,19,return new storage instance persisting loading cproject description passed iproject
5974,[1 0 0 0 0 0 0],23,2,expected
5977,[1 0 0 0 0 0 0],84,15,configure page blob directory key every file created page blob
5978,[1 0 0 0 0 0 0],99,15,configure atomic rename directory key every folder atomic rename applied
5980,[1 0 0 0 0 0 0],29,5,http cors request header
5981,[1 0 0 0 0 0 0],31,5,http cors response header
5983,[0 0 1 0 0 0 0],194,32,protect http response splitting vulnerability since value written part response header ensure header one header removing cr lf
5985,[0 0 0 1 0 0 0],36,6,return kind modification
5986,[0 0 0 1 0 0 0],44,6,return edit group codenullcode
5987,[1 0 0 0 0 0 0],48,8,return target node modification
5989,[1 0 0 0 0 0 0],74,13,return edit group collect text edits modification
5991,[1 0 0 0 0 0 0],23,4,load parser
5992,[1 0 0 0 0 0 0],41,6,add default mapreduce filter
5994,[1 0 0 0 0 0 0],37,7,find parser key
5995,[1 0 0 0 0 0 0],79,12,define configuration object load original job property
5996,[1 0 0 0 0 0 0],41,9,test dir operation local f
5997,[0 1 0 0 0 0 0],74,10,contributor red hat incorporated initial api implementation
5999,[1 0 0 0 0 0 0],16,3,nothing
6000,[1 0 0 0 0 0 0],38,6,nothing leave prefix empty
6001,[1 0 0 0 0 0 0],100,15,provide parameter info context information tied completion proposal
6002,[1 0 0 0 0 0 0],82,13,utility class compute file checksum replicated striped file
6004,[1 0 0 0 0 0 0],75,11,constructor accepts input parameter computing
6006,[1 0 0 0 0 0 0],53,8,compute aggregate block checksum block block
6008,[1 0 0 0 0 0 0],24,3,compute file md
6009,[1 0 0 0 0 0 0],58,11,create return sender given io stream pair
6010,[1 0 0 0 0 0 0],31,6,close io stream pair
6011,[1 0 0 0 0 0 0],39,5,replicated file checksum computer
6014,[1 0 0 0 0 0 0],104,17,return true sound good continue retry false severe condition totally failed
6015,[1 0 0 0 0 0 0],47,7,try datanode location block
6017,[1 0 0 0 0 0 0],30,5,repeat blockidxth block
6019,[1 0 0 0 0 0 0],24,4,get block md
6021,[1 0 0 0 0 0 0],13,2,first block
6025,[1 0 0 0 0 0 0],37,5,striped file checksum computing
6026,[1 0 0 0 0 0 0],30,6,refetch get fresh token
6029,[1 0 0 0 0 0 0],103,17,eturn true sound good continue retry false severe condition totally failed
6030,[1 0 0 0 0 0 0],24,4,get block md
6031,[1 0 0 0 0 0 0],32,2,read byteperchecksum
6033,[1 0 0 0 0 0 0],15,3,first block
6034,[1 0 0 0 0 0 0],18,2,read md
6035,[1 0 0 0 0 0 0],24,3,read crctype
6036,[1 0 0 0 0 0 0],45,9,crc type mixed file
6040,[0 0 0 0 1 0 0],75,2,see orgeclipseuiiactiondelegateinitorgeclipsejfaceactioniaction
6041,[0 0 0 0 1 0 0],114,3,see orgeclipseuiiactiondelegaterunwitheventorgeclipsejfaceactioniaction orgeclipseswtwidgetsevent
6042,[0 0 0 0 1 0 0],124,3,see orgeclipseuiiselectionlistenerselectionchangedorgeclipseuiiworkbenchpart orgeclipsejfaceviewersiselection
6043,[0 0 0 0 1 0 0],70,2,see orgeclipseuiiviewactiondelegateinitorgeclipseuiiviewpart
6044,[0 0 0 0 1 0 0],124,3,see orgeclipseuiiactiondelegateselectionchangedorgeclipsejfaceactioniaction orgeclipsejfaceviewersiselection
6050,[1 0 0 0 0 0 0],43,7,underlying action delegate
6051,[1 0 0 0 0 0 0],77,13,action view part codenullcode installed view
6052,[1 0 0 0 0 0 0],37,7,cache recent seletion
6056,[1 0 0 0 0 0 0],94,16,construct new job perform debug request example step background
6058,[1 0 0 0 0 0 0],181,30,crucial delegate action zeroarg constructor reflected existence referenced action set plugins pluginxml file
6061,[1 0 0 0 0 0 0],38,8,run action ui thread
6062,[1 0 0 0 0 0 0],96,16,return whether action run background subclass may override
6063,[1 0 0 0 0 0 0],588,74,abstractdebugactiondelegates come flavor iviewactiondelegate iworkbenchwindowactiondelegate delegate p ul liiviewactiondelegate delegate getview nullli liiworkbenchwindowactiondelegate getview nullli ul p want call updateaction selection iviewactiondelegates initialize call updateaction selection made flavor set initial enabled state underlying action iworkbenchwindowactiondelegates listen selection change debug view p
6064,[1 0 0 0 0 0 0],49,8,performs specific action element
6065,[1 0 0 0 0 0 0],102,20,return string use error dialog title failed action default return null
6068,[1 0 0 0 0 0 0],85,14,return action view part codenullcode installed view
6069,[1 0 0 0 0 0 0],225,32,initialize delegate updating delegate presentation well flavor abstractdebugactiondelegates need initial enabled state set call updateiaction iselection
6070,[1 0 0 0 0 0 0],47,8,update selection debug view
6071,[1 0 0 0 0 0 0],37,6,return recent selection
6073,[1 0 0 0 0 0 0],34,6,set recent selection
6074,[1 0 0 0 0 0 0],84,15,return whether action enabled based given selection
6076,[0 0 0 1 0 0 0],15,2,param element
6078,[0 0 0 1 0 0 0],38,5,return view part codenullcode
6079,[0 0 0 1 0 0 0],46,7,param action presentation action
6080,[0 0 0 1 0 0 0],43,6,return whether action initialized
6081,[0 0 0 1 0 0 0],28,3,return structured selection
6083,[0 0 0 0 1 0 0],19,2,link metricssource
6084,[0 0 0 0 1 0 0],11,2,link field
6088,[0 0 0 0 1 0 0],12,2,link method
6089,[0 0 0 0 1 0 0],12,2,link metric
6091,[0 0 0 0 1 0 0],21,2,link metricsregistry
6093,[0 0 0 0 1 0 0],12,2,code source
6094,[0 0 0 0 1 0 0],19,2,link mutablemetric
6095,[0 0 0 0 1 0 0],19,2,link mutablemetric
6096,[0 0 0 0 1 0 0],12,2,link metric
6097,[1 0 0 0 0 0 0],77,12,add link mutablemetric method annotated link metric
6098,[1 0 0 0 0 0 0],40,7,set source field mutablemetric
6101,[1 0 0 0 0 0 0],52,8,create new registry according annotation
6103,[1 0 0 0 0 0 0],403,62,helper class build link metricssource object annotation p given source object ul lisets link field annotated link metric link mutablemetric add link metricsregistryli li link method annotated link metric creates link mutablemetric add link metricsregistryli ul
6105,[0 1 0 0 0 0 0],36,5,author christian w damus cdamus
6106,[0 0 0 1 0 0 0],10,2,since
6108,[0 0 0 1 0 0 0],50,7,param addbutton add button
6110,[0 0 0 1 0 0 0],51,6,param renamebutton rename button
6111,[0 0 0 1 0 0 0],55,6,param activatebutton activate button
6112,[0 0 0 1 0 0 0],49,6,param buildbutton build button
6114,[0 0 0 1 0 0 0],106,12,param project project configuration whose active configuration selection changed
6115,[1 0 0 0 0 0 0],45,9,depends whether w config active
6118,[1 0 0 0 0 0 0],19,4,show problem
6119,[1 0 0 0 0 0 0],126,23,possible project configuration applied order effect build refresh handle case
6121,[1 0 0 0 0 0 0],46,6,lighterweight update configs
6123,[1 0 0 0 0 0 0],62,9,update workingset configs intersect config
6125,[1 0 0 0 0 0 0],34,5,handler activate button
6126,[1 0 0 0 0 0 0],35,5,handler rename button
6129,[1 0 0 0 0 0 0],32,5,handler add button
6130,[1 0 0 0 0 0 0],33,5,tell project controller
6131,[1 0 0 0 0 0 0],239,32,handle selection working set configuration among potentially action injects workingset configuration selection project configuration controller update enablement button
6132,[1 0 0 0 0 0 0],24,4,handle button press
6133,[1 0 0 0 0 0 0],66,10,handle button press working set configuration pane
6134,[1 0 0 0 0 0 0],20,3,interesting
6135,[1 0 0 0 0 0 0],140,21,connects controller project configuration pane inject currently selected working set configuration
6137,[1 0 0 0 0 0 0],36,6,assigns activate button
6138,[1 0 0 0 0 0 0],37,6,assigns rename button
6139,[1 0 0 0 0 0 0],34,6,assigns remove button
6140,[1 0 0 0 0 0 0],34,6,assigns add button
6141,[1 0 0 0 0 0 0],27,4,make selection
6142,[0 0 0 0 0 0 1],127,20,shouldnt happen least readonly config select initial working set
6143,[0 0 0 0 0 0 1],88,15,mostrecentlyused working set take first tree order
6146,[1 0 0 0 0 0 0],55,10,initializes initial working set select
6152,[0 1 0 0 0 0 0],22,3,author david beaumont
6153,[1 0 0 0 0 0 0],13,2,pas
6154,[1 0 0 0 0 0 0],37,6,nonnull array zero length
6157,[1 0 0 0 0 0 0],51,9,final element always non null
6158,[1 0 0 0 0 0 0],104,15,event dispatcher interface dispatch event registered event handler based event type
6159,[1 0 0 0 0 0 0],276,48,configuration make sure dispatcher crash doesnt systemexit case error default false test affected daemon explicitly set true daemon crash instead hanging around
6160,[1 0 0 0 0 0 0],61,11,job file name set taskattempt setting null
6161,[0 0 0 0 0 0 1],64,14,yarn doesnt concept slot per task set
6162,[1 0 0 0 0 0 0],78,8,test hdfs audit logger respect dfsnamenodeauditlogdebugcmdlist
6166,[0 0 0 1 0 0 0],36,3,since orgeclipserseremotecdt
6167,[1 0 0 0 0 0 0],380,59,constant used remote cdt connection property strongexperimentalstrong class interface added part work progress guarantee api work remain please use api without consulting hrefhttpwwweclipseorgdsdptmtarget managementa team p
6170,[1 0 0 0 0 0 0],153,24,test field propagates value change event originating property dont fire value change event twice value changed
6173,[1 0 0 0 0 0 0],75,14,add listener set value end listener
6174,[1 0 0 0 0 0 0],42,6,ensure listener called
6178,[1 0 0 0 0 0 0],24,3,set buffering
6181,[1 0 0 0 0 0 0],123,21,modify property value fire value change field read buffering read false
6182,[1 0 0 0 0 0 0],58,9,ensure listener still called
6183,[1 0 0 0 0 0 0],55,9,get value fire value change
6184,[1 0 0 0 0 0 0],94,14,field value different original value current proeprty value
6185,[1 0 0 0 0 0 0],58,9,ensure listener still called
6186,[0 0 0 0 1 0 0],64,4,see hrefhttpdevvaadincomticketticket
6188,[0 0 0 1 0 0 0],76,10,return fallback storage type replicating existing block replica
6189,[0 0 0 1 0 0 0],60,9,return fallback storage type new block replica
6190,[0 0 0 1 0 0 0],69,10,return preferred storage type used placing block replica
6193,[1 0 0 0 0 0 0],86,14,return name storage policy policy uniquely identified name
6194,[1 0 0 0 0 0 0],141,20,return preferred storage type associated policy storage type used sequentially successive block replica
6196,[1 0 0 0 0 0 0],163,25,get fallback storage type replicating existing block replica fallback storage type used preferred storage type available
6197,[1 0 0 0 0 0 0],91,16,return true policy inheritonly cannot changed existing file
6201,[0 0 0 0 0 1 0],119,22,deprecated cdt seem used anywhere look like remnant x style new project wizard
6203,[0 0 0 1 0 0 0],72,11,noinstantiate class intended instantiated client
6204,[1 0 0 0 0 0 0],90,12,window enqueue nonimmediate message reporting current position
6205,[1 0 0 0 0 0 0],70,10,remove window immediately current response sent
6206,[1 0 0 0 0 0 0],124,19,clicking button trigger sending window coordinate window already removed point
6209,[0 0 0 1 0 0 0],76,13,param viewerinput input viewer given cache entry
6210,[0 0 0 1 0 0 0],66,12,param path viewer tree path given cache entry
6211,[0 0 0 1 0 0 0],81,12,param isdirty codetruecode given cache entry already dirty
6212,[0 0 0 1 0 0 0],95,13,return collection property flushed codenullcode none
6213,[1 0 0 0 0 0 0],69,11,return property flushed element
6214,[1 0 0 0 0 0 0],222,35,element update tester extension allows update policy selectively flush property element useful update tester event affect certain aspect element presentation
6215,[1 0 0 0 0 0 0],46,7,bind context default initialcontext
6217,[1 0 0 0 0 0 0],42,9,dummy entry point test module
6219,[1 0 0 0 0 0 0],462,78,partition key space pcodepartitionercode control partitioning key intermediate mapoutputs key subset key used derive partition typically hash function total number partition number reduce task job hence control codemcode reduce task intermediate key hence record sent reductionp
6220,[0 0 0 1 0 0 0],92,12,pnote codepartitionercode created multiple reducersp
6221,[0 0 0 1 0 0 0],41,8,param key key paritioned
6222,[0 0 0 1 0 0 0],57,8,param numpartitions total number partition
6223,[0 0 0 1 0 0 0],34,6,param value entry value
6224,[0 0 0 1 0 0 0],59,8,return partition number codekeycode
6225,[1 0 0 0 0 0 0],219,39,get paritition number given key hence record given total number partition ie number reducetasks job ptypically hash function subset keyp
6227,[0 0 0 0 1 0 0],23,2,link preemptionmessage
6228,[0 0 0 0 1 0 0],23,2,code applicationmaster
6229,[0 0 0 0 1 0 0],33,3,link strictpreemptioncontract
6230,[0 0 0 0 1 0 0],24,2,link preemptioncontract
6231,[0 0 0 0 1 0 0],33,3,link strictpreemptioncontract
6232,[0 0 0 0 1 0 0],43,3,link preemptioncontractgetcontainers
6233,[0 0 0 0 1 0 0],24,2,link preemptioncontract
6235,[0 0 0 0 0 0 1],1229,198,decode part message link strictpreemptioncontract specifies particular allocation rm requires back checkpoint container state adjust execution plan move computation take action hope condition caused rm ask container change p contrast link preemptioncontract also includes description resource set container release container matching profile container enumerated link preemptioncontractgetcontainers may killed p preemption message reflects rms current understanding cluster state request return emnem container may reflect container releasing recently exited container rm yet learn new container allocated message generated conversely rm may request different profile container subsequent request p policy enforced rm part scheduler generally container requested consistently killed detail specified
6236,[0 0 0 1 0 0 0],86,11,return specific resource may killed coderesourcemanagercode
6237,[0 0 0 1 0 0 0],63,9,return contract describing resource return cluster
6241,[1 0 0 0 0 0 0],61,10,rpc layer client expects ipport service token
6242,[1 0 0 0 0 0 0],116,18,test calendar via prepared screenshots calendar event shown correctly partially view
6244,[0 1 0 0 0 0 0],249,33,contributor red hat incorporated initial implementation ibm rational software add remove nature static method anna dushistova montavista autotools nature loses builder added contributed wizard page
6245,[0 0 0 1 0 0 0],10,2,since
6246,[0 0 0 1 0 0 0],18,3,param project
6247,[0 0 0 1 0 0 0],18,3,param monitor
6248,[0 0 0 1 0 0 0],59,11,param proj project add autotools nature
6249,[0 0 0 1 0 0 0],49,10,param proj project add nature
6250,[0 0 0 1 0 0 0],65,13,param natureid id nature assign project
6251,[0 0 0 1 0 0 0],140,21,param monitor progress monitor indicate duration operation codenullcode progress reporting required
6252,[0 0 0 1 0 0 0],140,21,param monitor progress monitor indicate duration operation codenullcode progress reporting required
6253,[0 0 0 1 0 0 0],54,9,param project remove autotools nature
6254,[0 0 0 1 0 0 0],135,20,param mon progress monitor indicate duration operation codenullcode progress reporting required
6255,[0 0 0 1 0 0 0],58,10,param project remove old autotools nature
6256,[0 0 0 1 0 0 0],135,20,param mon progress monitor indicate duration operation codenullcode progress reporting required
6257,[0 0 0 1 0 0 0],53,10,param proj project remove nature
6258,[0 0 0 1 0 0 0],43,8,param natureid nature id remove
6259,[0 0 0 1 0 0 0],141,21,param monitor progress monitor indicate duration operation codenullcode progress reporting required
6260,[1 0 0 0 0 0 0],44,8,add autotools builder project
6261,[1 0 0 0 0 0 0],35,7,add builder project
6262,[1 0 0 0 0 0 0],130,21,piece wizard might contributed new builder command need make sure using recent one
6263,[1 0 0 0 0 0 0],63,8,add autotools configuration builder builder
6264,[1 0 0 0 0 0 0],111,17,make sure autotools builder precedes managed builder remote synchronized builder
6265,[1 0 0 0 0 0 0],16,3,ignore
6266,[1 0 0 0 0 0 0],83,12,make sure autotools configuration builder precedes common builder
6267,[1 0 0 0 0 0 0],63,11,utility method adding autotools nature project
6268,[1 0 0 0 0 0 0],52,10,utility method adding nature project
6269,[1 0 0 0 0 0 0],65,11,utility method remove autotools nature project
6270,[1 0 0 0 0 0 0],69,12,utility method remove old autotools nature project
6273,[1 0 0 0 0 0 0],76,12,basic editor qml thus far syntax highlighting capability
6274,[1 0 0 0 0 0 0],57,9,setup bracket matching default color gray
6275,[0 1 0 0 0 0 0],243,34,contributor ewa matejska palmsource referenced gdbdebuggerpage code write anna dushistova mentor graphic moved orgeclipsecdtlaunchremotetabs red hat inc modified work cdt container launcher
6276,[1 0 0 0 0 0 0],204,36,dynamic debugger tab docker container launch using gdb server gdbserver setting used start gdbserver session docker container connect host
6277,[0 0 0 0 1 0 0],113,5,see orgeclipsecdtdebugmiinternaluigdbdebuggerpagecreatetabsorgeclipse swtwidgetstabfolder
6281,[0 1 0 0 0 0 0],73,9,contributor broadcom corporation initial api implementation
6282,[0 1 0 0 0 0 0],548,56,copyright c broadcom corporation others right reserved program accompanying material made available term eclipse public license v accompanies distribution available httpwwweclipseorglegaleplvhtml contributor broadcom corporation initial api implementation
6283,[1 0 0 0 0 0 0],57,8,abstract builder test provides utility method
6284,[0 0 1 0 0 0 0],233,32,ul liimporting project workspaceli liadding expected resource delta verifierli liverifying deltali liprinting markersli licleaning workspace endli ul
6285,[1 0 0 0 0 0 0],41,7,cleanup project using
6286,[1 0 0 0 0 0 0],133,23,run build specified kind verify resource change result match expectation given verifier
6287,[1 0 0 0 0 0 0],135,20,build specified configuration verify resource change result match expectation given verifier
6288,[1 0 0 0 0 0 0],19,3,batch change
6290,[1 0 0 0 0 0 0],158,26,return array resource expected generated building project configuration object file expected output also specified
6293,[1 0 0 0 0 0 0],13,2,project
6294,[1 0 0 0 0 0 0],29,4,resource workspace path
6296,[1 0 0 0 0 0 0],14,2,severity
6297,[1 0 0 0 0 0 0],42,8,append rest string field
6298,[1 0 0 0 0 0 0],30,5,finally print string
6300,[1 0 0 0 0 0 0],86,16,update status message button state based input selected user
6301,[1 0 0 0 0 0 0],64,13,make sure name least one character length
6302,[1 0 0 0 0 0 0],470,46,currentnamelength nonnls make sure name duplicate else isduplicatenamecurrentname nlsbindmessagesrenameconfigurationerrorduplicatename currentname else issimilarnamecurrentname nlsbindmessagesrenameconfigurationerrorcasename currentname else validatenamecurrentname nlsbindmessagesrenameconfigurationerrorinvalidname currentname
6303,[1 0 0 0 0 0 0],44,9,make sure name duplicate
6305,[0 0 0 1 0 0 0],11,2,param name
6307,[1 0 0 0 0 0 0],86,12,check argument leading whitespaces invalid directory name character
6308,[1 0 0 0 0 0 0],54,9,iterate name checking bad character
6310,[1 0 0 0 0 0 0],88,24,config name must valid dir name ban name
6312,[1 0 0 0 0 0 0],66,13,return true already config name defined
6313,[1 0 0 0 0 0 0],66,11,add label text widget configuration description
6314,[1 0 0 0 0 0 0],59,11,add label text widget configuration name
6315,[1 0 0 0 0 0 0],46,9,create group name description
6317,[1 0 0 0 0 0 0],194,36,method declared dialog cache name base config selection dont worry index name wrong enable ok button iff condition met
6318,[1 0 0 0 0 0 0],140,21,inputsplit contains set child inputsplits inputsplit inserted collection must public default constructor
6319,[0 0 0 0 1 0 0],72,3,code countclassclassclassnsplitsplitsplitn
6323,[1 0 0 0 0 0 0],74,11,return aggregate length child inputsplits currently added
6325,[1 0 0 0 0 0 0],55,10,collect set host child inputsplits
6326,[1 0 0 0 0 0 0],38,5,getlocations ith inputsplit
6327,[1 0 0 0 0 0 0],42,7,write split following format
6329,[1 0 0 0 0 0 0],50,6,replace text field comboboxes
6330,[1 0 0 0 0 0 0],104,18,must hook value change listener ensure update use case eg edit mode
6331,[1 0 0 0 0 0 0],114,19,also use column generator test ensure possible build column update automatically
6332,[0 0 0 0 1 0 0],13,2,link monitor
6334,[0 1 0 0 0 0 0],600,99,copyright c guava author licensed apache license version license may use file except compliance license may obtain copy license httpwwwapacheorglicenseslicense unless required applicable law agreed writing software distributed license distributed basis without warranty condition kind either express implied see license specific language governing permission limitation license
6338,[1 0 0 0 0 0 0],107,20,space pressed tab tabsheet browser default scroll behavior must prevented
6340,[1 0 0 0 0 0 0],55,7,example multilayer perceptron classification
6341,[1 0 0 0 0 0 0],25,4,load training data
6342,[1 0 0 0 0 0 0],41,8,split data train test
6343,[1 0 0 0 0 0 0],141,15,dataframe split dataframerandomsplitnew double l dataframe train split dataframe test split
6345,[1 0 0 0 0 0 0],48,8,create trainer set parameter
6347,[1 0 0 0 0 0 0],40,7,compute precision test set
6349,[0 0 0 0 1 0 0],22,2,code synchronizedmap
6350,[0 1 0 0 0 0 0],20,3,author mike bostock
6352,[1 0 0 0 0 0 0],35,4,test code synchronizedmap
6354,[1 0 0 0 0 0 0],93,13,checkpointer responsible supporting periodic checkpoint hdfs metadata
6356,[1 0 0 0 0 0 0],49,8,create connection primary namenode
6357,[1 0 0 0 0 0 0],27,3,initialize checkpoint
6358,[1 0 0 0 0 0 0],41,6,create connection namenode
6360,[1 0 0 0 0 0 0],78,14,pull exact http address posting url avoid ip aliasing issue
6362,[1 0 0 0 0 0 0],23,5,main work loop
6363,[1 0 0 0 0 0 0],59,12,check size edit log every minute
6365,[1 0 0 0 0 0 0],21,3,nothing
6366,[1 0 0 0 0 0 0],28,5,create new checkpoint
6368,[1 0 0 0 0 0 0],107,20,dont enough log roll forward using log need download load image
6369,[1 0 0 0 0 0 0],24,4,get edits file
6370,[1 0 0 0 0 0 0],31,6,keep registration date
6372,[1 0 0 0 0 0 0],31,5,system flag read
6374,[1 0 0 0 0 0 0],195,33,class test hadoopstreaming return exception failure submitted invalidfailed job test case provides invalid input file mapreduce job unit test case
6375,[0 0 0 0 1 0 0],26,2,link containermanagerimpl
6376,[1 0 0 0 0 0 0],94,15,class extending link containermanagerimpl used queuing nm enabled
6378,[1 0 0 0 0 0 0],91,12,kill running opportunistic container make space guaranteed container
6379,[1 0 0 0 0 0 0],60,8,container started execution meanwhile
6380,[0 0 0 0 0 0 1],150,24,container null distributed scheduling enabled container might queued otherwise container might handled nm
6381,[1 0 0 0 0 0 0],134,21,start execution given container also add allocated container update allocated resource utilization
6382,[1 0 0 0 0 0 0],36,5,start execution container
6383,[1 0 0 0 0 0 0],54,8,remove given container container queue
6384,[1 0 0 0 0 0 0],119,15,remove given container allocated container update allocated container utilization accordingly
6385,[0 0 0 0 0 0 1],78,10,container indeed running update allocated resource utilization
6386,[0 0 0 1 0 0 0],61,12,return true container found one queue
6387,[0 0 0 1 0 0 0],159,19,param allocatedcontinfo container whose execution need start freeing resource occupied opportunistic container
6388,[0 0 0 1 0 0 0],160,19,param containertostartid container whose execution need start freeing resource occupied opportunistic container
6391,[0 0 0 1 0 0 0],104,17,return resource need freed given guaranteed container start
6393,[1 0 0 0 0 0 0],62,7,start opportunistic container resource available
6394,[1 0 0 0 0 0 0],67,8,start pending guaranteed container resource available
6396,[1 0 0 0 0 0 0],43,6,subtract overall node resource
6397,[1 0 0 0 0 0 0],145,23,add allocation allocation pending guaranteed container start current container started
6398,[1 0 0 0 0 0 0],114,17,subtract allocation allocation opportunistic container marked killing
6399,[1 0 0 0 0 0 0],56,7,get allocation currently allocated container
6400,[1 0 0 0 0 0 0],505,67,calculates amount resource need freed killing opportunistic container order given guaranteed container start execution resource allocation freed codecontainersallocationcode allocation codeopportunisticcontainerstokillcode allocation codequeuedguaranteedcontainerscode start given container allocation given container total resource node
6401,[1 0 0 0 0 0 0],121,18,sufficient resource execute given container kill opportunistic container
6402,[1 0 0 0 0 0 0],116,17,go running opportunistic container avoid container already marked killing
6403,[1 0 0 0 0 0 0],106,17,additional opportunistic container need killed given container start
6404,[1 0 0 0 0 0 0],45,8,track resource need freed
6406,[1 0 0 0 0 0 0],58,8,kill opportunistic container chosen
6407,[1 0 0 0 0 0 0],88,13,kill opportunistic container free resource running given container
6408,[1 0 0 0 0 0 0],81,16,stop container currently running queued stop
6410,[0 0 0 1 0 0 0],12,2,since
6411,[0 0 0 1 0 0 0],19,3,since
6412,[0 0 0 1 0 0 0],17,3,since
6413,[0 0 0 1 0 0 0],22,3,param name
6414,[0 0 0 1 0 0 0],39,7,return name node
6415,[0 0 0 1 0 0 0],55,8,param name name child
6417,[0 0 0 1 0 0 0],40,6,return child node object
6419,[0 0 0 1 0 0 0],77,11,return time spent fastest invocation millisecond
6421,[0 0 0 1 0 0 0],64,11,return number time node entered
6423,[0 0 0 1 0 0 0],46,7,return collection child node
6425,[0 0 0 1 0 0 0],94,10,return codetruecode profiling enabled else codefalsecode
6426,[0 0 0 1 0 0 0],59,9,param name name entered block
6427,[0 0 0 1 0 0 0],57,9,param name name left block
6428,[0 0 0 1 0 0 0],17,3,since
6429,[0 0 0 1 0 0 0],19,3,since
6430,[0 0 0 1 0 0 0],93,10,return codetruecode profiling enabled else codefalsecode
6431,[0 0 0 1 0 0 0],13,2,since
6432,[0 0 0 1 0 0 0],84,9,param profilerresultconsumer consumer get profiler data
6435,[1 0 0 0 0 0 0],233,31,lightweight profiling tool used collect profiling data zero overhead unless enabled enable profiling add codeltsetproperty namevaadinprofiler valuetrue gtcode gwtxml file
6436,[1 0 0 0 0 0 0],71,11,class include using deferred binding enable profiling
6437,[1 0 0 0 0 0 0],142,22,interface getting data link profiler p bwarningb interface likely change future
6441,[1 0 0 0 0 0 0],110,19,creates new child node retrieves existing child update total time hit count
6444,[1 0 0 0 0 0 0],106,18,get maximum time spent one invocation node including time spent sub node
6445,[1 0 0 0 0 0 0],51,10,get number time node entered
6446,[1 0 0 0 0 0 0],84,15,get total time spent node excluding time spent sub node
6447,[1 0 0 0 0 0 0],44,8,get child node node
6449,[1 0 0 0 0 0 0],30,3,jso constructor
6450,[1 0 0 0 0 0 0],57,8,check whether profiling gathering enabled
6451,[1 0 0 0 0 0 0],53,9,fully inlined compiler
6452,[0 0 0 0 1 0 0],20,2,link leavestring
6455,[1 0 0 0 0 0 0],213,34,leaf named block always matching invocation link enterstring entering block call method removed compiler unless profiling enabled
6457,[1 0 0 0 0 0 0],125,20,reset collected profiler data call method removed compiler unless profiling enabled
6458,[1 0 0 0 0 0 0],181,25,old implementation might call reset initialization ensure initialized well initialization side effect already done
6459,[1 0 0 0 0 0 0],241,39,initializes profiler done calling function class failing might cause undesired behavior method side effect initialization already done
6460,[0 0 0 0 0 0 1],231,41,please note method called even profiler enabled remove logger function might included html page would leak memory unless removed
6462,[1 0 0 0 0 0 0],40,6,back sub event
6463,[1 0 0 0 0 0 0],39,4,create sub event
6464,[0 0 0 0 1 0 0],21,2,link enabledprofiler
6466,[1 0 0 0 0 0 0],119,16,overridden link enabledprofiler make link isenabled return true gwtcreate return class
6468,[1 0 0 0 0 0 0],43,4,ignore missing value
6469,[1 0 0 0 0 0 0],89,15,add logger already also initializing event array needed
6470,[1 0 0 0 0 0 0],106,19,remove logger function event array seems like function added u
6472,[1 0 0 0 0 0 0],24,3,readdirplus response
6473,[1 0 0 0 0 0 0],20,3,attribute follow
6474,[1 0 0 0 0 0 0],7,2,next
6475,[0 0 0 0 1 0 0],33,2,link loggedsinglerelativeranking
6478,[0 0 0 0 1 0 0],20,5,code
6479,[1 0 0 0 0 0 0],117,22,coordinate fraction code default value mark unfilledin value
6480,[1 0 0 0 0 0 0],16,3,x coordinate
6482,[0 1 0 0 0 0 0],77,10,contributor marc khouzam ericsson initial api implementation
6484,[0 0 0 1 0 0 0],57,10,param row type target grid
6487,[0 0 0 1 0 0 0],96,18,return style name add cell code null set style
6489,[1 0 0 0 0 0 0],63,9,callback interface generating custom style name cell
6491,[0 0 0 0 1 0 0],27,2,link nativefilesystemstore
6492,[0 0 0 0 1 0 0],24,2,link nativesfilesystem
6493,[1 0 0 0 0 0 0],146,20,p stub implementation link nativefilesystemstore testing link nativesfilesystem without actually connecting p
6494,[0 1 0 0 0 0 0],74,10,contributor red hat incorporated initial api implementation
6495,[1 0 0 0 0 0 0],81,11,information provider used present focusable information shell
6496,[1 0 0 0 0 0 0],36,5,editor projection support
6497,[0 0 0 0 0 0 1],95,17,editor project file remove editor property change listener
6498,[1 0 0 0 0 0 0],144,26,project file want notified autoconf editor property changed macro version changed
6501,[0 0 0 1 0 0 0],40,6,return autoconf code scanner
6506,[0 0 0 1 0 0 0],49,6,param resourcebundle resource bundle
6507,[0 0 0 1 0 0 0],32,5,param prefix prefix
6509,[0 0 0 1 0 0 0],71,11,param sourceviewer source viewer display hover
6511,[0 0 0 1 0 0 0],77,7,return codetruecode successful codefalsecode otherwise
6513,[0 0 0 1 0 0 0],58,8,param annotationhover hover make focusable
6515,[0 0 0 1 0 0 0],54,9,param listener reconcile listener added
6516,[0 0 0 1 0 0 0],56,9,param listener reconcile listener removed
6517,[0 0 0 1 0 0 0],85,9,return codetruecode folding enabled codefalsecode otherwise
6519,[1 0 0 0 0 0 0],57,8,return scanner creating autoconf partition
6520,[1 0 0 0 0 0 0],57,8,return scanner creating autoconf partition
6521,[1 0 0 0 0 0 0],41,6,return autoconf code scanner
6522,[1 0 0 0 0 0 0],41,6,return autoconf code scanner
6523,[1 0 0 0 0 0 0],69,10,return preference color identified given preference
6527,[1 0 0 0 0 0 0],259,44,action behaves two different way current text hover tooltip displayed using information presenter current text hover converted information presenter order make sticky
6528,[1 0 0 0 0 0 0],46,7,wrapped text operation action
6529,[1 0 0 0 0 0 0],34,5,creates dispatch action
6530,[1 0 0 0 0 0 0],41,6,annotation hover exist
6531,[1 0 0 0 0 0 0],38,6,otherwise display tooltip
6533,[1 0 0 0 0 0 0],56,5,default value abstractinformationcontrolmanager
6534,[1 0 0 0 0 0 0],58,9,try make annotation hover focusable sticky
6535,[1 0 0 0 0 0 0],39,5,compute hover information
6536,[1 0 0 0 0 0 0],70,12,allow number line displayed support scrolling
6537,[1 0 0 0 0 0 0],100,17,hover region beginning concerned line place control right line
6538,[1 0 0 0 0 0 0],70,6,annotationbarhovermanager set minus sourceviewergapsize
6539,[1 0 0 0 0 0 0],40,5,modified version textviewer
6541,[1 0 0 0 0 0 0],98,16,remove given listener effect identical listener already registered
6544,[1 0 0 0 0 0 0],28,4,sticky hover support
6545,[1 0 0 0 0 0 0],17,3,content assist
6548,[1 0 0 0 0 0 0],66,9,ensure decoration support created configured
6550,[0 0 0 0 1 0 0],18,2,link idmvmcontext
6551,[0 0 0 0 1 0 0],23,2,link iceditortexthover
6552,[1 0 0 0 0 0 0],81,10,adapter factory adapting link idmvmcontext link iceditortexthover
6553,[1 0 0 0 0 0 0],38,5,try session specific hover
6554,[1 0 0 0 0 0 0],14,3,use default
6556,[1 0 0 0 0 0 0],94,16,class used summarize useful shared cache manager metric webui display
6557,[0 1 0 0 0 0 0],53,8,contributor ibm initial api implementation
6558,[0 1 0 0 0 0 0],17,2,author crecoskie
6559,[0 0 0 0 1 0 0],84,2,see orgeclipsecdtcoreparserabstractparserlogserviceerrorlogjavalangstring
6561,[0 0 0 0 1 0 0],79,2,see orgeclipsecdtcoreparserabstractparserlogserviceistracingexceptions
6562,[0 0 0 0 1 0 0],84,2,see orgeclipsecdtcoreparserabstractparserlogservicetracelogjavalangstring
6563,[0 0 0 0 1 0 0],20,2,link getiterator
6564,[1 0 0 0 0 0 0],212,34,utility class storing list external reference external reference pdomname reference pdombinding different linkage list examined using link getiterator
6566,[0 0 1 0 0 0 0],970,155,example show storage structure three name two linkage namea namea nameb record linkagea linkageb namea namea created linkagea nameb created linkageb interface class flattens storage structure appears simple list iterated continuing example iterator behaves though list namea namea nameb class mostly doesnt care inner list implemented using getnextinbinding attribute pdomname class implement outer list singly linked list node node store linkageid record first pdomname list record next node
6567,[1 0 0 0 0 0 0],66,13,create new instance given location given pdom
6569,[1 0 0 0 0 0 0],36,8,add given name list
6571,[1 0 0 0 0 0 0],184,36,search node find one new name linkage keep track record held last examined node new node appended needed
6572,[1 0 0 0 0 0 0],78,13,node look like int linkageid recptr nextnode recptr headoflist
6574,[1 0 0 0 0 0 0],89,17,setup new node linkage initialize list ptr empty list
6575,[1 0 0 0 0 0 0],75,15,isnt already node linkage create new one
6576,[1 0 0 0 0 0 0],113,23,list empty modify first element right name inserted
6577,[1 0 0 0 0 0 0],62,12,finally make new name first element list
6581,[0 0 0 0 0 0 1],72,13,otherwise update node head field point given name
6582,[1 0 0 0 0 0 0],53,9,initialize next advancing first name
6583,[1 0 0 0 0 0 0],234,44,advance next linkage node nonempty list name return pdomname head list next name returned next return null linkage node
6585,[1 0 0 0 0 0 0],108,20,generate log message linkageid longer valid continue next node
6586,[1 0 0 0 0 0 0],79,16,load node linkage use return first name node list
6587,[0 0 0 0 0 0 1],191,39,node found name list update iterator point next linkage node next call advance start right place
6590,[0 0 0 0 1 0 0],94,4,see comvaadintestscomponentsabstracttestuisetupcomvaadinserver vaadinrequest
6591,[0 0 0 0 1 0 0],75,3,see comvaadintestscomponentsabstracttestuigettestdescription
6592,[0 0 0 0 1 0 0],72,3,see comvaadintestscomponentsabstracttestuigetticketnumber
6593,[1 0 0 0 0 0 0],117,20,use dataframes sql count word utf encoded n delimited text received network every second
6596,[1 0 0 0 0 0 0],291,44,create javareceiverinputdstream target ipport count word input stream n delimited text eg generated nc note duplication storage level running locally replication necessary distributed scenario fault tolerance
6597,[1 0 0 0 0 0 0],71,13,convert rdds word dstream dataframe run sql query
6598,[1 0 0 0 0 0 0],56,11,word count table using sql print
6599,[1 0 0 0 0 0 0],28,4,register table
6600,[1 0 0 0 0 0 0],70,8,convert javarddstring javarddbean class dataframe
6601,[1 0 0 0 0 0 0],59,8,lazily instantiated singleton instance sqlcontext
6603,[0 0 0 1 0 0 0],39,8,param v value type map output
6604,[0 0 0 1 0 0 0],23,4,return merger
6605,[1 0 0 0 0 0 0],64,10,common code allowing mapoutput class handle stream
6606,[1 0 0 0 0 0 0],119,22,class implement reducer class used perform field selection manner similar unix cut
6607,[0 0 1 0 0 0 0],1155,190,input data treated field separated user specified separator default value user specify list field form reduce output key list field form reduce output value field union key value field separator attribute mapreducefieldseldatafieldseparator reduce output field list spec attribute mapreducefieldselreduceoutputkeyvaluefieldsspec value expected like keyfieldsspecvaluefieldsspec keyvaluefieldsspec comma separated field spec fieldspecfieldspecfieldspec field spec simple number eg specifying specific field range like specify range field open range like specifying field starting field open range field spec applies value field effect key field example specifies use field key use field value
6608,[0 0 0 0 1 0 0],17,2,link auditlogger
6609,[0 0 0 0 1 0 0],17,2,link auditlogger
6610,[0 0 0 0 1 0 0],21,2,link testimplping
6611,[0 0 0 0 1 0 0],14,2,link testimpl
6612,[0 0 0 0 1 0 0],17,2,link auditlogger
6613,[1 0 0 0 0 0 0],29,4,test link auditlogger
6615,[1 0 0 0 0 0 0],39,8,add first kv pair check
6616,[1 0 0 0 0 0 0],62,11,append another kv pair already added kv test
6618,[1 0 0 0 0 0 0],43,7,append another knull pair test
6619,[1 0 0 0 0 0 0],55,11,add target check final string
6622,[1 0 0 0 0 0 0],49,8,test auditlog format failure event
6623,[1 0 0 0 0 0 0],49,8,test auditlog format failure event
6624,[1 0 0 0 0 0 0],45,7,test link auditlogger without ip set
6626,[1 0 0 0 0 0 0],109,16,special extension link testimpl rpc server link testimplping testing audit log
6627,[1 0 0 0 0 0 0],25,5,test ip set
6628,[1 0 0 0 0 0 0],42,7,test link auditlogger ip set
6629,[1 0 0 0 0 0 0],54,10,make client connection test audit log
6630,[1 0 0 0 0 0 0],25,4,start testcase
6631,[0 1 0 0 0 0 0],37,4,author crazybobgooglecom bob lee
6633,[0 0 0 0 1 0 0],29,2,code immutablesortedmultiset
6634,[1 0 0 0 0 0 0],62,7,descending wrapper around code immutablesortedmultiset
6635,[1 0 0 0 0 0 0],47,6,us writereplace default serialization
6636,[0 1 0 0 0 0 0],72,9,contributor andrew gvozdev quoin inc initial implementation
6639,[0 0 0 0 1 0 0],37,2,see abstractcontainerareadropadapter
6642,[0 0 0 0 1 0 0],19,2,link dnddropcopy
6643,[0 0 0 0 1 0 0],23,2,code dragoveroperation
6644,[0 0 0 0 1 0 0],19,2,link dnddropcopy
6645,[0 0 0 0 1 0 0],16,2,code dropobject
6646,[0 0 0 0 1 0 0],19,2,code dropcontainer
6647,[0 0 0 0 1 0 0],24,2,link maketargettransfer
6648,[0 0 0 1 0 0 0],54,10,param viewer viewer providing shell ui
6650,[0 0 0 1 0 0 0],42,6,param operation incoming operation
6651,[0 0 0 1 0 0 0],30,4,return changed operation
6652,[0 0 0 1 0 0 0],42,6,param operation incoming operation
6653,[0 0 0 1 0 0 0],30,4,return changed operation
6654,[0 0 0 1 0 0 0],39,7,param dropobject object drop
6655,[0 0 0 1 0 0 0],62,10,param dropcontainer container drop object
6657,[0 0 0 1 0 0 0],50,6,param maketargettransferdata incoming data
6658,[0 0 0 1 0 0 0],75,12,param dropcontainer container target created
6659,[0 0 0 1 0 0 0],44,6,param operation droppaste operation
6660,[0 0 0 1 0 0 0],59,12,param shell shell display warning user
6661,[1 0 0 0 0 0 0],84,12,creates make target received link maketargettransfer make target view
6666,[1 0 0 0 0 0 0],84,14,constructor setting viewer treeviewer pull selection later
6667,[1 0 0 0 0 0 0],237,31,code maketargettransferdroptargetlistener handle drop make target onto make target view link maketargettransfer used transfer agent provides dragdrop copypaste different eclipse session
6671,[0 0 0 0 1 0 0],80,2,see orgeclipsecdtmanagedbuildercoreimanagedcommandlineinfogetoutputflag
6672,[0 0 0 0 1 0 0],77,2,see orgeclipsecdtmanagedbuildercoreimanagedcommandlineinfogetoutput
6675,[0 0 0 0 1 0 0],81,2,see orgeclipsecdtmanagedbuildercoreimanagedcommandlineinfogetcommandname
6676,[0 0 0 0 1 0 0],81,2,see orgeclipsecdtmanagedbuildercoreimanagedcommandlineinfogetcommandline
6677,[0 0 0 0 1 0 0],88,2,see orgeclipsecdtmanagedbuildercoreimanagedcommandlineinfogetcommandlinepattern
6678,[0 1 0 0 0 0 0],76,9,contributor freescale semiconductor initial api implementation
6680,[1 0 0 0 0 0 0],294,47,general purpose function useful loggingtracing activity duplicate loggingutils orgeclipsecdtinternalcore idea core part dsf one dont debug package name limited dependency plugins
6681,[1 0 0 0 0 0 0],209,35,return string uniquely identifies java object reference form classnameid classname simple package qualified name object class id hash code
6682,[0 0 0 0 0 0 1],174,30,use objtostring method often overridden cannot relied representation uniquely identifies object vm space
6683,[0 0 0 1 0 0 0],36,5,param str string
6684,[0 0 0 1 0 0 0],44,6,return string without trailing newlines
6685,[0 0 0 1 0 0 0],49,7,param string array string
6686,[0 0 0 1 0 0 0],37,4,return flattened representation
6687,[0 0 0 1 0 0 0],59,8,param obj object reference stringify
6688,[0 0 0 1 0 0 0],97,13,param simpleclassname true use class simple name otherwise package
6690,[1 0 0 0 0 0 0],38,5,equivalent tostringobj false
6691,[1 0 0 0 0 0 0],84,17,flatten array string one string form
6692,[1 0 0 0 0 0 0],39,7,remove trailing comma space
6695,[0 0 0 0 1 0 0],55,2,see orgeclipsecdtinternaluitextcheuristicscanner
6696,[0 0 0 0 1 0 0],47,2,see orgeclipsecdtinternaluitextcindenter
6698,[0 0 0 1 0 0 0],53,7,return current document codenullcode
6699,[0 0 0 1 0 0 0],79,10,return codetruecode smart mode codefalsecode otherwise
6701,[0 0 0 1 0 0 0],64,8,return editor selection provider codenullcode
6702,[0 0 0 0 1 0 0],47,2,see orgeclipseuitexteditoriupdateupdate
6703,[0 0 0 1 0 0 0],118,16,return codeicprojectcode current editor input codenullcode cannot found
6704,[0 0 0 1 0 0 0],39,7,return value preference
6705,[0 0 0 1 0 0 0],32,6,param def default value
6706,[0 0 0 1 0 0 0],40,8,param key key preference
6708,[0 0 0 1 0 0 0],40,8,param key key preference
6710,[0 0 0 1 0 0 0],93,11,return codetruecode empty line indented codefalsecode otherwise
6711,[0 0 0 1 0 0 0],75,12,return indent size defined current formatter preference
6714,[0 0 0 1 0 0 0],59,9,return codetruecode space used
6715,[0 0 0 1 0 0 0],46,9,return size character string
6716,[0 0 0 1 0 0 0],44,8,param indent string measured
6718,[0 0 0 1 0 0 0],42,6,param partition comment partition
6720,[0 0 0 1 0 0 0],32,5,param document document
6721,[0 0 0 1 0 0 0],62,9,return indent codenullcode computable
6722,[0 0 0 1 0 0 0],42,6,param partition comment partition
6723,[0 0 0 1 0 0 0],36,7,param line line document
6724,[0 0 0 1 0 0 0],30,5,param scanner scanner
6725,[0 0 0 1 0 0 0],32,5,param document document
6726,[0 0 0 1 0 0 0],47,7,return string trailing space removed
6727,[0 0 0 1 0 0 0],17,3,param indent
6729,[0 0 0 1 0 0 0],67,11,param prefix prefix use key codebundlecode
6730,[0 0 0 1 0 0 0],33,6,param editor text editor
6732,[0 0 0 1 0 0 0],41,6,param newoffset selection offset
6733,[0 0 0 1 0 0 0],40,6,param newlength selection range
6734,[0 0 0 1 0 0 0],32,5,param document document
6735,[0 0 0 1 0 0 0],39,8,param line line indented
6738,[0 0 0 1 0 0 0],78,12,param multiline codetruecode one line indented
6739,[0 0 0 1 0 0 0],40,6,param scanner heuristic scanner
6741,[1 0 0 0 0 0 0],295,53,indent line range line c document correct position complete ast must present indentation computed using heuristic algorithm used fast single line store information therefore efficient large line range
6742,[1 0 0 0 0 0 0],51,9,caret offset indent operation
6745,[1 0 0 0 0 0 0],44,8,update called framework
6746,[1 0 0 0 0 0 0],45,6,check marginal zerolength line
6747,[1 0 0 0 0 0 0],50,7,happen concurrent modification
6748,[1 0 0 0 0 0 0],123,19,update caret position move new position indenting one line keep selection indenting multiple
6750,[1 0 0 0 0 0 0],121,19,return selection editor invalid selection none obtained return never codenullcode
6751,[1 0 0 0 0 0 0],105,16,return document currently displayed editor codenullcode none obtained
6752,[1 0 0 0 0 0 0],39,6,return smart preference state
6753,[1 0 0 0 0 0 0],137,28,either selection empty caret w line start selection extend multiple line
6756,[1 0 0 0 0 0 0],111,16,return codeicprojectcode current editor input codenullcode cannot found
6758,[1 0 0 0 0 0 0],89,10,return possibly projectspecific core preference defined codekeycode
6759,[1 0 0 0 0 0 0],115,15,return codetruecode line comment column indented inside codefalsecode otherwise
6760,[1 0 0 0 0 0 0],94,11,return codetruecode empty line indented codefalsecode otherwise
6762,[1 0 0 0 0 0 0],93,16,return tab size used editor deduced formatter preference
6763,[1 0 0 0 0 0 0],120,17,return whether mixed tabsspaces used indentation depending editor formatter preference
6764,[1 0 0 0 0 0 0],121,17,return whether space used exclusively indentation depending editor formatter preference
6765,[1 0 0 0 0 0 0],128,22,return size character string character count one tab count editor preference tab display
6766,[1 0 0 0 0 0 0],65,10,computes return indentation preprocessor line
6767,[1 0 0 0 0 0 0],66,11,computes return indentation block comment line
6769,[1 0 0 0 0 0 0],52,11,change document real change
6770,[1 0 0 0 0 0 0],70,14,set caret offset used setting selection
6773,[1 0 0 0 0 0 0],32,5,standard c code indentation
6774,[1 0 0 0 0 0 0],59,10,line comment starting position indent inside
6775,[1 0 0 0 0 0 0],78,14,start searching nonws single line comment
6776,[1 0 0 0 0 0 0],147,18,indent single line using heuristic scanner multiline comment indented specified codeccommentautoindentstrategycode
6777,[1 0 0 0 0 0 0],61,11,intrusive never get called anyway
6778,[1 0 0 0 0 0 0],42,8,selects given range editor
6780,[1 0 0 0 0 0 0],113,19,always reset selection anything replaced single line nontab invocation
6781,[0 0 0 0 1 0 0],73,2,link hdfsclientconfigkeysdfsclienttestdropnamenoderesponsenumkey
6782,[1 0 0 0 0 0 0],240,33,test make sure link hdfsclientconfigkeysdfsclienttestdropnamenoderesponsenumkey set dfsclient instance still created within nndn eg f instance used trash emptier thread nn
6783,[1 0 0 0 0 0 0],51,8,enable trash emptier dropping response
6784,[0 1 0 0 0 0 0],120,16,contributor qnx software system initial api implementation anton leherbauer wind river system
6786,[1 0 0 0 0 0 0],96,14,register source preview updater given viewer configuration preference store
6787,[0 0 0 1 0 0 0],28,5,param viewer viewer
6788,[0 0 0 1 0 0 0],42,5,param configuration configuration
6789,[0 0 0 1 0 0 0],47,6,param preferencestore preference store
6790,[0 0 0 1 0 0 0],17,3,param viewer
6791,[0 0 0 1 0 0 0],24,3,param configuration
6792,[0 0 0 1 0 0 0],16,3,param store
6794,[0 0 0 0 1 0 0],116,3,see orgeclipsejfaceutilipropertychangelistenerpropertychangeorgeclipsejfaceutilpropertychangeevent
6795,[0 0 0 0 1 0 0],101,3,see orgeclipseswteventsdisposelistenerwidgetdisposedorgeclipseswteventsdisposeevent
6798,[1 0 0 0 0 0 0],25,4,reset aggregator
6799,[0 0 0 1 0 0 0],37,8,param val value added
6800,[0 0 0 1 0 0 0],55,8,return string representation agregator
6801,[0 0 0 1 0 0 0],63,12,return array value output combiner
6802,[0 1 0 0 0 0 0],74,10,contributor qnx software system initial api implementation
6803,[0 0 0 0 0 1 0],92,17,deprecated cdt wizard used property page x style project
6804,[0 0 0 0 1 0 0],28,2,see iwizardperformfinish
6805,[0 0 0 0 1 0 0],23,2,see iwizardaddpages
6806,[0 0 0 0 1 0 0],37,2,see iwizardgetnextpageiwizardpage
6807,[0 0 0 0 1 0 0],24,2,see iwizardcanfinish
6808,[1 0 0 0 0 0 0],41,3,constructor classpathcontainerwizard
6809,[1 0 0 0 0 0 0],41,3,constructor classpathcontainerwizard
6810,[0 0 0 0 1 0 0],13,2,link monitor
6811,[0 1 0 0 0 0 0],25,4,author justin sampson
6813,[0 0 0 0 1 0 0],45,2,link javautilconcurrentexecutionexception
6814,[0 0 0 0 1 0 0],28,3,linkplain getcause cause
6815,[0 0 0 0 1 0 0],11,2,code error
6816,[0 0 0 0 1 0 0],20,2,link executionerror
6817,[0 0 0 0 1 0 0],27,3,code executionexception
6822,[0 0 0 0 1 0 0],24,2,code executionexception
6823,[1 0 0 0 0 0 0],619,85,unchecked variant link javautilconcurrentexecutionexception code executionexception exception linkplain getcause cause come failed task possibly run another thread pcode uncheckedexecutionexception intended alternative code executionexception exception thrown task unchecked exception however may also wrap checked exception case pwhen wrapping code error another thread prefer link executionerror wrapping checked exception prefer code executionexception
6826,[1 0 0 0 0 0 0],68,12,creates new instance given detail message cause
6827,[1 0 0 0 0 0 0],49,9,creates new instance given cause
6829,[0 0 0 0 1 0 0],9,2,code map
6830,[0 0 0 0 1 0 0],10,2,literal
6832,[0 0 0 0 1 0 0],17,2,link classmapkey
6833,[0 0 0 0 1 0 0],18,2,link stringmapkey
6837,[0 0 0 0 1 0 0],17,2,code unwrapvalue
6840,[1 0 0 0 0 0 0],280,50,code unwrapvalue false whole annotation type annotation instance key code unwrapvalue true value type key type annotation key type injected map value instance key
6843,[1 0 0 0 0 0 0],590,88,link jwtredirectauthenticationhandler extends altkerberosauthenticationhandler add websso behavior uis expected sso token jsonwebtoken jwt supported algorithm r us pki token issuer consumer flow requires redirect configured authentication server url subsequent request expected jwt token token cryptographically verified validated user identity extracted token used create authenticationtoken expected authenticationfilter
6844,[0 0 1 0 0 0 0],993,167,p supported configuration property p ul liauthenticationproviderurl full url authentication server url handler redirect browser order authenticate user default valueli lipublickeypem pem formatted public key issuer jwt token required verifying issuer trusted party include pem header footer portion pem encoded certificate default valueli liexpectedjwtaudiences list string identify acceptable audience jwt token audience way issuer indicate entity token intended default value null indicates audience acceptedli lijwtcookiename name cookie contains jwt token default value hadoopjwtli ul
6846,[0 0 0 0 1 0 0],31,2,link authenticationfilterinit
6847,[0 0 0 1 0 0 0],69,12,return valid true token expired false otherwise
6848,[0 0 0 1 0 0 0],76,12,param jwttoken token contains expiration date validate
6851,[0 0 0 1 0 0 0],75,10,return valid true signature verifies successfully false otherwise
6852,[0 0 0 1 0 0 0],74,12,param jwttoken token contains signature validated
6853,[0 0 0 1 0 0 0],26,5,return true valid
6854,[0 0 0 1 0 0 0],42,7,param jwttoken token validate
6855,[0 0 0 1 0 0 0],49,10,return url use login url redirect
6856,[0 0 0 1 0 0 0],56,9,param request getting original request url
6857,[0 0 0 1 0 0 0],33,5,return serialized jwt token
6858,[0 0 0 1 0 0 0],57,11,param req servlet request get jwt token
6859,[0 0 0 1 0 0 0],79,9,param config configuration property initialize handler
6860,[0 0 0 1 0 0 0],62,9,param pk publickey token signtature verification
6861,[1 0 0 0 0 0 0],134,17,initializes authentication handler instance p method invoked link authenticationfilterinit method
6862,[1 0 0 0 0 0 0],54,9,setup url redirect authentication
6863,[1 0 0 0 0 0 0],64,11,setup public key token issuer verification
6864,[1 0 0 0 0 0 0],61,10,setup list valid audience token validation
6865,[1 0 0 0 0 0 0],28,5,parse list
6866,[1 0 0 0 0 0 0],45,7,setup custom cookie name configured
6867,[1 0 0 0 0 0 0],66,12,unable parse token let try get another one
6868,[1 0 0 0 0 0 0],87,14,encapsulate acquisition jwt token http cooky within request
6869,[1 0 0 0 0 0 0],120,23,create url used authentication user absence jwt token within incoming request
6871,[1 0 0 0 0 0 0],272,44,verify signature jwt token method method depends public key established init based upon provisioned public key override method subclass order customize signature verification behavior
6873,[0 0 0 0 0 0 1],102,15,expected audience configured consider audience acceptable
6874,[0 0 0 0 0 0 1],85,14,configured audience found consider acceptable
6875,[1 0 0 0 0 0 0],78,14,validate expiration time jwt token violated
6876,[0 1 0 0 0 0 0],74,10,contributor ericsson ab initial implementation test case
6877,[1 0 0 0 0 0 0],41,7,make sure monitor started
6878,[1 0 0 0 0 0 0],57,9,expired would set true without resettimer
6879,[0 0 0 0 1 0 0],75,4,see comvaadinuiuploadreceiverreceiveuploadstring string
6880,[0 0 0 1 0 0 0],14,2,return string
6881,[0 0 0 1 0 0 0],14,2,return string
6882,[1 0 0 0 0 0 0],32,4,return filename
6883,[1 0 0 0 0 0 0],32,4,return mimetype
6884,[0 1 0 0 0 0 0],142,19,contributor qnx software system initial api implementation ibm corporation anton leherbauer wind river system
6885,[1 0 0 0 0 0 0],65,10,abstract class providing hover information c element
6886,[0 0 0 0 1 0 0],45,2,see iceditortexthoverseteditorieditorpart
6887,[0 0 0 0 1 0 0],48,3,see itexthovergethoverregionitextviewer int
6890,[0 0 0 0 1 0 0],49,2,see itexthoverextensiongethovercontrolcreator
6891,[0 0 0 0 1 0 0],65,2,see itexthoverextensiongetinformationpresentercontrolcreator
6892,[0 0 0 1 0 0 0],103,15,return affordance string codenullcode disabled key binding defined
6896,[1 0 0 0 0 0 0],39,6,return tool tip affordance string
6897,[0 0 0 0 0 0 1],102,17,hover offset fall within selection range return region whole selection
6898,[0 1 0 0 0 0 0],150,21,contributor qnx software system initial api implementation wind river system modified new dsf reference implementation
6902,[1 0 0 0 0 0 0],216,37,parameter allthreads groupid mutually exclusive allthreads must false use groupid value method one place use hardcoded string
6904,[1 0 0 0 0 0 0],36,8,test mod access time dfs
6905,[1 0 0 0 0 0 0],43,6,create file record atimemtime
6906,[1 0 0 0 0 0 0],25,4,record dir time
6907,[1 0 0 0 0 0 0],54,12,set access time one day past
6908,[1 0 0 0 0 0 0],38,7,check new access time file
6909,[1 0 0 0 0 0 0],59,12,set modification time hour past
6910,[1 0 0 0 0 0 0],83,11,long mtime mtime l l filesyssettimesfile mtime
6911,[1 0 0 0 0 0 0],44,7,check new modification time file
6912,[1 0 0 0 0 0 0],44,7,check new modification time file
6913,[1 0 0 0 0 0 0],37,5,shutdown cluster restart
6915,[1 0 0 0 0 0 0],43,9,test mod time change close dfs
6917,[1 0 0 0 0 0 0],31,3,parameter initialization
6919,[1 0 0 0 0 0 0],32,4,close file writing
6920,[1 0 0 0 0 0 0],154,24,test access time update needed fsnamesystem write lock taken getblocklocations regression test hdfs
6922,[0 0 1 0 0 0 0],202,30,getblocklocations need write lock since created file thus access time already within second accesstime precision configured
6923,[1 0 0 0 0 0 0],86,15,test whether atime set explicitly even atime support disabled
6924,[1 0 0 0 0 0 0],29,5,create empty file
6925,[0 0 0 0 1 0 0],25,2,link freshvaluegenerator
6927,[1 0 0 0 0 0 0],38,4,test link freshvaluegenerator
6928,[1 0 0 0 0 0 0],41,7,problem equality type object
6931,[1 0 0 0 0 0 0],73,15,repeat time make sure dont stumble upon bad locale
6933,[0 0 0 0 1 0 0],34,2,link totalheapusageemulatorplugin
6934,[0 0 0 0 1 0 0],39,2,link heapemulationprogressinterval
6935,[0 0 0 0 1 0 0],34,2,link totalheapusageemulatorplugin
6936,[0 0 0 0 1 0 0],27,2,link heapusageemulatorcore
6937,[0 0 0 0 1 0 0],42,2,link defaultemulationprogressinterval
6938,[0 0 0 0 1 0 0],17,2,link loadlong
6939,[0 0 0 0 1 0 0],49,3,link initializeresourcecalculatorplugin long
6940,[1 0 0 0 0 0 0],40,6,calibrate core heapusage utility
6941,[1 0 0 0 0 0 0],32,6,get target heap usage
6942,[1 0 0 0 0 0 0],56,10,reset core garbage reclaimed
6943,[1 0 0 0 0 0 0],48,6,store emulation progress boundary
6945,[1 0 0 0 0 0 0],57,10,make sure least mb incremented
6948,[1 0 0 0 0 0 0],100,15,clear reference gridmixallocated special object heap usage reduced
6950,[1 0 0 0 0 0 0],51,8,create another string object size mb
6951,[1 0 0 0 0 0 0],118,21,increase heap usage current process given amount done creating object size mb
6952,[1 0 0 0 0 0 0],204,36,core engine emulate heap usage responsibility class perform certain memory intensive operation make sure desired value heap used
6953,[1 0 0 0 0 0 0],37,8,store unit load list
6954,[1 0 0 0 0 0 0],31,5,reset resource usage
6955,[1 0 0 0 0 0 0],27,4,initialize core
6956,[1 0 0 0 0 0 0],69,11,performs memory intensive operation use heap
6957,[1 0 0 0 0 0 0],422,62,defines core heap usage emulation algorithm engine expected perform certain memory intensive operation consume amount heap link loadlong load current heap increase heap usage specified value core engine initialized using link initializeresourcecalculatorplugin long api suit underlying hardware better
6959,[1 0 0 0 0 0 0],68,9,minimum buffer reserved nonemulation activity
6960,[1 0 0 0 0 0 0],8,3,
6961,[1 0 0 0 0 0 0],41,6,default value emulation interval
6962,[1 0 0 0 0 0 0],270,42,frequency based task progress memoryemulation code run value set emulation happen task progress default value parameter link defaultemulationprogressinterval
6964,[1 0 0 0 0 0 0],69,9,progress boundariesinterval emulation done
6966,[1 0 0 0 0 0 0],22,4,progress bar
6967,[1 0 0 0 0 0 0],73,11,configuration parameter core engine emulate heap usage
6968,[1 0 0 0 0 0 0],297,50,pa link resourceusageemulatorplugin emulates total heap usage loading jvm heap memory adding smaller chunk data heap essentially use heap space thus forcing jvm expand heap thus resulting increase heap usagep
6970,[0 0 0 1 0 0 0],39,7,param obj schedulable use
6971,[0 0 0 1 0 0 0],67,12,return string identity null identity could made
6973,[1 0 0 0 0 0 0],43,7,return string used scheduling
6975,[1 0 0 0 0 0 0],66,10,test get notification domainsocketwatcher
6977,[1 0 0 0 0 0 0],68,12,test domain socket closed watcher closed
6979,[0 0 0 1 0 0 0],36,4,return new domainsocketwatcher
6980,[1 0 0 0 0 0 0],244,42,creates new domainsocketwatcher track thread termination due unexpected exception end test unexpected exception exception thrown force failure test
6982,[1 0 0 0 0 0 0],53,5,remove container without startcontainerrequest
6983,[1 0 0 0 0 0 0],18,4,start
6984,[1 0 0 0 0 0 0],61,11,new value overwrite old value key
6985,[1 0 0 0 0 0 0],26,3,store version
6986,[0 0 0 0 0 0 1],77,11,version stored previously treat currentversioninfo
6987,[1 0 0 0 0 0 0],23,5,used test
6988,[1 0 0 0 0 0 0],496,83,versioning scheme majorminor eg etc incompatible change statestore major upgrade compatible change statestore minor upgrade within minor upgrade say overwrite version info proceed normal within major upgrade say throw exception indicate user use separate upgrade tool upgrade nm state remove incompatible old state
6990,[1 0 0 0 0 0 0],32,4,initialize resource bundle
6993,[0 0 0 1 0 0 0],75,12,noinstantiate class intended instantiated client
6998,[1 0 0 0 0 0 0],24,3,default constructor
7001,[1 0 0 0 0 0 0],64,10,return subset configuration getparent used
7003,[0 0 0 1 0 0 0],17,3,return self
7006,[0 0 0 1 0 0 0],33,6,param prefix subset
7009,[1 0 0 0 0 0 0],88,15,context menu action used change active build configuration project
7010,[0 0 0 0 1 0 0],124,4,see orgeclipseuiiobjectactiondelegatesetactivepartorgeclipsejfaceactioniaction orgeclipseuiiworkbenchpart
7013,[0 0 0 0 1 0 0],56,3,see orgeclipsejfaceactionimenucreatordispose
7014,[0 0 0 0 1 0 0],87,3,see orgeclipsejfaceactionimenucreatorgetmenuorgeclipseswtwidgetscontrol
7015,[0 0 0 0 1 0 0],84,3,see orgeclipsejfaceactionimenucreatorgetmenuorgeclipseswtwidgetsmenu
7016,[0 0 0 1 0 0 0],32,6,method never called
7017,[1 0 0 0 0 0 0],15,3,nothing
7020,[0 1 0 0 0 0 0],108,14,contributor ibm corp rational software initial implementation sergey prigogin google
7021,[0 1 0 0 0 0 0],83,10,contributor marcandre laperle ericsson initial api implementation
7022,[0 0 0 1 0 0 0],68,11,noreference class intended referenced client
7025,[1 0 0 0 0 0 0],48,8,window case insensitive env var name
7027,[0 0 0 1 0 0 0],17,3,param store
7029,[0 0 0 1 0 0 0],103,12,param cleanertasklock lock ensures serial execution cleaner task
7030,[0 0 0 1 0 0 0],41,7,return instance cleanertask
7031,[0 0 1 0 0 0 0],76,13,cleaner task ran error processing resource
7032,[0 0 1 0 0 0 0],45,6,resource successfully deleted
7034,[1 0 0 0 0 0 0],85,14,status indicating happened processing given cache resource
7036,[1 0 0 0 0 0 0],73,13,directory removed safely log original path
7038,[1 0 0 0 0 0 0],28,4,record processing
7039,[1 0 0 0 0 0 0],82,12,delete resource contained application id
7040,[1 0 0 0 0 0 0],55,8,remove resource file system
7041,[1 0 0 0 0 0 0],69,11,remove resource scm check appids well
7042,[1 0 0 0 0 0 0],124,21,path cache resource directory directory name resource key ie unique identifier
7043,[1 0 0 0 0 0 0],54,8,indicates processing status resource
7044,[1 0 0 0 0 0 0],56,8,process single shared cache resource directory
7046,[1 0 0 0 0 0 0],21,3,restore interrupt
7047,[1 0 0 0 0 0 0],77,12,add sleep time cleaning directory nonzero
7050,[1 0 0 0 0 0 0],51,10,mark beginning run metric
7051,[1 0 0 0 0 0 0],85,15,sweep process shared cache area clean stale orphaned file
7052,[1 0 0 0 0 0 0],82,16,set false regardless scheduled ondemand task
7054,[1 0 0 0 0 0 0],46,7,already another task running
7057,[1 0 0 0 0 0 0],89,14,creates cleaner task based configuration provided convenience
7058,[1 0 0 0 0 0 0],173,34,task run clean shared cache area stale entry orphaned file expected one cleaner task run given point time
7061,[1 0 0 0 0 0 0],58,10,check folder sourceentry
7062,[1 0 0 0 0 0 0],31,6,move back sourceroot
7064,[1 0 0 0 0 0 0],98,13,provides context sensitive annotation source element interface experimental
7065,[0 0 0 1 0 0 0],127,19,param update update specifies element context annotation requested store result
7066,[1 0 0 0 0 0 0],57,8,update annotation specified source element
7068,[1 0 0 0 0 0 0],37,6,serializes keyvalue pair
7071,[0 0 0 0 1 0 0],23,2,link jdkfutureadapters
7072,[1 0 0 0 0 0 0],76,12,test additional addlistener call run inthread
7073,[1 0 0 0 0 0 0],48,9,give get thread time finish
7075,[1 0 0 0 0 0 0],185,28,compiler recognizes input instanceof listenablefuture impossible want test though case change future use isinstance instead
7076,[1 0 0 0 0 0 0],57,8,synchronized checkstate work expected
7077,[0 0 0 0 0 0 1],225,35,isdone true call listeninpoolthread listeninpoolthread doesnt start thread make sure false first time forever since one else care
7080,[1 0 0 0 0 0 0],164,27,dont shut listeninpoolthread task accepted run want see happens interrupted rejected
7081,[1 0 0 0 0 0 0],98,15,spy ignored since abstractfuture done listener added
7082,[1 0 0 0 0 0 0],139,21,addlistener run listener immediately future already finished explicitly set result
7083,[1 0 0 0 0 0 0],36,5,call abstractfutureset
7084,[1 0 0 0 0 0 0],41,5,unit test link jdkfutureadapters
7085,[0 1 0 0 0 0 0],19,3,author sven mawson
7086,[0 1 0 0 0 0 0],27,4,author kurt alfred kluever
7087,[1 0 0 0 0 0 0],64,9,datanode side striping erasure coding related task processing
7088,[1 0 0 0 0 0 0],95,15,test clicking active field doesnt change table selection dragging row
7090,[1 0 0 0 0 0 0],14,3,rounded
7092,[1 0 0 0 0 0 0],77,11,open next tooltip faster disabled sec showtooltipsilence
7093,[1 0 0 0 0 0 0],62,10,delay tooltip configurable server side
7094,[1 0 0 0 0 0 0],30,4,current element hovered
7096,[0 0 0 0 1 0 0],40,2,see applicationconnectiongetvtooltip
7097,[0 0 0 1 0 0 0],62,10,return maximum width tooltip popup pixel
7098,[0 0 0 1 0 0 0],81,11,param maxwidth maximum width tooltip popup pixel
7100,[0 0 0 0 1 0 0],26,2,link getquickopendelay
7101,[0 0 0 0 1 0 0],26,2,link getquickopendelay
7103,[0 0 0 0 1 0 0],26,2,link getquickopendelay
7104,[0 0 0 0 1 0 0],21,2,link getopendelay
7107,[0 0 0 0 1 0 0],26,2,link getquickopendelay
7111,[0 0 0 1 0 0 0],45,8,return quick open timeout m
7112,[0 0 0 1 0 0 0],40,7,return close timeout m
7114,[0 0 0 1 0 0 0],71,9,param widget widget dom handler connected
7116,[0 0 0 1 0 0 0],74,11,return tooltipinfo connector tooltip found null
7117,[0 0 0 1 0 0 0],22,3,return boolean
7119,[0 0 0 1 0 0 0],49,5,return final ycoordinate
7123,[0 0 0 1 0 0 0],49,5,return final xcoordinate
7125,[0 0 0 1 0 0 0],49,5,return final xcoordinate
7126,[0 0 0 1 0 0 0],12,2,since
7128,[0 0 0 1 0 0 0],61,9,param info content tooltip
7129,[1 0 0 0 0 0 0],168,22,used show tooltips usually used via singleton link applicationconnection note setownerwidget called instantiating
7130,[1 0 0 0 0 0 0],163,27,tooltip shown content tooltip change tooltip livearea change notified assistive device
7131,[1 0 0 0 0 0 0],65,11,tooltip need top voverlay element
7132,[1 0 0 0 0 0 0],69,11,show tooltip provided info assistive device
7133,[1 0 0 0 0 0 0],60,8,initialize tooltip overlay assistive device
7135,[1 0 0 0 0 0 0],75,9,check new height width reflowed content
7136,[1 0 0 0 0 0 0],170,24,return final xcoordinate tooltip based cursor position size tooltip size page necessary margin
7137,[1 0 0 0 0 0 0],179,25,allow x zero otherwise tooltip close mouse moved see istooltipopen
7139,[1 0 0 0 0 0 0],175,24,allow x zero otherwise tooltip close mouse moved see istooltipopen
7140,[1 0 0 0 0 0 0],169,24,return final ycoordinate tooltip based cursor position size tooltip size page necessary margin
7146,[1 0 0 0 0 0 0],283,47,assistive tooltips work correctly must tooltip visible attached dom well advance reason isshowing isvisible return false positive cant override either external code may depend behavior
7147,[1 0 0 0 0 0 0],37,5,already close
7149,[1 0 0 0 0 0 0],91,15,cancel closing tooltip stay open user copy paste tooltip
7150,[1 0 0 0 0 0 0],52,8,replace current open tooltip new content
7152,[1 0 0 0 0 0 0],47,7,locate tooltip given element
7153,[1 0 0 0 0 0 0],67,10,try find first connector proper tooltip info
7155,[1 0 0 0 0 0 0],187,27,display tooltip page navigated keyboard tooltip visible make possible assistive device recognize tooltip
7156,[1 0 0 0 0 0 0],186,28,hide tooltip page navigated keyboard remove tooltip page make sure assistive device dont recognize accident
7157,[1 0 0 0 0 0 0],79,14,ignore move event handled move already
7158,[0 0 0 0 0 0 1],114,18,parent subcomponent already tooltip open hasnt changed ignore event
7159,[1 0 0 0 0 0 0],110,15,tooltipinfo contains reference parent component checked equalsmethod
7160,[1 0 0 0 0 0 0],108,17,schedule timer showing tooltip according recently closed
7162,[1 0 0 0 0 0 0],52,9,return unique id tooltip element
7163,[1 0 0 0 0 0 0],169,30,return time m tooltip displayed event cause closed eg mouse click outside component key
7164,[1 0 0 0 0 0 0],166,30,set time m tooltip displayed event cause closed eg mouse click outside component key
7165,[0 0 0 1 0 0 0],63,8,param closetimeout close timeout m
7167,[1 0 0 0 0 0 0],268,43,set time m determines link getquickopendelay used instead link getopendelay quick open delay used tooltip recently shown currently hidden shown
7168,[1 0 0 0 0 0 0],192,31,return time m elapse tooltip shown situation tooltip recently shown within link getquickopendelay m
7172,[1 0 0 0 0 0 0],261,42,set time m elapse event triggering tooltip showing occurred eg mouse tooltip shown tooltip recently shown link getquickopendelay used instead
7173,[1 0 0 0 0 0 0],44,8,set maximum width tooltip popup
7174,[1 0 0 0 0 0 0],47,8,return maximum width tooltip popup
7177,[1 0 0 0 0 0 0],264,41,service mapping debugger path host path service needed primarily service need access sourcepath mapping breakpoints service ui component platform source lookup interface could sufficient
7178,[1 0 0 0 0 0 0],71,11,retrieves host source object given debugger path string
7180,[0 1 0 0 0 0 0],216,30,contributor qnx software system initial api implementation wind river system modified new dsf reference implementation ericsson modified handling execution context
7181,[1 0 0 0 0 0 0],278,48,execstep count asynchronous command resume execution inferior program stopping beginning next source line reached next source line function call stop first instruction called function
7182,[1 0 0 0 0 0 0],151,20,default parser jobhistory file typical usage jobhistoryparser parser new jobhistoryparserfs historyfile job parserparse
7183,[0 0 0 1 0 0 0],14,3,param f
7184,[0 0 0 1 0 0 0],16,3,param file
7185,[0 0 0 1 0 0 0],14,3,param f
7186,[0 0 0 1 0 0 0],23,3,param historyfile
7187,[0 0 0 1 0 0 0],14,3,param
7189,[0 0 0 1 0 0 0],40,7,return parse exception
7192,[0 0 0 1 0 0 0],29,6,return job id
7193,[0 0 0 1 0 0 0],32,6,return user name
7194,[0 0 0 1 0 0 0],31,6,return job name
7195,[0 0 0 1 0 0 0],37,7,return job queue name
7197,[0 0 0 1 0 0 0],38,7,return job launch time
7199,[0 0 0 1 0 0 0],46,8,return total number reduces
7200,[0 0 0 1 0 0 0],50,9,return total number failed map
7202,[0 0 0 1 0 0 0],46,8,return number finished map
7203,[0 0 0 1 0 0 0],49,8,return number finished reduces
7204,[0 0 0 1 0 0 0],33,6,return job status
7205,[0 0 0 1 0 0 0],43,8,return counter job
7206,[0 0 0 1 0 0 0],47,9,return map counter job
7207,[0 0 0 1 0 0 0],50,9,return reduce counter job
7208,[0 0 0 1 0 0 0],51,11,return map task job
7210,[0 0 0 1 0 0 0],43,8,return priority job
7211,[0 0 0 1 0 0 0],50,9,return uberized status job
7212,[0 0 0 1 0 0 0],53,9,return aminfo job appmaster
7213,[0 0 0 1 0 0 0],54,9,return aminfo newest appmaster
7214,[0 0 0 1 0 0 0],30,6,return task id
7215,[0 0 0 1 0 0 0],46,9,return start time task
7216,[0 0 0 1 0 0 0],47,9,return finish time task
7219,[0 0 0 1 0 0 0],45,8,return counter task
7220,[0 0 0 1 0 0 0],34,6,return task status
7221,[0 0 0 1 0 0 0],63,12,return attempt id caused task fail
7222,[0 0 0 1 0 0 0],66,12,return attempt id caused task succeed
7223,[0 0 0 1 0 0 0],28,5,return error
7224,[0 0 0 1 0 0 0],56,11,return map attempt task
7225,[0 0 0 1 0 0 0],33,6,return attempt id
7226,[0 0 0 1 0 0 0],48,9,return start time attempt
7227,[0 0 0 1 0 0 0],49,9,return finish time attempt
7229,[0 0 0 1 0 0 0],76,12,return sort finish time applicable reduce attempt
7232,[0 0 0 1 0 0 0],28,5,return state
7233,[0 0 0 1 0 0 0],34,6,return task status
7234,[0 0 0 1 0 0 0],32,6,return task type
7235,[0 0 0 1 0 0 0],62,10,return tracker name attempt executed
7236,[0 0 0 1 0 0 0],32,6,return host name
7237,[0 0 0 1 0 0 0],27,5,return port
7238,[0 0 0 1 0 0 0],32,6,return rack name
7240,[0 0 0 1 0 0 0],48,9,return http port tracker
7241,[0 0 0 1 0 0 0],51,9,return shuffle port tracker
7242,[0 0 0 1 0 0 0],50,8,return containerid tracker
7244,[0 0 0 1 0 0 0],63,12,return port node manager running
7246,[0 0 0 1 0 0 0],46,9,return container id
7247,[0 0 0 1 0 0 0],43,9,return start time
7248,[0 0 0 1 0 0 0],43,5,return applicationattemptid
7249,[1 0 0 0 0 0 0],47,8,print information
7250,[1 0 0 0 0 0 0],81,15,create info store level information history parse
7251,[1 0 0 0 0 0 0],26,4,store information
7252,[1 0 0 0 0 0 0],52,8,print information attempt
7253,[1 0 0 0 0 0 0],96,16,create task attempt info store attempt level information history parse
7255,[1 0 0 0 0 0 0],62,9,taskinformation aggregated class parsing
7256,[1 0 0 0 0 0 0],40,7,print job information
7257,[1 0 0 0 0 0 0],82,15,create job info object job information stored parse
7261,[1 0 0 0 0 0 0],37,7,get parse exception
7262,[0 0 0 0 1 0 0],18,3,see parse
7263,[0 0 0 0 1 0 0],30,3,see getparseexception
7264,[1 0 0 0 0 0 0],88,16,create job history parser given history file using given file system
7266,[1 0 0 0 0 0 0],56,10,create history parser based input stream
7267,[1 0 0 0 0 0 0],30,6,used unit test
7268,[1 0 0 0 0 0 0],217,35,parse entire history file populate jobinfo object first invocation populate object subsequent call return already parsed object input stream closed return
7269,[0 0 0 0 1 0 0],26,2,link getparseexception
7271,[0 0 0 1 0 0 0],30,6,used unit test
7272,[1 0 0 0 0 0 0],70,12,version read fromwritten persisted file
7275,[1 0 0 0 0 0 0],248,41,ibindinggetadapter cannot create instance pdombinding linkage required utility method us getadapter see instance already created new created stored ast binding
7276,[0 0 0 0 0 0 1],82,15,binding already persisted instance return
7277,[0 0 0 0 0 0 1],82,15,pdombinding created add linkage returning
7280,[0 0 1 0 0 0 0],469,83,qt implementation ensures uniqueness creating single instance iastname thing create single instance pdom work long qt element updated currently case dont think need threadsafe thing added single indexer task doug cache causing memory condition commenting
7281,[1 0 0 0 0 0 0],53,10,result cached even null returned
7282,[1 0 0 0 0 0 0],49,8,add child actually created
7283,[1 0 0 0 0 0 0],216,37,qt linkage able reference element linkage implementation need decide binding associated name qt linkage one external reference
7284,[1 0 0 0 0 0 0],124,23,use receiving linkage default override binding found linkage different id
7286,[0 0 0 0 0 0 1],83,16,new name created qmlregistration put index
7287,[0 0 0 0 0 0 1],103,20,name qml registration registration must removed index
7289,[0 0 0 0 1 0 0],110,2,see orgeclipsejfaceutilipropertychangelistenerpropertychangeorgeclipsejfaceutilpropertychangeevent
7291,[0 0 0 0 1 0 0],18,2,link fixingmove
7292,[0 0 0 0 1 0 0],20,2,link fixingdelete
7293,[1 0 0 0 0 0 0],48,7,return actual replication factor
7295,[1 0 0 0 0 0 0],51,10,add missing block name plus size
7296,[1 0 0 0 0 0 0],64,11,dfs considered healthy missing block
7297,[1 0 0 0 0 0 0],52,9,block satisfy block placement policy
7298,[1 0 0 0 0 0 0],30,3,minimally replicatedblocks
7300,[1 0 0 0 0 0 0],29,6,exists directory
7302,[1 0 0 0 0 0 0],14,3,exists
7304,[1 0 0 0 0 0 0],51,8,put chosen node dead list continue
7306,[1 0 0 0 0 0 0],82,13,copy block pity abstracted dfsinputstream
7307,[1 0 0 0 0 0 0],22,3,create chain
7308,[1 0 0 0 0 0 0],55,10,count corrupt file move delete necessary
7309,[1 0 0 0 0 0 0],44,5,display construction block info
7310,[0 0 0 0 0 0 1],272,43,block corrupted mean available replica corrupted dont mark missing given available replica might still accessible block might incorrectly marked corrupted client machine
7311,[1 0 0 0 0 0 0],15,2,report
7312,[1 0 0 0 0 0 0],30,4,count storage summary
7313,[1 0 0 0 0 0 0],36,5,count mi replicated block
7314,[1 0 0 0 0 0 0],57,8,count missing replica replicated block
7316,[1 0 0 0 0 0 0],29,4,count corrupt block
7319,[1 0 0 0 0 0 0],32,4,count expected replica
7321,[1 0 0 0 0 0 0],63,5,count decommissionedreplicas decommissioningreplicas
7325,[1 0 0 0 0 0 0],22,5,file deleted
7326,[1 0 0 0 0 0 0],251,40,dfsck client scan string healthycorrupt check status file system return appropriate code changing output string might break testcases also note must last line report
7327,[0 0 0 0 0 0 1],236,36,internal error fsck operation want return failurestatus even error immediately fatal otherwise many unit test pas even bug
7328,[1 0 0 0 0 0 0],58,10,check file dfs starting indicated path
7329,[1 0 0 0 0 0 0],49,6,report block replica status datanodes
7330,[1 0 0 0 0 0 0],58,7,record datanodes corrupted block replica
7331,[1 0 0 0 0 0 0],45,7,find file block belongs
7333,[1 0 0 0 0 0 0],51,8,check block information given blockid number
7334,[0 0 0 1 0 0 0],48,6,param conf configuration namenode config
7335,[0 0 0 1 0 0 0],60,11,param namenode namenode fsck going use
7336,[0 0 0 1 0 0 0],77,13,param pmap keyvalue map passed http servlet url parameter
7337,[0 0 0 1 0 0 0],54,10,param output stream write fsck output
7338,[0 0 0 1 0 0 0],51,7,param totaldatanodes number live datanodes
7340,[1 0 0 0 0 0 0],24,3,filesystem checker
7341,[1 0 0 0 0 0 0],176,33,return back n file corrupt list file returned ordered block id allow continuation support pas last block previous call
7342,[1 0 0 0 0 0 0],118,21,true user specified delete option whe option effect delete corrupted file
7344,[1 0 0 0 0 0 0],108,20,true encountered internal error fsck able delete corrupt file
7346,[1 0 0 0 0 0 0],98,14,class provides rudimentary checking dfs volume error suboptimal condition
7347,[0 0 1 0 0 0 0],925,130,pthe tool scan file directory starting indicated root path following abnormal condition detected handledp ul lifiles block completely missing datanodesbr case tool perform one following action ul linone link fixingnoneli limove corrupted file lostfound directory dfs link fixingmove remaining data block saved block chain representing longest consecutive series valid blocksli lidelete corrupted file link fixingdeleteli ul li lidetect file underreplicated overreplicated blocksli ul additionally tool collect detailed overall dfs statistic optionally print detailed statistic block location replication factor file
7348,[0 1 0 0 0 0 0],44,4,author jmouritsgooglecom jerome mourits
7350,[1 0 0 0 0 0 0],44,7,model method constructor parameter
7353,[1 0 0 0 0 0 0],102,17,return unique binding annotation specified list code null none
7354,[1 0 0 0 0 0 0],134,22,replace annotation instance annotation type appropriate testing key bound injecting
7355,[1 0 0 0 0 0 0],118,22,method particularly lame really need api test binding implicit explicit
7357,[0 1 0 0 0 0 0],66,9,contributor nathan ridge initial api implementation
7358,[1 0 0 0 0 0 0],99,14,interface represents instantiation explicit specialization function template
7360,[0 0 0 1 0 0 0],70,12,noextend interface intended extended client
7361,[0 0 0 1 0 0 0],13,3,since
7363,[1 0 0 0 0 0 0],93,13,annotationhover annotation hover show description selected annotation
7364,[0 1 0 0 0 0 0],146,22,contributor red hat inc initial api implementation marc khouzam ericsson update remote debugging support bug
7365,[1 0 0 0 0 0 0],23,4,save workspace
7367,[1 0 0 0 0 0 0],20,3,rethrow exception
7368,[0 0 0 0 0 0 1],156,27,last configuration user changed executable need create new configuration remove artifact old one
7371,[1 0 0 0 0 0 0],75,13,bring new executable dialog value last launch
7372,[1 0 0 0 0 0 0],88,15,executable specified look last launch offer enduser
7373,[1 0 0 0 0 0 0],61,9,throw internal exception caught
7374,[1 0 0 0 0 0 0],51,12,check see failed quit
7375,[1 0 0 0 0 0 0],61,9,throw internal exception caught
7377,[1 0 0 0 0 0 0],66,11,verify port address executable
7379,[1 0 0 0 0 0 0],57,12,check see failed quit
7380,[1 0 0 0 0 0 0],56,10,verify core file executable path valid
7381,[1 0 0 0 0 0 0],57,8,remaining value argument executable
7382,[1 0 0 0 0 0 0],157,31,make sure executable still null case dealing remote session also attach r flag could set first
7384,[1 0 0 0 0 0 0],35,5,ignore application specifier
7385,[1 0 0 0 0 0 0],31,5,ignore product specifier
7386,[1 0 0 0 0 0 0],16,3,nothing
7388,[1 0 0 0 0 0 0],309,51,utility class accessing part qproperty expansion already entered well offset various part declaration used thing like proposing parameter already used offering appropriate suggestion specific parameter etc
7390,[1 0 0 0 0 0 0],104,19,offset first character attribute section usually start read
7392,[1 0 0 0 0 0 0],40,8,parsed type property
7394,[1 0 0 0 0 0 0],65,11,identifier cursor currently pointing
7395,[1 0 0 0 0 0 0],159,29,identifier one cursor pointing needed figure value valid attribute like read write etc
7396,[1 0 0 0 0 0 0],64,10,typename section end right first attribute
7398,[0 0 1 0 0 0 0],608,101,extract substring likely contributes qproperty declaration declaration could state entered use heuristicscanner guess possible structure fixed assumption content assistant invoked within expansion parameter qproperty try guess end string either closing paren within character opening paren current cursor location offset always right opening paren use get fixed point declaration
7399,[0 0 0 0 0 0 1],104,19,need backup length qproperty allow extra deal whitespace
7401,[1 0 0 0 0 0 0],174,30,find start previous identifier scan backward stop one position identifier unless identifer start content
7402,[1 0 0 0 0 0 0],35,6,advance past opening paren
7403,[1 0 0 0 0 0 0],91,15,expansion applicable assistant invoked closing paren
7404,[0 0 1 0 0 0 0],493,83,two significant region qproperty declaration first everything opening paren first parameter region specifies type name region declares parameter arbitrary amount whitespace region function find return offset end region containing type name return typename region cannot found
7405,[1 0 0 0 0 0 0],81,15,parse typename part extract type name result
7406,[1 0 0 0 0 0 0],70,11,give attribute proposal order qt documentation
7407,[1 0 0 0 0 0 0],101,16,otherwise create template content depends type attribute parameter
7408,[1 0 0 0 0 0 0],131,23,make suggestion start current identifier end type name portion declaration
7410,[0 0 0 0 0 0 1],169,27,previous token attribute name parameter suggest appropriate value parameter otherwise suggest attribute name
7411,[0 0 1 0 0 0 0],812,135,two type proposal previous identifier match known attribute name propose possible value attribute otherwise want propose identifier dont already appear expansion implemented iterating list known attribute attribute match previous identifier build return list valid proposal attribute otherwise attribute build regular expression check see token appears within expansion already appears attribute ignored otherwise added unspecified attribute loop completes create list proposal unspecified list
7415,[1 0 0 0 0 0 0],21,4,visit problem
7417,[0 1 0 0 0 0 0],21,4,author vaadin ltd
7421,[0 0 0 1 0 0 0],15,3,since
7422,[1 0 0 0 0 0 0],113,8,mini tutorial code httpsvaadincomwikiwikimainusingcomponents inthesharedstate
7425,[1 0 0 0 0 0 0],59,10,make sure correctly update quota usage truncate
7426,[0 0 1 0 0 0 0],369,65,need cover following case snapshot truncate snapshot truncate block boundary snapshot block boundary snapshot current block included latest snapshot repeat snapshot block latest snapshot block current file diverged repeat
7428,[1 0 0 0 0 0 0],152,28,case truncate block original block snapshot block truncated snapshot diff block
7430,[1 0 0 0 0 0 0],28,6,case truncate
7431,[1 0 0 0 0 0 0],167,33,case first truncate block truncate block boundary thus diff block block block block
7433,[1 0 0 0 0 0 0],28,6,case truncate
7434,[1 0 0 0 0 0 0],144,26,case truncate block block snapshot truncate need allocate new block diff blocksize
7435,[1 0 0 0 0 0 0],34,7,case truncate block
7438,[1 0 0 0 0 0 0],48,10,state store backed memory unit test
7439,[1 0 0 0 0 0 0],52,12,add c remove one dont need
7440,[1 0 0 0 0 0 0],23,4,cpp specific stuff
7441,[0 1 0 0 0 0 0],133,18,contributor john camelon ibm rational software initial api implementation markus schorn wind river system
7442,[0 0 0 0 1 0 0],17,2,link retrypolicy
7443,[0 0 0 0 1 0 0],16,2,link idempotent
7447,[1 0 0 0 0 0 0],309,52,implementer interface capable providing proxy object use ipc communication potentially modifying object creating entirely new one event certain type failure determination whether fail handled link retrypolicy
7448,[1 0 0 0 0 0 0],122,18,information eg ip address current proxy object provides information debugging purpose
7451,[1 0 0 0 0 0 0],394,60,return reference interface provider proxy object actually implement method interface annotated link idempotent link atmostonce fact passed link retrypolicyshouldretryexception int int boolean method error use determining whether failover attempted
7453,[0 0 0 1 0 0 0],48,8,return proxy object invoke method upon
7454,[0 0 0 1 0 0 0],98,14,param currentproxy proxy object used failover event
7455,[0 0 0 1 0 0 0],120,13,return interface implemented proxy object returned link failoverproxyprovidergetproxy
7457,[1 0 0 0 0 0 0],25,4,update signal view
7459,[0 0 0 1 0 0 0],22,5,since mar
7463,[0 0 0 0 1 0 0],20,3,author gregory kick
7464,[1 0 0 0 0 0 0],69,10,implementation link immutabletable hold single cell
7466,[1 0 0 0 0 0 0],61,11,resume line target adapter dsf disassembly view
7467,[0 0 0 1 0 0 0],13,3,since
7468,[1 0 0 0 0 0 0],26,5,example nested form
7469,[1 0 0 0 0 0 0],79,13,creates person form contains nested form person address
7473,[1 0 0 0 0 0 0],61,9,reuse address field required embeddedform
7474,[1 0 0 0 0 0 0],63,9,create custom field address object
7475,[0 0 0 0 0 0 1],153,29,note nested form first last field parent form style parent padding may leak content
7476,[1 0 0 0 0 0 0],46,9,set data source visible field
7477,[0 0 0 1 0 0 0],49,5,param datatransferprotection supported qops
7478,[0 0 0 1 0 0 0],56,8,return configuration starting secure cluster
7479,[1 0 0 0 0 0 0],57,8,creates configuration starting secure cluster
7481,[1 0 0 0 0 0 0],34,5,test link rpcdeniedreply
7482,[0 1 0 0 0 0 0],47,6,contributor nokia initial implementation
7485,[0 0 0 1 0 0 0],25,3,param actionowner
7487,[0 0 0 1 0 0 0],18,3,param left
7488,[0 0 0 1 0 0 0],16,3,param ao
7489,[0 0 0 1 0 0 0],59,11,param cli set owner menu
7491,[1 0 0 0 0 0 0],48,9,set element build menu
7492,[1 0 0 0 0 0 0],76,14,show context menu given location contain least one item
7498,[1 0 0 0 0 0 0],42,4,focus menu
7500,[1 0 0 0 0 0 0],61,5,unselect previously selected item
7501,[1 0 0 0 0 0 0],126,19,extend standard gwt menubar set proper setting override onpopupclosed method popuppanel get closed
7503,[1 0 0 0 0 0 0],78,11,handle icon onload event ensure shadow resized correctly
7504,[1 0 0 0 0 0 0],51,8,allow close context menu esc
7505,[1 0 0 0 0 0 0],73,13,hide context menu currently shown given action owner
7506,[0 1 0 0 0 0 0],77,10,contributor institute software initial api implementation
7507,[1 0 0 0 0 0 0],88,14,collection helper method interact workbench idocuments ifiles
7509,[0 0 0 1 0 0 0],30,6,return editor null
7510,[0 0 0 1 0 0 0],42,6,return active visible texteditor
7511,[0 0 0 1 0 0 0],43,8,return file active editor
7512,[0 0 0 1 0 0 0],57,9,return document currently active editor
7513,[0 0 0 1 0 0 0],45,8,return document opened editor
7514,[0 0 0 1 0 0 0],57,10,return get document corresponds file
7516,[0 0 0 1 0 0 0],49,9,return file specified path string
7522,[0 0 0 1 0 0 0],31,5,param macroname macro name
7523,[0 0 0 1 0 0 0],35,5,param contexttype context type
7524,[0 0 0 1 0 0 0],35,5,param contextdata context data
7525,[0 0 0 1 0 0 0],23,3,return ibuildmacro
7526,[0 0 0 1 0 0 0],35,5,param contexttype context type
7527,[0 0 0 1 0 0 0],35,5,param contextdata context data
7530,[1 0 0 0 0 0 0],224,39,test datanode start configuration specifies incorrect uri scheme data directory test datanode start data directory specified uri filepath non uri path
7531,[1 0 0 0 0 0 0],33,4,expecting exception
7532,[1 0 0 0 0 0 0],78,12,test file ecpolicy ecpolicy pathonly work
7533,[1 0 0 0 0 0 0],57,9,cant increase memlock limit past maximum
7534,[1 0 0 0 0 0 0],64,11,try starting dn limit configured ulimit
7537,[1 0 0 0 0 0 0],35,6,reporter nothing
7538,[1 0 0 0 0 0 0],20,3,test compressed file
7539,[1 0 0 0 0 0 0],34,6,reporter nothing
7540,[1 0 0 0 0 0 0],598,97,copyright vaadin ltd licensed apache license version license may use file except compliance license may obtain copy license httpwwwapacheorglicenseslicense unless required applicable law agreed writing software distributed license distributed basis without warranty condition kind either express implied see license specific language governing permission limitation license
7541,[1 0 0 0 0 0 0],9,2,friday
7545,[0 1 0 0 0 0 0],119,16,contributor qnx software system initial api implementation anton leherbauer wind river system
7547,[1 0 0 0 0 0 0],29,3,member template declaration
7550,[0 0 0 0 1 0 0],85,16,bug migrate restart feature new one supported platform
7551,[0 1 0 0 0 0 0],190,31,contributor qnx software system initial api implementation navid mehregani ti bug migrate restart feature new one supported platform
7552,[1 0 0 0 0 0 0],47,8,provides ability restart debug target
7553,[0 0 0 1 0 0 0],271,38,p note debug element support restart implement interface adopting interface enough p p note debugger also implement asynchronous link orgeclipsedebugcorecommandsirestarthandler p
7555,[1 0 0 0 0 0 0],49,8,cause element restart execution
7556,[1 0 0 0 0 0 0],60,9,return whether element currently restarted
7557,[0 0 0 0 1 0 0],52,2,see orgeclipsedebugcorecommandsirestarthandler
7560,[1 0 0 0 0 0 0],85,13,output topic distribution word matching word count vector
7565,[0 0 0 1 0 0 0],54,6,param sectiondata scetion data
7566,[0 0 0 1 0 0 0],11,2,since
7568,[0 0 0 1 0 0 0],55,9,param tag name start tag
7570,[0 0 0 1 0 0 0],57,6,since previously using starttagpaintable string
7573,[0 0 0 1 0 0 0],57,9,param tagname name end tag
7574,[0 0 0 1 0 0 0],49,6,param name attribute name
7576,[0 0 0 1 0 0 0],49,6,param name attribute name
7577,[0 0 0 1 0 0 0],51,6,param value attribute value
7580,[0 0 0 1 0 0 0],135,17,param owner receiverowner track progress streaming given streamvariable
7581,[0 0 0 1 0 0 0],72,9,param name identifying name streamvariable
7582,[0 0 0 1 0 0 0],58,7,param value streamvariable paint
7583,[0 0 0 1 0 0 0],49,6,param name attribute name
7584,[0 0 0 1 0 0 0],51,6,param value attribute value
7585,[0 0 0 1 0 0 0],49,6,param name attribute name
7586,[0 0 0 1 0 0 0],51,6,param value attribute value
7587,[0 0 0 1 0 0 0],49,6,param name attribute name
7588,[0 0 0 1 0 0 0],51,6,param value attribute value
7589,[0 0 0 1 0 0 0],57,7,param name boolean attribute name
7590,[0 0 0 1 0 0 0],59,7,param value boolean attribute value
7591,[0 0 0 1 0 0 0],11,2,param name
7592,[0 0 0 1 0 0 0],12,2,param value
7593,[0 0 0 1 0 0 0],55,8,param name name attribute
7596,[0 0 0 1 0 0 0],49,6,param name variable name
7597,[0 0 0 1 0 0 0],58,7,param value variable initial value
7602,[0 0 0 1 0 0 0],48,6,param name variable name
7603,[0 0 0 1 0 0 0],58,7,param value variable initial value
7604,[0 0 0 1 0 0 0],65,8,param owner listener variable change
7605,[0 0 0 1 0 0 0],59,7,param value variable initial value
7606,[0 0 0 1 0 0 0],66,8,param owner listener variable change
7609,[0 0 0 1 0 0 0],66,8,param owner listener variable change
7610,[0 0 0 1 0 0 0],48,6,param name variable name
7612,[0 0 0 1 0 0 0],65,8,param owner listener variable change
7613,[0 0 0 1 0 0 0],48,6,param name variable name
7615,[0 0 0 1 0 0 0],64,8,param owner listener variable change
7616,[0 0 0 1 0 0 0],54,8,param name name variable
7617,[0 0 0 1 0 0 0],64,9,param value initial value variable
7618,[0 0 0 1 0 0 0],65,8,param owner listener variable change
7619,[0 0 0 1 0 0 0],48,6,param name variable name
7620,[0 0 0 1 0 0 0],54,6,param sectiontagname tag name
7621,[0 0 0 1 0 0 0],68,9,param sectiondata section data printed
7624,[0 0 0 1 0 0 0],45,7,param text text add
7625,[0 0 0 1 0 0 0],55,8,param text character data add
7628,[0 0 0 1 0 0 0],107,18,return true full repaint requested eg refresh browser window
7630,[0 0 0 0 1 0 0],72,2,link comvaadinclientapplicationconnectiontranslatevaadinuristring
7631,[0 0 0 0 1 0 0],20,2,link streamvariable
7632,[0 0 0 0 1 0 0],30,2,link endpaintablecomponent
7633,[0 0 0 0 1 0 0],40,3,link startpaintablecomponent string
7634,[0 0 0 0 1 0 0],30,2,link endpaintablecomponent
7635,[0 0 0 0 1 0 0],17,2,link paintstatus
7636,[0 0 0 0 1 0 0],15,2,link component
7637,[0 0 0 0 1 0 0],15,2,link component
7638,[0 0 0 0 1 0 0],51,3,link painttargetstartpaintablecomponent string
7639,[0 0 0 0 1 0 0],22,2,see starttagstring
7641,[1 0 0 0 0 0 0],43,7,add cdata node target uidltree
7642,[1 0 0 0 0 0 0],68,12,add text node content text xmlescaped
7645,[1 0 0 0 0 0 0],42,7,add upload stream type variable
7646,[1 0 0 0 0 0 0],321,48,add component type variable client side variable value terminal specific reference corresponding component client side implementation updated client side terminal map client side component reference back corresponding server side reference
7647,[1 0 0 0 0 0 0],41,7,add string array type variable
7648,[1 0 0 0 0 0 0],36,6,add boolean type variable
7649,[1 0 0 0 0 0 0],35,6,add double type variable
7650,[1 0 0 0 0 0 0],34,6,add float type variable
7651,[1 0 0 0 0 0 0],33,6,add long type variable
7652,[1 0 0 0 0 0 0],32,6,add int type variable
7653,[1 0 0 0 0 0 0],35,6,add string type variable
7655,[1 0 0 0 0 0 0],100,16,add string attribute component atributes must added content written
7656,[1 0 0 0 0 0 0],99,16,add double attribute component atributes must added content written
7657,[1 0 0 0 0 0 0],98,16,add float attribute component atributes must added content written
7658,[1 0 0 0 0 0 0],97,16,add long attribute component atributes must added content written
7659,[1 0 0 0 0 0 0],224,36,add detail link streamvariable uidl stream eg web terminal receiver typically rendered client side url client side implementation http post request
7660,[0 0 1 0 0 0 0],833,115,p url uidl message may use vaadin specific protocol actually using url client side passed via link comvaadinclientapplicationconnectiontranslatevaadinuristring p note current terminal implementation streamvariables cleaned terminal ul lia streamvariable name replaces old one lithe variable owner attached lithe developer signal calling link streamingstarteventdisposestreamvariable ul commonly component developer ignore issue strict memory requirement lot streamvariables implementation reserve lot memory may critical issue
7661,[1 0 0 0 0 0 0],101,16,add resource attribute component atributes must added content written
7662,[1 0 0 0 0 0 0],100,16,add integer attribute component atributes must added content written
7663,[1 0 0 0 0 0 0],100,16,add boolean attribute component atributes must added content written
7665,[1 0 0 0 0 0 0],105,16,print element start tag pre todo checking input value pre
7666,[1 0 0 0 0 0 0],257,35,print paintable element end tag call link startpaintablecomponent stringshould matched link endpaintablecomponent parent tag closed every child tag closed paintexception raised
7667,[1 0 0 0 0 0 0],299,48,print element start tag paintable section start paintable section using given tag painttarget may implement caching scheme check paintable actually changed cached version used instead method call starttag method
7668,[0 0 1 0 0 0 0],529,86,p link component found cache function return true may omit content close tag case cached content used p p method may also add reference paintable queue paintable painted separately p p paintable painted closed matching link endpaintablecomponent regardless link paintstatus returned p
7669,[0 0 1 0 0 0 0],162,25,previously unpainted painted link component queued createdupdate later separate change set change
7672,[1 0 0 0 0 0 0],156,25,print single xmlsection print full xml section section data escaped xml tag surrounded xml start endtags
7673,[1 0 0 0 0 0 0],74,13,interface defines method painting xml uidl stream
7674,[1 0 0 0 0 0 0],59,10,test api actually test data receiving
7675,[1 0 0 0 0 0 0],19,3,nothing
7677,[1 0 0 0 0 0 0],19,3,nothing
7680,[1 0 0 0 0 0 0],43,7,represents source line disassembly
7681,[1 0 0 0 0 0 0],166,22,test history server rest api getting job conf requires created temporary configuration file wsvhistorymapreducejobsjobidconf
7682,[1 0 0 0 0 0 0],83,16,simple verification field data correct field
7683,[1 0 0 0 0 0 0],85,16,simple verification field data correct field
7684,[1 0 0 0 0 0 0],110,18,used registry custom method refresh runtime identifier map one refreshhandlers
7686,[1 0 0 0 0 0 0],21,3,singleton access
7687,[0 0 0 1 0 0 0],115,12,param identifier unique identifier resource orgapachehadoopblacklist
7688,[0 0 0 1 0 0 0],37,6,param handler object register
7689,[0 0 0 1 0 0 0],49,7,param identifier resource unregister
7690,[0 0 0 1 0 0 0],32,6,return true removed
7691,[0 0 0 1 0 0 0],46,7,param identifier resource refresh
7692,[0 0 0 1 0 0 0],73,13,param args argument pas including program name
7693,[0 0 0 1 0 0 0],54,8,return response appropriate handler
7694,[1 0 0 0 0 0 0],151,25,register object handler given identity note prevent handler gcd object unregister done
7696,[1 0 0 0 0 0 0],130,23,lookup responsible handler return result called rpc server get refresh request
7697,[1 0 0 0 0 0 0],24,4,run handler
7698,[1 0 0 0 0 0 0],50,8,dispatch handler store response
7699,[1 0 0 0 0 0 0],59,9,first display queue label specific detail
7702,[1 0 0 0 0 0 0],102,16,clear info content queue info doesnt accumulate another queue info
7703,[1 0 0 0 0 0 0],101,16,clear info content queue info doesnt accumulate another queue info
7704,[1 0 0 0 0 0 0],78,13,get userinfo first user calculate resource limit per user
7705,[0 0 0 0 0 0 1],69,12,user present consider limit queue
7706,[1 0 0 0 0 0 0],127,13,defaultnodelabelpartition accessible queue exclsivenodelabels accessible configured
7707,[1 0 0 0 0 0 0],72,11,show button dump capacityscheduler debug log admins
7709,[1 0 0 0 0 0 0],80,12,label enabled cluster there default label
7711,[0 1 0 0 0 0 0],75,10,contributor andrew ferguson symbian initial api implementation
7712,[1 0 0 0 0 0 0],118,20,represents exception initializing template typically caused io xml parsing failure
7713,[0 1 0 0 0 0 0],182,27,contributor ibm corporation initial api implementation bjorn freemanbenson initial api implementation wind river system adopted use dsf
7715,[0 0 0 0 1 0 0],64,2,see orgeclipsejfacetextrulesiworddetectoriswordpartchar
7718,[1 0 0 0 0 0 0],30,5,pda editor keyword scanner
7719,[1 0 0 0 0 0 0],18,3,pda keywods
7720,[1 0 0 0 0 0 0],33,4,detects potential keywords
7721,[1 0 0 0 0 0 0],32,5,detects pda branch label
7723,[1 0 0 0 0 0 0],9,2,label
7724,[1 0 0 0 0 0 0],57,8,construct scanner identifies pda keywords
7727,[1 0 0 0 0 0 0],14,2,replication
7728,[1 0 0 0 0 0 0],15,3,access time
7729,[1 0 0 0 0 0 0],14,3,block size
7733,[1 0 0 0 0 0 0],14,3,num byte
7734,[1 0 0 0 0 0 0],14,2,replication
7735,[1 0 0 0 0 0 0],14,3,block size
7737,[1 0 0 0 0 0 0],13,3,num byte
7738,[1 0 0 0 0 0 0],11,2,nsquota
7739,[1 0 0 0 0 0 0],11,2,dsquota
7747,[0 1 0 0 0 0 0],68,9,contributor andrew gvozdev initial api implementation
7748,[0 0 0 0 1 0 0],13,1,nonnls
7749,[0 0 0 0 1 0 0],13,1,nonnls
7750,[0 0 0 0 1 0 0],13,1,nonnls
7751,[0 0 0 0 1 0 0],13,1,nonnls
7752,[0 0 0 0 1 0 0],13,1,nonnls
7753,[0 0 0 0 1 0 0],13,1,nonnls
7754,[0 0 0 0 1 0 0],13,1,nonnls
7755,[0 0 0 0 1 0 0],13,1,nonnls
7756,[0 0 0 0 1 0 0],13,1,nonnls
7757,[0 0 0 0 1 0 0],14,1,nonnls
7758,[0 0 0 0 1 0 0],13,1,nonnls
7759,[0 0 0 0 1 0 0],13,1,nonnls
7760,[0 0 0 1 0 0 0],49,7,param provider language setting provider
7762,[0 0 0 1 0 0 0],49,7,param provider language setting provider
7763,[0 0 0 1 0 0 0],71,13,return code true editing allowed code false
7764,[0 0 0 1 0 0 0],70,12,param provider instance provider create option page
7767,[0 0 0 1 0 0 0],33,6,return image code null
7768,[0 0 0 1 0 0 0],57,9,param providerid id language setting provider
7772,[1 0 0 0 0 0 0],183,21,class manages extension extension point orgeclipsecdtcorelanguagesettingsprovider defines appearance behavior ui control language setting provider
7773,[1 0 0 0 0 0 0],92,13,name extension point contributing language setting provider association
7774,[1 0 0 0 0 0 0],37,6,load extension memory map
7775,[1 0 0 0 0 0 0],45,7,put value property ignoring null
7776,[1 0 0 0 0 0 0],32,7,find icon url bundle
7778,[1 0 0 0 0 0 0],72,12,create option page language setting provider given id
7779,[1 0 0 0 0 0 0],76,13,create option page language setting provider class name
7780,[1 0 0 0 0 0 0],92,12,return language setting provider image registered closest superclass interface
7781,[1 0 0 0 0 0 0],80,13,check superinterfaces feel free implement needed
7782,[1 0 0 0 0 0 0],52,9,return image url registered given class
7784,[1 0 0 0 0 0 0],80,13,check superinterfaces feel free implement needed
7785,[1 0 0 0 0 0 0],64,10,create option page language setting provider class
7787,[1 0 0 0 0 0 0],79,13,check superinterfaces feel free implement needed
7788,[1 0 0 0 0 0 0],82,15,check user allowed edit language setting provider entry ui
7789,[1 0 0 0 0 0 0],83,15,check user allowed clear language setting provider entry ui
7790,[0 1 0 0 0 0 0],27,4,author kurt alfred kluever
7791,[1 0 0 0 0 0 0],35,6,test httpheaders class
7792,[1 0 0 0 0 0 0],58,10,special case weird http header name
7795,[1 0 0 0 0 0 0],181,28,coverage mode generates synthetic field ever add private field cause similar problem may want switch check isaccessible
7796,[0 1 0 0 0 0 0],311,30,contributor marc dumais ericsson initial api implementation marc khouzam ericsson move oecdtdsfgdbtests bug marc dumais ericsson move visualizervirtualboundsgraphicobjecttest oecdtdsfgdbmulticorevisualizeruitests
7797,[0 0 1 0 0 0 0],327,49,test virtualboundsgraphicobject scale correctly create hierarchy graphical object using virtual coordinate size bound set real pixelbounds outermost object verify child object endup expected pixel bound also test retrieval child object
7798,[1 0 0 0 0 0 0],123,23,create graphical object margin make size easier predict understand test
7801,[1 0 0 0 0 0 0],56,13,relative b start size x
7802,[1 0 0 0 0 0 0],28,8,add c e within b
7803,[1 0 0 0 0 0 0],56,13,relative b c start size x
7805,[1 0 0 0 0 0 0],56,13,relative b e start size x
7808,[1 0 0 0 0 0 0],143,23,define real pixel bound outermost container pixel coordinate child object computed recursively
7809,[1 0 0 0 0 0 0],41,6,check computed bound containera
7810,[1 0 0 0 0 0 0],41,6,check computed bound containerb
7812,[1 0 0 0 0 0 0],41,6,check computed bound containerd
7813,[1 0 0 0 0 0 0],41,6,check computed bound containere
7818,[1 0 0 0 0 0 0],88,13,check object retrieval return expected number selectable child object c
7820,[1 0 0 0 0 0 0],44,6,check another specific object retrieval
7824,[1 0 0 0 0 0 0],112,12,short polling like m jam testbench waitforvaadin functionality
7825,[0 1 0 0 0 0 0],144,20,contributor patrick chuong texas instrument pin clone support patrick chuong texas instrument bug
7827,[1 0 0 0 0 0 0],92,15,debug context event listen provides filter support pinned debug context
7828,[0 0 0 0 1 0 0],125,2,see orgeclipsedebuguicontextsidebugcontextlistenerdebugcontextchangedorgeclipsedebuguicontextsdebugcontextevent
7829,[1 0 0 0 0 0 0],52,9,remove debug event filter provided part
7830,[1 0 0 0 0 0 0],79,13,send change notification listener update selected context
7831,[1 0 0 0 0 0 0],38,6,remove listener provider
7832,[0 0 0 1 0 0 0],31,5,param part workbench part
7833,[0 0 0 1 0 0 0],62,11,param part part filter debug context change event
7835,[0 0 0 1 0 0 0],66,10,return debug context provider handle filtering
7836,[1 0 0 0 0 0 0],119,20,add debug event filter provided part filter debug context change event provided debug context
7837,[1 0 0 0 0 0 0],97,11,datanode statistic decommissioningdecommissioned node used capacity counted
7839,[0 1 0 0 0 0 0],68,9,contributor andrew gvozdev initial api implementation
7840,[1 0 0 0 0 0 0],151,25,extension cdt console adaptor interface ui plugin console extension provides control context id name icon console view
7841,[0 0 0 0 1 0 0],9,2,link url
7843,[0 0 0 1 0 0 0],115,22,param contextid context menu id console view caller need define distinct one use
7844,[0 0 0 1 0 0 0],107,21,param name name console appear list console context menu console view
7845,[0 0 0 1 0 0 0],254,48,param iconurl link url icon context menu console view url expected point image eclipse osgi bundle code iconurl bnullb case default image supposed used
7846,[1 0 0 0 0 0 0],125,18,initialize console usercontrolled context name icon display selected console dropbox console view
7848,[1 0 0 0 0 0 0],264,55,class meant empty enables u define annotation list different junit class want run creating new test class added list suite test run gdb
7850,[0 0 0 0 0 0 1],299,50,exists scaladoc comment immediately precedes annotation first line comment must developerapi trailing blank line known issue scaladoc display either annotation comment whichever come first
7852,[1 0 0 0 0 0 0],67,11,renew successful token canceled
7854,[1 0 0 0 0 0 0],19,3,cancel token
7856,[1 0 0 0 0 0 0],61,12,let http user get delegation token foo user
7857,[1 0 0 0 0 0 0],67,11,renew successful token canceled
7858,[1 0 0 0 0 0 0],108,19,token service address avaiable still canceled configured address
7859,[1 0 0 0 0 0 0],19,3,cancel token
7860,[1 0 0 0 0 0 0],108,19,token service address avaiable still renewed configured address
7861,[1 0 0 0 0 0 0],53,9,renew token token service address
7863,[1 0 0 0 0 0 0],53,10,let http user get delegation
7866,[0 0 0 1 0 0 0],70,12,common interface event directly caused mi event
7871,[1 0 0 0 0 0 0],59,9,creates bimaps containing sample entry tested
7872,[1 0 0 0 0 0 0],50,8,test pipeline construction fitting java
7874,[0 0 1 0 0 0 0],186,30,list alarm changed mean parent node need refresh content turn refetch element node
7878,[1 0 0 0 0 0 0],60,10,create cell editor modify trigger value
7880,[1 0 0 0 0 0 0],81,14,either update service valid fail update return
7881,[1 0 0 0 0 0 0],64,10,find trigger context element updated
7882,[1 0 0 0 0 0 0],70,10,switch session thread processing update
7883,[1 0 0 0 0 0 0],47,7,create configure label provider
7884,[0 0 0 0 1 0 0],21,2,see triggerdmcontext
7885,[1 0 0 0 0 0 0],161,27,view model node defines alarm dmcontexts displayed view alarm node fairly static created label doesnt change
7887,[0 0 0 1 0 0 0],12,2,since
7889,[0 0 0 1 0 0 0],71,9,param event contains new coordinate vwindow
7893,[0 0 0 1 0 0 0],66,7,param textflags flag defined codecelementlabelscode
7894,[0 0 0 1 0 0 0],74,7,param imageflags flag defined codecelementimageprovidercode
7895,[0 0 0 1 0 0 0],41,7,param decorator decorator add
7897,[0 0 0 1 0 0 0],43,7,param imageflags imageflags set
7900,[0 0 0 1 0 0 0],61,11,param element element compute image flag
7901,[0 0 0 1 0 0 0],25,5,return return int
7902,[0 0 0 1 0 0 0],60,11,param element element compute text flag
7903,[0 0 0 1 0 0 0],25,5,return return int
7904,[1 0 0 0 0 0 0],80,14,evaluates text flag element overwritten super class
7905,[1 0 0 0 0 0 0],81,14,evaluates image flag element overwritten super class
7907,[1 0 0 0 0 0 0],62,11,get image flag overwritten super class
7909,[1 0 0 0 0 0 0],23,4,set textflags
7910,[1 0 0 0 0 0 0],42,8,add decorator label provider
7911,[1 0 0 0 0 0 0],52,9,creates new label provider default flag
7915,[0 0 0 0 1 0 0],14,2,code rangemap
7916,[0 0 0 0 1 0 0],13,2,code treemap
7917,[0 0 0 0 1 0 0],14,2,code rangemap
7919,[0 1 0 0 0 0 0],26,4,author louis wasserman
7920,[0 0 0 1 0 0 0],14,3,since
7921,[1 0 0 0 0 0 0],16,2,navigablemap
7923,[1 0 0 0 0 0 0],20,5,know
7925,[1 0 0 0 0 0 0],100,23,know insert range back map split apart
7926,[1 0 0 0 0 0 0],67,7,overwrite mapentrytotruncatebelow truncated range
7927,[1 0 0 0 0 0 0],20,5,know
7928,[1 0 0 0 0 0 0],94,21,know since dealt truncating already know
7929,[1 0 0 0 0 0 0],32,6,safe upcast iterables
7931,[1 0 0 0 0 0 0],49,8,r could truncated left
7932,[1 0 0 0 0 0 0],38,8,definitely map safe
7933,[1 0 0 0 0 0 0],76,13,might true eg start iteration
7934,[1 0 0 0 0 0 0],123,23,exercise boundary case divisor chunk size chunk size x chunk size around
7935,[1 0 0 0 0 0 0],37,5,copying wrong checksum file
7936,[1 0 0 0 0 0 0],55,8,setting verify false read succeed
7937,[1 0 0 0 0 0 0],123,23,exercise boundary case divisor chunk size chunk size x chunk size around
7939,[1 0 0 0 0 0 0],27,5,read checksum
7941,[1 0 0 0 0 0 0],64,10,reading file fail checksumexception
7943,[1 0 0 0 0 0 0],40,7,write file generate checksum
7944,[1 0 0 0 0 0 0],49,8,alter file directly checksum invalid
7945,[1 0 0 0 0 0 0],37,6,checksum didnt change disk
7946,[1 0 0 0 0 0 0],39,7,ensure file checksum moved
7947,[1 0 0 0 0 0 0],77,13,create file checksum rename ensure dst checksum removed
7948,[1 0 0 0 0 0 0],72,12,create file checksum rename prior dst checksum
7949,[0 1 0 0 0 0 0],75,10,contributor red hat incorporated initial api implementation
7958,[0 0 0 0 1 0 0],39,2,see coremodelcreatejavalangstring
7964,[0 0 0 0 1 0 0],15,2,link icelement
7970,[0 0 0 0 1 0 0],29,2,link imembergetvisibility
7971,[0 0 0 0 1 0 0],29,2,link imembergetvisibility
7974,[0 0 0 0 1 0 0],40,2,link imethoddeclarationisconstructor
7975,[0 1 0 0 0 0 0],161,22,contributor qnx software system initial api implementation markus schorn wind river system anton leherbauer wind river system
7976,[0 0 0 1 0 0 0],70,12,noextend interface intended extended client
7977,[0 0 0 1 0 0 0],76,12,noimplement interface intended implemented client
7978,[0 0 0 1 0 0 0],18,4,since
7979,[0 0 0 1 0 0 0],14,3,since
7980,[0 0 0 1 0 0 0],62,12,return code true element exists c model
7981,[0 0 0 1 0 0 0],38,6,param ancestortype given type
7982,[0 0 0 1 0 0 0],126,24,return first ancestor c element given type code null ancestor found
7983,[0 0 0 1 0 0 0],14,3,since
7984,[0 0 0 1 0 0 0],28,5,return element name
7986,[0 0 0 1 0 0 0],23,5,return c model
7987,[0 0 0 1 0 0 0],105,19,return containing c project code null element contained c project
7988,[0 0 0 1 0 0 0],77,14,return parent element code null element parent
7990,[0 0 0 1 0 0 0],14,3,since
7991,[0 0 0 1 0 0 0],49,8,return uri corresponding location
7992,[0 0 0 1 0 0 0],60,10,return underlying resource code null none
7993,[0 0 0 1 0 0 0],63,10,return corresponding resource code null none
7994,[0 0 0 1 0 0 0],53,9,return code true element readonly
7995,[0 0 0 1 0 0 0],66,12,return code true structure element known
7996,[0 0 0 1 0 0 0],18,3,param visitor
7997,[0 0 0 1 0 0 0],94,16,return string handle identifier code null element type supported
7998,[0 0 0 1 0 0 0],14,3,since
7999,[0 0 0 0 0 1 0],57,5,deprecated use link imethoddeclarationisfriend
8000,[0 0 0 0 0 1 0],51,5,deprecated use link imembergetvisibility
8002,[0 0 0 0 0 1 0],51,5,deprecated use link imembergetvisibility
8003,[0 0 0 0 0 1 0],32,5,deprecated used anymore
8004,[0 0 0 0 0 1 0],51,5,deprecated use link ideclarationisstatic
8006,[0 0 0 0 0 1 0],62,5,deprecated use link imethoddeclarationisconstructor
8007,[1 0 0 0 0 0 0],60,11,common protocol element provided c model
8008,[1 0 0 0 0 0 0],33,6,iresource
8009,[0 0 1 0 0 0 0],153,24,constant representing c root workspace iworkspaceroot object c element type safely cast codeicmodelcode
8010,[0 0 1 0 0 0 0],142,23,constant representing c project iproject object c element type safely cast codeicprojectcode
8011,[0 0 1 0 0 0 0],144,22,constant representing folder iccontainer object c element type safely cast codeiccontainercode
8014,[0 0 1 0 0 0 0],60,10,declaration class without definition class c
8015,[0 0 1 0 0 0 0],66,11,declaration structure without definition struct c
8016,[0 0 1 0 0 0 0],45,6,constant representing struct structure
8017,[0 0 1 0 0 0 0],66,12,declaration union without definition struct c
8019,[0 0 1 0 0 0 0],66,10,method definition part structureclass struct union
8020,[0 0 1 0 0 0 0],67,10,method declaration part structureclass struct union
8023,[0 0 1 0 0 0 0],32,5,cc function definition
8026,[0 0 1 0 0 0 0],39,6,c template class definition
8028,[0 0 1 0 0 0 0],24,4,c template struct
8031,[0 0 1 0 0 0 0],38,5,c template function declaration
8032,[0 0 1 0 0 0 0],26,4,c template function
8033,[0 0 1 0 0 0 0],24,4,c template method
8034,[0 0 1 0 0 0 0],24,4,c template method
8036,[0 0 1 0 0 0 0],193,33,unknown icelement mainly used determine element yet implemented ie new dom parser support open declaration label old parser
8037,[0 0 1 0 0 0 0],415,73,return path innermost resource enclosing element element included external archive path returned full absolute path underlying resource relative workbench element included external archive path returned absolute path archive file system handleonly method
8038,[0 0 1 0 0 0 0],433,68,return whether structure element known example translation unit could parsed code false returned structure element unknown navigation return reasonable default example code getchildren return empty collection p note imply anything consistency underlying resourcebuffer content
8039,[0 0 1 0 0 0 0],383,59,return string representation element handle format string specified however identifier stable across workspace session used recreate handle via codecoremodelcreatestringcode method p element type like binary support handle identifier return code null
8043,[1 0 0 0 0 0 0],44,6,constant representing class structure
8046,[1 0 0 0 0 0 0],19,3,local variable
8047,[1 0 0 0 0 0 0],25,4,preprocessor macro
8048,[1 0 0 0 0 0 0],14,3,typedef
8049,[1 0 0 0 0 0 0],15,2,enumerator
8050,[1 0 0 0 0 0 0],19,3,assembly label
8052,[1 0 0 0 0 0 0],42,6,modifier indicating class destructor
8053,[1 0 0 0 0 0 0],50,7,modifier indicating static storage attribute
8055,[1 0 0 0 0 0 0],39,6,modifier indicating private class
8056,[1 0 0 0 0 0 0],38,6,modifier indicating public class
8057,[1 0 0 0 0 0 0],41,6,modifier indicating protected class
8058,[1 0 0 0 0 0 0],55,10,return whether c element exists model
8060,[1 0 0 0 0 0 0],37,7,return name element
8061,[1 0 0 0 0 0 0],87,15,return element kind encoded integer handleonly method
8062,[1 0 0 0 0 0 0],24,5,return c model
8063,[1 0 0 0 0 0 0],121,23,return c project element contained code null element contained c project
8065,[1 0 0 0 0 0 0],87,13,return absolute uri corresponding innermost file enclosing element
8066,[1 0 0 0 0 0 0],127,21,return underlying resource contains element code null element contained resource
8067,[1 0 0 0 0 0 0],128,20,return corresponding resource element code null element corresponding resource
8068,[1 0 0 0 0 0 0],124,22,return whether c element readonly element readonly structure cannot modified c model
8070,[0 1 0 0 0 0 0],127,17,contributor andrew niefer ibm corporation initial api implementation markus schorn wind river system
8072,[0 0 0 1 0 0 0],76,12,noimplement interface intended implemented client
8074,[0 0 0 1 0 0 0],17,4,since
8075,[0 0 0 1 0 0 0],18,4,since
8077,[0 0 0 1 0 0 0],20,4,since
8078,[0 0 0 1 0 0 0],18,4,since
8080,[0 0 0 1 0 0 0],18,4,since
8081,[0 0 0 1 0 0 0],18,4,since
8082,[0 0 0 1 0 0 0],18,4,since
8083,[0 0 0 1 0 0 0],18,4,since
8086,[0 0 0 1 0 0 0],18,4,since
8093,[0 0 0 1 0 0 0],62,11,return true imaginary number false otherwise
8094,[0 0 0 0 0 1 0],62,8,deprecated use typesafe version getkind instead
8095,[0 0 0 0 0 1 0],41,6,deprecated type dont value
8096,[0 0 0 0 0 1 0],63,8,deprecated use typesafe version getkind instead
8097,[0 0 0 0 0 1 0],63,8,deprecated use typesafe version getkind instead
8098,[0 0 0 0 0 1 0],63,8,deprecated use typesafe version getkind instead
8100,[0 0 0 0 0 1 0],63,8,deprecated use typesafe version getkind instead
8101,[0 0 0 0 0 1 0],63,8,deprecated use typesafe version getkind instead
8102,[1 0 0 0 0 0 0],38,6,imaginary number eg imaginr
8105,[1 0 0 0 0 0 0],146,24,return kind basic type looking type refined qualifier signedunsigned shortlonglong long
8106,[1 0 0 0 0 0 0],29,5,interface basic type
8108,[0 0 0 1 0 0 0],13,3,since
8109,[1 0 0 0 0 0 0],132,21,default implementation root view model node class may subclassed implement modelspecific event handling
8110,[1 0 0 0 0 0 0],126,20,default implementation examine event assumes every event processed generate delta
8112,[0 1 0 0 0 0 0],194,29,contributor ted r williams wind river system inc initial implementation randy rohrbach wind river system inc copied modified create floating point plugin
8115,[1 0 0 0 0 0 0],39,9,fixed gr byte type spec
8116,[1 0 0 0 0 0 0],18,5,meta vint min
8117,[1 0 0 0 0 0 0],38,6,write second copy compare eq
8118,[1 0 0 0 0 0 0],56,10,eq sized record ensure byte cmp req
8119,[1 0 0 0 0 0 0],63,8,assumes writes grow buffer deterministically
8120,[1 0 0 0 0 0 0],38,5,verify written content match
8121,[1 0 0 0 0 0 0],61,8,assumes writes grow buffer deterministically
8122,[1 0 0 0 0 0 0],36,5,verify written content match
8128,[0 1 0 0 0 0 0],321,43,contributor intel corporation initial api implementation ibm corporation dmitry kozlov codesourcery build error highlighting navigation save build output bug andrew gvozdev quoin inc saving build output implemented different way bug
8130,[1 0 0 0 0 0 0],13,2,success
8131,[1 0 0 0 0 0 0],50,8,pessimistic referenced configs
8132,[1 0 0 0 0 0 0],28,6,get builder run
8133,[1 0 0 0 0 0 0],89,15,lock workspace managedbuild project reference others
8134,[1 0 0 0 0 0 0],28,6,treated
8135,[1 0 0 0 0 0 0],46,8,check whether build canceled
8138,[0 0 0 0 1 0 0],92,3,see orgeclipsecoreruntimejobsjobrunorgeclipsecoreruntimeiprogressmonitor
8140,[1 0 0 0 0 0 0],56,10,create delta visitor detect build type
8144,[1 0 0 0 0 0 0],57,7,perform necessary cleaning build type calculation
8145,[1 0 0 0 0 0 0],63,13,stick list stuff warn user
8146,[1 0 0 0 0 0 0],57,10,one possibility nothing build
8147,[1 0 0 0 0 0 0],30,4,ignore console failure
8148,[1 0 0 0 0 0 0],45,8,throw exception back builder
8149,[1 0 0 0 0 0 0],31,5,report successful clean
8151,[0 0 0 1 0 0 0],17,3,param status
8152,[0 0 0 1 0 0 0],21,3,param configname
8153,[1 0 0 0 0 0 0],86,16,emits message console indicating source file build
8154,[1 0 0 0 0 0 0],21,3,fullbuild clean
8155,[1 0 0 0 0 0 0],107,16,default behaviour make invoked configuration incremental build handled make
8159,[0 0 0 0 1 0 0],40,3,see incrementalprojectbuilderbuild
8160,[0 0 0 0 0 0 1],64,12,meaningful resource removed force full build
8161,[0 0 1 0 0 0 0],359,60,required incremental build trigger make nothing missing source since state file removal uptodate far make concerned full build clean ultimately trigger relink without object generated deleted source want
8162,[0 0 1 0 0 0 0],105,20,point checking anything else since decided full build anyway
8163,[1 0 0 0 0 0 0],54,10,need incremental build least
8165,[0 0 0 0 0 0 1],72,15,project changed build needed stop
8166,[1 0 0 0 0 0 0],39,7,generated directory
8167,[1 0 0 0 0 0 0],59,10,try resolve build macro build artifact name
8168,[1 0 0 0 0 0 0],64,10,try resolve build macro build artifact extension
8171,[1 0 0 0 0 0 0],13,2,success
8173,[1 0 0 0 0 0 0],28,6,get builder run
8175,[1 0 0 0 0 0 0],28,6,treated
8177,[1 0 0 0 0 0 0],41,7,try brute force approach first
8178,[1 0 0 0 0 0 0],68,10,throw core exception indicating clean command failed
8179,[0 0 0 0 1 0 0],92,3,see orgeclipsecoreruntimejobsjobrunorgeclipsecoreruntimeiprogressmonitor
8180,[1 0 0 0 0 0 0],79,13,ask makefile generator generate makefiles needed build delta
8181,[1 0 0 0 0 0 0],56,10,create delta visitor detect build type
8182,[1 0 0 0 0 0 0],52,10,make full clean info need rebuild
8183,[1 0 0 0 0 0 0],65,12,case error occured make behave old stile
8184,[1 0 0 0 0 0 0],159,26,use build desacription model calculate resource cleaned case change project source build information
8185,[1 0 0 0 0 0 0],57,7,perform necessary cleaning build type calculation
8186,[1 0 0 0 0 0 0],63,13,stick list stuff warn user
8188,[1 0 0 0 0 0 0],30,4,ignore console failure
8191,[0 0 0 1 0 0 0],20,3,param buildtype
8192,[0 0 0 1 0 0 0],17,3,param status
8193,[0 0 0 1 0 0 0],21,3,param configname
8194,[1 0 0 0 0 0 0],86,16,emits message console indicating source file build
8196,[1 0 0 0 0 0 0],107,16,default behaviour make invoked configuration incremental build handled make
8197,[1 0 0 0 0 0 0],74,11,one dependency rebuilt need rebuild configuration
8198,[1 0 0 0 0 0 0],79,11,project resource changed within eclipse need build configuration
8199,[1 0 0 0 0 0 0],51,7,build project project resource change
8200,[0 0 0 0 1 0 0],40,3,see incrementalprojectbuilderbuild
8203,[0 0 1 0 0 0 0],105,20,point checking anything else since decided full build anyway
8204,[1 0 0 0 0 0 0],54,10,need incremental build least
8205,[1 0 0 0 0 0 0],103,16,resource changed attribute make uninteresting dont anything
8206,[0 0 0 0 0 0 1],72,15,project changed build needed stop
8207,[1 0 0 0 0 0 0],39,7,generated directory
8208,[1 0 0 0 0 0 0],59,10,try resolve build macro build artifact name
8209,[1 0 0 0 0 0 0],64,10,try resolve build macro build artifact extension
8210,[1 0 0 0 0 0 0],68,12,base interface map function used datasets map function
8212,[1 0 0 0 0 0 0],71,13,protocol used datanode send lifeline message namenode
8213,[0 1 0 0 0 0 0],806,129,licensed apache software foundation asf one contributor license agreement see notice file distributed work additional information regarding copyright ownership asf license file apache license version license may use file except compliance license may obtain copy license httpwwwapacheorglicenseslicense unless required applicable law agreed writing software distributed license distributed basis without warranty condition kind either express implied see license specific language governing permission limitation license
8214,[0 0 0 0 1 0 0],18,2,link outputstream
8215,[0 0 0 0 1 0 0],24,3,see dataoutputbuffer
8216,[0 0 0 0 1 0 0],19,3,see inputbuffer
8217,[0 0 0 0 1 0 0],18,2,link getlength
8218,[1 0 0 0 0 0 0],66,11,writes byte inputstream directly buffer
8219,[1 0 0 0 0 0 0],36,7,reset buffer empty
8220,[1 0 0 0 0 0 0],70,13,return length valid data currently buffer
8221,[1 0 0 0 0 0 0],93,15,return current content buffer data valid link getlength
8222,[1 0 0 0 0 0 0],39,7,construct new empty buffer
8223,[1 0 0 0 0 0 0],87,13,reusable link outputstream implementation writes inmemory buffer
8224,[0 0 1 0 0 0 0],475,72,pthis save memory creating new outputstream bytearrayoutputstream time data written ptypical usage something like followingpre outputbuffer buffer new outputbuffer loop condition bufferreset write buffer using outputstream method byte data buffergetdata int datalength buffergetlength write data ultimate destination pre
8229,[0 0 0 1 0 0 0],14,3,since
8230,[0 0 0 1 0 0 0],14,3,since
8231,[0 0 0 1 0 0 0],14,3,since
8232,[0 0 0 1 0 0 0],14,3,since
8233,[0 0 0 1 0 0 0],18,4,since
8235,[0 0 0 1 0 0 0],18,4,since
8236,[0 0 0 1 0 0 0],14,3,since
8238,[0 0 0 1 0 0 0],14,3,since
8239,[0 0 0 1 0 0 0],14,3,since
8241,[0 0 0 1 0 0 0],14,3,since
8242,[0 0 0 1 0 0 0],14,3,since
8247,[0 0 0 1 0 0 0],14,3,since
8248,[0 0 0 1 0 0 0],14,3,since
8249,[0 0 0 1 0 0 0],14,3,since
8250,[0 0 0 1 0 0 0],14,3,since
8254,[0 0 0 0 0 1 0],47,5,deprecated use addvirtspecifier instead
8255,[0 0 0 0 0 1 0],47,5,deprecated use addvirtspecifier instead
8256,[0 0 0 0 1 0 0],34,2,link getexceptionspecification
8258,[0 0 0 0 1 0 0],33,2,link noexceptionspecification
8260,[0 0 0 0 1 0 0],23,2,link noexceptdefault
8262,[0 0 0 0 1 0 0],53,2,link icppastfunctiondefinitiongetmemberinitializers
8263,[0 0 0 0 0 1 0],86,6,deprecated use link icppastfunctiondefinitiongetmemberinitializers instead
8264,[1 0 0 0 0 0 0],49,9,c add thing function declarators
8266,[1 0 0 0 0 0 0],58,8,used return value link getvirtspecifiers
8267,[1 0 0 0 0 0 0],64,8,represents noexcept specification without expression
8268,[1 0 0 0 0 0 0],27,6,const method
8269,[1 0 0 0 0 0 0],39,9,set method const
8270,[1 0 0 0 0 0 0],30,6,volatile method
8271,[1 0 0 0 0 0 0],42,9,set method volatile
8274,[1 0 0 0 0 0 0],30,4,return refqualifier
8276,[1 0 0 0 0 0 0],267,32,return array typeids representing exception specification return value link noexceptionspecification indicates exception specified whereas link iasttypeidemptytypeidarray used empty exception specification
8277,[1 0 0 0 0 0 0],43,7,add exception specification type id
8278,[1 0 0 0 0 0 0],96,14,configures declarator empty exception specification opposed none
8280,[1 0 0 0 0 0 0],33,5,set noexcept expression
8281,[1 0 0 0 0 0 0],96,16,return trailing return type code auto f int code codenullcode
8282,[1 0 0 0 0 0 0],62,12,trailing return type code auto f int code
8283,[1 0 0 0 0 0 0],153,19,get function scope node represents return codenullcode declarator declare functionprototype functiondefinition
8284,[1 0 0 0 0 0 0],55,8,return whether function declared override
8285,[1 0 0 0 0 0 0],52,8,set whether function declared override
8287,[1 0 0 0 0 0 0],49,8,set whether function declared final
8289,[1 0 0 0 0 0 0],43,7,add virtspecifiers function
8293,[1 0 0 0 0 0 0],22,4,info icproject
8294,[1 0 0 0 0 0 0],25,4,load training data
8295,[1 0 0 0 0 0 0],20,4,fit model
8296,[1 0 0 0 0 0 0],67,9,print coefficient intercept logistic regression
8297,[0 1 0 0 0 0 0],120,18,contributor randy rohrbach wind river system inc copied modified create floating point plugin
8299,[1 0 0 0 0 0 0],31,4,currentlyselected data type
8301,[1 0 0 0 0 0 0],54,8,bit floating point data type displayed precision
8302,[1 0 0 0 0 0 0],32,6,number column display
8303,[1 0 0 0 0 0 0],23,4,renderer update mode
8304,[0 1 0 0 0 0 0],21,4,author vaadin ltd
8305,[1 0 0 0 0 0 0],36,6,test check notification delay
8306,[0 1 0 0 0 0 0],61,8,contributor doug schaefer qnx initial implementation
8307,[0 0 0 0 0 0 1],120,23,dont reindex project already qt linkage index updated normal trigger
8308,[0 0 0 0 0 0 1],226,44,need force index rebuilt first time qt nature added doesnt happen pdom could current version nothing would trigger update qt content
8309,[1 0 0 0 0 0 0],41,6,space intentionally left blank
8310,[0 0 0 0 1 0 0],23,2,link httpurlconnection
8311,[0 0 0 0 1 0 0],22,2,link authenticatedurl
8312,[0 0 0 0 1 0 0],23,2,link httpurlconnection
8313,[0 0 0 0 1 0 0],23,2,link httpurlconnection
8314,[0 0 0 0 1 0 0],23,2,link httpurlconnection
8315,[0 0 0 1 0 0 0],69,9,param conn link httpurlconnection instance configure
8317,[1 0 0 0 0 0 0],110,14,interface configure link httpurlconnection created link authenticatedurl instance
8318,[1 0 0 0 0 0 0],267,35,configures given link httpurlconnection instance param conn link httpurlconnection instance configure return configured link httpurlconnection instance throw ioexception io error occurred
8319,[0 1 0 0 0 0 0],21,4,author jared levy
8320,[0 0 0 0 1 0 0],18,2,code multisetadd
8321,[1 0 0 0 0 0 0],68,12,test code multisetadd author jared levy
8323,[0 0 0 1 0 0 0],20,3,param target
8324,[0 0 0 1 0 0 0],23,3,param dragevent
8325,[0 0 0 0 1 0 0],18,2,link transferable
8327,[0 0 0 0 1 0 0],40,2,link drophandlerdropdraganddropevent
8330,[0 0 0 0 1 0 0],15,2,link acceptall
8331,[0 0 0 0 1 0 0],16,2,see drophandler
8332,[0 0 0 0 1 0 0],24,2,see clientsidecriterion
8333,[0 0 0 0 1 0 0],24,2,see serversidecriterion
8335,[0 0 0 0 1 0 0],40,2,link drophandlerdropdraganddropevent
8336,[1 0 0 0 0 0 0],320,48,validates data event appropriate link drophandlerdropdraganddropevent method p note even criterion validated client side always validate data server side param dragevent return
8337,[1 0 0 0 0 0 0],371,52,need implemented iff criterion lazy server side initialization uidl painted method passed client side drop handler implementation implementation assume link acceptdraganddropevent called method param target throw paintexception
8339,[1 0 0 0 0 0 0],757,112,criterion used create policy acceptdiscard dragged content presented link transferable drag drop mechanism verify criterion returned link drophandlergetacceptcriterion calling link drophandlerdropdraganddropevent criterion evaluated either client browser see link clientsidecriterion server see link serversidecriterion constraint needed link acceptall used addition accepting rejecting possible drop criterion provide additional hint client side painting see drophandler see clientsidecriterion see serversidecriterion since
8341,[0 0 0 0 1 0 0],12,2,code
8342,[0 0 0 0 1 0 0],41,2,link junitframeworktestcaseteardown
8343,[0 0 0 0 1 0 0],14,2,link teardown
8345,[0 0 0 1 0 0 0],12,2,since
8352,[0 0 0 1 0 0 0],33,5,return vaadin request
8354,[0 0 0 1 0 0 0],91,14,param request request event ui provider invoked
8355,[0 0 0 0 1 0 0],18,3,see uiprovider
8356,[0 1 0 0 0 0 0],21,4,author vaadin ltd
8359,[0 0 0 1 0 0 0],76,12,noimplement interface intended implemented client
8361,[0 0 0 0 1 0 0],59,2,link comgooglecommoncollecttestingsettestsuitebuilder
8362,[1 0 0 0 0 0 0],210,29,generic junit test test addall operation set cant invoked directly please see link comgooglecommoncollecttestingsettestsuitebuilder author kevin bourrillion
8363,[1 0 0 0 0 0 0],47,7,many unchecked generic array creation
8364,[0 0 0 1 0 0 0],36,5,param container container name
8366,[0 0 0 1 0 0 0],28,5,param path path string
8370,[0 0 0 1 0 0 0],34,7,param uri uri start
8371,[0 0 0 1 0 0 0],32,5,param path path underneath
8372,[0 0 0 1 0 0 0],28,5,return new instance
8373,[0 0 0 1 0 0 0],46,7,param uri uri start
8376,[0 0 0 1 0 0 0],28,5,return new instance
8377,[1 0 0 0 0 0 0],722,108,create path tuple container path container chosen host uri trailing slash added path point e need appended construct link path instance link pathnormalizepathstring string called strip trailing slash param uri uri start param path path underneath param addtrailingslash trailing slash added isnt one return new instance throw swiftconfigurationexception uri host doesnt parse containerservice
8378,[1 0 0 0 0 0 0],36,6,add trailing slash needed
8380,[1 0 0 0 0 0 0],56,7,containerservice uri strip container
8381,[1 0 0 0 0 0 0],355,52,create path tuple container path container chosen host uri param uri uri start param path path underneath return new instance throw swiftconfigurationexception uri host doesnt parse containerservice
8382,[1 0 0 0 0 0 0],373,68,query see possiblechild object child path object test done probing path object start second trailing slash container equal param possiblechild possible child dir return true iff possiblechild object
8383,[1 0 0 0 0 0 0],178,31,test object matching path ignoring container value param path path string return true iff object name match path
8384,[1 0 0 0 0 0 0],159,25,build instance host object pair param container container name param object object ref underneath container
8385,[1 0 0 0 0 0 0],27,5,swift object
8386,[1 0 0 0 0 0 0],31,5,swift container
8388,[0 1 0 0 0 0 0],142,20,contributor ibm rational software initial api implementation ed swartz nokia markus schorn wind river system
8389,[0 0 0 1 0 0 0],14,3,since
8391,[0 0 0 0 1 0 0],11,2,code index
8392,[0 0 0 0 1 0 0],11,2,code index
8393,[1 0 0 0 0 0 0],251,43,array long value compared native jvm array ul lisupports using inheap offheap memoryli lihas bound checking thus crash jvm process assert turned offli ul
8396,[1 0 0 0 0 0 0],27,6,fill l
8398,[1 0 0 0 0 0 0],49,8,return value position code index
8402,[1 0 0 0 0 0 0],104,17,run hdfs dfsadmin fetchimage verify downloaded image correct
8405,[0 1 0 0 0 0 0],149,18,contributor intel corporation initial api implementation miwako tokugawa intel corporation bug optioncategoryapplicability
8406,[0 1 0 0 0 0 0],68,9,contributor ibm corporation initial api implementation
8409,[1 0 0 0 0 0 0],31,5,report progress
8412,[1 0 0 0 0 0 0],87,15,get last set status message return current status message
8413,[0 0 0 1 0 0 0],39,6,return current status message
8414,[0 1 0 0 0 0 0],67,9,contributor nathan ridge initial api implementation
8415,[0 0 0 1 0 0 0],76,12,noimplement interface intended implemented client
8416,[0 0 0 1 0 0 0],70,12,noextend interface intended extended client
8418,[1 0 0 0 0 0 0],265,44,classvirtspecifier class name currently one specifier final noimplement interface intended implemented client noextend interface intended extended client since
8420,[1 0 0 0 0 0 0],98,16,return kind classvirtspecifier currently kind final
8429,[1 0 0 0 0 0 0],76,13,utility function collector may need author vhirsl
8431,[1 0 0 0 0 0 0],53,8,delete discovered symbol resource
8432,[1 0 0 0 0 0 0],37,6,delete specific include path
8433,[1 0 0 0 0 0 0],42,6,delete specific symbol definition
8435,[0 1 0 0 0 0 0],17,2,author jcamelon
8436,[0 1 0 0 0 0 0],156,22,contributor ibm rational software initial api implementation yuan zhang beth tibbitts ibm research sergey prigogin google
8437,[0 1 0 0 0 0 0],99,13,contributor markus schorn initial api implementation sergey prigogin google
8438,[1 0 0 0 0 0 0],66,13,task rebuilding index work indexer
8439,[1 0 0 0 0 0 0],25,3,remove tasktags
8440,[1 0 0 0 0 0 0],25,5,first clear pdom
8441,[0 0 0 0 1 0 0],46,2,link orgeclipsejfacepreferencefieldeditor
8445,[0 0 0 0 1 0 0],58,4,link ioptiongetfieldeditorextraargument extra argument
8447,[0 0 0 1 0 0 0],10,2,since
8449,[0 0 0 1 0 0 0],147,16,param extraargument optional link ioptiongetfieldeditorextraargument extra argument fieldeditor may code null
8450,[0 0 0 1 0 0 0],83,13,param preferencename name preference field editor bind
8455,[1 0 0 0 0 0 0],349,54,return list control tooltips displayed build setting dialogpage return list control tooltips automatically displayed build setting dialogpage may return code null signify tooltips handled custom fieldeditor
8457,[1 0 0 0 0 0 0],645,85,initializes custom fieldeditor param option underlying buildoption param extraargument optional link ioptiongetfieldeditorextraargument extra argument fieldeditor may code null param preferencename name preference field editor bind param parent parent field editor control return code true iff custom fieldeditor successfully displayed returning code false would cause builtin fieldeditor displayed based option link ioptiongetvaluetype valuetype
8458,[0 1 0 0 0 0 0],68,9,contributor texas instrument initial api implementation
8460,[1 0 0 0 0 0 0],62,9,guicepersists java persistence api jpa support
8462,[1 0 0 0 0 0 0],154,13,javascript call expression hrefhttpsgithubcomestreeestreeblobmasterspecmdcallexpressionestree specificationa
8463,[0 0 0 1 0 0 0],85,12,param iscleanup true task cleanup attempt false otherwise
8466,[1 0 0 0 0 0 0],76,9,logj configure configurationlogjproperties
8467,[1 0 0 0 0 0 0],48,8,system property passed jvm runner
8468,[1 0 0 0 0 0 0],209,18,static final string iscleanupproperty hadooptasklogiscleanup static final string logsizeproperty hadooptasklogtotallogfilesize static final string taskidproperty hadooptasklogtaskid
8469,[1 0 0 0 0 0 0],87,15,simple logjappender task child mapreduce system log
8470,[1 0 0 0 0 0 0],140,24,task runner pass option system property set option setter havent already called
8471,[1 0 0 0 0 0 0],47,7,gettersetter method logj
8473,[1 0 0 0 0 0 0],132,23,get whether task cleanup attempt return true task cleanup attempt false otherwise
8474,[1 0 0 0 0 0 0],112,21,create rolling upgrade marker file bp storage root exist already
8475,[1 0 0 0 0 0 0],207,36,check whether rolling upgrade marker file exists bp storage root exist marker file cleared importantly layout upgrade finalized
8476,[1 0 0 0 0 0 0],79,14,trash enabled least one storage directory contains trash root
8477,[1 0 0 0 0 0 0],63,10,delete file directory trash directory
8478,[0 0 0 1 0 0 0],77,12,return target directory restore previously deleted block file
8480,[0 0 0 1 0 0 0],50,8,return root directory block pool storage
8482,[0 0 0 1 0 0 0],30,6,param bpid block pool id
8483,[0 0 0 1 0 0 0],58,9,param fromdir directory snapshot stored
8484,[0 0 0 1 0 0 0],44,7,param todir current data directory
8485,[0 0 0 1 0 0 0],68,9,param bpsd block pool storage directory sdcurrentbpid
8486,[0 0 0 1 0 0 0],38,5,param detachdir detach directory
8487,[0 0 0 1 0 0 0],54,6,param bpsd storage directory sdcurrentbpid
8489,[0 0 0 1 0 0 0],52,6,param sd storage directory sdcurrentbpid
8490,[0 0 0 1 0 0 0],33,5,param nsinfo namespace info
8491,[0 0 0 1 0 0 0],35,5,param startopt startup option
8492,[0 0 0 1 0 0 0],57,10,return true new property written
8493,[0 0 0 1 0 0 0],124,17,param abspathtoremove absolute path root block pool level storage remove
8494,[0 0 0 1 0 0 0],41,7,param bpsdir block pool storage
8495,[0 0 0 1 0 0 0],38,7,param nsinfo name space info
8496,[0 0 0 1 0 0 0],50,6,param dncurdir datastorage current directory
8497,[0 0 0 1 0 0 0],38,7,param nsinfo name space info
8499,[0 0 0 1 0 0 0],54,8,param datadirs storage directory block pool
8500,[0 0 0 1 0 0 0],35,5,param startopt startup option
8501,[0 0 0 1 0 0 0],40,5,param nsinfo namespace information
8503,[0 0 0 1 0 0 0],35,5,param startopt startup option
8504,[0 0 0 1 0 0 0],55,9,return array loaded block pool directory
8507,[0 0 0 1 0 0 0],35,5,param startopt startup option
8512,[1 0 0 0 0 0 0],347,58,get target subdirectory current given block file restored trash subdirectory structure trash mirror current keep implicit memory file restored return target directory restore previously deleted block file
8515,[1 0 0 0 0 0 0],213,37,get block pool storage root based data node storage root param bpid block pool id param dncurdir data node storage root directory return root directory block pool storage
8518,[1 0 0 0 0 0 0],58,10,link hardlink finalized block tmpdir
8520,[1 0 0 0 0 0 0],52,8,delete finalizedtmp dir separate thread
8521,[1 0 0 0 0 0 0],39,5,rename previous finalizedtmp
8522,[1 0 0 0 0 0 0],20,3,already finalized
8525,[1 0 0 0 0 0 0],32,5,delete removedtmp dir
8526,[1 0 0 0 0 0 0],36,6,rename previous current
8528,[0 0 1 0 0 0 0],246,44,allow rollback state either consistent namespace state upgraded another word roll back storedlv software lv dnpreviousctime nnctime
8531,[0 0 0 0 0 0 1],50,7,sdprevious directory exists delete
8532,[0 0 0 0 0 0 1],442,49,ol liif sdcurrentbpidprevious exists delete itli lirename sdcurrentbpidcurrent sdcurrentbpidcurrentprevioustmpli licreate new sdcurrentbpidcurrent directoryli ol lihard link block file created previoustmp currentli lisave new version file current directoryli ol lirename previoustmp previousli ol
8533,[0 0 0 0 0 0 1],224,30,rollback previouslv layoutversion prevctime namenodectime upgrade thislv layoutversion thisctime namenodectime regular startup thislv layoutversion thisctime namenodectime
8534,[1 0 0 0 0 0 0],527,89,manages storage set blockpoolslices share particular block pool id datanode class support following functionality ol li formatting new block pool storageli li recovering storage state consistent state possibleli li taking snapshot block pool upgradeli li rolling back block pool previous snapshotli li finalizing block storage deletion snapshotli ul see storage
8535,[1 0 0 0 0 0 0],22,5,id blockpool
8536,[1 0 0 0 0 0 0],132,22,map used optimization avoid one filesystem operation per storage heartbeat response
8537,[1 0 0 0 0 0 0],311,43,load one storage directory recover previous transition required param nsinfo namespace information param datadir root path storage directory param startopt startup option return storagedirectory successfully loaded throw ioexception
8538,[1 0 0 0 0 0 0],9,2,format
8539,[1 0 0 0 0 0 0],26,5,recovery part common
8540,[0 0 1 0 0 0 0],206,32,transition storage directory treated individually startup upgrade roll back others could uptodate regular startup
8541,[1 0 0 0 0 0 0],511,80,analyze load storage directory recover previous transition required block pool storage either analyzed none loaded therefore failure loading block pool storage result faulty data volume param nsinfo namespace information param datadirs storage directory block pool param startopt startup option return array loaded block pool directory throw ioexception error
8542,[1 0 0 0 0 0 0],30,7,sd locked opened
8544,[1 0 0 0 0 0 0],209,32,format block pool slice storage param dncurdir datastorage current directory param nsinfo name space info throw ioexception signal io exception occurred
8545,[1 0 0 0 0 0 0],201,33,format block pool slice storage param bpsdir block pool storage param nsinfo name space info throw ioexception signal io exception occurred
8547,[1 0 0 0 0 0 0],188,27,remove block pool level storage directory param abspathtoremove absolute path root block pool level storage remove
8549,[1 0 0 0 0 0 0],39,8,validate set block pool id
8553,[1 0 0 0 0 0 0],18,3,regular startup
8554,[1 0 0 0 0 0 0],11,2,upgrade
8556,[1 0 0 0 0 0 0],724,92,upgrade release included release eg upgrade procedure follows ol liif sdcurrentbpidprevious exists delete itli lirename sdcurrentbpidcurrent sdcurrentbpidcurrentprevioustmpli licreate new sdcurrentbpidcurrent directoryli ol lihard link block file created previoustmp currentli lisave new version file current directoryli ol lirename previoustmp previousli ol param bpsd storage directory sdcurrentbpid param nsinfo namespace info namenode throw ioexception error
8558,[1 0 0 0 0 0 0],34,4,get sdprevious directory
8559,[1 0 0 0 0 0 0],66,7,delete sdcurrentbpidprevious dir upgrading
8561,[1 0 0 0 0 0 0],257,43,cleanup detachdir directory empty report error otherwise remove directory param detachdir detach directory throw ioexception directory empty removed
8562,[1 0 0 0 0 0 0],111,17,restore file trash directory corresponding location current
8563,[1 0 0 0 0 0 0],45,5,recurse process subdirectory
8564,[1 0 0 0 0 0 0],157,29,failsafe hit case let make sure never overwrite newer version block file older version
8565,[1 0 0 0 0 0 0],410,55,roll back old snapshot block pool level previous directory exists ol lirename sdcurrentbpidcurrent removedtmpli lirename sdcurrentbpidprevious currentli liremove removedtmpli ol nothing previous directory exist param bpsd block pool storage directory sdcurrentbpid
8566,[1 0 0 0 0 0 0],53,9,regular startup previous dir exist
8568,[1 0 0 0 0 0 0],18,3,cannot rollback
8571,[0 1 0 0 0 0 0],187,25,contributor john camelonibm initial api implementation markus schorn wind river system bryan wilkinson qnx anton leherbauer wind river system
8572,[1 0 0 0 0 0 0],73,14,lookup find binding defined name
8573,[1 0 0 0 0 0 0],78,13,unqualified name also base class operator conversion name
8574,[1 0 0 0 0 0 0],57,12,support file
8579,[0 0 0 0 1 0 0],14,2,code instance
8580,[0 0 0 0 1 0 0],7,2,code
8583,[0 0 0 1 0 0 0],39,8,param type inject member
8586,[0 0 0 1 0 0 0],63,11,param instance inject member may code null
8587,[1 0 0 0 0 0 0],306,49,injects dependency field method instance type code ignores presence absence injectable constructor param type inject member author crazybobgooglecom bob lee author jessewilsongooglecom jesse wilson since
8588,[1 0 0 0 0 0 0],471,74,injects dependency field method code instance ignores presence absence injectable constructor pwhenever guice creates instance performs injection automatically first performing constructor injection youre able let guice create object youll never need use method param instance inject member may code null
8589,[0 0 0 1 0 0 0],79,12,return total nonnegative number uncompressed byte input far
8590,[0 0 0 1 0 0 0],78,12,return total nonnegative number compressed byte output far
8591,[0 0 0 1 0 0 0],51,7,param conf configuration storing new setting
8592,[0 0 0 1 0 0 0],66,11,param directbuffersize size direct buffer used
8593,[0 0 0 1 0 0 0],56,6,param header compression header compressionheader
8596,[0 0 0 0 1 0 0],16,2,link compressor
8597,[1 0 0 0 0 0 0],112,17,link compressor based popular zlib compression algorithm httpwwwzlibnet
8598,[1 0 0 0 0 0 0],54,9,compression level zlib library
8599,[1 0 0 0 0 0 0],57,8,compression level compression
8600,[1 0 0 0 0 0 0],49,6,compression level fastest compression
8601,[1 0 0 0 0 0 0],27,4,compression level
8602,[1 0 0 0 0 0 0],27,4,compression level
8603,[1 0 0 0 0 0 0],14,2,three
8604,[1 0 0 0 0 0 0],27,4,compression level
8605,[1 0 0 0 0 0 0],27,4,compression level
8606,[1 0 0 0 0 0 0],27,4,compression level
8607,[1 0 0 0 0 0 0],27,4,compression level
8609,[1 0 0 0 0 0 0],46,6,compression level best compression
8611,[1 0 0 0 0 0 0],196,29,compression strategy best used data consisting mostly small value somewhat random distribution force huffman coding less string matching
8613,[1 0 0 0 0 0 0],85,12,compression strategy limit match distance one runlength encoding
8614,[1 0 0 0 0 0 0],131,19,compression strategy prevent use dynamic huffman code allowing simpler decoder special application
8616,[1 0 0 0 0 0 0],44,8,type header compressed data
8617,[1 0 0 0 0 0 0],37,3,headerstrailerschecksums
8619,[1 0 0 0 0 0 0],36,4,simple gzip headerstrailers
8620,[1 0 0 0 0 0 0],40,5,initialize native library
8621,[1 0 0 0 0 0 0],56,6,ignore failure loadinitialize nativezlib
8622,[1 0 0 0 0 0 0],130,21,creates new compressor default compression level compressed data generated zlib format
8623,[1 0 0 0 0 0 0],81,12,creates new compressor taking setting configuration
8626,[1 0 0 0 0 0 0],47,6,reinitialize zlibs output direct buffer
8627,[1 0 0 0 0 0 0],58,7,copy enough data userbuf uncompresseddirectbuf
8629,[0 0 0 0 0 0 1],101,16,check zlib consumed input compress invoked keepuncompressedbuf true
8630,[0 0 0 0 0 0 1],49,8,check consumed userinput
8631,[0 0 0 0 0 0 1],86,15,check zlib say finished compressed data consumed
8634,[1 0 0 0 0 0 0],69,11,return total number uncompressed byte input farp
8635,[1 0 0 0 0 0 0],64,11,return total number compressed byte output far
8636,[1 0 0 0 0 0 0],29,5,get atmost len byte
8637,[1 0 0 0 0 0 0],40,8,zlib consume input buffer
8639,[1 0 0 0 0 0 0],20,3,compress data
8640,[1 0 0 0 0 0 0],52,7,reinitialize zlibs output direct buffer
8641,[1 0 0 0 0 0 0],65,8,copy enough data userbuf uncompresseddirectbuf
8642,[1 0 0 0 0 0 0],37,5,uncompresseddirectbuf full
8644,[0 1 0 0 0 0 0],61,7,contributor andrew eidsness initial implementation
8646,[0 0 0 1 0 0 0],18,2,version version
8648,[0 0 0 1 0 0 0],68,10,return download stream produce resource content
8649,[0 0 0 1 0 0 0],57,9,return file name associated resource
8651,[0 1 0 0 0 0 0],21,4,author vaadin ltd
8652,[1 0 0 0 0 0 0],216,32,resource served connector using resource see abstractclientconnectorsetresourcestring resource author vaadin ltd version version since
8653,[0 0 1 0 0 0 0],475,74,get resource stream p note method called session locked prevent race condition method returned link downloadstream assumed unrelated vaadinsession called without holding session lock prevent locking session long file downloads p return download stream produce resource content
8654,[1 0 0 0 0 0 0],130,20,get virtual filename resource return file name associated resource
8657,[1 0 0 0 0 0 0],75,11,return array ibuildmacrostatus status exception hold
8662,[1 0 0 0 0 0 0],257,42,exception thrown case build macrosrelated operation failure exception typically contains one ibuildmacrostatus status since noextend class intended subclassed client
8663,[1 0 0 0 0 0 0],75,11,serializable object stable serialversionuid
8664,[1 0 0 0 0 0 0],67,7,private static final long serialversionuid l
8666,[0 0 0 0 1 0 0],14,2,code multiset
8667,[0 1 0 0 0 0 0],21,4,author jared levy
8668,[0 1 0 0 0 0 0],26,4,author louis wasserman
8669,[1 0 0 0 0 0 0],176,29,creates based criterion junit test suite exhaustively test code multiset implementation author jared levy author louis wasserman
8670,[0 1 0 0 0 0 0],117,14,contributor nokia siemens network initial implementation petri tuononen initial implementation
8672,[1 0 0 0 0 0 0],57,9,configure project project nature
8674,[1 0 0 0 0 0 0],23,4,return project
8675,[1 0 0 0 0 0 0],20,4,set project
8677,[0 0 0 1 0 0 0],20,3,param proj iproject
8680,[1 0 0 0 0 0 0],33,4,going happen
8681,[1 0 0 0 0 0 0],32,4,aggregated
8682,[1 0 0 0 0 0 0],25,2,aggregated
8684,[0 0 0 1 0 0 0],22,5,since jul
8685,[1 0 0 0 0 0 0],71,15,color manager cc debug ui since jul
8688,[0 0 0 0 1 0 0],28,2,link objectstostringhelper
8690,[0 0 0 0 1 0 0],24,2,code javaxinjectnamed
8691,[0 0 0 0 1 0 0],24,2,code javaxinjectnamed
8692,[0 0 0 0 1 0 0],12,2,code member
8693,[0 0 0 0 1 0 0],10,2,code type
8694,[0 0 0 0 1 0 0],10,2,code type
8695,[0 0 0 0 1 0 0],25,2,link annotationhashcode
8696,[0 0 0 0 1 0 0],23,2,link annotationequals
8698,[0 1 0 0 0 0 0],37,4,author crazybobgooglecom bob lee
8700,[1 0 0 0 0 0 0],73,12,return code true given annotation type attribute
8701,[1 0 0 0 0 0 0],101,15,generates annotation annotation class requires annotation optionals
8702,[1 0 0 0 0 0 0],46,5,implement link annotationequals
8704,[1 0 0 0 0 0 0],19,4,cut bracket
8705,[0 0 0 0 1 0 0],25,2,link annotationtostring
8706,[1 0 0 0 0 0 0],48,5,implement link annotationtostring
8707,[0 0 0 0 0 0 1],65,11,return true given annotation retained runtime
8708,[0 0 0 0 0 0 1],68,12,return scoping annotation null isnt one
8709,[0 0 0 0 0 0 1],84,15,return scope annotation code type null none specified
8710,[1 0 0 0 0 0 0],84,12,check presence annotation cache result android doesnt
8711,[1 0 0 0 0 0 0],78,14,return true given class one desired annotation
8712,[1 0 0 0 0 0 0],78,13,construct new checker look annotation given type
8715,[1 0 0 0 0 0 0],62,9,let dagger component aid migration
8716,[1 0 0 0 0 0 0],63,12,get key given type member annotation
8719,[0 0 0 0 0 0 1],155,18,annotation instance code javaxinjectnamed canonicalizes comgoogleguicenamenamed return given annotation otherwise
8720,[0 0 0 0 0 0 1],155,18,annotation class code javaxinjectnamed canonicalizes comgoogleguicenamenamed return given annotation class otherwise
8721,[0 1 0 0 0 0 0],68,9,contributor anton gorenkov initial api implementation
8722,[0 0 0 1 0 0 0],70,12,noextend interface intended extended client
8724,[1 0 0 0 0 0 0],356,61,interface test suite test hierarchy test suite group test case test suite also provides group operation eg status execution time access noextend interface intended extended client noimplement interface intended implemented client
8726,[0 0 0 0 1 0 0],32,3,see combinefileinputformat
8727,[0 0 0 0 1 0 0],33,3,see sequencefileinputformat
8728,[0 0 0 0 1 0 0],30,3,see combinefileinputformat
8730,[1 0 0 0 0 0 0],322,35,record reader may passed codecombinefilerecordreadercode used codecombinefileinputformatcodeequivalent codesequencefileinputformatcode see combinefilerecordreader see combinefileinputformat see sequencefileinputformat
8731,[1 0 0 0 0 0 0],72,8,constructor signature required combinefilerecordreader
8733,[0 0 0 1 0 0 0],22,4,param shell shell
8735,[0 0 0 1 0 0 0],47,8,param shellprovider provider shell
8738,[1 0 0 0 0 0 0],25,5,handle key release
8739,[1 0 0 0 0 0 0],95,14,create resourcenavigatorrenameaction use tree supplied viewer editing
8740,[1 0 0 0 0 0 0],95,14,create resourcenavigatorrenameaction use tree supplied viewer editing
8742,[0 1 0 0 0 0 0],112,15,contributor ibm corporation initial api implementation markus schorn wind river system
8743,[0 0 0 0 0 1 0],11,1,deprecated
8744,[1 0 0 0 0 0 0],16,2,stringformat
8745,[1 0 0 0 0 0 0],20,2,nullpointertester
8746,[1 0 0 0 0 0 0],59,7,depends correctness bigintegermathfactorial
8747,[1 0 0 0 0 0 0],12,3,slow
8748,[1 0 0 0 0 0 0],7,2,slow
8749,[1 0 0 0 0 0 0],7,2,slow
8751,[1 0 0 0 0 0 0],72,8,relies correctness sqrtbiginteger halfuphalfdown
8752,[1 0 0 0 0 0 0],116,28,sqrtx result x result result result result
8753,[1 0 0 0 0 0 0],119,28,sqrtx result x result result result result
8756,[0 0 0 0 0 0 1],67,13,expect exception x perfect square
8758,[0 0 0 0 0 0 1],104,18,figure rounding mode behave like depends floor oddeven
8759,[1 0 0 0 0 0 0],73,8,relies correctness logbiginteger halfuphalfdown
8760,[1 0 0 0 0 0 0],70,15,x result else would rounded
8761,[1 0 0 0 0 0 0],69,15,x result else would rounded
8762,[1 0 0 0 0 0 0],71,15,x result else would rounded
8763,[1 0 0 0 0 0 0],68,15,x result else would rounded
8764,[1 0 0 0 0 0 0],59,8,relies correctness logbiginteger floor
8767,[1 0 0 0 0 0 0],68,15,x result else would rounded
8769,[1 0 0 0 0 0 0],67,15,x result else would rounded
8771,[0 0 0 0 0 0 1],63,14,expect exception x power
8775,[1 0 0 0 0 0 0],66,11,test bigintegermath author louis wasserman
8777,[0 1 0 0 0 0 0],110,15,contributor markus schorn initial api implementation anton leherbauer wind river system
8778,[0 1 0 0 0 0 0],71,9,contributor ibm corporation initial api implementation
8779,[1 0 0 0 0 0 0],185,27,basic testing config based scannerconfigprofile management test run funcationality used discoverytab throw coreexception
8780,[1 0 0 0 0 0 0],60,5,test changing icfgscannerconfigbuilderinfoset setting
8782,[1 0 0 0 0 0 0],41,8,get setting invert
8783,[1 0 0 0 0 0 0],24,4,persist change
8785,[1 0 0 0 0 0 0],42,7,check change persisted
8786,[1 0 0 0 0 0 0],42,7,check change persisted
8787,[1 0 0 0 0 0 0],26,4,test restore default
8788,[1 0 0 0 0 0 0],33,5,save project description
8789,[1 0 0 0 0 0 0],40,7,check setting back original
8790,[0 0 0 1 0 0 0],91,9,return codetruecode nativehadoop loaded else codefalsecode
8792,[0 0 0 0 0 0 1],74,13,return true build compiled support snappy
8793,[0 0 0 0 0 0 1],73,13,return true build compiled support isal
8794,[0 0 0 0 0 0 1],75,13,return true build compiled support openssl
8795,[1 0 0 0 0 0 0],210,32,helper load native hadoop code ie libhadoopso handle fallback either bundled libhadooplinuxiso default java implementation appropriate
8797,[1 0 0 0 0 0 0],31,5,ignore failure load
8798,[0 1 0 0 0 0 0],203,28,contributor john camelon ibm initial api implementation sergey prigogin google mike kucera ibm markus schorn wind river system sergey prigogin google
8800,[0 1 0 0 0 0 0],153,21,contributor william r swanson tilera corporation initial api implementation xavier raynaud kalray bug
8801,[1 0 0 0 0 0 0],37,4,multicorevisualizer thread object
8802,[1 0 0 0 0 0 0],40,6,thread pixie spot widthheight
8803,[1 0 0 0 0 0 0],70,12,minimum containing object size allow thread draw
8804,[1 0 0 0 0 0 0],19,4,parent cpu
8805,[1 0 0 0 0 0 0],32,5,visualizer model thread
8806,[1 0 0 0 0 0 0],68,12,whether thread part currently selected process
8807,[1 0 0 0 0 0 0],19,3,constructor
8810,[1 0 0 0 0 0 0],25,5,set parent core
8811,[1 0 0 0 0 0 0],33,6,get thread model object
8812,[1 0 0 0 0 0 0],24,5,get process id
8813,[1 0 0 0 0 0 0],23,5,get thread id
8814,[1 0 0 0 0 0 0],26,5,get thread state
8816,[1 0 0 0 0 0 0],50,8,get whether thread process selected
8817,[1 0 0 0 0 0 0],49,9,get thread color based current state
8818,[1 0 0 0 0 0 0],69,13,invoked allow element paint viewer canvas
8819,[1 0 0 0 0 0 0],56,9,draw alphashaded pixie light thread
8820,[1 0 0 0 0 0 0],70,11,special case process thread draw enclosing circle
8821,[0 0 1 0 0 0 0],142,27,subtract one width height case drawoval method add pixel value reason
8822,[1 0 0 0 0 0 0],27,4,draw text annotation
8825,[0 0 0 0 0 0 1],35,6,draw selection marker
8828,[0 1 0 0 0 0 0],99,14,contributor qnx initial api implementation markus schorn wind river system
8829,[0 1 0 0 0 0 0],73,10,contributor wind river system initial api implementation
8830,[0 0 0 1 0 0 0],13,3,since
8831,[1 0 0 0 0 0 0],82,10,breakpoints vm model proxy includes icheckboxmodelproxy implementation
8832,[0 1 0 0 0 0 0],75,10,contributor qnx software system initial api implementation
8834,[0 0 0 0 1 0 0],187,5,see orgeclipsecorefilebuffersidocumentsetupparticipantextensionsetuporgeclipsejfacetextidocument orgeclipsecoreruntimeipath orgeclipsecorefilebufferslocationkind
8837,[0 1 0 0 0 0 0],109,14,contributor qnx software system initial api implementation andrew ferguson symbian
8840,[1 0 0 0 0 0 0],31,4,initialize resource bundle
8841,[1 0 0 0 0 0 0],48,8,class type constructor called
8843,[0 0 0 1 0 0 0],36,6,param state starting state
8844,[0 0 0 1 0 0 0],22,4,return state
8845,[0 0 0 1 0 0 0],39,6,param proposed proposed new state
8846,[0 0 0 1 0 0 0],22,4,return state
8847,[0 0 0 1 0 0 0],43,6,param expectedstate desired state
8848,[0 0 0 1 0 0 0],39,6,param proposed proposed new state
8850,[0 0 0 1 0 0 0],50,10,param name name service null
8852,[0 0 0 1 0 0 0],39,6,param proposed proposed new state
8853,[0 0 0 1 0 0 0],33,5,param current current state
8854,[0 0 0 1 0 0 0],59,12,return true transition new state valid
8855,[0 0 0 1 0 0 0],39,6,param proposed proposed new state
8856,[0 0 0 1 0 0 0],44,6,return current state description
8857,[1 0 0 0 0 0 0],50,9,return state text tostring value
8858,[1 0 0 0 0 0 0],239,40,state transition valid check currentproposed considered nontransition using array kill branch misprediction cost expense cache line miss
8859,[1 0 0 0 0 0 0],81,16,check state tansition valid throw exception
8860,[1 0 0 0 0 0 0],35,6,atomic write new state
8862,[1 0 0 0 0 0 0],52,11,verify service given state
8863,[1 0 0 0 0 0 0],48,10,query state specific state
8866,[0 0 0 0 1 0 0],29,2,link servicestatenotinited
8867,[1 0 0 0 0 0 0],81,11,create service state model link servicestatenotinited state
8869,[1 0 0 0 0 0 0],29,6,state service
8871,[1 0 0 0 0 0 0],15,3,uninited
8872,[1 0 0 0 0 0 0],15,3,inited
8873,[1 0 0 0 0 0 0],15,3,started
8876,[1 0 0 0 0 0 0],38,6,implement service state model
8878,[0 0 0 1 0 0 0],102,13,param informationdisplaystring string displayed presenting context information
8880,[0 0 0 1 0 0 0],81,12,param contextdisplaystring string used presenting context
8881,[0 0 0 1 0 0 0],133,17,param informationdisplaystring string displayed presenting context information may codenullcode
8882,[1 0 0 0 0 0 0],363,54,creates new context information image param image image display presenting context information param contextdisplaystring string used presenting context param informationdisplaystring string displayed presenting context information may codenullcode
8884,[1 0 0 0 0 0 0],33,7,image displayed
8886,[1 0 0 0 0 0 0],39,7,information displayed
8887,[1 0 0 0 0 0 0],31,7,name context
8888,[0 1 0 0 0 0 0],18,3,author aniefer
8889,[0 1 0 0 0 0 0],75,10,contributor ibm corp rational software initial implementation
8890,[1 0 0 0 0 0 0],25,6,created may
8891,[1 0 0 0 0 0 0],41,9,nonha case need set rmid
8894,[1 0 0 0 0 0 0],203,37,preserve token service sent rm adding token ensure replace previous token setup rm afterwards update service address rpc layer
8895,[1 0 0 0 0 0 0],162,24,extends abstractrequestinterceptor class provides implementation simply forward request cluster resource manager
8896,[1 0 0 0 0 0 0],56,8,method compressor availability check
8897,[1 0 0 0 0 0 0],29,3,compressed byte
8900,[1 0 0 0 0 0 0],40,4,create decompression stream
8901,[1 0 0 0 0 0 0],61,8,use compressed output input decompression
8903,[1 0 0 0 0 0 0],32,2,decompressorend
8905,[0 1 0 0 0 0 0],137,18,contributor institute software initial api implementation sergey prigogin google thomas corbat ifs
8906,[0 1 0 0 0 0 0],27,5,author emanuel graf ifs
8908,[1 0 0 0 0 0 0],154,27,base class node writer class contains method string constant used multiple node writer author emanuel graf ifs
8909,[1 0 0 0 0 0 0],70,14,default true doubt leave file cache
8910,[1 0 0 0 0 0 0],42,7,create file length entry
8911,[1 0 0 0 0 0 0],54,9,generate number file various length
8912,[1 0 0 0 0 0 0],24,4,check split
8913,[1 0 0 0 0 0 0],98,18,single split length comfortably smaller block size
8914,[1 0 0 0 0 0 0],43,8,create combine split file
8915,[1 0 0 0 0 0 0],45,8,create file variety length
8919,[1 0 0 0 0 0 0],27,6,typedefs c
8921,[0 1 0 0 0 0 0],115,16,contributor doug schaefer qnx initial api implementation markus schorn wind river system
8922,[0 0 0 0 1 0 0],73,3,see javaxservletservletcontextdeclarerolesjavalangstring
8923,[0 0 0 0 1 0 0],57,3,see javaxservletservletcontextgetclassloader
8924,[0 0 0 0 1 0 0],65,3,see javaxservletservletcontextgetjspconfigdescriptor
8926,[0 0 0 0 1 0 0],69,3,see javaxservletservletcontextaddlistenerjavalangclass
8928,[0 0 0 0 1 0 0],70,3,see javaxservletservletcontextaddlistenerjavalangstring
8929,[0 0 0 0 1 0 0],75,3,see javaxservletservletcontextgeteffectivesessiontrackingmodes
8931,[0 0 0 0 1 0 0],79,3,see javaxservletservletcontextsetsessiontrackingmodesjavautilset
8932,[0 0 0 0 1 0 0],65,3,see javaxservletservletcontextgetsessioncookieconfig
8933,[0 0 0 0 1 0 0],65,3,see javaxservletservletcontextgetfilterregistrations
8934,[0 0 0 0 1 0 0],80,3,see javaxservletservletcontextgetfilterregistrationjavalangstring
8935,[0 0 0 0 1 0 0],70,3,see javaxservletservletcontextcreatefilterjavalangclass
8936,[0 0 0 0 1 0 0],85,4,see javaxservletservletcontextaddfilterjavalangstring javalangclass
8937,[0 0 0 0 1 0 0],91,4,see javaxservletservletcontextaddfilterjavalangstring javaxservletfilter
8938,[0 0 0 0 1 0 0],86,4,see javaxservletservletcontextaddfilterjavalangstring javalangstring
8940,[0 0 0 0 1 0 0],81,3,see javaxservletservletcontextgetservletregistrationjavalangstring
8941,[0 0 0 0 1 0 0],71,3,see javaxservletservletcontextcreateservletjavalangclass
8942,[0 0 0 0 1 0 0],86,4,see javaxservletservletcontextaddservletjavalangstring javalangclass
8943,[0 0 0 0 1 0 0],92,4,see javaxservletservletcontextaddservletjavalangstring javaxservletservlet
8944,[0 0 0 0 1 0 0],87,4,see javaxservletservletcontextaddservletjavalangstring javalangstring
8946,[0 0 0 0 1 0 0],67,3,see javaxservletservletcontextgeteffectiveminorversion
8947,[0 0 0 0 1 0 0],67,3,see javaxservletservletcontextgeteffectivemajorversion
8948,[0 0 0 0 1 0 0],57,3,see javaxservletservletcontextgetcontextpath
8949,[0 0 0 0 1 0 0],64,3,see javaxservletservletcontextgetservletcontextname
8950,[0 0 0 0 1 0 0],74,3,see javaxservletservletcontextremoveattributejavalangstring
8951,[0 0 0 0 1 0 0],89,4,see javaxservletservletcontextsetattributejavalangstring javalangobject
8952,[0 0 0 0 1 0 0],60,3,see javaxservletservletcontextgetattributenames
8953,[0 0 0 0 1 0 0],71,3,see javaxservletservletcontextgetattributejavalangstring
8954,[0 0 0 0 1 0 0],64,3,see javaxservletservletcontextgetinitparameternames
8955,[0 0 0 0 1 0 0],75,3,see javaxservletservletcontextgetinitparameterjavalangstring
8956,[0 0 0 0 1 0 0],56,3,see javaxservletservletcontextgetserverinfo
8957,[0 0 0 0 1 0 0],70,3,see javaxservletservletcontextgetrealpathjavalangstring
8960,[0 0 0 0 1 0 0],62,3,see javaxservletservletcontextlogjavalangstring
8961,[0 0 0 0 1 0 0],58,3,see javaxservletservletcontextgetservletnames
8963,[0 0 0 0 1 0 0],69,3,see javaxservletservletcontextgetservletjavalangstring
8964,[0 0 0 0 1 0 0],77,3,see javaxservletservletcontextgetnameddispatcherjavalangstring
8965,[0 0 0 0 1 0 0],79,3,see javaxservletservletcontextgetrequestdispatcherjavalangstring
8966,[0 0 0 0 1 0 0],78,3,see javaxservletservletcontextgetresourceasstreamjavalangstring
8968,[0 0 0 0 1 0 0],75,3,see javaxservletservletcontextgetresourcepathsjavalangstring
8969,[0 0 0 0 1 0 0],70,3,see javaxservletservletcontextgetmimetypejavalangstring
8970,[0 0 0 0 1 0 0],58,3,see javaxservletservletcontextgetminorversion
8972,[0 0 0 0 1 0 0],69,3,see javaxservletservletcontextgetcontextjavalangstring
8973,[0 1 0 0 0 0 0],21,4,author vaadin ltd
8975,[0 0 0 0 1 0 0],126,3,see orgeclipsejfaceviewersiselectionchangedlistenerselectionchangedorgeclipsejfaceviewersselectionchangedevent
8976,[0 0 0 0 1 0 0],93,3,see orgeclipsejfacedialogsdialogcreatedialogareaorgeclipseswtwidgetscomposite
8979,[0 0 0 0 0 1 0],92,17,deprecated cdt class used property page x style project
8980,[0 1 0 0 0 0 0],74,10,contributor qnx software system initial api implementation
8981,[0 0 0 1 0 0 0],39,6,param input tree input
8982,[0 0 0 1 0 0 0],35,5,param filter filter
8985,[1 0 0 0 0 0 0],49,8,handle cancel button pressed event
8986,[1 0 0 0 0 0 0],25,4,creates tree viewer
8988,[0 0 0 1 0 0 0],27,5,return tree viewer
8991,[1 0 0 0 0 0 0],35,6,needed stop eclipse whining
8992,[1 0 0 0 0 0 0],90,15,reset content sortedmultiset entry c navigation test
8993,[1 0 0 0 0 0 0],37,7,test assume several
8996,[1 0 0 0 0 0 0],41,7,try sending old request
8998,[1 0 0 0 0 0 0],55,9,trigger scheduling get launched
8999,[1 0 0 0 0 0 0],55,8,class test hadoop streaming streamjob class
9000,[1 0 0 0 0 0 0],154,27,hotornotcom unit test make sure standby namespace information also correct block report etc
9001,[1 0 0 0 0 0 0],56,10,read standby watch block location
9002,[1 0 0 0 0 0 0],70,14,force edit log roll standby catch
9004,[1 0 0 0 0 0 0],101,17,trigger immediate heartbeat block report active trust dns
9005,[1 0 0 0 0 0 0],27,3,change replication
9006,[1 0 0 0 0 0 0],25,5,change back
9007,[1 0 0 0 0 0 0],383,72,regression test hdfs start ha cluster dn write several block f replication shutdown dn wait nns declare dn dead block underreplicated restart dn bug standby node would slowly notice block returning cluster
9009,[1 0 0 0 0 0 0],25,4,create block
9010,[1 0 0 0 0 0 0],21,4,stop dn
9011,[1 0 0 0 0 0 0],48,9,make sure nns register dead
9012,[1 0 0 0 0 0 0],120,19,sbn block neededreplication queue since sbn doesnt process replication
9015,[0 0 0 0 1 0 0],72,3,see orgeclipsecdtdsfdebugserviceabstractinstructiongetsize
9016,[0 0 0 1 0 0 0],51,6,return opcode byte codebigintegercode
9017,[0 0 0 1 0 0 0],67,8,param string space separated hexadecimal byte array
9018,[0 0 0 1 0 0 0],52,6,return address value codebigintegercode
9019,[0 0 0 1 0 0 0],93,11,param string decimal hexadecimal representation nonnegative integer
9020,[1 0 0 0 0 0 0],795,80,parse assembly instruction result instruction following field address function name offset instruction addressxcfuncnamemainoffsetinstmov addressxcfuncnamemainoffsetinstsethi hix addressxfuncnamemainoffsetinstrestore instruction may also contain opcode byte addressxbfuncnamemainoffsetopcodese instcall xc main addition opcode argument extracted form assembly instruction
9021,[1 0 0 0 0 0 0],164,26,instruction want c string translated string since thing displaying
9022,[1 0 0 0 0 0 0],92,13,avoid improper displaying instruction need translate tab
9023,[1 0 0 0 0 0 0],55,5,count nonwhitespace character
9024,[1 0 0 0 0 0 0],49,5,skip whitespace character
9025,[1 0 0 0 0 0 0],36,4,guard argument
9027,[1 0 0 0 0 0 0],224,32,decode given string representation space separated hex encoded byte array param string space separated hexadecimal byte array return opcode byte codebigintegercode
9028,[1 0 0 0 0 0 0],62,10,removing space separation parse single big integer
9029,[1 0 0 0 0 0 0],26,4,parsed information
9031,[0 1 0 0 0 0 0],68,9,contributor ibm corporation initial api implementation
9032,[1 0 0 0 0 0 0],33,7,file generated lpg
9033,[0 1 0 0 0 0 0],68,9,contributor ibm corporation initial api implementation
9035,[0 1 0 0 0 0 0],68,9,contributor ibm corporation initial api implementation
9036,[1 0 0 0 0 0 0],33,7,file generated lpg
9037,[0 1 0 0 0 0 0],68,9,contributor ibm corporation initial api implementation
9038,[1 0 0 0 0 0 0],59,5,currently defined registryconstantscoresitexml
9042,[1 0 0 0 0 0 0],75,9,probably moved yarndefaultxml mapreddefaultxml
9043,[1 0 0 0 0 0 0],25,4,allocate usage
9044,[1 0 0 0 0 0 0],35,4,ignore deprecated property
9046,[1 0 0 0 0 0 0],112,16,ignore distributed scheduling related configuration since still work progress feature
9047,[1 0 0 0 0 0 0],54,7,ignore nodemanager work progress variable
9050,[1 0 0 0 0 0 0],34,5,specific property skip
9051,[1 0 0 0 0 0 0],22,4,set error mode
9052,[1 0 0 0 0 0 0],25,4,allocate usage
9055,[1 0 0 0 0 0 0],324,43,unit test class compare link orgapachehadoopyarnconfyarnconfiguration yarndefaultxml missing property currently throw error class missing property pp refer link orgapachehadoopconftestconfigurationfieldsbase class work
9057,[0 0 0 0 0 0 1],31,8,add new one
9058,[1 0 0 0 0 0 0],24,4,error stream reader
9059,[1 0 0 0 0 0 0],25,4,output stream reader
9061,[1 0 0 0 0 0 0],19,4,set color
9062,[0 1 0 0 0 0 0],128,17,contributor ibm corporation initial api implementation wind river system inc extended implementation
9064,[0 0 0 1 0 0 0],20,3,param viewer
9066,[0 0 0 1 0 0 0],31,5,param text action label
9067,[0 0 0 1 0 0 0],41,6,param tooltiptext action tool tip
9068,[0 0 0 1 0 0 0],44,5,param description action description
9069,[0 0 0 0 1 0 0],54,3,see orgeclipseuitexteditoriupdateupdate
9073,[1 0 0 0 0 0 0],103,18,update enabled state action fire property change enabled state change
9074,[1 0 0 0 0 0 0],93,16,construct new action given text viewer specified operation code
9080,[1 0 0 0 0 0 0],128,21,preference store present state property cc breakpoint tracepoint dynamicprintf
9081,[1 0 0 0 0 0 0],74,9,map current propertiesvalues maintainedmanipulated
9082,[0 0 1 0 0 0 0],213,36,original set value see really changed save perform appropriate change operation really want operate changed value avoid generating churn
9083,[0 0 0 0 1 0 0],32,2,link icbreakpointsourcehandle
9084,[0 0 0 1 0 0 0],82,11,param preferred resource use match sourcehandle
9085,[0 0 0 1 0 0 0],93,12,return resource install marker codenullcode available
9086,[1 0 0 0 0 0 0],167,30,get resource apply marker may resource dialog created user selected different resource
9087,[0 0 0 0 0 0 1],151,22,link icbreakpointsourcehandle resolve file filesystem preferred resource preferred resource used
9089,[1 0 0 0 0 0 0],203,5,breakpointgetmarkersetattributeimarkerlinenumber getintimarkerlinenumber breakpointgetmarkersetattributeiclinebreakpointrequestedline getintimarkerlinenumber
9090,[1 0 0 0 0 0 0],67,9,allow set attribute contributed plugins
9091,[1 0 0 0 0 0 0],96,16,safe refresh breakpoint message property change might affect
9092,[1 0 0 0 0 0 0],236,30,initial creation bp make sure requested value breakpoint match current value ie make sure start notrelocated breakpoint see cdidebugmodelsetlinebreakpointattributes
9093,[1 0 0 0 0 0 0],39,8,need fire event
9094,[0 0 0 0 1 0 0],33,2,code javautilarraylistinit
9095,[0 0 0 0 1 0 0],30,2,code javautilarraylistsize
9096,[0 0 0 0 1 0 0],29,2,code javautillistremove
9098,[0 0 0 0 1 0 0],18,2,code methodclass
9100,[1 0 0 0 0 0 0],96,11,return code fieldclass code methodclass code constructorclass
9101,[1 0 0 0 0 0 0],170,19,format member concise string code javautilarraylistsize code javautilarraylistinit code javautillistremove
9102,[1 0 0 0 0 0 0],19,3,class utility
9103,[0 0 0 1 0 0 0],16,3,param conf
9104,[1 0 0 0 0 0 0],60,10,method generate home directory dummy user
9109,[0 0 1 0 0 0 0],265,48,acl entry applied directory child otherwise acl defined unlike access acl entry default acl entry inspected part permission enforcement directory owns
9111,[1 0 0 0 0 0 0],57,11,specifies scope intended usage acl entry
9112,[1 0 0 0 0 0 0],134,25,exit status value associated exit status directly mapped process exit code command line
9113,[0 0 0 1 0 0 0],44,8,return command line exit code
9114,[1 0 0 0 0 0 0],108,19,interface used choosing desired number target placing block replica
9115,[1 0 0 0 0 0 0],122,16,choose inumofreplicasi data node iwriteri rereplicate block size iblocksizei
9116,[0 0 0 0 0 0 1],38,9,return many
9117,[0 0 0 1 0 0 0],74,12,param srcpath file choosetargets invoked
9119,[0 0 0 1 0 0 0],68,12,param writer writer machine null cluster
9120,[0 0 0 1 0 0 0],62,10,param chosen datanodes chosen target
9122,[0 0 0 1 0 0 0],77,11,param excludednodes datanodes considered target
9124,[0 0 0 1 0 0 0],40,6,param flag block placement flag
9127,[0 0 0 1 0 0 0],37,6,param locs block location
9129,[0 0 0 1 0 0 0],39,6,return result verification
9130,[0 0 0 1 0 0 0],57,5,param availablereplicas available replica
9131,[0 0 0 1 0 0 0],220,28,param delcandidates candidate deletion normal replication set availablereplicas striped block set subset availablereplicas
9134,[0 0 0 1 0 0 0],51,6,param addednode new replica reported
9135,[0 0 0 1 0 0 0],66,8,param delnodehint hint excess storage selection
9136,[0 0 0 1 0 0 0],68,11,return return list excess replica chosen deletion
9138,[0 0 0 1 0 0 0],51,8,param stats retrieve cluster status
9139,[0 0 0 1 0 0 0],39,5,param clustermap cluster topology
9140,[0 0 0 1 0 0 0],63,9,param candidate replica including source target
9143,[0 0 0 1 0 0 0],46,9,param rackmap map rack replica
9144,[0 0 0 1 0 0 0],97,16,param morethanone list replica node rack one replica
9145,[0 0 0 1 0 0 0],78,14,param exactlyone list replica node rack one replica
9146,[0 0 0 1 0 0 0],41,7,param cur current replica remove
9147,[0 0 0 1 0 0 0],30,6,return rack data node
9152,[0 0 0 1 0 0 0],59,8,param exactlyone remains contains remaining node
9153,[1 0 0 0 0 0 0],141,25,split data node two set one set includes node rack one replica set contains remaining node
9154,[1 0 0 0 0 0 0],37,8,get rack string data node
9155,[1 0 0 0 0 0 0],66,10,exactlyone contains node rack one replica
9156,[1 0 0 0 0 0 0],72,11,morethanone contains node rack one replica
9157,[1 0 0 0 0 0 0],79,11,adjust rackmap morethanone exactlyone removing replica cur
9158,[1 0 0 0 0 0 0],68,13,check move allowed used balancer tool
9159,[1 0 0 0 0 0 0],123,17,used setup blockplacementpolicy object defined implementation blockplacementpolicy
9162,[1 0 0 0 0 0 0],180,28,class provide functionality placing block favored datanodes implementation class expected provide functionality
9163,[0 1 0 0 0 0 0],115,14,contributor sergey prigogin google initial api implementation marcandre laperle ericsson
9164,[1 0 0 0 0 0 0],50,8,write document respective file
9165,[1 0 0 0 0 0 0],160,29,getting mean replace taken care previous code otherwise removed subsequent code removed case
9166,[1 0 0 0 0 0 0],95,17,somewhat edgecase file one qt project moved different qt project
9167,[0 0 0 0 0 0 1],192,35,successfully replaced variable continue line executed mean failed replace file added subsequent code added case
9170,[1 0 0 0 0 0 0],97,16,cache project file containing project read content document
9175,[1 0 0 0 0 0 0],84,14,performs reduction writing input value directly output
9176,[1 0 0 0 0 0 0],55,10,writes key value directly output
9179,[0 0 0 0 1 0 0],95,3,see orgeclipsecdtinternaluipreferencesformattermodifydialogtabpageinitializepage
9180,[0 0 0 0 1 0 0],133,3,see orgeclipsecdtinternaluipreferencesformattermodifydialogtabpagedocreatecprevieworgeclipseswtwidgetscomposite
9181,[0 0 0 0 1 0 0],138,4,see orgeclipsecdtinternaluipreferencesformattermodifydialogtabpagedocreatepreviewpaneorgeclipseswtwidgetscomposite int
9182,[0 0 0 0 1 0 0],138,4,see orgeclipsecdtinternaluipreferencesformattermodifydialogtabpagedocreatepreferencesorgeclipseswtwidgetscomposite int
9183,[0 0 0 0 1 0 0],19,3,see treeviewer
9184,[1 0 0 0 0 0 0],30,6,line wrapping tab page
9185,[1 0 0 0 0 0 0],43,6,represents line wrapping category
9186,[0 0 0 1 0 0 0],30,5,param name category name
9187,[1 0 0 0 0 0 0],55,10,order select category preview initially
9188,[0 0 0 1 0 0 0],23,3,param modifydialog
9190,[0 0 0 1 0 0 0],39,6,return create category tree
9191,[1 0 0 0 0 0 0],27,4,selection state object
9192,[1 0 0 0 0 0 0],27,3,combo indentstylecombo
9193,[1 0 0 0 0 0 0],38,5,label select indentation style
9195,[1 0 0 0 0 0 0],26,3,combo splitstylecombo
9197,[1 0 0 0 0 0 0],40,8,create new line wrapping tab page
9198,[1 0 0 0 0 0 0],39,8,key preview line width
9199,[1 0 0 0 0 0 0],67,12,special option store wherein preview line width kept
9200,[1 0 0 0 0 0 0],46,9,object containing state ui
9203,[1 0 0 0 0 0 0],91,16,collection containing category tree used model tree viewer
9204,[1 0 0 0 0 0 0],24,4,dialog setting
9205,[1 0 0 0 0 0 0],75,14,key save user preview window width dialog setting
9207,[0 0 0 0 1 0 0],10,2,link long
9216,[1 0 0 0 0 0 0],280,40,creates validator checking long within given range default range inclusive ie minvalue maxvalue valid value use link setminvalueincludedboolean link setmaxvalueincludedboolean change
9217,[0 1 0 0 0 0 0],254,28,contributor ibm corporation initial implementation markus schorn wind river system bryan wilkinson qnx httpsbugseclipseorgbugsshowbugcgiid anton leherbauer wind river system richard eames
9219,[1 0 0 0 0 0 0],60,10,alternate keywords replaced
9221,[0 0 1 0 0 0 0],294,43,integer constant written binary nonstandard extension supported gcc since c compiler consist prefix b b followed sequence digit see httpgccgnuorgonlinedocsgccbinaryconstantshtml
9222,[1 0 0 0 0 0 0],15,3,return early
9223,[1 0 0 0 0 0 0],38,8,suffix cannot start number
9226,[1 0 0 0 0 0 0],32,7,rest suffix
9227,[1 0 0 0 0 0 0],66,12,load parse data file converting dataframe
9228,[1 0 0 0 0 0 0],113,20,index label adding metadata label column fit whole dataset include label index
9229,[1 0 0 0 0 0 0],152,22,automatically identify categorical feature index set maxcategories feature distinct value treated continuous
9230,[1 0 0 0 0 0 0],76,14,split data training test set held testing
9231,[1 0 0 0 0 0 0],25,5,train gbt model
9232,[1 0 0 0 0 0 0],54,8,convert indexed label back original label
9233,[1 0 0 0 0 0 0],43,8,chain indexer gbt pipeline
9234,[1 0 0 0 0 0 0],49,8,train model also run indexer
9236,[1 0 0 0 0 0 0],38,6,select example row display
9237,[1 0 0 0 0 0 0],61,9,select prediction true label compute test error
9239,[1 0 0 0 0 0 0],120,19,listens change doccomment ownership reinitializes editor safe superset need reopening
9240,[0 0 0 0 1 0 0],236,6,see orgeclipsecdtuitextdoctoolsidoccommentownershiplistenerownershipchangedorgeclipsecoreresourcesiresource boolean orgeclipsecdtuitextdoctoolsidoccommentowner orgeclipsecdtuitextdoctoolsidoccommentowner
9243,[0 0 0 1 0 0 0],17,3,param window
9244,[0 0 0 1 0 0 0],78,14,param resource may null indicate cdt editor reopened
9245,[0 0 0 1 0 0 0],153,23,return array link ieditorpart object might need reinitialized based doccomment ownership specified resource changing
9246,[1 0 0 0 0 0 0],75,13,could smarter determining smaller set editor reopen
9247,[0 1 0 0 0 0 0],54,8,contributor ibm initial api implementation
9251,[0 0 0 1 0 0 0],13,3,since
9252,[1 0 0 0 0 0 0],99,15,interface represents given build macro client may implement extend interface
9253,[1 0 0 0 0 0 0],28,6,hold text string
9254,[1 0 0 0 0 0 0],44,9,hold array text string value
9255,[1 0 0 0 0 0 0],22,5,hold file path
9256,[1 0 0 0 0 0 0],42,9,hold array file path value
9258,[1 0 0 0 0 0 0],41,9,hold array dir path value
9259,[1 0 0 0 0 0 0],35,8,hold file dir path
9261,[1 0 0 0 0 0 0],26,5,return macro name
9262,[0 0 0 1 0 0 0],36,3,return ibuildmacrovaluexxx
9264,[0 0 0 0 1 0 0],59,2,link comgooglecommoncollecttestingmaptestsuitebuilder
9265,[0 1 0 0 0 0 0],32,5,author george van den driessche
9267,[1 0 0 0 0 0 0],47,7,many unchecked generic array creation
9268,[1 0 0 0 0 0 0],109,19,generic junit test test code remove operation map cant invoked directly please see
9270,[1 0 0 0 0 0 0],16,2,success
9271,[1 0 0 0 0 0 0],16,2,success
9273,[1 0 0 0 0 0 0],179,29,prerequisite special target target shall case command associated written standard output executed
9275,[0 0 0 1 0 0 0],76,12,noimplement interface intended implemented client
9276,[0 1 0 0 0 0 0],73,10,contributor wind river system initial api implementation
9278,[0 0 0 0 1 0 0],20,2,link idatagenerator
9280,[0 0 0 1 0 0 0],45,8,param index index value return
9281,[0 0 0 1 0 0 0],44,7,return cache object given value
9282,[1 0 0 0 0 0 0],58,10,reset count cache value cache
9283,[1 0 0 0 0 0 0],39,5,reset selected value cache
9284,[1 0 0 0 0 0 0],52,10,return cache value given index
9285,[1 0 0 0 0 0 0],50,8,return cache data generator count
9287,[1 0 0 0 0 0 0],97,16,map cache retrieving value value index separate cache value object
9292,[1 0 0 0 0 0 0],66,10,cache class retrieving data generator value
9295,[1 0 0 0 0 0 0],140,22,wrapper class link idatagenerator interface return acpm cache object use data retrieval instead calling
9296,[1 0 0 0 0 0 0],115,18,rovides mechanism get various resource handler cpu memory network disk etc based configuration
9298,[0 0 1 0 0 0 0],195,32,return possibly null reference cgroupshandler handler nonnull one known cgroupsbased resource handler use initialized
9301,[1 0 0 0 0 0 0],54,8,class used initialize default preference value
9302,[0 0 0 0 1 0 0],106,3,see orgeclipsecoreruntimepreferencesabstractpreferenceinitializerinitializedefaultpreferences
9304,[0 0 0 1 0 0 0],44,5,param name attribute name
9307,[0 0 0 1 0 0 0],44,8,return success nonzero value error
9309,[1 0 0 0 0 0 0],77,9,mf order must correspond manifestjarfile order
9311,[1 0 0 0 0 0 0],40,7,check manifest ok
9312,[1 0 0 0 0 0 0],51,8,write manifest temporary file
9314,[1 0 0 0 0 0 0],38,7,writes manifest given jar file
9316,[1 0 0 0 0 0 0],57,9,writes manifest attribute temporary buffer
9318,[0 1 0 0 0 0 0],21,4,author vaadin ltd
9319,[1 0 0 0 0 0 0],62,10,test check ability reschedule event unlimited time
9320,[1 0 0 0 0 0 0],46,7,reschedule event first time
9321,[1 0 0 0 0 0 0],47,7,reschedule event second time
9322,[1 0 0 0 0 0 0],26,6,dnd event axis
9323,[0 0 1 0 0 0 0],886,173,represents expansion qenums macro within class declaration pre class b public qobject qobject enum e enumerator qenums e class q public qobject qobject qenums e qenums e enum e ea eb enum e e pre note httpqtprojectorgdocqtqobjecthtmlqenums blockquote want register enum declared another class enum must fully qualified name class defining addition class defining enum inherit qobject well declare enum using qenums blockquote lookup c enum need look class spec name qualified qualified need find qobject look qenums
9324,[0 0 1 0 0 0 0],201,35,return name enumerator referenced parameter qenums macro expansion sample code class declaration would return e e
9325,[0 0 1 0 0 0 0],366,61,return unsorted collection enumerator contained enum reference qenums macro expansion p note would nice textual order enumerator preserved underlying cdt index link enumeratorgetordinal method used recover ordering information
9326,[0 0 1 0 0 0 0],163,28,return true enumeration introduced qt metaobject system qflags expansion false introduced qenums
9327,[0 0 1 0 0 0 0],160,28,small wrapper class enumerator declared within enum referenced parameter qenums macro expansion
9328,[1 0 0 0 0 0 0],40,7,return name enumerator
9330,[1 0 0 0 0 0 0],33,7,file generated lpg
9335,[0 0 0 0 1 0 0],15,2,link flushable
9336,[0 0 0 0 1 0 0],17,2,code ioexception
9337,[0 0 0 0 1 0 0],17,2,code ioexception
9338,[0 0 0 0 1 0 0],11,2,code flush
9342,[0 0 0 0 1 0 0],21,2,see closeablesclose
9344,[0 0 0 0 1 0 0],17,2,code ioexception
9345,[0 0 0 0 1 0 0],15,2,code flushable
9346,[0 0 0 1 0 0 0],65,10,param flushable code flushable object flushed
9347,[0 0 0 1 0 0 0],65,10,param flushable code flushable object flushed
9348,[0 0 0 1 0 0 0],108,15,param swallowioexception true dont propagate io exception thrown code flush method
9349,[0 0 0 1 0 0 0],13,3,since
9351,[1 0 0 0 0 0 0],62,9,utility method working link flushable object
9352,[1 0 0 0 0 0 0],95,15,flush link flushable control whether code ioexception may thrown
9353,[0 0 0 0 0 0 1],108,16,pif code swallowioexception true dont rethrow code ioexception merely log
9354,[0 0 0 0 1 0 0],24,2,code swallowioexception
9355,[1 0 0 0 0 0 0],109,15,equivalent calling code flushflushable true code ioexception signature
9356,[0 0 0 0 1 0 0],36,2,link comvaadinclientuivtabsheet
9357,[0 0 0 0 1 0 0],45,2,link comgooglegwtuserclientuideckpanel
9358,[1 0 0 0 0 0 0],36,4,widget wrapper height
9359,[1 0 0 0 0 0 0],32,4,widget wrapper height
9360,[1 0 0 0 0 0 0],42,3,vtabsheettabsheetpanel height
9361,[1 0 0 0 0 0 0],63,9,height widget might changed due wrapping
9362,[1 0 0 0 0 0 0],22,3,width first
9364,[1 0 0 0 0 0 0],103,17,show widget specified index cause currently visible widget hidden
9365,[0 0 0 1 0 0 0],66,11,param index index widget shown
9366,[0 0 0 1 0 0 0],79,11,param beforeindex index inserted
9367,[0 0 0 1 0 0 0],52,8,param w widget inserted
9368,[0 0 0 1 0 0 0],34,5,return visible widget index
9370,[1 0 0 0 0 0 0],119,27,panel display child widget deck one visible time used
9371,[1 0 0 0 0 0 0],214,29,class basic functionality gwt deckpanel link comgooglegwtuserclientuideckpanel exception doesnt manipulate child widget width height attribute
9372,[1 0 0 0 0 0 0],39,6,creates empty tabsheet panel
9373,[1 0 0 0 0 0 0],45,8,add specified widget deck
9374,[1 0 0 0 0 0 0],54,8,get index currentlyvisible widget
9375,[1 0 0 0 0 0 0],51,8,insert widget specified index
9377,[0 0 0 0 1 0 0],7,2,code
9378,[0 0 0 0 1 0 0],10,2,link get
9379,[0 0 0 0 1 0 0],28,2,link throwingproviderbinder
9383,[1 0 0 0 0 0 0],65,14,problem opening log file log console
9391,[1 0 0 0 0 0 0],29,6,end test sequence
9392,[1 0 0 0 0 0 0],59,9,maximum error considering bigsmall bucket
9394,[1 0 0 0 0 0 0],38,6,test partitioner pattern
9396,[1 0 0 0 0 0 0],42,5,inject resource initially
9400,[1 0 0 0 0 0 0],74,12,handler link gridclickevents happen header grid
9401,[0 1 0 0 0 0 0],103,14,contributor intel corporation initial api implementation james blackburn broadcom corp
9403,[0 0 0 1 0 0 0],44,6,return scanner discovered entry level
9404,[0 0 0 1 0 0 0],70,10,param emptyvaluesinfos list unresolved entry added
9405,[0 0 0 1 0 0 0],40,5,return userentryinfo never null
9406,[1 0 0 0 0 0 0],76,11,extending singlebrowsertest include test test suite
9407,[0 1 0 0 0 0 0],146,19,contributor ibm corporation initial api implementation anton leherbauer wind river system sergey prigogin google
9408,[0 0 0 0 1 0 0],15,2,see ctypehover
9410,[0 0 0 0 1 0 0],58,4,see iinformationprovidergetsubjectitextviewer int
9411,[0 0 0 0 1 0 0],157,4,see orgeclipsejfacetextinformationiinformationproviderextensiongetinformationorgeclipsejfacetextitextviewer orgeclipsejfacetextiregion
9413,[1 0 0 0 0 0 0],45,6,default presentation control creator
9414,[1 0 0 0 0 0 0],40,6,part listener handling editor close
9415,[1 0 0 0 0 0 0],28,4,default control creator
9416,[1 0 0 0 0 0 0],125,19,provides information current word cursor based documentation hover spelling correction hover
9417,[0 0 0 1 0 0 0],10,2,since
9418,[1 0 0 0 0 0 0],59,10,abstract base class read client output
9419,[1 0 0 0 0 0 0],104,17,initializes outputreader method called calling method
9420,[1 0 0 0 0 0 0],60,11,nothing yet might change future
9421,[1 0 0 0 0 0 0],58,10,read next keyvalue pair outputted client
9423,[1 0 0 0 0 0 0],31,5,return current value
9424,[1 0 0 0 0 0 0],57,11,return last output client string
9426,[0 0 0 1 0 0 0],41,7,return number apps submitted
9427,[0 0 0 1 0 0 0],66,8,param numappssubmitted number apps submitted
9428,[0 0 0 1 0 0 0],39,7,return number running apps
9429,[0 0 0 1 0 0 0],62,8,param numappsrunning number running apps
9430,[0 0 0 1 0 0 0],39,7,return number pending apps
9433,[0 0 0 1 0 0 0],66,8,param numappscompleted number completed apps
9437,[0 0 0 1 0 0 0],60,8,param numappsfailed number failed apps
9439,[0 0 0 1 0 0 0],63,8,param numactiveusers number active user
9440,[0 0 0 1 0 0 0],33,5,return available memory
9441,[0 0 0 1 0 0 0],59,6,param availablememorymb available memory
9442,[0 0 0 1 0 0 0],33,5,return allocated memory
9443,[0 0 0 1 0 0 0],58,6,param allocatedmemorymb allocate memory
9444,[0 0 0 1 0 0 0],31,5,return pending memory
9445,[0 0 0 1 0 0 0],56,6,param pendingmemorymb pending memory
9447,[0 0 0 1 0 0 0],57,6,param reservedmemorymb reserved memory
9449,[0 0 0 1 0 0 0],57,6,param availablevcores available vcores
9450,[0 0 0 1 0 0 0],33,5,return allocated vcores
9451,[0 0 0 1 0 0 0],57,6,param allocatedvcores allocated vcores
9452,[0 0 0 1 0 0 0],31,5,return pending vcores
9453,[0 0 0 1 0 0 0],53,6,param pendingvcores pending vcores
9455,[0 0 0 1 0 0 0],53,6,param pendingcontainers pending container
9457,[0 0 0 1 0 0 0],57,6,param allocatedcontainers allocated container
9459,[0 0 0 1 0 0 0],55,6,param reservedcontainers reserved container
9460,[0 0 0 1 0 0 0],32,5,return reserved vcores
9461,[0 0 0 1 0 0 0],56,6,param reservedvcores reserved vcores
9462,[1 0 0 0 0 0 0],28,5,set reserved vcores
9463,[1 0 0 0 0 0 0],28,5,get reserved vcores
9464,[1 0 0 0 0 0 0],43,7,set number reserved container
9466,[1 0 0 0 0 0 0],44,7,set number allocated container
9467,[1 0 0 0 0 0 0],42,7,set number pending container
9468,[1 0 0 0 0 0 0],42,7,get number pending container
9469,[1 0 0 0 0 0 0],27,5,set pending vcores
9470,[1 0 0 0 0 0 0],27,5,get pending vcores
9471,[1 0 0 0 0 0 0],29,5,set allocated vcores
9472,[1 0 0 0 0 0 0],29,5,get allocated vcores
9475,[1 0 0 0 0 0 0],34,7,set reserved memory mb
9476,[1 0 0 0 0 0 0],34,7,get reserved memory mb
9478,[1 0 0 0 0 0 0],33,7,get pending memory mb
9480,[1 0 0 0 0 0 0],35,7,get allocated memory mb
9481,[1 0 0 0 0 0 0],35,7,set available memory mb
9482,[1 0 0 0 0 0 0],35,7,get available memory mb
9483,[1 0 0 0 0 0 0],35,7,set number active user
9484,[1 0 0 0 0 0 0],35,7,get number active user
9486,[1 0 0 0 0 0 0],34,7,get number failed apps
9487,[1 0 0 0 0 0 0],34,7,set number killed apps
9488,[1 0 0 0 0 0 0],34,7,get number killed apps
9489,[1 0 0 0 0 0 0],37,7,set number completed apps
9490,[1 0 0 0 0 0 0],37,7,get number completed apps
9491,[1 0 0 0 0 0 0],35,7,set number pending apps
9493,[1 0 0 0 0 0 0],35,7,set number running apps
9494,[1 0 0 0 0 0 0],35,7,get number running apps
9495,[1 0 0 0 0 0 0],37,7,set number apps submitted
9496,[1 0 0 0 0 0 0],37,7,get number apps submitted
9499,[1 0 0 0 0 0 0],47,9,hack avoid innocuous race
9500,[1 0 0 0 0 0 0],67,9,temporarilly advance expiry updating cache
9501,[0 0 1 0 0 0 0],187,31,lastrecs might set object already another thread track fact lastrecs reset make sure refresh correctly triggered
9502,[1 0 0 0 0 0 0],49,9,case regular interval update running
9504,[1 0 0 0 0 0 0],28,5,represents mount entry
9505,[1 0 0 0 0 0 0],46,8,host corresponding mount entry
9506,[1 0 0 0 0 0 0],46,8,path corresponding mount entry
9507,[1 0 0 0 0 0 0],26,4,collect stats
9508,[1 0 0 0 0 0 0],12,2,operation
9511,[0 1 0 0 0 0 0],288,39,contributor ibm rational software initial api implementation anton leherbauer wind river system bryan wilkinson qnx markus schorn wind river system thomas corbat ifs sergey prigogin google mohamed azab mentor graphic
9512,[0 0 0 1 0 0 0],18,3,param project
9513,[0 0 0 1 0 0 0],48,10,return file opened editor
9514,[0 0 0 1 0 0 0],18,3,param result
9515,[0 0 0 1 0 0 0],74,10,param iscodecompletion completion code preprocessor etc
9516,[0 0 0 1 0 0 0],30,4,return filtered proposal
9518,[1 0 0 0 0 0 0],44,8,return content editor buffer
9519,[1 0 0 0 0 0 0],47,8,override relax checking extra result
9520,[1 0 0 0 0 0 0],45,7,filter proposal keep template
9523,[1 0 0 0 0 0 0],35,4,call ccontentassistprocessor
9524,[1 0 0 0 0 0 0],34,6,set project content
9525,[1 0 0 0 0 0 0],77,12,maintains information may used jobhistory indexing system
9530,[1 0 0 0 0 0 0],32,4,click back button
9531,[1 0 0 0 0 0 0],60,11,verify main view url correct
9532,[1 0 0 0 0 0 0],46,2,concurrentmodificationexception
9533,[0 0 0 0 1 0 0],32,3,link errorsmergeerrors merge
9534,[0 1 0 0 0 0 0],48,5,author jessewilsongooglecom jesse wilson
9536,[0 0 0 1 0 0 0],17,3,return ipath
9538,[0 0 0 1 0 0 0],19,4,return one
9540,[0 0 1 0 0 0 0],160,25,entry kind constant describing path entry identifying library library archive containing consisting precompiled binary
9541,[0 0 1 0 0 0 0],92,15,entry kind constant describing path entry identifying required project
9542,[0 0 1 0 0 0 0],120,20,entry kind constant describing path entry identifying folder containing source code compiled
9544,[0 0 1 0 0 0 0],93,16,entry kind constant describing path entry representing container id
9545,[0 0 1 0 0 0 0],97,16,entry kind constant describing path entry representing macro definition
9546,[0 0 1 0 0 0 0],63,10,entry kind constant describing output location
9548,[0 0 1 0 0 0 0],226,41,entry kind constant describing path entry representing file process file include file appeared first line source file macro definition kept
9549,[0 0 1 0 0 0 0],783,105,return kind path entry return one ul licodecdtsourcecode entry describes source root project licodecdtlibrarycode entry describes library licodecdtprojectcode entry describes another project licodecdtincludecode entry describes include path licodecdtmacrocode entry describes macro definition licodecdtcontainercode entry describes container id licodecdtoutputcode entry describes output location licodecdtincludefilecode entry describes file process include licodecdtmacrofilecode entry describes file containing macro definition
9550,[1 0 0 0 0 0 0],30,5,return affected ipath
9551,[0 0 0 1 0 0 0],13,3,since
9552,[0 1 0 0 0 0 0],21,4,author vaadin ltd
9553,[0 0 0 0 1 0 0],25,2,link progressbarrenderer
9556,[0 0 0 0 0 1 0],83,13,deprecated cdt option block used set preferencesproperties
9557,[0 1 0 0 0 0 0],114,15,contributor ibm corporation initial api implementation anton leherbauer wind river system
9558,[0 0 0 1 0 0 0],13,3,since
9559,[0 0 0 1 0 0 0],29,5,param viewer viewer
9561,[0 0 0 1 0 0 0],48,9,param parent shell parent dialog
9563,[0 0 0 1 0 0 0],74,14,param edit whether new template existing edited
9564,[0 0 0 1 0 0 0],76,12,param isnamemodifiable whether name template may modified
9565,[0 0 0 1 0 0 0],91,13,param iscontexttypemodifiable whether context type template may modified
9566,[0 0 0 1 0 0 0],52,9,param registry context type registry use
9569,[0 0 0 1 0 0 0],32,5,return created template
9571,[0 0 0 0 1 0 0],22,3,see actionrun
9572,[0 0 0 0 1 0 0],59,5,see actionfirepropertychangestring object object
9573,[1 0 0 0 0 0 0],29,6,dialog edit template
9575,[1 0 0 0 0 0 0],99,17,update enabled state action fire property change enabled state change
9576,[1 0 0 0 0 0 0],25,5,creates new dialog
9577,[1 0 0 0 0 0 0],15,2,file
9579,[0 1 0 0 0 0 0],40,5,author samebgooglecom sam berlin
9580,[1 0 0 0 0 0 0],29,5,specifies
9581,[1 0 0 0 0 0 0],31,6,doesnt specify
9582,[1 0 0 0 0 0 0],45,9,need otherwise string jit
9583,[1 0 0 0 0 0 0],92,14,calling get optionalinteger multiple time keep giving thing
9586,[1 0 0 0 0 0 0],45,6,rule javautiloptional
9587,[1 0 0 0 0 0 0],79,11,doublyinstalled module conflict even one overridden
9588,[1 0 0 0 0 0 0],88,13,providersof redefine equalshashcode use one time
9589,[1 0 0 0 0 0 0],22,4,found reflection
9591,[1 0 0 0 0 0 0],36,5,used disambiguate constructor
9592,[0 0 0 0 1 0 0],21,2,link scopesnoscope
9594,[1 0 0 0 0 0 0],73,13,ensure key hash code fixed injection time binding time
9595,[0 0 0 0 1 0 0],26,2,link elementsgetelements
9596,[1 0 0 0 0 0 0],134,25,assures u two binder equivalent expect instance added added one set
9597,[1 0 0 0 0 0 0],91,14,must identical marker annotation collapsed thing
9598,[1 0 0 0 0 0 0],71,7,test comgoogleinjectinternalweakkeyset leaking memory
9600,[0 0 1 0 0 0 0],295,43,test class testing gridlayoutexpandratio class empty name convention uiclassnametest gridlayoutexpandratiotest gridlayouthidemiddlecellstest behave way different ui class thats different name zero code
9601,[1 0 0 0 0 0 0],36,4,defaultretrypolicyenabled false
9603,[1 0 0 0 0 0 0],35,4,defaultretrypolicyenabled true
9606,[1 0 0 0 0 0 0],35,4,defaultretrypolicyenabled true
9609,[1 0 0 0 0 0 0],129,22,decoder converting rpc parameter value json transfer client server vice versa
9610,[1 0 0 0 0 0 0],51,7,immutable encode result representing null
9611,[1 0 0 0 0 0 0],35,5,immutable empty jsonarray
9614,[1 0 0 0 0 0 0],57,7,primitive type handled internally
9615,[1 0 0 0 0 0 0],86,14,uidlvalue special internal type wrapping type info value
9617,[1 0 0 0 0 0 0],100,14,legacy object string handled elsewhere take care generic array
9618,[0 0 1 0 0 0 0],412,70,decodes value internal type p ensures encoded value type target type p p allows restricting collection must declared using generic used object collection encoded using declared type otherwise internal type allowed collection p
9619,[0 0 0 1 0 0 0],83,12,param targettype type returned method
9620,[0 0 0 1 0 0 0],72,10,param valueandtype encoded value type array
9621,[0 0 0 1 0 0 0],67,8,param application reference application
9622,[0 0 0 1 0 0 0],157,18,param enforcegenericsincollections true generic enforce false allow internal type collection
9624,[0 0 0 1 0 0 0],24,3,param targettype
9625,[0 0 0 1 0 0 0],37,3,param restricttointernaltypes
9626,[0 0 0 1 0 0 0],135,21,param typeindex index generic type use define child type decoded
9627,[0 0 0 1 0 0 0],33,3,param encodedvalueandtype
9628,[0 0 0 1 0 0 0],25,3,param application
9629,[0 0 0 1 0 0 0],14,2,return
9630,[0 0 0 1 0 0 0],24,3,param fieldvalue
9631,[0 0 0 1 0 0 0],28,3,param referencevalue
9635,[0 0 0 1 0 0 0],74,13,param b second json value check may null
9636,[0 0 0 1 0 0 0],104,12,return codetruecode json value codefalsecode otherwise
9637,[1 0 0 0 0 0 0],170,32,method look good inline cold path otherwise hot encode method needed shorted allow inlining hot part
9639,[1 0 0 0 0 0 0],78,13,client server encodes empty map empty array
9640,[1 0 0 0 0 0 0],42,6,encode using given type
9641,[0 0 0 0 1 0 0],35,2,link jsonvaluejsequalsjsonvalue
9642,[0 0 0 0 1 0 0],30,2,link jsonvalueequalsobject
9643,[1 0 0 0 0 0 0],20,2,uidlvalue
9644,[1 0 0 0 0 0 0],22,2,collection
9646,[1 0 0 0 0 0 0],31,4,special vaadin type
9647,[1 0 0 0 0 0 0],23,3,legacy type
9649,[1 0 0 0 0 0 0],41,6,decode given type
9650,[1 0 0 0 0 0 0],90,14,uidlvalue enforcing given type avoid security issue
9651,[1 0 0 0 0 0 0],65,10,entry always two element type value
9653,[1 0 0 0 0 0 0],60,9,json compatible type returned
9654,[1 0 0 0 0 0 0],65,9,encoded null cached return directly
9655,[1 0 0 0 0 0 0],54,7,connector simply serialized id
9656,[1 0 0 0 0 0 0],165,23,encodeobject return encoderesult diff thus need return directly rather assigning toreturn
9657,[1 0 0 0 0 0 0],143,23,doesnt matter calculation done multiple time different thread there need eg putifabsent
9658,[1 0 0 0 0 0 0],58,10,loop field value encodes
9659,[1 0 0 0 0 0 0],103,12,cant use propertydescriptorgetpropertytype support generic
9661,[0 0 0 0 0 0 1],226,43,option make dsfgdb launch fail linux problem hang since option added multiprocess completed linux yet hide completely
9665,[0 1 0 0 0 0 0],60,7,contributor william r swanson tilera corporation
9668,[1 0 0 0 0 0 0],69,11,invoked visualizer selected populate toolbar
9669,[1 0 0 0 0 0 0],50,8,get downcast reference canvas control
9670,[1 0 0 0 0 0 0],110,17,invoked visualizer control creation allow derived class initialization canvas
9672,[1 0 0 0 0 0 0],54,8,creates return visualizer canvas control
9673,[1 0 0 0 0 0 0],59,9,invoked visualizer control disposed
9674,[1 0 0 0 0 0 0],67,10,creates return visualizer control specified parent
9675,[1 0 0 0 0 0 0],23,4,dispose method
9676,[1 0 0 0 0 0 0],57,8,constructor specifying name information
9677,[1 0 0 0 0 0 0],20,3,constructor
9679,[0 0 0 0 0 0 1],177,31,note painting done order object added object added last drawn top others use raiselower method change object zordering needed
9680,[1 0 0 0 0 0 0],47,8,handle configuring jul slfj bridge
9682,[0 0 0 0 1 0 0],19,2,link ijsexpression
9683,[0 0 0 1 0 0 0],57,8,param expr expression evaluated
9684,[1 0 0 0 0 0 0],263,40,evaluates given link ijsexpression constant expression return result moment support simple expression involving unary operator literal alone support complex expression added needed
9685,[0 1 0 0 0 0 0],107,17,contributor ibm rational software initial api implementation arm ltd basic tooltip support
9687,[0 0 0 1 0 0 0],75,12,noinstantiate class intended instantiated client
9689,[0 0 0 1 0 0 0],16,3,param label
9691,[0 0 0 1 0 0 0],15,3,param opts
9692,[0 0 0 1 0 0 0],17,3,param parent
9693,[0 0 0 1 0 0 0],15,3,param name
9694,[0 0 0 1 0 0 0],16,3,param label
9696,[0 0 0 1 0 0 0],20,3,param contextid
9697,[0 0 0 1 0 0 0],14,3,param sel
9698,[0 0 0 1 0 0 0],15,3,param opts
9699,[0 0 0 1 0 0 0],17,3,param parent
9701,[0 0 0 1 0 0 0],44,8,return field editor tool tip text
9703,[1 0 0 0 0 0 0],61,12,set list enum value combo field editor
9704,[0 0 0 1 0 0 0],40,6,param enabled enabled state
9705,[0 0 0 1 0 0 0],54,10,param parent parent control group
9706,[0 0 0 1 0 0 0],83,14,return text control codenullcode text field created yet
9707,[0 0 0 1 0 0 0],82,14,return text control codenullcode text field created yet
9709,[0 0 0 0 1 0 0],59,3,see orgeclipsejfacepreferencefieldeditordostore
9710,[0 0 0 0 1 0 0],71,3,see orgeclipsejfacepreferencefieldeditorgetnumberofcontrols
9713,[1 0 0 0 0 0 0],45,7,return field editor text control
9715,[1 0 0 0 0 0 0],58,12,label parent combo
9717,[1 0 0 0 0 0 0],48,10,set index selection combo box
9718,[1 0 0 0 0 0 0],50,8,get selected option preference store
9719,[0 0 0 0 1 0 0],58,3,see orgeclipsejfacepreferencefieldeditordoload
9720,[0 0 0 0 1 0 0],104,4,see orgeclipsejfacepreferencefieldeditordofillintogridorgeclipseswtwidgetscomposite int
9721,[0 0 0 0 1 0 0],74,3,see orgeclipsejfacepreferencefieldeditoradjustfornumcolumnsint
9723,[1 0 0 0 0 0 0],18,4,add label
9725,[1 0 0 0 0 0 0],126,24,set field editor tool tip text argument may null indicating tool tip text shown
9726,[1 0 0 0 0 0 0],36,5,widget bookeeping variable
9731,[0 0 0 1 0 0 0],23,3,param testcontext
9733,[0 0 0 1 0 0 0],12,2,return
9734,[0 0 0 1 0 0 0],21,3,param testappid
9735,[0 0 0 1 0 0 0],12,2,return
9736,[0 0 0 1 0 0 0],56,9,param testcontexts used identify request
9738,[0 0 0 1 0 0 0],17,3,param appid
9739,[0 0 0 1 0 0 0],18,3,param status
9740,[0 0 0 1 0 0 0],12,2,return
9741,[0 0 0 1 0 0 0],21,3,param testappid
9742,[0 0 0 1 0 0 0],12,2,return
9743,[0 0 0 1 0 0 0],21,3,param testappid
9744,[0 0 0 1 0 0 0],21,3,param testappid
9745,[0 0 0 1 0 0 0],12,2,return
9746,[0 0 0 1 0 0 0],27,3,param applicationid
9748,[1 0 0 0 0 0 0],117,19,function interface used passing method pointer invoked asynchronously later point
9751,[0 0 0 1 0 0 0],12,2,return
9752,[1 0 0 0 0 0 0],131,18,return instance applicationattemptid using specified identifier identifier used applicationid
9753,[1 0 0 0 0 0 0],59,8,return applicationid specified identifier
9756,[0 0 0 0 0 0 1],206,38,create request intercepter pipeline testing last one chain call mock resource manager others chain simply forward next one chain
9757,[1 0 0 0 0 0 0],49,7,thread pool used asynchronous operation
9759,[1 0 0 0 0 0 0],133,23,base class amrmproxyservice test case provides utility method used concrete test case class
9761,[1 0 0 0 0 0 0],40,5,adjust counter buffer limit
9762,[0 0 1 0 0 0 0],224,40,read need actualcount multiple bytebuffer size file big enough case cannot use flip method need set buffer limit manually trans
9763,[1 0 0 0 0 0 0],32,5,write data target
9764,[1 0 0 0 0 0 0],127,23,call transfer completes successfully advise o dont need region cached anymore
9765,[0 0 0 0 1 0 0],17,2,link auditlogger
9767,[1 0 0 0 0 0 0],66,10,unit test supporting methodname based compatible rpcs
9771,[1 0 0 0 0 0 0],27,6,old client v new server
9772,[1 0 0 0 0 0 0],40,7,create server two handler
9773,[1 0 0 0 0 0 0],22,5,server version
9774,[1 0 0 0 0 0 0],26,6,use version echo long
9775,[0 0 0 0 0 0 1],345,51,note add scannerconfig even resource doesnt actually exist project may happen reading existing build log resource created part build may exist time analyzing config rebuilt later getprojectexistsrelpath
9777,[0 1 0 0 0 0 0],286,39,contributor ibm initial api implementation tianchao li tianchaoligmailcom arbitrary build directory bug gerhard schaber wind river system bug markus schorn wind river system anton leherbauer wind river system
9779,[0 0 0 0 1 0 0],105,3,see orgeclipsecdtmakeinternalcorescannerconfiggnuabstractgccbopconsoleparsergetutility
9782,[1 0 0 0 0 0 0],54,7,generalize occurrence file name
9786,[1 0 0 0 0 0 0],35,7,gcc per file build output parser
9788,[0 0 0 0 0 1 0],103,17,deprecated cdt class used set preferencesproperties x style project
9789,[0 1 0 0 0 0 0],17,3,author vhirsl
9790,[0 0 0 1 0 0 0],33,5,return return fproject
9791,[0 0 0 1 0 0 0],23,4,return fentry
9792,[0 0 0 1 0 0 0],35,5,return return fentrykind
9793,[0 0 0 1 0 0 0],43,7,param entrykind fentrykind set
9795,[0 0 0 1 0 0 0],39,7,param removed fremoved set
9796,[0 0 0 1 0 0 0],32,5,return return fparent
9797,[0 0 0 1 0 0 0],37,7,param parent fparent set
9798,[0 0 0 1 0 0 0],46,7,return child discovered element
9799,[1 0 0 0 0 0 0],123,15,similar cpelement describes discovered path symbol available discoveredpathinfo instead cpathentry
9800,[1 0 0 0 0 0 0],27,5,map output available
9801,[1 0 0 0 0 0 0],33,6,map output fetched
9804,[0 0 0 1 0 0 0],33,6,return host new state
9805,[1 0 0 0 0 0 0],31,6,mark host penalized
9807,[0 0 0 1 0 0 0],14,3,since
9809,[1 0 0 0 0 0 0],167,23,mark event subscriber method threadsafe annotation indicates eventbus may invoke event subscriber simultaneously multiple thread
9811,[0 1 0 0 0 0 0],104,14,contributor intel corporation initial api implementation james blackburn broadcom corp
9812,[0 0 0 1 0 0 0],70,12,noextend interface intended extended client
9813,[0 0 0 1 0 0 0],76,12,noimplement interface intended implemented client
9814,[0 0 0 1 0 0 0],14,3,since
9815,[0 0 0 1 0 0 0],14,3,since
9818,[0 0 0 1 0 0 0],18,3,param project
9821,[0 0 0 1 0 0 0],18,3,param monitor
9824,[0 0 0 1 0 0 0],18,3,param monitor
9825,[0 0 0 1 0 0 0],16,3,param flag
9826,[0 0 0 1 0 0 0],18,3,param project
9827,[0 0 0 1 0 0 0],68,11,param write true writable description copy returned
9828,[0 0 0 1 0 0 0],65,10,param project project description requested
9829,[0 0 0 1 0 0 0],84,13,return link icprojectdescription null project contain
9830,[0 0 0 1 0 0 0],18,3,param project
9832,[0 0 0 1 0 0 0],44,8,param prefs preference applied
9833,[0 0 0 1 0 0 0],110,15,param updateprojects codetruecode project description within workspace updated
9834,[0 0 0 1 0 0 0],18,3,param monitor
9835,[0 0 0 1 0 0 0],96,16,return code true new code prefs differ old one ie preference changed
9836,[0 0 0 0 1 0 0],77,3,see icconfigurationdescriptionupdateexternalsettingsprovidersstring
9838,[0 0 0 0 1 0 0],68,3,see icconfigurationdescriptiongetexternalsettingsproviderids
9840,[0 0 0 0 1 0 0],11,2,code prefs
9841,[0 0 0 0 1 0 0],120,5,see setprojectdescriptionworkspacepreferencesicprojectdescriptionworkspacepreferences boolean iprogressmonitor
9842,[0 0 0 0 1 0 0],37,3,see cprojectdescriptioneventall
9845,[0 0 0 0 1 0 0],46,3,see cprojectdescriptioneventcopycreated
9846,[0 0 0 0 1 0 0],41,3,see cprojectdescriptioneventapplied
9849,[0 0 0 0 1 0 0],21,2,link getifloadded
9850,[0 0 0 0 1 0 0],19,2,link getwritable
9851,[0 0 0 0 1 0 0],35,2,link getemptyprojectdescriptio
9852,[0 0 0 0 1 0 0],23,2,link projectcreating
9853,[0 0 0 0 1 0 0],26,2,link icprojectdescription
9854,[0 0 0 0 1 0 0],60,3,link setprojectdescriptioniproject icprojectdescription
9855,[0 0 0 0 1 0 0],26,2,link writeaccessexception
9856,[0 0 0 0 1 0 0],60,3,link setprojectdescriptioniproject icprojectdescription
9858,[0 0 0 0 1 0 0],58,5,see link getprojectdescriptioniproject boolean
9859,[0 0 0 0 1 0 0],53,4,see createprojectdescriptioniproject boolean
9860,[0 0 0 0 1 0 0],50,3,link createprojectdescriptioniproject boolean
9861,[0 0 0 0 1 0 0],26,2,link icprojectdescription
9862,[0 0 0 0 1 0 0],62,5,see createprojectdescriptioniproject boolean boolean
9863,[0 0 0 0 1 0 0],52,3,see icprojectdescriptioniscdtprojectcreating
9864,[0 0 0 0 1 0 0],33,3,see getcreatedescription
9865,[0 0 0 0 1 0 0],76,5,see icprojectdescriptionmanagergetprojectdescriptioniproject int
9866,[0 0 0 0 1 0 0],116,7,see icprojectdescriptionmanagersetprojectdescriptioniproject icprojectdescription int iprogressmonitor
9867,[0 0 0 0 1 0 0],117,7,see icprojectdescriptionmanagersetprojectdescriptioniproject icprojectdescription int iprogressmonitor
9870,[0 0 0 1 0 0 0],68,11,param write true writable preference copy returned
9871,[0 0 0 1 0 0 0],19,3,param listener
9872,[0 0 0 1 0 0 0],76,9,param eventtypes see eventtypes link cprojectdescriptionevent
9874,[0 0 0 1 0 0 0],100,12,return whether given project newstyle project ie cconfigurationdataproviderdriven
9875,[0 0 0 1 0 0 0],14,3,param de
9876,[0 0 0 1 0 0 0],100,12,return whether given project newstyle project ie cconfigurationdataproviderdriven
9877,[0 0 0 1 0 0 0],18,3,param project
9878,[0 0 0 1 0 0 0],18,3,param monitor
9880,[0 0 0 1 0 0 0],126,19,return link icprojectdescription code null project contain cdt data associated
9881,[0 0 0 1 0 0 0],199,18,param flag combination link getwritable link getifloadded link getemptyprojectdescription link getcreatedescription link projectcreating
9883,[0 0 0 1 0 0 0],73,11,param project project project description requested
9885,[0 0 0 1 0 0 0],114,16,param creating true created project description contain true iscdtprojectcreating state
9890,[0 0 0 0 1 0 0],34,3,see iprojectnaturesetproject
9891,[0 0 0 0 1 0 0],34,3,see iprojectnaturegetproject
9892,[0 0 0 0 1 0 0],35,3,see iprojectnaturedeconfigure
9893,[0 0 0 0 1 0 0],33,3,see iprojectnatureconfigure
9894,[1 0 0 0 0 0 0],108,20,update java command build spec replace existing one present add one first none
9895,[1 0 0 0 0 0 0],59,10,add java build spec builder fwjki
9897,[1 0 0 0 0 0 0],59,12,add builder build spec given project
9898,[1 0 0 0 0 0 0],65,9,add builder see fwjki itpjcorewin
9899,[1 0 0 0 0 0 0],72,13,remove given builder build spec given project
9901,[1 0 0 0 0 0 0],9,1,taskstate
9902,[1 0 0 0 0 0 0],16,1,taskattemptstate
9903,[1 0 0 0 0 0 0],32,1,taskattemptcompletioneventstatus
9905,[1 0 0 0 0 0 0],8,1,jobstate
9906,[0 0 0 1 0 0 0],46,5,return associated codejobidcode
9907,[0 0 0 1 0 0 0],46,9,return type task mapreduce
9908,[0 0 0 1 0 0 0],29,5,return task number
9909,[0 0 1 0 0 0 0],375,72,p codetaskidcode represents unique identifier map reduce task p p taskid consists part first part codejobidcode task belongs second part taskid either r representing whether task map task reduce task third part task number p
9910,[1 0 0 0 0 0 0],56,9,encapsulates http server started namenode
9913,[1 0 0 0 0 0 0],38,6,add rest csrf prevention filter
9914,[1 0 0 0 0 0 0],27,4,add webhdfs package
9915,[0 0 0 0 1 0 0],69,3,see dfsutilgethttppolicyorgapachehadoopconfconfiguration
9916,[0 0 0 0 0 0 1],69,8,dfsnamenodehttpsbindhostkey exists override
9917,[1 0 0 0 0 0 0],47,8,assume ssl port datanodes
9919,[1 0 0 0 0 0 0],26,4,join httpserver
9920,[0 0 0 1 0 0 0],34,6,param fsimage fsimage set
9921,[0 0 0 1 0 0 0],39,6,param prog startupprogress set
9922,[0 0 0 1 0 0 0],52,6,param namenodeaddress inetsocketaddress set
9924,[0 0 0 1 0 0 0],52,6,return startupprogress associated context
9925,[1 0 0 0 0 0 0],60,6,return startupprogress associated servletcontext
9928,[1 0 0 0 0 0 0],38,7,set fsimage use servlets
9929,[1 0 0 0 0 0 0],95,14,information related different configuration option http policy decided
9930,[0 1 0 0 0 0 0],22,4,author vaadin ltd
9931,[0 0 0 1 0 0 0],13,3,since
9932,[0 0 0 1 0 0 0],60,8,param content content panel
9933,[0 0 0 1 0 0 0],70,10,param caption caption used panel html
9935,[0 0 0 1 0 0 0],63,9,param content content used panel
9936,[0 0 0 0 1 0 0],42,2,see abstractcomponentsetcaptionstring
9937,[0 0 0 0 1 0 0],90,4,see comvaadinserverlegacycomponentpaintcontentcomvaadinserver painttarget
9939,[0 0 0 0 1 0 0],63,3,see comvaadinserverscrollablesetscrollableboolean
9941,[0 0 0 0 1 0 0],59,3,see comvaadinserverscrollablesetscrollleftint
9942,[0 0 0 0 1 0 0],58,3,see comvaadinserverscrollablesetscrolltopint
9944,[0 0 0 0 0 1 0],41,7,deprecated replaced
9945,[0 0 0 0 1 0 0],22,2,see focusablefocus
9947,[0 0 0 0 1 0 0],20,2,inheritdoc
9948,[0 0 0 0 1 0 0],62,3,link removeclicklistenerclicklistener
9949,[0 0 0 0 1 0 0],60,6,added using link addlistenerclicklistener
9950,[0 0 0 0 1 0 0],59,3,link addclicklistenerclicklistener
9951,[0 0 0 0 1 0 0],73,8,use link removelistenerclicklistener remove listener
9953,[1 0 0 0 0 0 0],33,6,creates new empty panel
9954,[1 0 0 0 0 0 0],66,11,creates new empty panel contains given content
9955,[1 0 0 0 0 0 0],46,8,creates new empty panel caption
9956,[1 0 0 0 0 0 0],68,12,creates new empty panel given caption content
9957,[1 0 0 0 0 0 0],37,7,set caption panel
9958,[1 0 0 0 0 0 0],205,34,note caption interpreted html therefore care taken enable html injection xss attack using panel caption behavior may change future version
9959,[1 0 0 0 0 0 0],87,14,called one variable handled implementing class changed
9961,[1 0 0 0 0 0 0],9,1,scrolling
9962,[1 0 0 0 0 0 0],58,8,set internally fire request repaint
9963,[1 0 0 0 0 0 0],58,8,set internally fire request repaint
9964,[1 0 0 0 0 0 0],18,2,action
9965,[0 0 0 0 1 0 0],97,3,see containermanagementprotocolincreasecontainersresourceincreasecontainersresourcerequest
9966,[0 0 0 0 1 0 0],17,3,see nmtoken
9970,[0 0 0 1 0 0 0],134,15,param containerstoincrease list container token used container resource increase
9971,[0 0 1 0 0 0 0],271,34,set container token used container resource increase token acquired codeallocateresponsegetincreasedcontainerscode token contains container id resource capability required container resource increase
9974,[1 0 0 0 0 0 0],50,7,builder utility construct various object
9975,[1 0 0 0 0 0 0],61,10,rpc layer client expects ipport service token
9976,[1 0 0 0 0 0 0],51,9,class sends udp packet statsd daemon
9978,[1 0 0 0 0 0 0],38,5,get statsd host configuration
9979,[0 0 1 0 0 0 0],828,103,metric sink writes metric statsd daemon sink produce metric form hostnameservicenamecontextnamemetricnamevaluetype hostname optional useful sending daemon running localhost add hostname metric hrefhttpscollectdorgcollectda statsd plugin br configure plugin need add following entry hadoopmetricsproperties file br pre sinkstatsdclassorgapachehadoopmetricssinkstatsdsink prefixsinkstatsdserverhost prefixsinkstatsdserverport prefixsinkstatsdskiphostnametruefalse optional prefixsinkstatsdservicenamenamenode name want service pre
9980,[0 1 0 0 0 0 0],117,21,contributor ibm rational software initial api implementation red hat inc copy cdt
9981,[1 0 0 0 0 0 0],71,14,content parent table list configuration
9982,[1 0 0 0 0 0 0],46,8,content array configuration
9983,[0 0 0 0 1 0 0],37,2,link filecontextdeleteonexitpath
9984,[1 0 0 0 0 0 0],63,5,test link filecontextdeleteonexitpath functionality
9986,[1 0 0 0 0 0 0],36,6,ensure shutdown hook added
9987,[1 0 0 0 0 0 0],78,12,trigger deleteonexit ensure registered path cleaned
9991,[1 0 0 0 0 0 0],68,11,enumeration possible layout timer view model
9992,[1 0 0 0 0 0 0],58,9,add listener dm event event
9993,[1 0 0 0 0 0 0],68,12,registered listener dm event
9994,[1 0 0 0 0 0 0],48,5,catch rejectedexecutionexception e
9995,[0 0 0 0 1 0 0],73,3,see orgeclipsecdtdsfuiviewmodelabstractvmproviderdispose
9997,[1 0 0 0 0 0 0],77,14,session shut much wait disposed
9998,[1 0 0 0 0 0 0],232,40,remove listener dm event event practice get called session shut well end rejectedexecutionexception put completeness sake
9999,[1 0 0 0 0 0 0],77,14,session shut much wait disposed
10000,[1 0 0 0 0 0 0],57,10,configures new layout timer view model
10001,[1 0 0 0 0 0 0],233,33,add handler trigger timer changed event abstractdmvmprovider superclass automatically register provider idmevent event however two event implement idmevent
10003,[0 1 0 0 0 0 0],102,13,contributor ibm corporation initial api implementation sergey prigogin google
10004,[0 0 0 0 1 0 0],25,2,link linkedproposalmodel
10005,[0 0 0 0 1 0 0],134,6,see orgeclipsejfacetextcontentassisticompletionproposalextensionapplyorgeclipsejfacetextitextviewer char int int
10006,[0 0 0 0 1 0 0],85,3,see orgeclipsejfacetextcontentassisticompletionproposalgetdisplaystring
10007,[0 0 0 0 1 0 0],77,3,see orgeclipsejfacetextcontentassisticompletionproposalgetimage
10008,[0 0 0 0 1 0 0],69,3,see orgeclipsecdtuitexticcompletionproposalgetrelevance
10009,[0 0 0 0 1 0 0],106,3,see orgeclipsejfacetextcontentassisticompletionproposalapplyorgeclipsejfacetextidocument
10011,[0 0 0 0 1 0 0],162,5,see orgeclipsejfacetextcontentassisticompletionproposalextensionvalidateorgeclipsejfacetextidocument int orgeclipsejfacetextdocumentevent
10012,[1 0 0 0 0 0 0],48,11,set ui position set
10013,[1 0 0 0 0 0 0],71,12,setup linked mode link linkedproposalmodel
10014,[0 0 0 1 0 0 0],81,9,param selectedcandidates already selected candidate previous policy
10016,[0 0 0 1 0 0 0],135,13,param totalpreemptedresourceallowed many resource allowed preempted round
10017,[0 0 0 1 0 0 0],40,5,return merged selected candidate
10018,[1 0 0 0 0 0 0],95,12,get preemption candidate computed resource sharing already selected candidate
10019,[0 0 0 0 1 0 0],71,9,contributor intel corporation initial api implementation
10021,[1 0 0 0 0 0 0],104,16,return array inclusion path affecting source folder looking file recursively
10022,[1 0 0 0 0 0 0],77,12,return char based representation exclusion pattern full path
10023,[0 1 0 0 0 0 0],115,15,contributor ibm corporation initial api implementation anton leherbauer wind river system
10024,[0 0 0 1 0 0 0],13,3,since
10025,[0 0 0 1 0 0 0],42,8,param value element checked
10026,[0 0 0 1 0 0 0],34,5,param attribute attribute
10027,[0 0 0 1 0 0 0],26,5,return return id
10028,[0 0 0 1 0 0 0],28,5,return return name
10029,[0 0 0 1 0 0 0],28,5,return return name
10030,[0 0 0 1 0 0 0],58,9,return image descriptor described category
10031,[0 0 0 1 0 0 0],41,7,param enabled new enabled state
10032,[0 0 0 1 0 0 0],48,8,return enablement state category
10033,[0 0 0 1 0 0 0],32,5,param included included
10034,[0 0 0 1 0 0 0],20,3,return included
10036,[0 0 0 1 0 0 0],34,5,param partition partition
10037,[0 0 0 1 0 0 0],88,13,return code true category contains computer code false otherwise
10038,[0 0 0 1 0 0 0],21,3,return sortorder
10039,[0 0 0 1 0 0 0],34,5,param sortorder sortorder
10040,[0 0 0 1 0 0 0],68,10,param partition partition type invocation occurred
10042,[0 0 0 1 0 0 0],66,11,param monitor progress monitor passed extension
10043,[0 0 0 1 0 0 0],68,10,return list computed completion proposal element type
10045,[0 0 0 1 0 0 0],68,10,param partition partition type invocation occurred
10046,[0 0 0 1 0 0 0],66,11,param monitor progress monitor passed extension
10047,[0 0 0 1 0 0 0],75,11,return list computed context information object element type
10048,[0 0 0 1 0 0 0],65,11,return error message computer category
10049,[0 0 0 0 1 0 0],63,2,link orgeclipsejfacetextcontentassisticontextinformation
10050,[0 0 0 0 1 0 0],63,2,link orgeclipsejfacetextcontentassisticompletionproposal
10062,[1 0 0 0 0 0 0],86,10,describes category extension completionproposalcomputer extension point
10063,[1 0 0 0 0 0 0],56,10,extension schema name icon attribute
10065,[1 0 0 0 0 0 0],62,11,check given attribute value code null
10066,[0 0 0 0 0 0 1],270,39,safely computes context information object computer category extension extension disabled throw exception otherwise adhere contract described link icompletionproposalcomputer disabled
10068,[1 0 0 0 0 0 0],84,13,notifies computer category proposal computation session start
10072,[1 0 0 0 0 0 0],52,9,set separate command state category
10073,[1 0 0 0 0 0 0],59,9,return image descriptor described category
10074,[1 0 0 0 0 0 0],113,20,return name described extension without mnemonic hint order displayed message
10075,[1 0 0 0 0 0 0],48,8,return name described extension
10078,[0 0 0 1 0 0 0],28,3,param remoterootlogdir
10079,[0 0 0 1 0 0 0],17,3,param appid
10080,[0 0 0 1 0 0 0],16,3,param user
10081,[0 0 0 1 0 0 0],18,3,param nodeid
10083,[0 0 0 1 0 0 0],33,6,return remote log file
10084,[0 0 0 1 0 0 0],28,3,param remoterootlogdir
10086,[0 0 0 1 0 0 0],16,3,param user
10087,[0 0 0 1 0 0 0],18,3,param suffix
10088,[0 0 0 1 0 0 0],53,8,return remote application specific log dir
10089,[0 0 0 1 0 0 0],28,3,param remoterootlogdir
10091,[0 0 0 1 0 0 0],18,3,param suffix
10092,[0 0 0 1 0 0 0],41,7,return remote suffixed log dir
10093,[0 0 0 1 0 0 0],28,3,param remoterootlogdir
10095,[0 0 0 1 0 0 0],41,8,return remote per user log dir
10097,[0 0 0 1 0 0 0],67,13,return suffix appended user log dir
10098,[0 0 0 1 0 0 0],18,3,param nodeid
10099,[0 0 0 1 0 0 0],67,13,return node string used construct file name
10100,[1 0 0 0 0 0 0],51,10,get remote suffixed log dir user
10101,[1 0 0 0 0 0 0],34,7,get remote log user dir
10102,[1 0 0 0 0 0 0],49,9,return suffix component log dir
10103,[1 0 0 0 0 0 0],63,14,convert nodeid form used app log file name
10104,[1 0 0 0 0 0 0],33,7,get remote app log dir
10105,[1 0 0 0 0 0 0],73,12,construct full filename application log file per node
10109,[1 0 0 0 0 0 0],84,15,redirects line read given input stream jullogger info level
10110,[0 0 0 0 0 0 1],253,46,method stop output process showing local log child output still read thus redirect thread still alive avoid child process hanging lack output buffer
10115,[1 0 0 0 0 0 0],54,8,indicates symbol loaded module
10116,[1 0 0 0 0 0 0],56,8,indicates symbol unloaded module
10117,[1 0 0 0 0 0 0],64,11,load symbol module specified symbol context
10120,[0 1 0 0 0 0 0],84,11,contributor marc khouzam ericsson initial implementation test case
10122,[0 0 0 1 0 0 0],13,3,since
10123,[0 0 0 1 0 0 0],19,3,return boolean
10124,[0 0 0 1 0 0 0],41,7,param dirty represents new state
10125,[0 0 0 1 0 0 0],19,3,return boolean
10126,[0 0 0 1 0 0 0],52,8,param changed represents new change state
10127,[1 0 0 0 0 0 0],87,17,class represents set build macro could loaded stored xml
10129,[0 0 1 0 0 0 0],345,58,return dirty state set macro dirty state codetruecode mean macro synch repository macro need serialized brbr dirty state automatically set codefalsecode macro serialized calling serialize method
10131,[0 0 0 0 1 0 0],82,3,see orgeclipsecdtinternalcorecdtvariablesstorablecdtvariablesisdirty
10132,[0 0 0 0 1 0 0],84,3,see orgeclipsecdtinternalcorecdtvariablesstorablecdtvariablesischanged
10133,[1 0 0 0 0 0 0],51,10,set change state set macro
10134,[1 0 0 0 0 0 0],50,10,set dirty state set macro
10136,[0 0 0 0 1 0 0],53,3,see orgeclipsejfacedialogsdialogokpressed
10137,[0 0 0 0 1 0 0],102,3,see orgeclipsejfacedialogstitleareadialogcreatedialogareaorgeclipseswtwidgetscomposite
10138,[1 0 0 0 0 0 0],64,10,dialog used addedit userdefined register group
10139,[0 1 0 0 0 0 0],198,28,contributor qnx software system initial api implementation anton leherbauer wind river system ibm corporation patrick hofer bug andrew gvozdev
10140,[0 0 0 1 0 0 0],14,3,since
10142,[0 0 0 0 0 1 0],13,1,nonnls
10143,[0 0 0 0 0 1 0],13,1,nonnls
10145,[0 0 0 0 0 1 0],14,1,nonnls
10146,[0 0 0 0 0 1 0],14,1,nonnls
10147,[0 0 0 0 0 1 0],13,1,nonnls
10149,[0 0 0 0 0 1 0],14,1,nonnls
10150,[0 0 0 0 0 1 0],13,1,nonnls
10151,[0 0 0 0 1 0 0],39,3,see httpbugseclipseorg
10154,[0 0 0 1 0 0 0],14,3,since
10156,[0 0 0 1 0 0 0],14,3,since
10157,[0 0 0 1 0 0 0],54,9,param listener reconcile listener added
10158,[0 0 0 1 0 0 0],46,6,return findreplace document adapter
10159,[1 0 0 0 0 0 0],36,7,page show outline
10160,[1 0 0 0 0 0 0],41,8,pair bracket used match
10161,[1 0 0 0 0 0 0],29,5,match bracket
10162,[1 0 0 0 0 0 0],33,6,action group folding
10163,[1 0 0 0 0 0 0],26,3,reconciling listener
10166,[1 0 0 0 0 0 0],46,6,return findreplace document adapter
10169,[1 0 0 0 0 0 0],39,6,add makefile editor relevant page
10170,[0 0 0 0 1 0 0],39,3,see httpbugseclipseorg
10171,[1 0 0 0 0 0 0],68,10,enhance stock source viewer decorator bracket matcher
10172,[1 0 0 0 0 0 0],49,7,either freshly enabled provider changed
10173,[1 0 0 0 0 0 0],73,11,reset folding structure according folding preference
10175,[1 0 0 0 0 0 0],21,3,notify listener
10177,[0 0 0 0 0 0 1],83,16,even previous check didnt kick may already missing
10179,[0 0 0 0 0 0 1],74,13,well need pretend receiving secondary prompt
10180,[0 1 0 0 0 0 0],239,32,contributor qnx software system initial api implementation wind river system modified new dsf reference implementation ericsson modified additional feature dsf reference implementation
10183,[0 0 0 0 1 0 0],43,3,see javalangprocessgetinputstream
10184,[0 0 0 0 1 0 0],44,3,see javalangprocessgetoutputstream
10185,[0 0 0 1 0 0 0],17,3,since
10187,[0 1 0 0 0 0 0],19,3,author jcamelon
10191,[0 1 0 0 0 0 0],16,3,author hamer
10192,[0 0 0 0 1 0 0],94,3,see orgeclipsecdtcorecodeassisttestscompletionproposalstestgetcompletionposition
10193,[0 0 0 0 1 0 0],90,3,see orgeclipsecdtcorecodeassisttestscompletionproposalstestgetexpectedprefix
10194,[0 0 0 0 1 0 0],97,3,see orgeclipsecdtcorecodeassisttestscompletionproposalstestgetexpectedresultsvalues
10195,[0 0 0 0 1 0 0],84,3,see orgeclipsecdtcorecodeassisttestscompletionproposalstestgetfilename
10196,[0 0 0 0 1 0 0],88,3,see orgeclipsecdtcorecodeassisttestscompletionproposalstestgetfilefullpath
10197,[0 0 0 0 1 0 0],94,3,see orgeclipsecdtcorecodeassisttestscompletionproposalstestgetheaderfilefullpath
10198,[0 0 0 0 1 0 0],90,3,see orgeclipsecdtcorecodeassisttestscompletionproposalstestgetheaderfilename
10200,[1 0 0 0 0 0 0],41,8,enums may desired valid
10201,[0 1 0 0 0 0 0],71,10,contributor qnx software system initial api implementation
10202,[1 0 0 0 0 0 0],34,2,makefilestoragedocumentprovider
10203,[0 1 0 0 0 0 0],71,10,contributor qnx software system initial api implementation
10204,[1 0 0 0 0 0 0],131,9,javascript function hrefhttpsgithubcomestreeestreeblobmasterspecmdfunctionsestree specificationa
10205,[0 0 0 1 0 0 0],15,3,since
10206,[1 0 0 0 0 0 0],223,33,class defines default implementation color picker connector connects server side link comvaadinuicolorpicker client side counterpart link vcolorpicker since
10207,[0 0 0 1 0 0 0],13,3,since
10208,[0 1 0 0 0 0 0],22,4,author vaadin ltd
10209,[1 0 0 0 0 0 0],29,5,clean configmap
10210,[1 0 0 0 0 0 0],35,6,clean config setting
10211,[1 0 0 0 0 0 0],37,7,clean scanner info data
10212,[0 0 1 0 0 0 0],536,90,request object contains context information determine whether user permission access target entity user user who currently accessing accesstype access type entity entity target object user accessing appid associated app id current access could null app associated appname associated app name current access could null app associated
10213,[0 1 0 0 0 0 0],119,16,contributor qnx software system initial api implementation anton leherbauer wind river system
10217,[1 0 0 0 0 0 0],103,20,find given project list c model child return code null found
10218,[1 0 0 0 0 0 0],53,9,c model doesnt exist cannot find project
10220,[1 0 0 0 0 0 0],51,7,configures run link multioperation
10221,[1 0 0 0 0 0 0],64,10,checkpoint root return hashcode resource
10222,[1 0 0 0 0 0 0],135,21,workaround bug circular error reported return list c project resource delta processing started
10225,[1 0 0 0 0 0 0],70,9,dao wrap partitionqueuecapacitiesinfo applicable queue
10228,[0 0 0 1 0 0 0],24,4,param klass class
10229,[0 0 0 1 0 0 0],50,9,return path jar containing class
10230,[0 0 0 0 0 0 1],84,16,return full path jar containing class always return jar
10232,[1 0 0 0 0 0 0],101,16,prerequisite special target shall removed make recieves asynchronous event
10234,[0 0 0 1 0 0 0],13,3,since
10235,[1 0 0 0 0 0 0],162,14,request reevaluation property orgeclipsecdtdebuguiisreversedebuggingenabled update visibility reverse stepping command
10236,[1 0 0 0 0 0 0],158,26,refresh reverse toggle command new state reverse enabled order keep multiple toggle action ui sync
10237,[0 0 0 0 1 0 0],125,4,see orgeclipsedebuguiactionsdebugcommandhandlerpostexecuteorgeclipsedebugcoreirequest javalangobject
10238,[1 0 0 0 0 0 0],24,3,disable tracing
10239,[1 0 0 0 0 0 0],51,8,finally update radio current state
10242,[1 0 0 0 0 0 0],32,4,undefined trace method
10243,[1 0 0 0 0 0 0],171,29,must use stored context service try fetch service workbenchwindow may fail window already closed
10244,[1 0 0 0 0 0 0],165,28,constructor might called launch must refresh happen activate action set launch
10245,[0 0 1 0 0 0 0],422,72,logic allows u keep checked state toggle button properly set case checked state may change without user actually pressing button instance restart inferior toggle may automatically turn figure whenever debug context change make sure showing proper checked state
10247,[0 0 1 0 0 0 0],181,32,modified internal test class designed read file input directory find standard deviation word length
10248,[1 0 0 0 0 0 0],157,29,modified internal test class designed read file input directory find median length word
10250,[0 0 0 1 0 0 0],49,7,param dir directory delete
10251,[0 0 0 1 0 0 0],64,10,return return whether deletion successful
10253,[1 0 0 0 0 0 0],25,4,output must match
10254,[1 0 0 0 0 0 0],25,4,output must match
10256,[0 0 0 0 0 0 1],207,37,internal class designed delete output directory meant solely use test run next iteration test encounter file already exists error
10257,[0 0 0 1 0 0 0],43,6,return registry operation instance
10259,[0 0 0 1 0 0 0],43,6,return registry operation instance
10260,[0 0 0 1 0 0 0],30,4,param conf configuration
10263,[0 0 0 1 0 0 0],30,4,param conf configuration
10265,[0 0 0 1 0 0 0],56,9,param jaascontext jaas context account
10266,[0 0 0 1 0 0 0],30,4,param conf configuration
10270,[1 0 0 0 0 0 0],123,16,create initialize operation instance authenticated write access via codeidpasswordcode pair
10271,[1 0 0 0 0 0 0],70,8,create initialize secure kerberosauthenticated instance
10272,[1 0 0 0 0 0 0],61,11,user identity inferred current user
10273,[1 0 0 0 0 0 0],142,20,authentication instance expire kerberos token needed authenticate registry infrastructure expire
10274,[1 0 0 0 0 0 0],165,25,create initialize anonymous readwrite registry operation instance secure cluster instance read access registry
10275,[1 0 0 0 0 0 0],114,16,create initialize registry operation instance access right determined configuration
10276,[1 0 0 0 0 0 0],114,16,create initialize registry operation instance access writes determined configuration
10277,[0 0 1 0 0 0 0],326,47,factory registry operation service instance p ieach created instance returned initializedi p service codeserviceinitconfcode applied possibly configuration modified support specific bindingsecurity mechanism used
10278,[0 1 0 0 0 0 0],69,9,contributor marcandre laperle initial api implementation
10279,[1 0 0 0 0 0 0],42,8,io codecs used compression
10281,[1 0 0 0 0 0 0],68,10,implementation reuse absence multiple inheritance
10284,[0 0 0 0 1 0 0],9,2,code get
10285,[0 0 0 0 1 0 0],16,2,code checkedget
10286,[0 0 0 0 1 0 0],29,2,link forwardingcheckedfuture
10287,[0 0 0 0 1 0 0],19,2,link checkedfuture
10288,[0 1 0 0 0 0 0],23,4,author anthony zana
10289,[0 0 0 1 0 0 0],13,3,since
10290,[0 0 0 1 0 0 0],74,13,param v result type returned future code get method
10292,[0 0 0 1 0 0 0],15,3,since
10294,[0 0 1 0 0 0 0],261,36,future forward method call another future subclass override one method modify behavior backing future desired per href httpenwikipediaorgwikidecoratorpatterndecorator patterna
10296,[1 0 0 0 0 0 0],53,8,setup configuration setting server
10298,[1 0 0 0 0 0 0],54,8,object verify interaction based request
10300,[1 0 0 0 0 0 0],53,8,setup configuration setting server
10302,[1 0 0 0 0 0 0],54,8,object verify interaction based request
10304,[1 0 0 0 0 0 0],53,8,setup configuration setting server
10305,[1 0 0 0 0 0 0],29,6,csrf sent
10306,[1 0 0 0 0 0 0],54,8,object verify interaction based request
10307,[1 0 0 0 0 0 0],24,4,object test
10309,[1 0 0 0 0 0 0],25,5,csrf sent
10313,[1 0 0 0 0 0 0],110,11,maintains list extension implementing orgeclipsecdtuicallhierarchyproviders extension point
10314,[0 0 0 0 1 0 0],26,2,link authenticationfilter
10315,[0 0 0 0 1 0 0],27,2,link authenticationhandler
10316,[0 0 0 0 1 0 0],25,2,link authenticationtoken
10317,[0 0 0 0 1 0 0],27,2,link authenticationhandler
10319,[0 0 0 0 1 0 0],28,2,link zksignersecretprovider
10320,[0 0 0 0 1 0 0],32,3,link authenticationhandler
10322,[0 0 0 1 0 0 0],37,6,param resp response object
10323,[0 0 0 1 0 0 0],54,8,param token authentication token cookie
10326,[0 0 0 1 0 0 0],134,22,param expires unix timestamp indicates expire date cookie effect value lt
10327,[0 0 0 1 0 0 0],42,7,param issecure cookie secure
10328,[0 0 0 1 0 0 0],71,10,param iscookiepersistent whether cookie persistent
10329,[0 0 0 1 0 0 0],41,6,param response response object
10330,[0 0 0 1 0 0 0],39,6,param request request object
10331,[0 0 0 1 0 0 0],48,7,param filterchain filter chain object
10332,[0 0 0 0 0 0 1],58,8,cookie persistence configured false
10333,[0 0 0 0 0 0 1],75,12,token old one renew maxinactiveinterval
10334,[0 0 0 0 0 0 1],74,11,response code wwwauthenticate header
10336,[0 0 0 1 0 0 0],41,6,param response response object
10337,[0 0 0 1 0 0 0],39,6,param request request object
10339,[0 0 0 0 0 0 1],113,14,method return codenullcode filter invoke configured link authenticationhandler
10342,[1 0 0 0 0 0 0],31,6,random suffix per task
10343,[1 0 0 0 0 0 0],66,10,write temp file initially permit parallel execution
10344,[1 0 0 0 0 0 0],33,5,rename final location
10345,[1 0 0 0 0 0 0],39,5,generate random position
10346,[1 0 0 0 0 0 0],39,6,seek file position
10347,[1 0 0 0 0 0 0],36,5,check byte match
10348,[1 0 0 0 0 0 0],50,7,advance random state position
10349,[1 0 0 0 0 0 0],21,4,parse command line
10350,[1 0 0 0 0 0 0],28,4,test upperlower case
10352,[1 0 0 0 0 0 0],61,9,different uris result different f instance
10353,[1 0 0 0 0 0 0],27,4,check basic equality
10355,[1 0 0 0 0 0 0],39,5,check behaviour collection
10356,[1 0 0 0 0 0 0],69,9,multiple invocation filesystemget return object
10357,[1 0 0 0 0 0 0],78,8,multiple invocation filesystemnewinstance return different object
10358,[0 0 0 0 1 0 0],90,3,see orgeclipsecdtcorecodeassisttestscompletionproposalstestgetheaderfilename
10359,[0 0 0 0 1 0 0],94,3,see orgeclipsecdtcorecodeassisttestscompletionproposalstestgetheaderfilefullpath
10360,[0 0 0 0 1 0 0],88,3,see orgeclipsecdtcorecodeassisttestscompletionproposalstestgetfilefullpath
10361,[0 0 0 0 1 0 0],84,3,see orgeclipsecdtcorecodeassisttestscompletionproposalstestgetfilename
10362,[0 0 0 0 1 0 0],97,3,see orgeclipsecdtcorecodeassisttestscompletionproposalstestgetexpectedresultsvalues
10363,[0 0 0 0 1 0 0],90,3,see orgeclipsecdtcorecodeassisttestscompletionproposalstestgetexpectedprefix
10364,[0 0 0 0 1 0 0],94,3,see orgeclipsecdtcorecodeassisttestscompletionproposalstestgetcompletionposition
10365,[1 0 0 0 0 0 0],18,4,aclass valid
10366,[0 1 0 0 0 0 0],13,2,author hamer
10368,[1 0 0 0 0 0 0],70,12,testing memberreference completion kind prefix
10370,[1 0 0 0 0 0 0],38,6,add footer click listener
10373,[0 0 0 1 0 0 0],76,12,noimplement interface intended implemented client
10374,[0 0 0 1 0 0 0],24,4,return command line
10375,[1 0 0 0 0 0 0],67,10,provide fully qualified command line string tool invocation
10377,[1 0 0 0 0 0 0],21,4,provide tool name
10378,[1 0 0 0 0 0 0],22,4,give command flag
10379,[1 0 0 0 0 0 0],61,10,provide list resource used tool transformation
10380,[1 0 0 0 0 0 0],27,5,return output file name
10381,[1 0 0 0 0 0 0],40,7,give command flag generate output
10382,[1 0 0 0 0 0 0],24,4,return output prefix
10383,[0 1 0 0 0 0 0],318,43,contributor qnx software system initial api implementation wind river system modified new dsf reference implementation ericsson ab additional handling event mikhail khodjaiants mentor graphic refactor common code gdbcontrol class bug
10385,[1 0 0 0 0 0 0],29,5,last thread id created
10386,[0 0 0 1 0 0 0],17,3,since
10387,[0 0 0 0 0 0 1],61,10,step instruction set state running
10388,[0 0 0 1 0 0 0],21,4,since
10389,[0 0 0 1 0 0 0],14,2,return
10391,[0 0 0 1 0 0 0],17,3,since
10394,[0 0 0 1 0 0 0],14,2,return
10395,[0 0 0 1 0 0 0],23,3,param operation
10400,[1 0 0 0 0 0 0],32,5,unit test iteratortester
10401,[1 0 0 0 0 0 0],40,8,serialization used test
10402,[0 0 1 0 0 0 0],406,66,iterator wrap another iterator give bug found jdk pthis bug create iterator treeset call next iterator hasnext false next throw nosuchelementexception subsequent call remove incorrectly throw illegalstateexception instead removing last element returned
10404,[1 0 0 0 0 0 0],54,8,throw wont
10405,[1 0 0 0 0 0 0],54,8,throw wont
10406,[1 0 0 0 0 0 0],64,7,iteratortester doesnt expect exception hasnext
10407,[0 0 0 1 0 0 0],34,7,param server nn server
10409,[0 0 0 0 1 0 0],30,2,link clientnamenodeprotocolpb
10411,[0 1 0 0 0 0 0],71,9,contributor intel corporation initial api implementation
10413,[0 0 1 0 0 0 0],385,62,content whole class resourcedescription configurationdescription projectdescription note many string file remain unlocalized since represent method name experimental functionality work progress tree depth limited deeper branch truncated seems rare situation
10414,[1 0 0 0 0 0 0],16,3,default depth
10415,[1 0 0 0 0 0 0],117,23,common check tree item corresponding object null tree item nesting deep
10418,[1 0 0 0 0 0 0],27,2,configurationdescription
10419,[1 0 0 0 0 0 0],34,7,add conents array tree
10420,[1 0 0 0 0 0 0],36,6,used language kind display
10422,[1 0 0 0 0 0 0],34,6,almost cbuilddata
10423,[0 1 0 0 0 0 0],23,4,author gregory kick
10425,[1 0 0 0 0 0 0],81,12,implementation link contiguousset contains one element
10426,[1 0 0 0 0 0 0],39,5,allow ungenerified comparable type
10427,[1 0 0 0 0 0 0],57,10,range would reject attempt create x x
10428,[1 0 0 0 0 0 0],28,6,used gwt emulation
10429,[1 0 0 0 0 0 0],15,2,navigableset
10430,[1 0 0 0 0 0 0],60,11,copied make sure use gwtemulated version
10431,[1 0 0 0 0 0 0],17,2,serialization
10432,[1 0 0 0 0 0 0],16,2,serialization
10433,[0 1 0 0 0 0 0],71,10,contributor qnx software system initial api implementation
10436,[1 0 0 0 0 0 0],30,4,go away quietly
10437,[0 0 0 1 0 0 0],44,7,param count number bookie required
10439,[1 0 0 0 0 0 0],79,12,skip readonly znode used keeping ro bookie detail
10440,[1 0 0 0 0 0 0],49,9,check number bookie available
10442,[0 0 0 0 1 0 0],126,4,see orgeclipsejfacetextitexthovergethoverinfoorgeclipsejfacetextitextviewer orgeclipsejfacetextiregion
10443,[0 0 0 0 1 0 0],101,4,see orgeclipsejfacetextitexthovergethoverregionorgeclipsejfacetextitextviewer int
10444,[1 0 0 0 0 0 0],45,8,produce debug hover pda debugger
10445,[0 0 0 1 0 0 0],13,3,since
10447,[0 0 0 1 0 0 0],48,8,param location location uri project
10449,[0 0 0 1 0 0 0],35,7,param name name project
10450,[0 0 0 1 0 0 0],48,8,param location location uri project
10451,[0 0 0 1 0 0 0],35,5,param monitor progress monitor
10452,[0 0 0 1 0 0 0],23,4,return project
10457,[0 0 0 1 0 0 0],61,11,param default true called first wizard page
10460,[0 0 0 1 0 0 0],78,14,param onfinish true method called finish pressed false
10461,[0 0 0 1 0 0 0],37,6,return newly created project
10462,[0 0 0 1 0 0 0],43,6,param config configuration element
10463,[0 0 0 1 0 0 0],24,5,param data used
10465,[1 0 0 0 0 0 0],147,18,first stage creating project progress displayed identical calling createiprojectname location new nullprogressmonitor
10466,[1 0 0 0 0 0 0],62,10,first stage creating project used internally
10467,[1 0 0 0 0 0 0],56,10,get file content type supported project
10468,[1 0 0 0 0 0 0],64,10,get file extension specification content type
10469,[1 0 0 0 0 0 0],52,9,get language supported content type
10471,[1 0 0 0 0 0 0],53,9,get project nature provided project
10472,[0 0 0 1 0 0 0],36,6,return array project nature
10474,[1 0 0 0 0 0 0],58,10,create return project specified wizard
10475,[0 0 0 0 0 0 1],102,18,otherwise onfinish false project temporary removed cancel pressed
10476,[0 0 0 0 1 0 0],82,3,link basicnewprojectresourcewizardupdateperspectiveiconfigurationelement
10478,[0 0 0 0 1 0 0],32,3,link sortnotifier sortnotifiers
10479,[0 0 0 0 1 0 0],15,2,link container
10481,[0 0 0 0 1 0 0],50,3,link addsortlistenersortlistener
10482,[0 0 0 1 0 0 0],78,10,param listener sort order change listener remove
10483,[0 0 0 1 0 0 0],76,10,param listener sort order change listener add
10486,[0 0 0 1 0 0 0],34,6,return sort order list
10488,[0 0 0 1 0 0 0],58,8,param sortorder new sort order list
10489,[0 0 0 1 0 0 0],78,10,param source component event originates
10490,[0 0 0 1 0 0 0],13,3,since
10491,[0 0 0 0 1 0 0],20,3,see sortlistener
10492,[0 1 0 0 0 0 0],21,4,author vaadin ltd
10496,[1 0 0 0 0 0 0],75,12,return whether event originated action done user
10497,[1 0 0 0 0 0 0],45,7,listener sort order change event
10498,[1 0 0 0 0 0 0],50,8,called sort order changed
10499,[1 0 0 0 0 0 0],89,12,interface adding removing listener link sortevent sortevents
10500,[1 0 0 0 0 0 0],93,15,add sort order change listener get notified sort order change
10501,[1 0 0 0 0 0 0],70,10,remove sort order change listener previously added using
10502,[0 0 0 1 0 0 0],13,3,since
10503,[1 0 0 0 0 0 0],40,7,shared state table component
10506,[0 0 0 0 1 0 0],21,3,see viewerfilter
10509,[1 0 0 0 0 0 0],67,11,option presented page refactoring wizard
10511,[1 0 0 0 0 0 0],59,9,set option enable exhaustive file search
10512,[0 0 1 0 0 0 0],228,36,option may need exhaustive file search since index lookup guaranteed return file participating refactoring one option selected exhaustive file search enabled
10513,[0 0 0 1 0 0 0],45,6,param binding binding renamed
10516,[0 0 0 0 1 0 0],49,3,see getoptionsenablingexhaustivesearch
10517,[1 0 0 0 0 0 0],61,10,build indexbased file filter name search
10518,[1 0 0 0 0 0 0],31,4,perform text search
10523,[0 0 0 1 0 0 0],13,3,since
10525,[0 0 0 1 0 0 0],17,3,since
10526,[0 0 0 1 0 0 0],17,3,since
10528,[0 0 0 1 0 0 0],72,12,param property map property use generate label
10529,[0 0 0 1 0 0 0],52,8,param status result property update
10531,[0 0 0 1 0 0 0],40,7,param update update write
10532,[1 0 0 0 0 0 0],193,30,update label parameter column based provided property label information written givne label update given column index
10533,[1 0 0 0 0 0 0],74,12,insert attribute front existing attribute
10534,[1 0 0 0 0 0 0],71,11,return list configured label attribute column
10535,[1 0 0 0 0 0 0],71,11,return list configured label attribute column
10536,[1 0 0 0 0 0 0],107,19,return property name need retrieved order generate label column
10537,[1 0 0 0 0 0 0],69,11,creates column info object given array attribute
10540,[0 0 0 0 1 0 0],36,3,see propertiesbasedlabelprovider
10542,[1 0 0 0 0 0 0],57,9,test covering basic functionality acl object
10544,[1 0 0 0 0 0 0],18,3,named group
10547,[1 0 0 0 0 0 0],26,4,default named group
10548,[1 0 0 0 0 0 0],12,2,
10550,[1 0 0 0 0 0 0],11,2,mask
10551,[1 0 0 0 0 0 0],19,3,default mask
10552,[1 0 0 0 0 0 0],12,2,group
10554,[1 0 0 0 0 0 0],20,3,default owner
10555,[0 0 0 0 1 0 0],12,2,code poll
10557,[0 1 0 0 0 0 0],18,3,author jared levy
10558,[1 0 0 0 0 0 0],112,19,generic junit test test code poll operation queue cant invoked directly please see
10559,[1 0 0 0 0 0 0],47,7,many unchecked generic array creation
10561,[0 0 1 0 0 0 0],212,43,class meant empty enables u define annotation list different junit class want run creating new test class added list
10564,[1 0 0 0 0 0 0],31,7,add test class
10565,[0 0 0 1 0 0 0],21,3,version version
10570,[0 1 0 0 0 0 0],92,12,contributor anton leherbauer wind river system initial api implementation
10572,[0 0 0 0 1 0 0],112,3,see orgeclipseuinavigatorcommonactionproviderinitorgeclipseuinavigatoricommonactionextensionsite
10573,[0 0 0 0 1 0 0],53,3,see orgeclipseuiactionsactiongroupdispose
10574,[0 0 0 0 1 0 0],86,3,see orgeclipseuiactionsactiongroupfillactionbarsorgeclipseuiiactionbars
10575,[0 0 0 0 1 0 0],98,3,see orgeclipseuiactionsactiongroupfillcontextmenuorgeclipsejfaceactionimenumanager
10576,[0 0 0 0 1 0 0],92,3,see orgeclipseuiactionsactiongroupsetcontextorgeclipseuiactionsactioncontext
10577,[1 0 0 0 0 0 0],101,15,common navigator action provider providing contribution open editor action group
10579,[0 0 0 0 1 0 0],32,2,link httpsessionbindinglistener
10580,[0 0 0 0 1 0 0],35,2,link portletsessionsetattribute
10581,[0 0 0 0 1 0 0],26,2,link vaadinportletservice
10583,[0 0 0 1 0 0 0],85,12,param service portlet service new session belongs
10584,[0 0 0 1 0 0 0],30,4,return portlet session
10587,[0 0 0 1 0 0 0],44,5,param listener remove
10589,[0 0 0 1 0 0 0],44,6,param name event name
10590,[0 0 0 1 0 0 0],137,18,param value event value object serializable appropriate valid jaxb annotation
10591,[0 0 0 1 0 0 0],113,17,param ui window temporary action url opened necessary
10592,[0 0 0 1 0 0 0],57,6,param name parameter identifier
10594,[0 0 0 1 0 0 0],89,16,param ui window render url opened necessary
10595,[0 0 0 1 0 0 0],71,10,param portletmode portlet mode switch
10596,[0 0 0 0 1 0 0],24,2,link stateawareresponse
10598,[0 0 0 1 0 0 0],109,17,return action url null called outside mimerequest outside uidl request similar
10599,[0 0 0 0 1 0 0],30,2,link portletlistenernotifier
10602,[1 0 0 0 0 0 0],46,6,return underlying portlet session
10603,[1 0 0 0 0 0 0],113,16,return jsr portlet configuration provides access portlet context init parameter
10606,[0 0 0 0 1 0 0],42,2,link addportletlistenerportletlistener
10607,[1 0 0 0 0 0 0],70,13,internal use framework api subject change
10610,[1 0 0 0 0 0 0],22,2,cleanup
10611,[1 0 0 0 0 0 0],74,11,action request set shared render parameter
10612,[1 0 0 0 0 0 0],22,2,cleanup
10614,[1 0 0 0 0 0 0],70,13,internal use framework api subject change
10615,[0 0 1 0 0 0 0],831,128,listener interface various type jsr portlet request listener method called request handler link portletlistenernotifier session locked corresponding ui found already created request processing take place direct rendering output possible portlet listener jsr limitation allowed operation phase portlet request processing must respected listener note internal action request used framework trigger event set shared parameter call action request listener result later event render request trigger corresponding listener
10616,[0 0 1 0 0 0 0],318,56,service maintains shared cache meta data handle claiming releasing resource rpc call client shared cache manager administrative command also persists shared cache meta data backend store clean stale entry regular basis
10617,[1 0 0 0 0 0 0],54,7,priority sharedcachemanager shutdown hook
10618,[1 0 0 0 0 0 0],31,5,testing purpose
10619,[0 1 0 0 0 0 0],67,9,contributor markus schorn initial api implementation
10620,[0 0 0 1 0 0 0],13,3,since
10622,[1 0 0 0 0 0 0],43,8,configures parser accept pop c
10623,[0 1 0 0 0 0 0],73,10,contributor wind river system initial api implementation
10624,[1 0 0 0 0 0 0],54,10,string field editor enablement check box
10625,[1 0 0 0 0 0 0],43,8,create hide label base class
10626,[0 0 0 1 0 0 0],24,4,return value
10627,[1 0 0 0 0 0 0],57,8,return field editor current boolean value
10630,[1 0 0 0 0 0 0],54,8,sourcetarget dir snapshottable dir
10631,[1 0 0 0 0 0 0],70,13,make sure source path updated snapshot path
10632,[1 0 0 0 0 0 0],35,6,reset source path option
10633,[1 0 0 0 0 0 0],58,9,sourcetarget given snapshot
10634,[1 0 0 0 0 0 0],35,6,reset source path option
10635,[1 0 0 0 0 0 0],36,6,reset source path option
10637,[1 0 0 0 0 0 0],70,13,make sure source path updated snapshot path
10638,[1 0 0 0 0 0 0],36,6,reset source path option
10640,[1 0 0 0 0 0 0],50,8,enumeration base language supported cdt
10641,[1 0 0 0 0 0 0],34,5,snapshot related exception
10642,[0 0 1 0 0 0 0],795,134,corrupt block removed number valid replica match replication factor file condition tested reducing replication factor test strategy bring cluster datanodes create file replication factor corrupt one replica block file verify still good replica corrupt replica corrupt replica removed since number good replica less replication factor set replication factor verify corrupt replica removed corrupt replica removed since number good replica equal replication factor
10644,[0 0 1 0 0 0 0],823,139,corrupt block removed number valid replica match replication factor file condition hold true long one good replica test verifies test strategy bring cluster datanodes create file replication factor corrupt one replica block file verify one good replica corrupt replica corrupt replica removed since number good replica less replication factor set replication factor verify corrupt replica removed corrupt replica removed since number good replica equal replication factor
10647,[1 0 0 0 0 0 0],67,11,restart detained corrupt replica detected
10648,[1 0 0 0 0 0 0],55,9,wait one minute deletion succeed
10649,[1 0 0 0 0 0 0],55,9,datanode multiple data dirs check
10651,[1 0 0 0 0 0 0],68,12,wait second block report processed
10653,[1 0 0 0 0 0 0],68,12,wait second block report processed
10654,[1 0 0 0 0 0 0],68,12,wait second block report processed
