index,class,comment_sentence,partition,combo,labels
0,BlAnchorRelativeToElement,relative anchor takes an arbitrary element as a reference an compute its position based on properties of that element,0,relative anchor takes an arbitrary element as a reference an compute its position based on properties of that element | blanchorrelativetoelement,"[0, 0, 1, 0, 0, 0]"
2,BlArrowheadSimpleArrow,i am a simple arrow like arrowhead,0,i am a simple arrow like arrowhead | blarrowheadsimplearrow,"[0, 0, 0, 1, 0, 0]"
3,BlArrowheadSimpleArrow,both my size and arrow length depend on the curve width,0,both my size and arrow length depend on the curve width | blarrowheadsimplearrow,"[0, 0, 0, 1, 0, 0]"
4,BlArrowheadSimpleArrow,it is possible hovewer to customize a length fraction how long should be the outer arrow compared to the length of the side of a nose triangle,0,it is possible hovewer to customize a length fraction how long should be the outer arrow compared to the length of the side of a nose triangle | blarrowheadsimplearrow,"[0, 0, 0, 0, 1, 0]"
8,BlArrowheadTriangle,i am a triangular arrow head,0,i am a triangular arrow head | blarrowheadtriangle,"[0, 0, 0, 1, 0, 0]"
10,BlArrowheadTriangle,it is possible to have a border around triangle by specifying a border width of a triangle arrowhead,0,it is possible to have a border around triangle by specifying a border width of a triangle arrowhead | blarrowheadtriangle,"[1, 0, 0, 0, 0, 0]"
13,BlArrowheadTriangle,for solid arrowhead make background paint be the same as border paint,0,for solid arrowhead make background paint be the same as border paint | blarrowheadtriangle,"[0, 0, 1, 0, 0, 0]"
16,BlChicken,blchicken open,0,blchicken open | blchicken,"[0, 1, 0, 0, 0, 0]"
21,BlChildrenCollection,i provide a data structure independent api for adding and removing children,0,i provide a data structure independent api for adding and removing children | blchildrencollection,"[0, 0, 1, 0, 0, 0]"
23,BlChildrenCollection,i allow elements to optimize working with children for different scenarious,0,i allow elements to optimize working with children for different scenarious | blchildrencollection,"[0, 0, 1, 0, 0, 0]"
26,BlChildrenCollection,a rope uses a balanced binary tree to support fast adding removing and accessing with the disadvantage of taking more memory,0,a rope uses a balanced binary tree to support fast adding removing and accessing with the disadvantage of taking more memory | blchildrencollection,"[0, 0, 1, 0, 0, 0]"
33,BlChildrenSubset,i capture a subset of children from a class blelement instance,0,i capture a subset of children from a class blelement instance | blchildrensubset,"[0, 0, 1, 0, 0, 0]"
34,BlChildrenSubset,i am an abstract class,0,i am an abstract class | blchildrensubset,"[0, 0, 0, 1, 0, 0]"
35,BlChildrenSubset,i exist to explicitly capture and combine various ways of filtering and iterating over children,0,i exist to explicitly capture and combine various ways of filtering and iterating over children | blchildrensubset,"[0, 0, 1, 0, 0, 0]"
40,BlChildrenSubset,i do not enforce a lazy api,0,i do not enforce a lazy api | blchildrensubset,"[0, 0, 0, 0, 1, 0]"
41,BlChildrenSubset,api,0,api | blchildrensubset,"[0, 0, 0, 0, 1, 0]"
42,BlChildrenSubset,instances of me are created by calling the factory method method blchildrensubset class on on a subclass with an instance of class blchildren as parameter,0,instances of me are created by calling the factory method method blchildrensubset class on on a subclass with an instance of class blchildren as parameter | blchildrensubset,"[0, 0, 0, 0, 1, 0]"
43,BlChildrenSubset,implementation details,0,implementation details | blchildrensubset,"[1, 0, 0, 0, 0, 0]"
47,BlClickEvent,the click event is fired when a pointing device button a mouse s primary button is pressed and released on a single element,0,the click event is fired when a pointing device button a mouse s primary button is pressed and released on a single element | blclickevent,"[1, 0, 1, 0, 0, 0]"
48,BlClickEvent,the order of fired events,0,the order of fired events | blclickevent,"[1, 0, 0, 0, 0, 0]"
50,BlClickEvent,mouse up,0,mouse up | blclickevent,"[1, 0, 0, 0, 0, 0]"
52,BlCompulsoryCombinationTest,this class contains tests,0,this class contains tests | blcompulsorycombinationtest,"[0, 0, 1, 0, 0, 0]"
58,BlDecelerateInterpolator,setting factor to 10f produces an upside down y x 2 parabola,0,setting factor to 10f produces an upside down y x 2 parabola | bldecelerateinterpolator,"[1, 0, 0, 0, 0, 0]"
60,BlDecelerateInterpolator,my formula is,0,my formula is | bldecelerateinterpolator,"[1, 0, 0, 0, 0, 0]"
68,BlDevScripterClickStep,here you can see how to configure a fire and check a click event on a child element,0,here you can see how to configure a fire and check a click event on a child element | bldevscripterclickstep,"[0, 1, 0, 0, 0, 0]"
69,BlDragDelegate,drag delegate provides drag items when a visual element lifts,0,drag delegate provides drag items when a visual element lifts | bldragdelegate,"[0, 0, 1, 0, 0, 0]"
70,BlDragDelegate,drag gesture fails if there are no drag items,0,drag gesture fails if there are no drag items | bldragdelegate,"[0, 0, 1, 0, 0, 0]"
71,BlElementBoundsExamples,i contain examples of element bounds api,0,i contain examples of element bounds api | blelementboundsexamples,"[0, 0, 1, 0, 0, 0]"
74,BlElementDynamicTransformation,i am dynamic element transformation in the sense that my transformation matrix may actually depend on some element properties such as extent or position,0,i am dynamic element transformation in the sense that my transformation matrix may actually depend on some element properties such as extent or position | blelementdynamictransformation,"[0, 0, 1, 1, 0, 0]"
75,BlElementDynamicTransformation,it means that matrix computation is performed only when requested taking owner element into account,0,it means that matrix computation is performed only when requested taking owner element into account | blelementdynamictransformation,"[1, 0, 0, 0, 0, 0]"
76,BlElementEffect,i am the abstract root class for effects,0,i am the abstract root class for effects | blelementeffect,"[0, 0, 0, 1, 0, 0]"
77,BlElementEffect,i define the default drawing strategy before after,0,i define the default drawing strategy before after | blelementeffect,"[0, 0, 1, 0, 0, 0]"
78,BlElementEffect,i can influence the bounds of my owner used to clip my owner,0,i can influence the bounds of my owner used to clip my owner | blelementeffect,"[0, 0, 1, 0, 0, 0]"
80,BlElementPositionChangeTest,i contain examples of position change logging functionality,0,i contain examples of position change logging functionality | blelementpositionchangetest,"[0, 0, 1, 0, 0, 0]"
81,BlElementRemovedEvent,is sent by an element after it is removed from the parent,0,is sent by an element after it is removed from the parent | blelementremovedevent,"[0, 0, 0, 0, 0, 1]"
85,BlElementRemovedEvent,child when blelementremovedevent do self inform removed from parent,0,child when blelementremovedevent do self inform removed from parent | blelementremovedevent,"[0, 1, 0, 0, 0, 0]"
86,BlElementRemovedEvent,parent blelement new,0,parent blelement new | blelementremovedevent,"[0, 1, 0, 0, 0, 0]"
87,BlElementRemovedEvent,parent addchild child,0,parent addchild child | blelementremovedevent,"[0, 1, 0, 0, 0, 0]"
90,BlExampleCustomEventTarget,i am an example of a custom non element event target that can be nicely integrated in bloc infrastructure,0,i am an example of a custom non element event target that can be nicely integrated in bloc infrastructure | blexamplecustomeventtarget,"[0, 0, 1, 1, 0, 0]"
91,BlExampleElementWithBrokenOnLayout,i am an element with a broken onlayout method that throws error subscriptoutofbounds,0,i am an element with a broken onlayout method that throws error subscriptoutofbounds | blexampleelementwithbrokenonlayout,"[0, 0, 1, 1, 0, 0]"
92,BlExperimentalExamples,i contain experimental examples that only work in manually prepared laboratory environments,0,i contain experimental examples that only work in manually prepared laboratory environments | blexperimentalexamples,"[0, 0, 1, 0, 0, 0]"
94,BlFocusExamples,1 inspect run example,0,1 inspect run example | blfocusexamples,"[0, 1, 0, 0, 0, 0]"
95,BlFocusExamples,2 click one any cell to give it a focus blue border should appear,0,2 click one any cell to give it a focus blue border should appear | blfocusexamples,"[0, 1, 0, 0, 0, 0]"
97,BlGeometry,the geometry is used to define the geometry to be drawn and the interaction area,0,the geometry is used to define the geometry to be drawn and the interaction area | blgeometry,"[0, 0, 1, 0, 0, 1]"
98,BlGeometryAnchorListener,i am an event listener that listens anchor moved event send by anchor,0,i am an event listener that listens anchor moved event send by anchor | blgeometryanchorlistener,"[0, 0, 1, 1, 0, 1]"
99,BlGeometryAnchorMoved,i am sent when anchor s position changed,0,i am sent when anchor s position changed | blgeometryanchormoved,"[0, 0, 1, 0, 0, 0]"
100,BlGeometryElement,i am a root class of geometry elements elements driven by geometry anchors,0,i am a root class of geometry elements elements driven by geometry anchors | blgeometryelement,"[0, 0, 1, 1, 0, 0]"
103,BlGridLayout,a grid consists of cells that are separated by invisible lines,0,a grid consists of cells that are separated by invisible lines | blgridlayout,"[1, 0, 0, 0, 0, 0]"
105,BlGridLayout,indices lie in closed interval 1 n 1,0,indices lie in closed interval 1 n 1 | blgridlayout,"[1, 0, 0, 0, 0, 0]"
106,BlGridLayout,grid layout supports fitcontent matchparent and exact resizing mode of the owner,0,grid layout supports fitcontent matchparent and exact resizing mode of the owner | blgridlayout,"[1, 0, 0, 0, 0, 0]"
107,BlGridLayout,children are allowed to have fitcontent and exact resizing modes,0,children are allowed to have fitcontent and exact resizing modes | blgridlayout,"[1, 0, 0, 0, 0, 0]"
108,BlGridLayout,because child s matchparent does not make sense in case of grid users should use fill to declare that child should take all available cell s space,0,because child s matchparent does not make sense in case of grid users should use fill to declare that child should take all available cell s space | blgridlayout,"[1, 0, 0, 0, 0, 0]"
110,BlGridLayout,user can specify amount of columns or rows by sending columncount or rowcount to an instance of grid layout,0,user can specify amount of columns or rows by sending columncount or rowcount to an instance of grid layout | blgridlayout,"[1, 0, 0, 0, 0, 0]"
112,BlGridLayout,public api and key messages,0,public api and key messages | blgridlayout,"[0, 0, 0, 0, 1, 0]"
116,BlGridLayout,alignmargins bounds of each element are extended outwards according to their margins before the edges of the resulting rectangle are aligned,0,alignmargins bounds of each element are extended outwards according to their margins before the edges of the resulting rectangle are aligned | blgridlayout,"[0, 0, 0, 0, 1, 0]"
118,BlGridLayout,internal representation and key implementation points,0,internal representation and key implementation points | blgridlayout,"[1, 0, 0, 0, 0, 0]"
127,BlHandlerRegistry,registry,0,registry | blhandlerregistry,"[0, 1, 0, 0, 0, 0]"
128,BlHeadlessHost,i am a fallback host that is chosen if there are no other available and supported hosts,0,i am a fallback host that is chosen if there are no other available and supported hosts | blheadlesshost,"[0, 0, 1, 1, 0, 0]"
129,BlHostPulseLoop,i am the bloc main loop,0,i am the bloc main loop | blhostpulseloop,"[0, 0, 0, 1, 0, 0]"
132,BlHostPulseLoop,this may be delayed if there are background processes wanting to run to ensure that background calculation of ui elements can complete,0,this may be delayed if there are background processes wanting to run to ensure that background calculation of ui elements can complete | blhostpulseloop,"[1, 0, 0, 0, 0, 0]"
134,BlInfiniteDataSourceCommandType,i am a type of data source update command,0,i am a type of data source update command | blinfinitedatasourcecommandtype,"[0, 0, 0, 1, 0, 0]"
135,BlInfiniteDataSourceCommandType,i suppose to be stateless and therefore immutable,0,i suppose to be stateless and therefore immutable | blinfinitedatasourcecommandtype,"[1, 0, 0, 0, 0, 0]"
139,BlInfiniteDataSourceItemRangeMoved,sent by,0,sent by | blinfinitedatasourceitemrangemoved,"[0, 0, 0, 0, 0, 1]"
144,BlInfiniteDataSourceItemRangeMoved,do event self inform item was moved from event from asstring to event to asstring,0,do event self inform item was moved from event from asstring to event to asstring | blinfinitedatasourceitemrangemoved,"[0, 1, 0, 0, 0, 0]"
145,BlInfiniteExampleClassesDataSource,i am a data source of the collection of all classes in the image,0,i am a data source of the collection of all classes in the image | blinfiniteexampleclassesdatasource,"[0, 0, 0, 1, 0, 1]"
146,BlInfiniteItemAnimationsFinished,i can be used for example to delay an action in a data set until currently running animations are complete,0,i can be used for example to delay an action in a data set until currently running animations are complete | blinfiniteitemanimationsfinished,"[0, 0, 1, 0, 0, 0]"
156,BlLayout,i am attached to a bloc element and define the visual structure of that bloc element,0,i am attached to a bloc element and define the visual structure of that bloc element | bllayout,"[0, 0, 1, 0, 0, 1]"
158,BlLayout,layout constraints,0,layout constraints | bllayout,"[1, 0, 0, 0, 0, 0]"
159,BlLayout,i support a set of attributes refered to as constraints in bloc which define the visual properties of the layout,0,i support a set of attributes refered to as constraints in bloc which define the visual properties of the layout | bllayout,"[1, 0, 0, 0, 0, 0]"
161,BlLayout,each layout has a dedicated constraint objects instance of class bllayoutcommonconstraints that contain these common constraints,0,each layout has a dedicated constraint objects instance of class bllayoutcommonconstraints that contain these common constraints | bllayout,"[1, 0, 0, 0, 0, 0]"
162,BlLayout,each type of layout can further define its own specific constraints by creating a subclass of class bllayoutconstraints,0,each type of layout can further define its own specific constraints by creating a subclass of class bllayoutconstraints | bllayout,"[1, 0, 0, 0, 0, 0]"
163,BlLayout,layout phase in a frame,0,layout phase in a frame | bllayout,"[1, 0, 0, 0, 0, 0]"
164,BlLayout,layouting of elements is a phase executed by a space during every frame,0,layouting of elements is a phase executed by a space during every frame | bllayout,"[1, 0, 0, 0, 0, 0]"
165,BlLayout,every frame the space goes through several phases method blspaceframe initializephases,0,every frame the space goes through several phases method blspaceframe initializephases | bllayout,"[1, 0, 0, 0, 0, 0]"
166,BlLayout,phases are modeled as subclasses of class blspaceframephase and are executed once per frame,0,phases are modeled as subclasses of class blspaceframephase and are executed once per frame | bllayout,"[1, 0, 0, 0, 0, 0]"
167,BlLayout,one of them class blspaceframelayoutphase consists in layouting the elements contained in the space,0,one of them class blspaceframelayoutphase consists in layouting the elements contained in the space | bllayout,"[1, 0, 0, 0, 0, 0]"
168,BlLayout,this is done after events and tasks have been executed but before the drawing phase,0,this is done after events and tasks have been executed but before the drawing phase | bllayout,"[1, 0, 0, 0, 0, 0]"
169,BlLayout,layouting should to be executed during a frame when various properties like width height or position change in any element contained by the space,0,layouting should to be executed during a frame when various properties like width height or position change in any element contained by the space | bllayout,"[1, 0, 0, 0, 0, 0]"
170,BlLayout,however an important aspect in bloc is that when one of these properties changes layouting is not performed immediately,0,however an important aspect in bloc is that when one of these properties changes layouting is not performed immediately | bllayout,"[1, 0, 0, 0, 0, 0]"
171,BlLayout,instead a layout request is issued by the element whose property changed using the message method blelement requestlayout,0,instead a layout request is issued by the element whose property changed using the message method blelement requestlayout | bllayout,"[1, 0, 0, 0, 0, 0]"
172,BlLayout,this has the advantage that if no element request layout this phase can be skipped,0,this has the advantage that if no element request layout this phase can be skipped | bllayout,"[1, 0, 0, 0, 0, 0]"
174,BlLayout,hence in bloc layout is not executed immediately after a property like the width of an element changes,0,hence in bloc layout is not executed immediately after a property like the width of an element changes | bllayout,"[1, 0, 0, 1, 0, 0]"
177,BlLayout,that can be done using the messafe method blelement forcelayout this should not be used outside of tests as it bypasses the normal layouting system from bloc,0,that can be done using the messafe method blelement forcelayout this should not be used outside of tests as it bypasses the normal layouting system from bloc | bllayout,"[1, 0, 0, 0, 0, 0]"
178,BlLayout,however often elements need to reach and perform actions when for example their position or extent changes,0,however often elements need to reach and perform actions when for example their position or extent changes | bllayout,"[1, 0, 0, 0, 0, 0]"
179,BlLayout,they can react by requesting another layout,0,they can react by requesting another layout | bllayout,"[1, 0, 0, 0, 0, 0]"
180,BlLayout,a tipical example is deadling with edges,0,a tipical example is deadling with edges | bllayout,"[1, 0, 0, 0, 0, 0]"
181,BlLayout,an edge can be layouted only after the position of the elements that it connects is known,0,an edge can be layouted only after the position of the elements that it connects is known | bllayout,"[1, 0, 0, 0, 0, 0]"
183,BlLayout,the space only allows layout requests during the layouting phase a limited number of times method blspace computelayout to avoid blocking rendering due to infinite recursions caused by layout requests or void spending too much time on layouts in a frame,0,the space only allows layout requests during the layouting phase a limited number of times method blspace computelayout to avoid blocking rendering due to infinite recursions caused by layout requests or void spending too much time on layouts in a frame | bllayout,"[1, 0, 0, 0, 0, 0]"
185,BlLayout,performing a layout,0,performing a layout | bllayout,"[1, 0, 0, 0, 0, 0]"
187,BlLayout,performing the layout on an element consists in executing three main steps,0,performing the layout on an element consists in executing three main steps | bllayout,"[1, 0, 0, 0, 0, 0]"
189,BlLayout,this is the first step when performing a layout on an element and consists in determening the measured bounds of that element,0,this is the first step when performing a layout on an element and consists in determening the measured bounds of that element | bllayout,"[1, 0, 0, 0, 0, 0]"
191,BlLayout,by default class blelement delegates the measuring to its layout,0,by default class blelement delegates the measuring to its layout | bllayout,"[1, 0, 0, 0, 0, 0]"
192,BlLayout,layouts should override method bllayout measure with to implement the actual measuring,0,layouts should override method bllayout measure with to implement the actual measuring | bllayout,"[1, 0, 0, 0, 0, 0]"
193,BlLayout,normally layouts follow a top to bottom approach they measure the current element and then asks its children to do the measuring,0,normally layouts follow a top to bottom approach they measure the current element and then asks its children to do the measuring | bllayout,"[1, 0, 0, 0, 0, 0]"
194,BlLayout,each element has real bounds blelement bounds and measured bounds blelement measuredbounds,0,each element has real bounds blelement bounds and measured bounds blelement measuredbounds | bllayout,"[1, 0, 0, 0, 0, 0]"
195,BlLayout,the real bounds contain the actual position and extent of an element that users of that element should rely on,0,the real bounds contain the actual position and extent of an element that users of that element should rely on | bllayout,"[1, 0, 0, 0, 0, 0]"
196,BlLayout,the measured bounds are used during layouting to hold the new extent of an element,0,the measured bounds are used during layouting to hold the new extent of an element | bllayout,"[1, 0, 0, 0, 0, 0]"
197,BlLayout,the measuring phase changes only the extent in the measured bounds,0,the measuring phase changes only the extent in the measured bounds | bllayout,"[1, 0, 0, 0, 0, 0]"
199,BlLayout,the measured bounds act like a temporary cache for the new bounds of an element,0,the measured bounds act like a temporary cache for the new bounds of an element | bllayout,"[1, 0, 0, 0, 0, 0]"
200,BlLayout,they were introduced to avoid changing the real extent of element while layouting of children is still being performed,0,they were introduced to avoid changing the real extent of element while layouting of children is still being performed | bllayout,"[1, 0, 0, 0, 0, 0]"
202,BlLayout,applying the layout,0,applying the layout | bllayout,"[1, 0, 0, 0, 0, 0]"
205,BlLayout,space starts the measurement process from the root element after measurement it tell children to measure themselves etc,0,space starts the measurement process from the root element after measurement it tell children to measure themselves etc | bllayout,"[1, 0, 0, 0, 0, 0]"
206,BlLayout,measurement top to bottom though all the composition of elements,0,measurement top to bottom though all the composition of elements | bllayout,"[1, 0, 0, 0, 0, 0]"
207,BlLayout,this step find the size of an element and sets measuredextent or position sometimes,0,this step find the size of an element and sets measuredextent or position sometimes | bllayout,"[1, 0, 0, 0, 0, 0]"
208,BlLayout,space starts the layout step,0,space starts the layout step | bllayout,"[1, 0, 0, 0, 0, 0]"
209,BlLayout,as we know the size of each child we compute the actual position for each child,0,as we know the size of each child we compute the actual position for each child | bllayout,"[1, 0, 0, 0, 0, 0]"
211,BlLayout,elements announce events for position and extent changed,0,elements announce events for position and extent changed | bllayout,"[1, 0, 0, 0, 0, 0]"
212,BlLayout,without event handlers the layout process is going to happen only once,0,without event handlers the layout process is going to happen only once | bllayout,"[1, 0, 0, 0, 0, 0]"
213,BlLayout,for example when nodes change the position edges should be updated,0,for example when nodes change the position edges should be updated | bllayout,"[1, 0, 0, 0, 0, 0]"
214,BlLayout,layout events,0,layout events | bllayout,"[1, 0, 0, 0, 0, 0]"
217,BlLayout,i define an api of a layout,0,i define an api of a layout | bllayout,"[1, 0, 0, 0, 1, 0]"
218,BlLayout,concrete implementations should focus on measure with and layout in,0,concrete implementations should focus on measure with and layout in | bllayout,"[1, 0, 0, 0, 1, 0]"
219,BlLocalImageCacheTest,this class contains tests,0,this class contains tests | bllocalimagecachetest,"[0, 0, 1, 0, 0, 0]"
221,BlMatrix2D,my components are named according to mathematical convention,0,my components are named according to mathematical convention | blmatrix2d,"[1, 0, 0, 0, 0, 0]"
223,BlMatrix2D,a21 a22 shx sy,0,a21 a22 shx sy | blmatrix2d,"[1, 0, 0, 0, 0, 0]"
226,BlMatrixDecomposition,for example in case of 2d matrix they are,0,for example in case of 2d matrix they are | blmatrixdecomposition,"[1, 0, 0, 0, 0, 0]"
230,BlMatrixDecomposition,top left 2x2 minor of original matrix,0,top left 2x2 minor of original matrix | blmatrixdecomposition,"[1, 0, 0, 0, 0, 0]"
237,BlMatrixTransformation,i am an affine transformation that is directly defined by transformation matrix,0,i am an affine transformation that is directly defined by transformation matrix | blmatrixtransformation,"[0, 0, 0, 1, 0, 0]"
238,BlMeasurementUnspecifiedMode,i represent a concrete implementation of unspecified measurement mode,0,i represent a concrete implementation of unspecified measurement mode | blmeasurementunspecifiedmode,"[0, 0, 0, 1, 0, 0]"
240,BlMorphicHostSpace,i am a host space created by blmorphichost,0,i am a host space created by blmorphichost | blmorphichostspace,"[0, 0, 0, 1, 0, 0]"
247,BlMouseMiddleButton,i am a middle mouse button,0,i am a middle mouse button | blmousemiddlebutton,"[0, 0, 0, 1, 0, 0]"
249,BlMouseMoveEvent,the mouse move event is fired when a pointing device usually a mouse is moved while over an element,0,the mouse move event is fired when a pointing device usually a mouse is moved while over an element | blmousemoveevent,"[0, 0, 0, 0, 0, 1]"
250,BlMouseProcessor,i am an event processor,0,i am an event processor | blmouseprocessor,"[0, 0, 0, 1, 0, 0]"
255,BlPerpendicularFractionAnchor,i am a virtual anchor that lays on a perpendicular to a line between two reference anchors,0,i am a virtual anchor that lays on a perpendicular to a line between two reference anchors | blperpendicularfractionanchor,"[0, 0, 1, 1, 0, 0]"
256,BlPerpendicularFractionAnchor,the curvature distance from the line connecting reference anchors is defined as a fraction curvaturefraction of a length between anchors,0,the curvature distance from the line connecting reference anchors is defined as a fraction curvaturefraction of a length between anchors | blperpendicularfractionanchor,"[1, 0, 0, 0, 0, 0]"
259,BlPolygon,10 50,0,10 50 | blpolygon,"[0, 1, 0, 0, 0, 0]"
263,BlPolygon,80 140,0,80 140 | blpolygon,"[0, 1, 0, 0, 0, 0]"
265,BlRectangleShapeWithArrowExplanation,the goal of this tutorial is to create an element with an arrow like pointer in the middle of the top edge as shown below,0,the goal of this tutorial is to create an element with an arrow like pointer in the middle of the top edge as shown below | blrectangleshapewitharrowexplanation,"[0, 1, 0, 0, 0, 0]"
269,BlRectangleShapeWithArrowExplanation,even more compex would be to implement the support for positioning the arrow on different edges eg left bottom or an ability to have multiple arrows on separate edges,0,even more compex would be to implement the support for positioning the arrow on different edges eg left bottom or an ability to have multiple arrows on separate edges | blrectangleshapewitharrowexplanation,"[0, 1, 0, 0, 0, 0]"
272,BlRectangleShapeWithArrowExplanation,creating a rectangle shape,0,creating a rectangle shape | blrectangleshapewitharrowexplanation,"[0, 1, 0, 0, 0, 0]"
276,BlRectangleShapeWithArrowExplanation,in order to give the arrow pointing up enough space we should move the top edge of the rectangle down by the length of the arrow,0,in order to give the arrow pointing up enough space we should move the top edge of the rectangle down by the length of the arrow | blrectangleshapewitharrowexplanation,"[0, 1, 0, 0, 0, 0]"
281,BlRectangleShapeWithArrowExplanation,injecting a line inside of the top edge,0,injecting a line inside of the top edge | blrectangleshapewitharrowexplanation,"[0, 1, 0, 0, 0, 0]"
283,BlRectangleShapeWithArrowExplanation,it can be done by sending method bllineshape injectlineat length to the topedge,0,it can be done by sending method bllineshape injectlineat length to the topedge | blrectangleshapewitharrowexplanation,"[0, 1, 0, 0, 0, 0]"
285,BlRectangleShapeWithArrowExplanation,example blrectangleshapewitharrowexplanation rectanglewithtopinjectedline previewshow gtlivefor previewexpanded true previewheight 250,0,example blrectangleshapewitharrowexplanation rectanglewithtopinjectedline previewshow gtlivefor previewexpanded true previewheight 250 | blrectangleshapewitharrowexplanation,"[0, 1, 0, 0, 0, 0]"
287,BlRectangleShapeWithArrowExplanation,we are almost ready to create a rectangular arrow,0,we are almost ready to create a rectangular arrow | blrectangleshapewitharrowexplanation,"[0, 1, 0, 0, 0, 0]"
289,BlRectangleShapeWithArrowExplanation,we can do so by sending a method bllineshape splitat to the now middle section of the topedge which was created by the previous line injection step,0,we can do so by sending a method bllineshape splitat to the now middle section of the topedge which was created by the previous line injection step | blrectangleshapewitharrowexplanation,"[0, 1, 0, 0, 0, 0]"
290,BlRectangleShapeWithArrowExplanation,example blrectangleshapewitharrowexplanation rectanglewithtoppolylinesplitinhalf previewshow gtlivefor previewexpanded true previewheight 250,0,example blrectangleshapewitharrowexplanation rectanglewithtoppolylinesplitinhalf previewshow gtlivefor previewexpanded true previewheight 250 | blrectangleshapewitharrowexplanation,"[0, 1, 0, 0, 0, 0]"
291,BlRectangleShapeWithArrowExplanation,moving the top of the triangle,0,moving the top of the triangle | blrectangleshapewitharrowexplanation,"[0, 1, 0, 0, 0, 0]"
295,BlRectangleShapeWithArrowExplanation,example blrectangleshapewitharrowexplanation rectanglewithtoparrow previewshow gtlivefor previewexpanded true previewheight 250,0,example blrectangleshapewitharrowexplanation rectanglewithtoparrow previewshow gtlivefor previewexpanded true previewheight 250 | blrectangleshapewitharrowexplanation,"[0, 1, 0, 0, 0, 0]"
296,BlScalableFitHeightStrategy,i make sure that content element fits vertically within scalable element,0,i make sure that content element fits vertically within scalable element | blscalablefitheightstrategy,"[0, 0, 1, 0, 0, 0]"
297,BlScalableFitWidthStrategy,i make sure that content element fits horizontally within scalable element,0,i make sure that content element fits horizontally within scalable element | blscalablefitwidthstrategy,"[0, 0, 1, 0, 0, 0]"
299,BlSpaceEventExamples,i contain examples of space related events,0,i contain examples of space related events | blspaceeventexamples,"[0, 0, 1, 0, 0, 0]"
300,BlSpaceFramePhase,i represent a frame phase,0,i represent a frame phase | blspaceframephase,"[0, 0, 0, 1, 0, 0]"
301,BlSpaceFramePhase,each phase knows about its start time and send a corresponding event once the phase is completed,0,each phase knows about its start time and send a corresponding event once the phase is completed | blspaceframephase,"[0, 0, 1, 0, 0, 0]"
302,BlSpartaMozSkiaCanvasBuilder,i am a copy of class blspartamozcanvasbuilder,0,i am a copy of class blspartamozcanvasbuilder | blspartamozskiacanvasbuilder,"[0, 0, 0, 1, 0, 0]"
304,BlTextBackgroundAttribute,i represent a text background attribute,0,i represent a text background attribute | bltextbackgroundattribute,"[0, 0, 0, 1, 0, 0]"
305,BlTextBackgroundAttribute,i am used together with brtext and brtextstyler to style text,0,i am used together with brtext and brtextstyler to style text | bltextbackgroundattribute,"[0, 0, 1, 0, 0, 1]"
306,BlTextBackgroundAttribute,public api and key messages,0,public api and key messages | bltextbackgroundattribute,"[0, 0, 0, 0, 1, 0]"
307,BlTextBackgroundAttribute,paint set background paint,0,paint set background paint | bltextbackgroundattribute,"[0, 0, 0, 0, 1, 0]"
310,BlTextElementMeasurementStrategyExamples,text measurement strategies,0,text measurement strategies | bltextelementmeasurementstrategyexamples,"[0, 1, 0, 0, 0, 0]"
311,BlTextElementMeasurementStrategyExamples,class bltextelement provides different text measurement strategies each suitable for a specific use case,0,class bltextelement provides different text measurement strategies each suitable for a specific use case | bltextelementmeasurementstrategyexamples,"[0, 0, 0, 0, 0, 1]"
312,BlTextElementMeasurementStrategyExamples,there is no perfect strategy therefore understanding the differences between them is an important step in learning how to work with text in bloc,0,there is no perfect strategy therefore understanding the differences between them is an important step in learning how to work with text in bloc | bltextelementmeasurementstrategyexamples,"[0, 1, 0, 0, 0, 1]"
313,BlTextElementMeasurementStrategyExamples,label measurement,0,label measurement | bltextelementmeasurementstrategyexamples,"[0, 1, 0, 0, 0, 0]"
315,BlTextElementMeasurementStrategyExamples,it means that the height of the text is independent from the content,0,it means that the height of the text is independent from the content | bltextelementmeasurementstrategyexamples,"[0, 1, 0, 0, 0, 0]"
316,BlTextElementMeasurementStrategyExamples,the width is given by the exact bounds of the element s text,0,the width is given by the exact bounds of the element s text | bltextelementmeasurementstrategyexamples,"[0, 1, 0, 0, 0, 0]"
317,BlTextElementMeasurementStrategyExamples,please note that since the width is precise and depends on the content whitespace is not taken into account when computing the width of the text element,0,please note that since the width is precise and depends on the content whitespace is not taken into account when computing the width of the text element | bltextelementmeasurementstrategyexamples,"[0, 1, 0, 0, 0, 0]"
319,BlTextElementMeasurementStrategyExamples,editor measurement,0,editor measurement | bltextelementmeasurementstrategyexamples,"[0, 1, 0, 0, 0, 0]"
322,BlTextElementMeasurementStrategyExamples,method bltextelement editormeasurement,0,method bltextelement editormeasurement | bltextelementmeasurementstrategyexamples,"[0, 1, 0, 0, 0, 0]"
323,BlTextElementMeasurementStrategyExamples,example bltextelementmeasurementstrategyexamples textelementwitheditormeasurement nocode previewshow gtlivefor previewheight 100,0,example bltextelementmeasurementstrategyexamples textelementwitheditormeasurement nocode previewshow gtlivefor previewheight 100 | bltextelementmeasurementstrategyexamples,"[0, 1, 0, 0, 0, 0]"
324,BlTextElementMeasurementStrategyExamples,precise measurement,0,precise measurement | bltextelementmeasurementstrategyexamples,"[0, 1, 0, 0, 0, 0]"
326,BlTextElementMeasurementStrategyExamples,method bltextelement tightmeasurement does exactly that and clips off any white space surrounding the text,0,method bltextelement tightmeasurement does exactly that and clips off any white space surrounding the text | bltextelementmeasurementstrategyexamples,"[0, 1, 0, 0, 0, 0]"
327,BlTextElementMeasurementStrategyExamples,it may be useful for displaying a short piece of a text usually a word centered within a larger element,0,it may be useful for displaying a short piece of a text usually a word centered within a larger element | bltextelementmeasurementstrategyexamples,"[0, 1, 0, 0, 0, 0]"
328,BlTextElementMeasurementStrategyExamples,example bltextelementmeasurementstrategyexamples textelementwithtightmeasurement nocode previewshow gtlivefor previewheight 75,0,example bltextelementmeasurementstrategyexamples textelementwithtightmeasurement nocode previewshow gtlivefor previewheight 75 | bltextelementmeasurementstrategyexamples,"[0, 1, 0, 0, 0, 0]"
329,BlTextElementMeasurementStrategyExamples,conslusion,0,conslusion | bltextelementmeasurementstrategyexamples,"[0, 1, 0, 0, 0, 0]"
341,BrExampleColoredElementStencil,i am an example of a custom stencil that creates a rounded rectangular element with cusomizable background color and corner radius,0,i am an example of a custom stencil that creates a rounded rectangular element with cusomizable background color and corner radius | brexamplecoloredelementstencil,"[0, 0, 1, 1, 1, 0]"
344,BrExamplesShowroom,in the example below we show all existing button styles,0,in the example below we show all existing button styles | brexamplesshowroom,"[0, 1, 0, 0, 0, 0]"
345,BrExamplesShowroom,the following glamorous button reacts to various ui interaction events and changes its style according the state pressed hovered,0,the following glamorous button reacts to various ui interaction events and changes its style according the state pressed hovered | brexamplesshowroom,"[0, 1, 0, 0, 0, 0]"
346,BrExamplesShowroom,example brexamplesshowroom glamorousbutton,0,example brexamplesshowroom glamorousbutton | brexamplesshowroom,"[0, 1, 0, 0, 0, 0]"
347,BrExamplesShowroom,button can also be disabled to prevent click events,0,button can also be disabled to prevent click events | brexamplesshowroom,"[0, 1, 0, 0, 0, 0]"
348,BrExamplesShowroom,example brexamplesshowroom glamorousdisabledbutton,0,example brexamplesshowroom glamorousdisabledbutton | brexamplesshowroom,"[0, 1, 0, 0, 0, 0]"
349,BrExamplesShowroom,toggles,0,toggles | brexamplesshowroom,"[0, 1, 0, 0, 0, 0]"
350,BrExamplesShowroom,labelled toggle,0,labelled toggle | brexamplesshowroom,"[0, 1, 0, 0, 0, 0]"
352,BrExamplesShowroom,example brexamplesshowroom materiallabeltoggle,0,example brexamplesshowroom materiallabeltoggle | brexamplesshowroom,"[0, 1, 0, 0, 0, 0]"
355,BrExamplesShowroom,we can compose label and icon looks to create a toggle button with both label and the icon,0,we can compose label and icon looks to create a toggle button with both label and the icon | brexamplesshowroom,"[0, 1, 0, 0, 0, 0]"
356,BrExamplesShowroom,note that the order of looks defines the visual order of the label and icon,0,note that the order of looks defines the visual order of the label and icon | brexamplesshowroom,"[0, 1, 0, 0, 0, 0]"
357,BrExamplesShowroom,example brexamplesshowroom materialtoggle,0,example brexamplesshowroom materialtoggle | brexamplesshowroom,"[0, 1, 0, 0, 0, 0]"
358,BrExamplesShowroom,thus being said by swapping the label and icon look we can move the icon to the right from the label,0,thus being said by swapping the label and icon look we can move the icon to the right from the label | brexamplesshowroom,"[0, 1, 0, 0, 0, 0]"
359,BrExamplesShowroom,example brexamplesshowroom materialreversedtoggle,0,example brexamplesshowroom materialreversedtoggle | brexamplesshowroom,"[0, 1, 0, 0, 0, 0]"
360,BrExamplesShowroom,accordion,0,accordion | brexamplesshowroom,"[0, 1, 0, 0, 0, 0]"
361,BrExamplesShowroom,tabs,0,tabs | brexamplesshowroom,"[0, 1, 0, 0, 0, 0]"
362,BrExamplesShowroom,the content of each tab is defined with the help of a stencil,0,the content of each tab is defined with the help of a stencil | brexamplesshowroom,"[0, 1, 0, 0, 0, 0]"
363,BrExamplesShowroom,toolbar,0,toolbar | brexamplesshowroom,"[0, 1, 0, 0, 0, 0]"
365,BrExamplesShowroom,example brexamplesshowroom glamoroustoolbar,0,example brexamplesshowroom glamoroustoolbar | brexamplesshowroom,"[0, 1, 0, 0, 0, 0]"
367,BrExamplesShowroom,list,0,list | brexamplesshowroom,"[0, 1, 0, 0, 0, 0]"
369,BrGlamorousIcons,you can import new icons using method name brglamorousicons class importiconsfromdirectory using the script below,0,you can import new icons using method name brglamorousicons class importiconsfromdirectory using the script below | brglamorousicons,"[1, 0, 1, 0, 0, 0]"
370,BrGlamorousIcons,it imports all png files and creates class methods with the same name,0,it imports all png files and creates class methods with the same name | brglamorousicons,"[0, 1, 1, 0, 0, 0]"
371,BrGlamorousIcons,brglamorousicons importiconsfromdirectory,0,brglamorousicons importiconsfromdirectory | brglamorousicons,"[0, 1, 0, 0, 0, 0]"
372,BrGlamorousIcons,gt icons asfilereference,0,gt icons asfilereference | brglamorousicons,"[0, 1, 0, 0, 0, 0]"
377,BrLook,i define how widgets look,0,i define how widgets look | brlook,"[0, 0, 1, 0, 0, 0]"
384,BrSelectionRequest,i am sent by a look to request selection update from the view model,0,i am sent by a look to request selection update from the view model | brselectionrequest,"[0, 0, 1, 0, 0, 0]"
386,BrTextEditor,the moldable editor,0,the moldable editor | brtexteditor,"[0, 0, 0, 1, 0, 0]"
389,BrTextEditorCursorElementRemovedEvent,i am sent by the text editor element when an element playing a role of the cursor is removed from the editor,0,i am sent by the text editor element when an element playing a role of the cursor is removed from the editor | brtexteditorcursorelementremovedevent,"[0, 0, 1, 1, 0, 0]"
391,BrTextEditorExamples,show gtprintin,0,show gtprintin | brtexteditorexamples,"[0, 1, 0, 0, 0, 0]"
392,BrTextEditorExamples,10 factorial,0,10 factorial | brtexteditorexamples,"[0, 1, 0, 0, 0, 0]"
394,BrTextEditorExamples,example brtexteditorexamples newtext,0,example brtexteditorexamples newtext | brtexteditorexamples,"[0, 1, 0, 0, 0, 0]"
395,BrTextEditorExamples,next we build the editor,0,next we build the editor | brtexteditorexamples,"[0, 1, 0, 0, 0, 0]"
396,BrTextEditorExamples,example brtexteditorexamples neweditor,0,example brtexteditorexamples neweditor | brtexteditorexamples,"[0, 1, 0, 0, 0, 0]"
397,BrTextEditorExamples,then we attach text to the enditor,0,then we attach text to the enditor | brtexteditorexamples,"[0, 1, 0, 0, 0, 0]"
398,BrTextEditorExamples,example brtexteditorexamples editor text,0,example brtexteditorexamples editor text | brtexteditorexamples,"[0, 1, 0, 0, 0, 0]"
399,BrTextEditorExamples,next we create an editor element,0,next we create an editor element | brtexteditorexamples,"[0, 1, 0, 0, 0, 0]"
401,BrTextEditorExamples,and finally build everything together,0,and finally build everything together | brtexteditorexamples,"[0, 1, 0, 0, 0, 0]"
402,BrTextEditorExamples,example brtexteditorexamples element editortext show gtlivein,0,example brtexteditorexamples element editortext show gtlivein | brtexteditorexamples,"[0, 1, 0, 0, 0, 0]"
403,BrTextEditorExamples,done,0,done | brtexteditorexamples,"[0, 1, 0, 0, 0, 0]"
404,BrTextEditorLetterInputFilter,i only allow letters,0,i only allow letters | brtexteditorletterinputfilter,"[0, 0, 1, 0, 0, 0]"
407,BrTextEditorSelectionRecorder,i am used to record text selection intervals while user drags mouse over the text editor,0,i am used to record text selection intervals while user drags mouse over the text editor | brtexteditorselectionrecorder,"[0, 0, 1, 0, 0, 1]"
408,BrTextEditorSelectionRecorder,additionally i play a role of a selection strategy to support single or multiple selection,0,additionally i play a role of a selection strategy to support single or multiple selection | brtexteditorselectionrecorder,"[0, 0, 1, 0, 0, 1]"
409,BrTextEditorSelectionUpdateCommand,i do the hard job of visually updating selection by requesting segment holders to partially update themselves,0,i do the hard job of visually updating selection by requesting segment holders to partially update themselves | brtexteditorselectionupdatecommand,"[0, 0, 1, 0, 1, 0]"
412,GtABAddress,i hold all data relevant for an address,0,i hold all data relevant for an address | gtabaddress,"[0, 0, 1, 0, 0, 0]"
414,GtConnectorButtonCreatedEvent,is sent by buttonattribute after button is created,0,is sent by buttonattribute after button is created | gtconnectorbuttoncreatedevent,"[0, 0, 1, 0, 0, 1]"
415,GtConnectorButtonCreatedEvent,i allow connector to be notified and attach its own additional handlers to newly created button,0,i allow connector to be notified and attach its own additional handlers to newly created button | gtconnectorbuttoncreatedevent,"[0, 0, 1, 0, 0, 1]"
416,GtDiagrammerArrowheadFilledCircleStencil,i create a filled circle arrow head with the border and background equal to the color of the curve,0,i create a filled circle arrow head with the border and background equal to the color of the curve | gtdiagrammerarrowheadfilledcirclestencil,"[0, 0, 1, 0, 0, 0]"
417,GtDiagrammerArrowheadFilledTriangleStencil,i create a filled triangle arrowhead,0,i create a filled triangle arrowhead | gtdiagrammerarrowheadfilledtrianglestencil,"[0, 0, 1, 0, 0, 0]"
418,GtDiagrammerArrowheadNoneStencil,i am used to remove arrow heads,0,i am used to remove arrow heads | gtdiagrammerarrowheadnonestencil,"[0, 0, 1, 0, 0, 0]"
419,GtDiagrammerDummyTool,i am a dummy tool that does nothing,0,i am a dummy tool that does nothing | gtdiagrammerdummytool,"[0, 0, 1, 1, 0, 0]"
420,GtDiagrammerEditorList,i display a list of editors of an object in a vertical list,0,i display a list of editors of an object in a vertical list | gtdiagrammereditorlist,"[0, 0, 1, 0, 0, 1]"
421,GtDiagrammerEditorList,i fetch data from the diagrammer editor data source,0,i fetch data from the diagrammer editor data source | gtdiagrammereditorlist,"[0, 0, 1, 0, 0, 1]"
423,GtDiagrammerExamples,diagrammer,0,diagrammer | gtdiagrammerexamples,"[0, 1, 0, 0, 0, 0]"
424,GtDiagrammerPicker,i am a scriptable toogle group to display a uniform collection of selectable values,0,i am a scriptable toogle group to display a uniform collection of selectable values | gtdiagrammerpicker,"[0, 0, 0, 1, 0, 0]"
425,GtDiagrammerPicker,picker,0,picker | gtdiagrammerpicker,"[0, 1, 0, 0, 0, 0]"
427,GtDiagrammerPicker,world,0,world | gtdiagrammerpicker,"[0, 1, 0, 0, 0, 0]"
434,GtDiagrammerPicker,margin blinsets all 3,0,margin blinsets all 3 | gtdiagrammerpicker,"[0, 1, 0, 0, 0, 0]"
436,GtDiagrammerPicker,picker constraintsdo c,0,picker constraintsdo c | gtdiagrammerpicker,"[0, 1, 0, 0, 0, 0]"
442,GtExampleDependenciesResolver,i know how to extract the dependencies of a given example,0,i know how to extract the dependencies of a given example | gtexampledependenciesresolver,"[0, 0, 1, 0, 0, 0]"
447,GtExampleFactory,users should configure me with a sourceclass,0,users should configure me with a sourceclass | gtexamplefactory,"[1, 0, 0, 0, 1, 0]"
449,GtExampleFactory,to create an example a method defining an example is executed having a provider as a receiver,0,to create an example a method defining an example is executed having a provider as a receiver | gtexamplefactory,"[1, 0, 0, 0, 0, 0]"
451,GtExampleFactory,if the method is defined on the instance side the provider consists in a new instance of that class,0,if the method is defined on the instance side the provider consists in a new instance of that class | gtexamplefactory,"[1, 0, 0, 0, 0, 0]"
453,GtExampleFactory,optionally users can configure the factory with an explicit provider,0,optionally users can configure the factory with an explicit provider | gtexamplefactory,"[1, 0, 0, 0, 0, 0]"
455,GtExampleFactory,to initialize the subjects of an example i call gtexamplesubjects on the provider object,0,to initialize the subjects of an example i call gtexamplesubjects on the provider object | gtexamplefactory,"[1, 1, 0, 0, 0, 0]"
458,GtExampleFactory,then i execute those methods with the example as a receiver and the pragma arguments,0,then i execute those methods with the example as a receiver and the pragma arguments | gtexamplefactory,"[1, 1, 0, 0, 0, 0]"
459,GtExampleInstanceSubject,i indicate that the subject of an example is an object,0,i indicate that the subject of an example is an object | gtexampleinstancesubject,"[0, 0, 1, 0, 0, 0]"
460,GtExampleInstanceSubject,i am the default subject of an example,0,i am the default subject of an example | gtexampleinstancesubject,"[0, 0, 0, 1, 0, 1]"
462,GtExampleProcessor,for example evaluating an example is to be treated differently from a debugging scenario or from a scenario to recorver static dependencies,0,for example evaluating an example is to be treated differently from a debugging scenario or from a scenario to recorver static dependencies | gtexampleprocessor,"[0, 1, 0, 0, 0, 0]"
463,GtExampleProcessor,i maintain a context that can be accessed from within the examples being processed during the execution of the processor,0,i maintain a context that can be accessed from within the examples being processed during the execution of the processor | gtexampleprocessor,"[0, 0, 1, 0, 0, 0]"
464,GtExampleProcessor,value execute the processor,0,value execute the processor | gtexampleprocessor,"[0, 0, 0, 0, 1, 0]"
466,GtExampleProcessor,canprocess verifies if the processor can execute on the given example,0,canprocess verifies if the processor can execute on the given example | gtexampleprocessor,"[0, 0, 0, 0, 1, 0]"
467,GtGradAbstractTreeLayout,this an implementation of a moen s tree layout algorithm,0,this an implementation of a moen s tree layout algorithm | gtgradabstracttreelayout,"[0, 0, 0, 1, 0, 0]"
470,GtGradAbstractTreeLayout,it improved the older algorithm s ability to handle non uniform sized nodes,0,it improved the older algorithm s ability to handle non uniform sized nodes | gtgradabstracttreelayout,"[1, 0, 0, 0, 0, 0]"
478,GtGradAbstractTreeLayout,to accomplish that it uses shapes represented by polyline structures,0,to accomplish that it uses shapes represented by polyline structures | gtgradabstracttreelayout,"[1, 0, 0, 0, 0, 0]"
482,GtGradAbstractTreeLayout,when merging contours minimum horizontal vertical offsets at which siblings can be placed with resepct to their upper left sibling depending of the layout s orientation are calculated,0,when merging contours minimum horizontal vertical offsets at which siblings can be placed with resepct to their upper left sibling depending of the layout s orientation are calculated | gtgradabstracttreelayout,"[0, 0, 1, 0, 0, 0]"
483,GtGradAbstractTreeLayout,once the bottom up traversal is finished calculation of offsets is finished as well,0,once the bottom up traversal is finished calculation of offsets is finished as well | gtgradabstracttreelayout,"[0, 0, 1, 0, 0, 0]"
487,GtGradAbstractTreeLayout,additionally this implementation supports alignment of nodes top center bottom in case of the vertical layout and left center right in case of the horizontal layout,0,additionally this implementation supports alignment of nodes top center bottom in case of the vertical layout and left center right in case of the horizontal layout | gtgradabstracttreelayout,"[0, 0, 1, 0, 0, 0]"
488,GtGradAbstractTreeLayout,this is done through calculation of differences in sizes of nodes compared to the largest nodes on the same level as well as the differences in sizes of their parents compared to the largest nodes on the parent level,0,this is done through calculation of differences in sizes of nodes compared to the largest nodes on the same level as well as the differences in sizes of their parents compared to the largest nodes on the parent level | gtgradabstracttreelayout,"[0, 0, 1, 0, 0, 0]"
489,GtGradAbstractTreeLayout,gtgradtreelayout is a superclass of gtgradhorizontaltreelayout and gtgradverticaltreelayout classes and contains generic tree layout methods and definitions of methods the two subclasses need to redefine,0,gtgradtreelayout is a superclass of gtgradhorizontaltreelayout and gtgradverticaltreelayout classes and contains generic tree layout methods and definitions of methods the two subclasses need to redefine | gtgradabstracttreelayout,"[0, 0, 0, 0, 0, 1]"
490,GtGradAbstractTreeLayout,generally the differences between the implementations of the hozitonal and vertical variants are really small revolving around one using or setting the x and the other y coordinates,0,generally the differences between the implementations of the hozitonal and vertical variants are really small revolving around one using or setting the x and the other y coordinates | gtgradabstracttreelayout,"[0, 0, 0, 0, 0, 1]"
492,GtGraphCircleEnclosure,i compute the smallest circle that encloses the specified array of circles,0,i compute the smallest circle that encloses the specified array of circles | gtgraphcircleenclosure,"[0, 0, 1, 0, 0, 0]"
493,GtGraphCircleEnclosure,the enclosing circle is computed using the matou ek sharir welzl http www inf ethz ch personal emo publfiles subexlinprog alg16 96 pdf algorithm,0,the enclosing circle is computed using the matou ek sharir welzl http www inf ethz ch personal emo publfiles subexlinprog alg16 96 pdf algorithm | gtgraphcircleenclosure,"[0, 0, 1, 0, 0, 0]"
495,GtGraphCircleEnclosure,and add circles one by one starting with a larger one,0,and add circles one by one starting with a larger one | gtgraphcircleenclosure,"[0, 1, 0, 0, 0, 0]"
496,GtGraphCircleEnclosure,a circle enclosure is represented by a cyan circle,0,a circle enclosure is represented by a cyan circle | gtgraphcircleenclosure,"[0, 1, 0, 0, 0, 0]"
499,GtGraphCircleEnclosure,example gtgraphcircleenclosureexamples enclosurewithonecircle previewshow gtpreviewfor previewexpanded previewheight 300,0,example gtgraphcircleenclosureexamples enclosurewithonecircle previewshow gtpreviewfor previewexpanded previewheight 300 | gtgraphcircleenclosure,"[0, 1, 0, 0, 0, 0]"
501,GtGraphCircleEnclosure,two circle enclosure is also a special case and can be derived directly by method gtgraphcircleenclosure class enclosure and,0,two circle enclosure is also a special case and can be derived directly by method gtgraphcircleenclosure class enclosure and | gtgraphcircleenclosure,"[0, 1, 0, 0, 0, 0]"
502,GtGraphCircleEnclosure,example gtgraphcircleenclosureexamples enclosurewithtwocircles previewshow gtpreviewfor previewexpanded previewheight 300,0,example gtgraphcircleenclosureexamples enclosurewithtwocircles previewshow gtpreviewfor previewexpanded previewheight 300 | gtgraphcircleenclosure,"[0, 1, 0, 0, 0, 0]"
503,GtGraphCircleEnclosure,three circle enclosure is a special case too,0,three circle enclosure is a special case too | gtgraphcircleenclosure,"[0, 1, 0, 0, 0, 0]"
505,GtGraphCircleEnclosure,let s add the third circle to our enclosure to see the result,0,let s add the third circle to our enclosure to see the result | gtgraphcircleenclosure,"[0, 1, 0, 0, 0, 0]"
506,GtGraphCircleEnclosure,example gtgraphcircleenclosureexamples enclosurewiththreecircles previewshow gtpreviewfor previewexpanded previewheight 300,0,example gtgraphcircleenclosureexamples enclosurewiththreecircles previewshow gtpreviewfor previewexpanded previewheight 300 | gtgraphcircleenclosure,"[0, 1, 0, 0, 0, 0]"
507,GtGraphCircleEnclosure,starting with four circles an enclosure should be computed recursively by building and updating a basis enclosure consisting of one to three circles method gtgraphcircleenclosure class enclosureall,0,starting with four circles an enclosure should be computed recursively by building and updating a basis enclosure consisting of one to three circles method gtgraphcircleenclosure class enclosureall | gtgraphcircleenclosure,"[0, 1, 0, 0, 0, 0]"
508,GtGraphCircleEnclosure,example gtgraphcircleenclosureexamples enclosurewithfourcircles previewshow gtpreviewfor previewexpanded previewheight 300,0,example gtgraphcircleenclosureexamples enclosurewithfourcircles previewshow gtpreviewfor previewexpanded previewheight 300 | gtgraphcircleenclosure,"[0, 1, 0, 0, 0, 0]"
511,GtGraphForceBasedLayout,a roforcebasedlayout is inspired from the code of d3,0,a roforcebasedlayout is inspired from the code of d3 | gtgraphforcebasedlayout,"[0, 0, 0, 1, 0, 0]"
522,GtGraphTreemapSquarify,this is an adapted extract from the paper squarified treemaps mentioned above,0,this is an adapted extract from the paper squarified treemaps mentioned above | gtgraphtreemapsquarify,"[0, 1, 0, 0, 0, 0]"
523,GtGraphTreemapSquarify,suppose we have a rectangle with width example gtgraphtreemaplayoutexamples squarifywithsevennodes label width and height example gtgraphtreemaplayoutexamples squarifywithsevennodes label height and furthermore suppose that this rectangle must be subdivided in seven rectangles with areas example gtgraphtreemaplayoutexamples squarifywithsevennodes label nodevalues,0,suppose we have a rectangle with width example gtgraphtreemaplayoutexamples squarifywithsevennodes label width and height example gtgraphtreemaplayoutexamples squarifywithsevennodes label height and furthermore suppose that this rectangle must be subdivided in seven rectangles with areas example gtgraphtreemaplayoutexamples squarifywithsevennodes label nodevalues | gtgraphtreemapsquarify,"[0, 1, 0, 0, 0, 0]"
524,GtGraphTreemapSquarify,the area will be subdivided as follows,0,the area will be subdivided as follows | gtgraphtreemapsquarify,"[0, 1, 0, 0, 0, 0]"
525,GtGraphTreemapSquarify,example gtgraphtreemaplayoutexamples squarifywithsevennodes nocode codeexpanded false previewexpanded true previewshow gtpreviewfor,0,example gtgraphtreemaplayoutexamples squarifywithsevennodes nocode codeexpanded false previewexpanded true previewshow gtpreviewfor | gtgraphtreemapsquarify,"[0, 1, 0, 0, 0, 0]"
526,GtGraphTreemapSquarify,the first step of our algorithm is to split the initial rectangle,0,the first step of our algorithm is to split the initial rectangle | gtgraphtreemapsquarify,"[0, 1, 0, 0, 0, 0]"
527,GtGraphTreemapSquarify,we choose for a horizontal subdivision because the original rectangle is wider than high,0,we choose for a horizontal subdivision because the original rectangle is wider than high | gtgraphtreemapsquarify,"[0, 1, 0, 0, 0, 0]"
530,GtGraphTreemapSquarify,the aspect ratio of this first rectangle is example gtgraphtreemaplayoutexamples squarifywithsevennodesfirststep label worstvaluerounded,0,the aspect ratio of this first rectangle is example gtgraphtreemaplayoutexamples squarifywithsevennodesfirststep label worstvaluerounded | gtgraphtreemapsquarify,"[0, 1, 0, 0, 0, 0]"
531,GtGraphTreemapSquarify,example gtgraphtreemaplayoutexamples squarifywithsevennodesfirststep previewexpanded true nocode,0,example gtgraphtreemaplayoutexamples squarifywithsevennodesfirststep previewexpanded true nocode | gtgraphtreemapsquarify,"[0, 1, 0, 0, 0, 0]"
532,GtGraphTreemapSquarify,next we add a second rectangle above the first,0,next we add a second rectangle above the first | gtgraphtreemapsquarify,"[0, 1, 0, 0, 0, 0]"
533,GtGraphTreemapSquarify,the worst aspect ratio improves to example gtgraphtreemaplayoutexamples squarifywithsevennodessecondstep label worstvaluerounded,0,the worst aspect ratio improves to example gtgraphtreemaplayoutexamples squarifywithsevennodessecondstep label worstvaluerounded | gtgraphtreemapsquarify,"[0, 1, 0, 0, 0, 0]"
534,GtGraphTreemapSquarify,example gtgraphtreemaplayoutexamples squarifywithsevennodessecondstep previewexpanded true nocode,0,example gtgraphtreemaplayoutexamples squarifywithsevennodessecondstep previewexpanded true nocode | gtgraphtreemapsquarify,"[0, 1, 0, 0, 0, 0]"
535,GtGraphTreemapSquarify,however if we add the next area 4 above these original rectangles the aspect ratio of this rectangle is example gtgraphtreemaplayoutexamples squarifywithsevennodesthirdstep label worstvaluerounded,0,however if we add the next area 4 above these original rectangles the aspect ratio of this rectangle is example gtgraphtreemaplayoutexamples squarifywithsevennodesthirdstep label worstvaluerounded | gtgraphtreemapsquarify,"[0, 1, 0, 0, 0, 0]"
537,GtGraphTreemapSquarify,therefore we decide that we have reached an optimum for the left half in step two and start processing the right half,0,therefore we decide that we have reached an optimum for the left half in step two and start processing the right half | gtgraphtreemapsquarify,"[0, 1, 0, 0, 0, 0]"
538,GtGraphTreemapSquarify,the initial subdivision we choose here is vertical because the rectangle is higher than wider,0,the initial subdivision we choose here is vertical because the rectangle is higher than wider | gtgraphtreemapsquarify,"[0, 1, 0, 0, 0, 0]"
540,GtGraphTreemapSquarify,example gtgraphtreemaplayoutexamples squarifywithsevennodesfourthstep previewexpanded true nocode,0,example gtgraphtreemaplayoutexamples squarifywithsevennodesfourthstep previewexpanded true nocode | gtgraphtreemapsquarify,"[0, 1, 0, 0, 0, 0]"
542,GtGraphTreemapSquarify,the worst aspect ratio decreases from example gtgraphtreemaplayoutexamples squarifywithsevennodesfourthstep label worstvaluerounded to example gtgraphtreemaplayoutexamples squarifywithsevennodesfifthstep label worstvaluerounded,0,the worst aspect ratio decreases from example gtgraphtreemaplayoutexamples squarifywithsevennodesfourthstep label worstvaluerounded to example gtgraphtreemaplayoutexamples squarifywithsevennodesfifthstep label worstvaluerounded | gtgraphtreemapsquarify,"[0, 1, 0, 0, 0, 0]"
544,GtGraphTreemapSquarify,addition of the next area 2 however does not improve the result as the worst aspect ratio increases from example gtgraphtreemaplayoutexamples squarifywithsevennodesfifthstep label worstvaluerounded to example gtgraphtreemaplayoutexamples squarifywithsevennodessixthstep label worstvaluerounded,0,addition of the next area 2 however does not improve the result as the worst aspect ratio increases from example gtgraphtreemaplayoutexamples squarifywithsevennodesfifthstep label worstvaluerounded to example gtgraphtreemaplayoutexamples squarifywithsevennodessixthstep label worstvaluerounded | gtgraphtreemapsquarify,"[0, 1, 0, 0, 0, 0]"
545,GtGraphTreemapSquarify,example gtgraphtreemaplayoutexamples squarifywithsevennodessixthstep previewexpanded true nocode,0,example gtgraphtreemaplayoutexamples squarifywithsevennodessixthstep previewexpanded true nocode | gtgraphtreemapsquarify,"[0, 1, 0, 0, 0, 0]"
546,GtGraphTreemapSquarify,so we reject the previous step and start to fill the right top partition,0,so we reject the previous step and start to fill the right top partition | gtgraphtreemapsquarify,"[0, 1, 0, 0, 0, 0]"
549,GtGraphTreemapSquarify,the final result is the following,0,the final result is the following | gtgraphtreemapsquarify,"[0, 1, 0, 0, 0, 0]"
554,GtGraphTreemapSquarifyLandscapeRectangle,i am used by class gtgraphtreemapsquarifystep,0,i am used by class gtgraphtreemapsquarifystep | gtgraphtreemapsquarifylandscaperectangle,"[0, 0, 0, 0, 0, 1]"
556,GtGraphTreemapSquarifyLandscapeRectangle,example gtgraphtreemaplayoutexamples squarifywithfournodesfirstarea nocode,0,example gtgraphtreemaplayoutexamples squarifywithfournodesfirstarea nocode | gtgraphtreemapsquarifylandscaperectangle,"[0, 1, 0, 0, 0, 0]"
557,GtLibraryInstaller,i am the installer of shared libraries along side image or vm,0,i am the installer of shared libraries along side image or vm | gtlibraryinstaller,"[0, 1, 0, 1, 0, 0]"
559,GtLibraryInstaller,installer,0,installer | gtlibraryinstaller,"[0, 1, 0, 0, 0, 0]"
560,GtLibraryInstaller,extension,0,extension | gtlibraryinstaller,"[0, 1, 0, 0, 0, 0]"
562,GtLibraryInstallerLogAnnouncement,the ui may want to display them in a transcript,0,the ui may want to display them in a transcript | gtlibraryinstallerlogannouncement,"[0, 0, 0, 0, 0, 1]"
564,GtPhlowForwarderView,i forward a view definition to another object,0,i forward a view definition to another object | gtphlowforwarderview,"[0, 0, 1, 0, 0, 0]"
566,GtPhlowForwarderView,i am also useful in situtions when the object is created only for the purpose of the view,0,i am also useful in situtions when the object is created only for the purpose of the view | gtphlowforwarderview,"[0, 0, 1, 0, 0, 0]"
570,GtPlotterAxisProjection,given a point 20 30 as a domain object and euclidian coordinate system,0,given a point 20 30 as a domain object and euclidian coordinate system | gtplotteraxisprojection,"[0, 1, 0, 0, 0, 0]"
571,GtPlotterAxisProjection,then projection of that point on continuous x axis would be 20 and projection on y axis would be 30,0,then projection of that point on continuous x axis would be 20 and projection on y axis would be 30 | gtplotteraxisprojection,"[0, 1, 0, 0, 0, 0]"
579,GtRemoteInspector,gtremoteinspector provides a mechanism for remote viewing of objects over a rest json api,0,gtremoteinspector provides a mechanism for remote viewing of objects over a rest json api | gtremoteinspector,"[0, 0, 1, 0, 0, 0]"
580,GtRemoteInspector,public api and key messages,0,public api and key messages | gtremoteinspector,"[0, 0, 0, 0, 1, 0]"
582,GtRemoteInspector,message two,0,message two | gtremoteinspector,"[0, 0, 0, 0, 1, 0]"
583,GtRemoteInspector,for bonus points how to create instances,0,for bonus points how to create instances | gtremoteinspector,"[0, 0, 0, 0, 1, 0]"
584,GtRlBaselineTagReleaseStrategy,i am a release strategy that uses the current loaded tag for a repository as the version number,0,i am a release strategy that uses the current loaded tag for a repository as the version number | gtrlbaselinetagreleasestrategy,"[0, 0, 1, 1, 0, 0]"
586,GtRlBaselineTagReleaseStrategy,the version number already exists in the repository,0,the version number already exists in the repository | gtrlbaselinetagreleasestrategy,"[0, 0, 1, 0, 0, 0]"
587,GtRlBaselineTagReleaseStrategy,as i am passive i do not export any metadata,0,as i am passive i do not export any metadata | gtrlbaselinetagreleasestrategy,"[1, 0, 0, 0, 0, 0]"
591,GtRlBaselineTagReleaseStrategy,see method gtrlbaselinetagreleasestrategy assertcompatiblewithrepository for assertions that check when i can be used,0,see method gtrlbaselinetagreleasestrategy assertcompatiblewithrepository for assertions that check when i can be used | gtrlbaselinetagreleasestrategy,"[0, 1, 0, 0, 0, 0]"
592,GtRlCommitAndTagReleaseAction,i execute a commit of the current changes staged for commit and push a tag corresponding to the version number of the repository release,0,i execute a commit of the current changes staged for commit and push a tag corresponding to the version number of the repository release | gtrlcommitandtagreleaseaction,"[0, 0, 1, 0, 0, 0]"
593,GtRlCommitAndTagReleaseAction,i only work with strategies of type class gtrlsemantictagreleasestrategy,0,i only work with strategies of type class gtrlsemantictagreleasestrategy | gtrlcommitandtagreleaseaction,"[1, 0, 0, 0, 0, 1]"
594,GtRlCommitAndTagReleaseAction,see method gtrlsemantictagreleasestrategy commitandtagrelease for more implementation details,0,see method gtrlsemantictagreleasestrategy commitandtagrelease for more implementation details | gtrlcommitandtagreleaseaction,"[1, 0, 0, 0, 0, 0]"
595,GtRlMajorVersionComputation,i increment the major number of a semantic version,0,i increment the major number of a semantic version | gtrlmajorversioncomputation,"[0, 0, 1, 0, 0, 0]"
596,GtRlMajorVersionComputation,i reset both the patch and minor parts of the version number to zero,0,i reset both the patch and minor parts of the version number to zero | gtrlmajorversioncomputation,"[0, 0, 1, 0, 0, 0]"
597,GtRlMajorVersionComputation,if the symbolic version number on which i am applied has a patch or a minor number i reset them to zero in the created version number,0,if the symbolic version number on which i am applied has a patch or a minor number i reset them to zero in the created version number | gtrlmajorversioncomputation,"[1, 0, 0, 0, 0, 0]"
598,GtRlNode,i am an abstraction for a type of dependency in the loading configuration of a system,0,i am an abstraction for a type of dependency in the loading configuration of a system | gtrlnode,"[0, 0, 1, 1, 0, 0]"
599,GtRlReleaseConfiguration,i model options for configuring how releases are performed,0,i model options for configuring how releases are performed | gtrlreleaseconfiguration,"[0, 0, 1, 0, 0, 0]"
600,GtRlReleaseConfiguration,i am used by a class gtrlreleasebuilder to create a new release,0,i am used by a class gtrlreleasebuilder to create a new release | gtrlreleaseconfiguration,"[0, 0, 0, 0, 0, 1]"
601,GtRlReleaseConfiguration,users can configure default options that apply to all repositories from a release or configure options for individual repositories,0,users can configure default options that apply to all repositories from a release or configure options for individual repositories | gtrlreleaseconfiguration,"[0, 0, 0, 0, 0, 1]"
602,GtRlReleaseConfiguration,my main api methods for setting other default options are,0,my main api methods for setting other default options are | gtrlreleaseconfiguration,"[0, 0, 0, 0, 1, 0]"
603,GtRlReleaseConfiguration,method gtrlreleaseconfiguration defaultreleasebranchname the branch name on which to perform the release,0,method gtrlreleaseconfiguration defaultreleasebranchname the branch name on which to perform the release | gtrlreleaseconfiguration,"[0, 0, 0, 0, 1, 0]"
605,GtRlReleaseConfiguration,these are subclasses of class gtrlsemanticversioncomputation,0,these are subclasses of class gtrlsemanticversioncomputation | gtrlreleaseconfiguration,"[0, 0, 0, 0, 1, 0]"
606,GtRlReleaseConfiguration,method gtrlreleaseconfiguration defaultversionnumber the version number to use in case there are no previous releases in a repository,0,method gtrlreleaseconfiguration defaultversionnumber the version number to use in case there are no previous releases in a repository | gtrlreleaseconfiguration,"[0, 0, 0, 0, 1, 0]"
607,GtRlReleaseConfiguration,method gtrlreleaseconfiguration forcenewrelease force a new release in a repository even if there no new changes in that repository and all dependencies did not change,0,method gtrlreleaseconfiguration forcenewrelease force a new release in a repository even if there no new changes in that repository and all dependencies did not change | gtrlreleaseconfiguration,"[0, 0, 0, 0, 1, 0]"
608,GtSnippetRequest,i am sent by snippet widget looks when they request to receive a snippet model from the widget model,0,i am sent by snippet widget looks when they request to receive a snippet model from the widget model | gtsnippetrequest,"[0, 0, 1, 1, 0, 0]"
610,SpartaCairoTextMetrics,because text extents are in user space coordinates they are mostly but not entirely independent of the current transformation matrix,0,because text extents are in user space coordinates they are mostly but not entirely independent of the current transformation matrix | spartacairotextmetrics,"[1, 0, 0, 0, 0, 0]"
611,SpartaCairoTextMetrics,if you call cairo scale cr 20 20 text will be drawn twice as big but the reported text extents will not be doubled,0,if you call cairo scale cr 20 20 text will be drawn twice as big but the reported text extents will not be doubled | spartacairotextmetrics,"[1, 0, 0, 0, 0, 0]"
612,SpartaCairoTextMetrics,they will change slightly due to hinting so you can t assume that metrics are independent of the transformation matrix but otherwise will remain unchanged,0,they will change slightly due to hinting so you can t assume that metrics are independent of the transformation matrix but otherwise will remain unchanged | spartacairotextmetrics,"[1, 0, 0, 0, 0, 0]"
614,SpartaCanvas,i represent a sparta canvas and provide an api to perform various drawing operations,0,i represent a sparta canvas and provide an api to perform various drawing operations | spartacanvas,"[0, 0, 0, 1, 0, 0]"
615,SpartaCanvas,i define an abstract api of sparta canvas that all concrete implementations must have,0,i define an abstract api of sparta canvas that all concrete implementations must have | spartacanvas,"[0, 0, 1, 0, 0, 0]"
616,SpartaCanvas,overview,0,overview | spartacanvas,"[0, 0, 1, 0, 0, 0]"
617,SpartaCanvas,my main responsibility is to create and provide backend specific builders and various objects,0,my main responsibility is to create and provide backend specific builders and various objects | spartacanvas,"[0, 0, 1, 0, 0, 0]"
619,SpartaCanvas,for example if one wants to fill a path with a paint she needs to send fill message to canvas to get a fill builder painter,0,for example if one wants to fill a path with a paint she needs to send fill message to canvas to get a fill builder painter | spartacanvas,"[0, 1, 0, 0, 0, 0]"
622,SpartaCanvas,i m also responsible for creation of filter primitives filter types that are used with filter operation,0,i m also responsible for creation of filter primitives filter types that are used with filter operation | spartacanvas,"[0, 0, 1, 0, 0, 0]"
623,SpartaCanvas,they can be found in filters protocol,0,they can be found in filters protocol | spartacanvas,"[0, 0, 1, 0, 0, 0]"
626,SpartaCanvas,public api and key messages,0,public api and key messages | spartacanvas,"[0, 0, 0, 0, 1, 0]"
628,SpartaCanvas,stroke create a builder of stroke drawing operation,0,stroke create a builder of stroke drawing operation | spartacanvas,"[0, 0, 0, 0, 1, 0]"
632,SpartaCanvas,transform create a builder to transform canvas,0,transform create a builder to transform canvas | spartacanvas,"[0, 0, 0, 0, 1, 0]"
635,SpartaCanvas,filter create a builder of filter drawing operation,0,filter create a builder of filter drawing operation | spartacanvas,"[0, 0, 0, 0, 1, 0]"
637,SpartaCanvas,bitmap create a bitmap factory,0,bitmap create a bitmap factory | spartacanvas,"[0, 0, 0, 0, 1, 0]"
639,SpartaCanvas,filters create a common filters factory,0,filters create a common filters factory | spartacanvas,"[0, 0, 0, 0, 1, 0]"
641,SpartaCanvas,similar to create an empty canvas of size anextent and of the same type and format,0,similar to create an empty canvas of size anextent and of the same type and format | spartacanvas,"[0, 0, 0, 0, 1, 0]"
642,SpartaCanvas,asform to rasterize myself and return resulting image as form,0,asform to rasterize myself and return resulting image as form | spartacanvas,"[0, 0, 0, 0, 1, 0]"
646,SpartaCanvas,canvas spartacanvas extent 400 250,0,canvas spartacanvas extent 400 250 | spartacanvas,"[0, 1, 0, 1, 0, 0]"
649,SpartaCanvas,create a triangle vector path,0,create a triangle vector path | spartacanvas,"[0, 1, 0, 0, 0, 0]"
655,SpartaCanvas,close,0,close | spartacanvas,"[0, 1, 0, 0, 0, 0]"
657,SpartaCanvas,https github com syrel sparta raw master images spartacanvas 02 triangle path png label trianglepath,0,https github com syrel sparta raw master images spartacanvas 02 triangle path png label trianglepath | spartacanvas,"[0, 1, 0, 1, 0, 0]"
663,SpartaCanvas,stops 0 color red,0,stops 0 color red | spartacanvas,"[0, 1, 0, 0, 0, 0]"
679,SpartaCanvas,stroke triangle with blue color,0,stroke triangle with blue color | spartacanvas,"[0, 1, 0, 0, 0, 0]"
685,SpartaCanvas,draw,0,draw | spartacanvas,"[0, 1, 0, 0, 0, 0]"
690,SpartaCanvas,create a gaussian blur filter,0,create a gaussian blur filter | spartacanvas,"[0, 1, 0, 0, 0, 0]"
692,SpartaCanvas,blur canvas gaussianblurfilter,0,blur canvas gaussianblurfilter | spartacanvas,"[0, 1, 0, 0, 0, 0]"
696,SpartaCanvas,canvas filter,0,canvas filter | spartacanvas,"[0, 1, 0, 0, 0, 0]"
699,SpartaCanvas,draw,0,draw | spartacanvas,"[0, 1, 0, 0, 0, 0]"
702,SpartaLine,i represent a line,0,i represent a line | spartaline,"[0, 0, 0, 1, 0, 0]"
703,SpartaLine,i am meant to be polymorphic with rectangle and path and can be used as path in various operations except clipping,0,i am meant to be polymorphic with rectangle and path and can be used as path in various operations except clipping | spartaline,"[0, 0, 1, 0, 0, 0]"
704,SpartaLine,public api and key messages,0,public api and key messages | spartaline,"[0, 0, 0, 0, 1, 0]"
705,SpartaLine,from get my start point,0,from get my start point | spartaline,"[0, 0, 0, 0, 1, 0]"
706,SpartaLine,to get my end point,0,to get my end point | spartaline,"[0, 0, 0, 0, 1, 0]"
708,SpUserFontSource,i represent a font face source and know how to retrieve font contents from it,0,i represent a font face source and know how to retrieve font contents from it | spuserfontsource,"[0, 0, 1, 1, 0, 0]"
709,SpUserFontSourceBuffer,i am a buffer source,0,i am a buffer source | spuserfontsourcebuffer,"[0, 0, 0, 1, 0, 0]"
710,TBlEventTarget,i implement a basic infrastructure of event management,0,i implement a basic infrastructure of event management | tbleventtarget,"[0, 0, 1, 0, 0, 0]"
711,TSpartaCompositeFilter,i am a composite filter and can have an arbitrary amount of input soures,0,i am a composite filter and can have an arbitrary amount of input soures | tspartacompositefilter,"[0, 0, 0, 1, 0, 0]"
714,TSpartaCompositeFilter,merge canvas compositefilter,0,merge canvas compositefilter | tspartacompositefilter,"[0, 1, 0, 0, 0, 0]"
716,TSpartaCompositeFilter,source filter1,0,source filter1 | tspartacompositefilter,"[0, 1, 0, 0, 0, 0]"
717,TSpartaCompositeFilter,source filter2,0,source filter2 | tspartacompositefilter,"[0, 1, 0, 0, 0, 0]"
718,TSpartaCompositeFilter,source filter3,0,source filter3 | tspartacompositefilter,"[0, 1, 0, 0, 0, 0]"
719,TSpartaCompositeFilter,source filter4,0,source filter4 | tspartacompositefilter,"[0, 1, 0, 0, 0, 0]"
720,TSpartaPaint,tspartapaint,0,tspartapaint | tspartapaint,"[0, 0, 1, 0, 0, 0]"
721,TSpartaPaint,i define an api of a paint,0,i define an api of a paint | tspartapaint,"[0, 0, 1, 0, 0, 0]"
722,TSpartaPaint,overview,0,overview | tspartapaint,"[0, 0, 1, 0, 0, 0]"
725,TSpartaPaint,sparta canvas provides a paint builder that should be used to build concerete paints,0,sparta canvas provides a paint builder that should be used to build concerete paints | tspartapaint,"[0, 0, 0, 0, 0, 1]"
727,TSpartaPaint,i define an api of an abstract paint,0,i define an api of an abstract paint | tspartapaint,"[0, 0, 0, 0, 1, 0]"
728,TSpartaPaint,transformation to get current transformation matrix can not be mil,0,transformation to get current transformation matrix can not be mil | tspartapaint,"[0, 0, 0, 0, 1, 0]"
729,TSpartaPaint,transformation set new paint transformation,0,transformation set new paint transformation | tspartapaint,"[0, 0, 0, 0, 1, 0]"
730,TSpartaPaint,if not set supposed to be identity,0,if not set supposed to be identity | tspartapaint,"[0, 0, 0, 0, 1, 0]"
731,TSpartaPaint,clamp do not repeat me,0,clamp do not repeat me | tspartapaint,"[0, 0, 0, 0, 1, 0]"
732,TSpartaPaint,reflect mirror the image,0,reflect mirror the image | tspartapaint,"[0, 0, 0, 0, 1, 0]"
733,TSpartaPaint,repeat repeat in both x and y axis,0,repeat repeat in both x and y axis | tspartapaint,"[0, 0, 0, 0, 1, 0]"
734,TSpartaPaint,repeatx repeat only x axis,0,repeatx repeat only x axis | tspartapaint,"[0, 0, 0, 0, 1, 0]"
735,TSpartaPaint,repeaty repeat only y axis,0,repeaty repeat only y axis | tspartapaint,"[0, 0, 0, 0, 1, 0]"
736,TSpartaPaint,rotatebydegrees rotate me by amount of degrees clockwise,0,rotatebydegrees rotate me by amount of degrees clockwise | tspartapaint,"[0, 0, 0, 0, 1, 0]"
737,TSpartaPaint,rotatebyradians rotate me by amount of radians clockwise,0,rotatebyradians rotate me by amount of radians clockwise | tspartapaint,"[0, 0, 0, 0, 1, 0]"
738,TSpartaPaint,scaleby scale me by a factor a point or a number,0,scaleby scale me by a factor a point or a number | tspartapaint,"[0, 0, 0, 0, 1, 0]"
739,TSpartaPaint,translateby translate me by a point or a number,0,translateby translate me by a point or a number | tspartapaint,"[0, 0, 0, 0, 1, 0]"
741,TSpartaPaint,generally a paint is not meant to be an external object however for additional flexibility i am implemented as a trait,0,generally a paint is not meant to be an external object however for additional flexibility i am implemented as a trait | tspartapaint,"[1, 0, 0, 0, 0, 0]"
742,TSpartaStrokeOptions,i define an api of stroke options object,0,i define an api of stroke options object | tspartastrokeoptions,"[0, 0, 1, 0, 1, 0]"
750,XdDocumentsExamples,how to create base64 string,0,how to create base64 string | xddocumentsexamples,"[0, 1, 0, 0, 0, 0]"
752,XdDocumentsExamples,adocument gt2documentexamples new documentwithexistingclass,0,adocument gt2documentexamples new documentwithexistingclass | xddocumentsexamples,"[0, 1, 0, 0, 0, 0]"
753,XdDocumentsExamples,anxdfile adocument savetoxdoc,0,anxdfile adocument savetoxdoc | xddocumentsexamples,"[0, 1, 0, 0, 0, 0]"
754,XdDocumentsExamples,znbase64encoder new,0,znbase64encoder new | xddocumentsexamples,"[0, 1, 0, 0, 0, 0]"
757,FameOppositeClassNotExistRule,check if the opposite class declared in a pragma mseproperty type opposite is defined,0,check if the opposite class declared in a pragma mseproperty type opposite is defined | fameoppositeclassnotexistrule,"[0, 0, 1, 0, 0, 0]"
758,FAMIXAnnotationTypeGroup,famixannotationtypegroup is a moosegroup containing only famix enities of type famixannotationtype,0,famixannotationtypegroup is a moosegroup containing only famix enities of type famixannotationtype | famixannotationtypegroup,"[0, 0, 1, 1, 0, 0]"
761,FamixGenerator,g generatewithoutcleaning,0,g generatewithoutcleaning | famixgenerator,"[0, 1, 0, 0, 0, 0]"
775,FamixJavaEntity,model,0,model | famixjavaentity,"[0, 1, 0, 0, 0, 0]"
782,FamixTParameterType,parametertype represents the symbolic type used in parameterizable classes,0,parametertype represents the symbolic type used in parameterizable classes | famixtparametertype,"[0, 0, 0, 1, 0, 0]"
786,FamixTParameterType,where aclass is a parameterizableclass,0,where aclass is a parameterizableclass | famixtparametertype,"[0, 1, 0, 0, 0, 0]"
787,FamixTParameterType,a b and c are parametertype of aclass,0,a b and c are parametertype of aclass | famixtparametertype,"[0, 1, 0, 0, 0, 0]"
788,FamixTTrait,famixtrait models a trait as it can be found in pharo or php,0,famixtrait models a trait as it can be found in pharo or php | famixttrait,"[0, 0, 1, 0, 0, 1]"
790,FMFutureProperty,i represent a property of the object currently been imported while it is not yet imported,0,i represent a property of the object currently been imported while it is not yet imported | fmfutureproperty,"[0, 0, 1, 1, 0, 0]"
791,FMFutureProperty,i will be useful until all my values are resolved,0,i will be useful until all my values are resolved | fmfutureproperty,"[0, 0, 1, 0, 0, 0]"
792,FMFutureProperty,each time a value is resolved i ll check if i can be resolved,0,each time a value is resolved i ll check if i can be resolved | fmfutureproperty,"[0, 0, 1, 0, 0, 0]"
793,FMFutureProperty,in that case i ll push my values in real property,0,in that case i ll push my values in real property | fmfutureproperty,"[0, 0, 1, 0, 0, 0]"
804,FMModel,i include a system of caches in case my users want to store informations to speed up an application,0,i include a system of caches in case my users want to store informations to speed up an application | fmmodel,"[1, 0, 0, 0, 0, 0]"
806,FMModel,public api and key messages,0,public api and key messages | fmmodel,"[0, 0, 0, 0, 1, 0]"
809,FMModel,examples,0,examples | fmmodel,"[0, 1, 0, 0, 0, 0]"
813,FMMSEPrinter,i am responsible of printing the mse format markup during a model export,0,i am responsible of printing the mse format markup during a model export | fmmseprinter,"[0, 0, 0, 1, 0, 0]"
814,FMMSEPrinter,examples,0,examples | fmmseprinter,"[0, 1, 0, 0, 0, 0]"
815,FMMSEPrinter,printer,0,printer | fmmseprinter,"[0, 1, 0, 0, 0, 0]"
816,FMMSEPrinter,printer fmmseprinter onstring,0,printer fmmseprinter onstring | fmmseprinter,"[0, 1, 0, 0, 0, 0]"
817,FMMSEPrinter,fmmetametamodel default exportwithprinter printer,0,fmmetametamodel default exportwithprinter printer | fmmseprinter,"[0, 1, 0, 0, 0, 0]"
820,FMOne,i am a relation slot representing a property containing only one element,0,i am a relation slot representing a property containing only one element | fmone,"[0, 0, 0, 1, 0, 0]"
821,FMOne,examples,0,examples | fmone,"[0, 1, 0, 0, 0, 0]"
822,FMOne,trait named famixtmethod,0,trait named famixtmethod | fmone,"[0, 1, 0, 0, 0, 0]"
823,FMOne,slots parenttype fmone type famixtwithmethods opposite methods,0,slots parenttype fmone type famixtwithmethods opposite methods | fmone,"[0, 1, 0, 0, 0, 0]"
824,FMOne,package famix traits method,0,package famix traits method | fmone,"[0, 1, 0, 0, 0, 0]"
826,FMRelationSlot,i am an abstract slot used to declare fame properties for a class,0,i am an abstract slot used to declare fame properties for a class | fmrelationslot,"[0, 0, 1, 1, 0, 0]"
827,FmxMBPrintVisitor,i m a visitor for instances of famixmetamodelgenerator and subclasses,0,i m a visitor for instances of famixmetamodelgenerator and subclasses | fmxmbprintvisitor,"[0, 0, 0, 1, 0, 0]"
831,LANInterface,lan interface comments for testing purposes,0,lan interface comments for testing purposes | laninterface,"[0, 0, 1, 1, 0, 0]"
832,MalBreadthFirstSearchPath,breadth first search bfs is an algorithm for traversing or searching tree or graph data structures,0,breadth first search bfs is an algorithm for traversing or searching tree or graph data structures | malbreadthfirstsearchpath,"[0, 0, 1, 1, 0, 0]"
833,MalBreadthFirstSearchPath,it starts at the tree root or some arbitrary node of a graph sometimes referred to as a search key and explores the neighbor nodes first before moving to the next level neighbours,0,it starts at the tree root or some arbitrary node of a graph sometimes referred to as a search key and explores the neighbor nodes first before moving to the next level neighbours | malbreadthfirstsearchpath,"[0, 0, 1, 0, 0, 0]"
836,MalFormalContext,malformalcontext mammals2 computeconcepts,0,malformalcontext mammals2 computeconcepts | malformalcontext,"[0, 1, 0, 0, 0, 0]"
842,MalHgNode,attributes dictionary,0,attributes dictionary | malhgnode,"[0, 0, 0, 0, 1, 0]"
850,MalHgNode,dictionary to attach arbitrary information to a node,0,dictionary to attach arbitrary information to a node | malhgnode,"[0, 0, 0, 0, 1, 0]"
855,MalHgNode,incoming,0,incoming | malhgnode,"[0, 0, 0, 0, 1, 0]"
856,MalHgNode,level,0,level | malhgnode,"[0, 0, 0, 0, 1, 0]"
858,MalHgNode,outgoing,0,outgoing | malhgnode,"[0, 0, 0, 0, 1, 0]"
859,MalHgNode,parent,0,parent | malhgnode,"[0, 0, 0, 0, 1, 0]"
861,MalKruskal,this means it finds a subset of the edges that forms a tree that includes every vertex where the total weight of all the edges in the tree is minimized,0,this means it finds a subset of the edges that forms a tree that includes every vertex where the total weight of all the edges in the tree is minimized | malkruskal,"[0, 0, 1, 0, 0, 0]"
862,MalKruskal,if the graph is not connected then it finds a minimum spanning forest a minimum spanning tree for each connected component,0,if the graph is not connected then it finds a minimum spanning forest a minimum spanning tree for each connected component | malkruskal,"[0, 0, 1, 0, 0, 0]"
864,MalLatticePatterns,we can detect like horizontal decomposition with the algos in the class,0,we can detect like horizontal decomposition with the algos in the class | mallatticepatterns,"[0, 0, 1, 0, 0, 0]"
865,MalLatticePatterns,data fca context lattice,0,data fca context lattice | mallatticepatterns,"[0, 1, 0, 0, 0, 0]"
866,MalLatticePatterns,data cat fourlegs hair dog smart fourlegs hair dolphin smart marine gibbon hair smart thumbed man smart thumbed whale smart marine,0,data cat fourlegs hair dog smart fourlegs hair dolphin smart marine gibbon hair smart thumbed man smart thumbed whale smart marine | mallatticepatterns,"[0, 1, 0, 0, 0, 0]"
867,MalLatticePatterns,fca malformalcontext new,0,fca malformalcontext new | mallatticepatterns,"[0, 1, 0, 0, 0, 0]"
869,MalLatticePatterns,mallatticepatterns on mallattice on context reportpatterns,0,mallatticepatterns on mallattice on context reportpatterns | mallatticepatterns,"[0, 1, 0, 0, 0, 0]"
870,MalLatticePatterns,for moose models,0,for moose models | mallatticepatterns,"[0, 1, 0, 0, 0, 0]"
871,MalLatticePatterns,fca model treillis context,0,fca model treillis context | mallatticepatterns,"[0, 1, 0, 0, 0, 0]"
872,MalLatticePatterns,model moosemodel root allmodels second,0,model moosemodel root allmodels second | mallatticepatterns,"[0, 1, 0, 0, 0, 0]"
875,MalLatticePatterns,treillis mallattice on context,0,treillis mallattice on context | mallatticepatterns,"[0, 1, 0, 0, 0, 0]"
878,MalLatticePatterns,mallattice new viewlattice treillis,0,mallattice new viewlattice treillis | mallatticepatterns,"[0, 1, 0, 0, 0, 0]"
879,MalLatticePatterns,smalltalk collection class hierarchy,0,smalltalk collection class hierarchy | mallatticepatterns,"[0, 1, 0, 0, 0, 0]"
880,MalLatticePatterns,fca model treillis context,0,fca model treillis context | mallatticepatterns,"[0, 1, 0, 0, 0, 0]"
881,MalLatticePatterns,treillis mallattice on malformalcontext classhierarchycollection,0,treillis mallattice on malformalcontext classhierarchycollection | mallatticepatterns,"[0, 1, 0, 0, 0, 0]"
882,MalLatticePatterns,mallatticepatterns on treillis reportmodules,0,mallatticepatterns on treillis reportmodules | mallatticepatterns,"[0, 1, 0, 0, 0, 0]"
883,MalNodeWithPreviousAndNext,a basic node able to host the model and to represent edges with no additional class,0,a basic node able to host the model and to represent edges with no additional class | malnodewithpreviousandnext,"[0, 0, 1, 0, 0, 0]"
890,MalTerms,terms addstring string using camelcasescanner new,0,terms addstring string using camelcasescanner new | malterms,"[0, 1, 0, 0, 0, 0]"
894,ManifestFamixPharoSmalltalkEntities,i store metadata for this package,0,i store metadata for this package | manifestfamixpharosmalltalkentities,"[0, 0, 1, 0, 0, 0]"
896,ManifestMooseQuery,i store metadata for this package,0,i store metadata for this package | manifestmoosequery,"[0, 0, 1, 0, 0, 0]"
900,MooseCustomTask,moosecustomtask is a task perform some computation specified as a block,0,moosecustomtask is a task perform some computation specified as a block | moosecustomtask,"[0, 0, 0, 1, 0, 0]"
901,MooseCustomTask,the main api is then,0,the main api is then | moosecustomtask,"[0, 0, 0, 0, 1, 0]"
902,MooseCustomTask,with ablock description adescription length anumber,0,with ablock description adescription length anumber | moosecustomtask,"[0, 0, 0, 0, 1, 0]"
904,MooseEntity,any moose entity should answer its mooseid its moosename and its moosemodel,0,any moose entity should answer its mooseid its moosename and its moosemodel | mooseentity,"[0, 0, 0, 0, 1, 0]"
906,MooseEntity,the state instance variable provides a mechanism for extending the state of entities,0,the state instance variable provides a mechanism for extending the state of entities | mooseentity,"[0, 1, 0, 0, 0, 0]"
907,MooseEntity,this is achieved through mooseentitystate,0,this is achieved through mooseentitystate | mooseentity,"[0, 1, 0, 0, 0, 0]"
908,MooseEntity,using this mechanism a package can extend an entity to add more state,0,using this mechanism a package can extend an entity to add more state | mooseentity,"[0, 1, 0, 0, 0, 0]"
910,MooseEntity,this is an important mechanism to enable extensibility and modularity,0,this is an important mechanism to enable extensibility and modularity | mooseentity,"[0, 1, 0, 0, 0, 0]"
912,MooseEntity,yourentity yourextendingattribute,0,yourentity yourextendingattribute | mooseentity,"[0, 1, 0, 0, 0, 0]"
914,MooseEntity,see mooseentitystate for more information,0,see mooseentitystate for more information | mooseentity,"[0, 1, 0, 0, 0, 0]"
915,MooseEntity,meta descriptions,0,meta descriptions | mooseentity,"[0, 1, 0, 0, 0, 0]"
916,MooseEntity,entities should also be meta described in terms of fame,0,entities should also be meta described in terms of fame | mooseentity,"[0, 1, 0, 0, 0, 0]"
917,MooseEntity,this is achieved by means of pragmas,0,this is achieved by means of pragmas | mooseentity,"[0, 1, 0, 0, 0, 0]"
918,MooseEntity,first on the class side you should have a method,0,first on the class side you should have a method | mooseentity,"[0, 1, 0, 0, 0, 0]"
922,MooseEntity,package yourpackage,0,package yourpackage | mooseentity,"[0, 1, 0, 0, 0, 0]"
924,MooseEntity,the pragma mseproperty type must be placed in the getter method to denote a fame property,0,the pragma mseproperty type must be placed in the getter method to denote a fame property | mooseentity,"[0, 1, 0, 0, 0, 0]"
925,MooseEntity,for example,0,for example | mooseentity,"[0, 1, 0, 0, 0, 0]"
928,MooseEntity,msecomment this is an attribute extended in a different package,0,msecomment this is an attribute extended in a different package | mooseentity,"[0, 1, 0, 0, 0, 0]"
929,MooseEntity,self privatestate attributeat yourextendingattribute,0,self privatestate attributeat yourextendingattribute | mooseentity,"[0, 1, 0, 0, 0, 0]"
930,MooseEntity,important api,0,important api | mooseentity,"[0, 0, 0, 0, 1, 0]"
931,MooseEntity,mooseid is an integer that uniquely identifies this entity within the entire moose environment,0,mooseid is an integer that uniquely identifies this entity within the entire moose environment | mooseentity,"[0, 0, 0, 0, 1, 0]"
933,MooseEntity,it is generated automatically during the creation of the mooseentity,0,it is generated automatically during the creation of the mooseentity | mooseentity,"[0, 0, 0, 0, 1, 0]"
935,MooseEntity,it may be nil if the entity is not part of a model,0,it may be nil if the entity is not part of a model | mooseentity,"[0, 0, 0, 0, 1, 0]"
938,MooseEntity,moosename returns a symbol that should qualify the current entity,0,moosename returns a symbol that should qualify the current entity | mooseentity,"[0, 0, 0, 0, 1, 0]"
939,MooseEntity,it does not have to be unique,0,it does not have to be unique | mooseentity,"[0, 0, 0, 0, 1, 0]"
947,TDependencyQueries,this trait provides a common paradigm agnostic vocabulary to query dependencies of software entities,0,this trait provides a common paradigm agnostic vocabulary to query dependencies of software entities | tdependencyqueries,"[0, 0, 1, 0, 0, 0]"
949,TDependencyQueries,the api offer the possibility to query an entity with three parameters,0,the api offer the possibility to query an entity with three parameters | tdependencyqueries,"[0, 0, 0, 0, 1, 0]"
951,TDependencyQueries,the kind of association famixacces famixreference all,0,the kind of association famixacces famixreference all | tdependencyqueries,"[0, 0, 0, 0, 1, 0]"
952,TDependencyQueries,the scope of the query the receiver the receiver and its children,0,the scope of the query the receiver the receiver and its children | tdependencyqueries,"[0, 0, 0, 0, 1, 0]"
955,TDependencyQueries,this symbol will be used to find a moosequeryabstactdirectionstrategy to configure a moosequerycalculator,0,this symbol will be used to find a moosequeryabstactdirectionstrategy to configure a moosequerycalculator | tdependencyqueries,"[1, 0, 0, 0, 0, 0]"
956,TDependencyQueries,public api and key messages,0,public api and key messages | tdependencyqueries,"[0, 0, 0, 0, 1, 0]"
957,TDependencyQueries,query asymbol with afamixassociation looks for the associations of the kind afamixassociation in the direction described by the symbol in the receiver and its children,0,query asymbol with afamixassociation looks for the associations of the kind afamixassociation in the direction described by the symbol in the receiver and its children | tdependencyqueries,"[0, 0, 0, 0, 1, 0]"
958,TDependencyQueries,querylocal asymbol with afamixassociation looks for the associations of the kind afamixassociation in the direction described by the symbol in the receiver,0,querylocal asymbol with afamixassociation looks for the associations of the kind afamixassociation in the direction described by the symbol in the receiver | tdependencyqueries,"[0, 0, 0, 0, 1, 0]"
959,TDependencyQueries,queryall asymbol looks for the associations in the direction described by the symbol in the receiver and its children,0,queryall asymbol looks for the associations in the direction described by the symbol in the receiver and its children | tdependencyqueries,"[0, 0, 0, 0, 1, 0]"
960,TDependencyQueries,examples,0,examples | tdependencyqueries,"[0, 1, 0, 0, 0, 0]"
969,TDependencyQueries,afamixclass queryall in,0,afamixclass queryall in | tdependencyqueries,"[0, 1, 0, 0, 0, 0]"
971,TDependencyQueries,afamixmethod queryall out,0,afamixmethod queryall out | tdependencyqueries,"[0, 1, 0, 0, 0, 0]"
975,TDependencyQueries,afamixmethod queryalllocal out,0,afamixmethod queryalllocal out | tdependencyqueries,"[0, 1, 0, 0, 0, 0]"
978,PPDebugParser,a ppdebugparser is a parser that traces all the progress and returns special object that can be browsed to see how the parsing advanced over a time,0,a ppdebugparser is a parser that traces all the progress and returns special object that can be browsed to see how the parsing advanced over a time | ppdebugparser,"[0, 0, 1, 1, 0, 0]"
979,PPDebugParser,used by adding enabledebug before parsing,0,used by adding enabledebug before parsing | ppdebugparser,"[0, 0, 0, 0, 0, 1]"
980,PPDebugParser,root result of root parser,0,root result of root parser | ppdebugparser,"[0, 0, 0, 0, 1, 0]"
985,PPLiteralParser,abstract literal parser that parses some kind of literal type to be specified by subclasses,0,abstract literal parser that parses some kind of literal type to be specified by subclasses | ppliteralparser,"[0, 0, 0, 1, 0, 1]"
986,PPNonEmptyParser,i return failure if the delegate parser did not consumed any input,0,i return failure if the delegate parser did not consumed any input | ppnonemptyparser,"[0, 0, 1, 0, 0, 0]"
993,PPScriptingTest,these are some simple demo scripts of parser combinators for the compiler construction course,0,these are some simple demo scripts of parser combinators for the compiler construction course | ppscriptingtest,"[0, 0, 0, 1, 0, 0]"
994,PPSea,a ppisland allows for imprecise parsing,0,a ppisland allows for imprecise parsing | ppsea,"[0, 0, 1, 0, 1, 0]"
995,PPSea,one can create it on a parser p by calling p island eg,0,one can create it on a parser p by calling p island eg | ppsea,"[0, 0, 1, 0, 1, 0]"
996,PPSea,p x a island y accepts following inputs,0,p x a island y accepts following inputs | ppsea,"[0, 1, 0, 0, 1, 0]"
1000,PPSea,xab,0,xab | ppsea,"[0, 1, 0, 0, 0, 0]"
1005,PPSea,xac,0,xac | ppsea,"[0, 1, 0, 0, 0, 0]"
1006,PPSea,x b,0,x b | ppsea,"[0, 1, 0, 0, 0, 0]"
1007,PPSea,a b,0,a b | ppsea,"[0, 1, 0, 0, 0, 0]"
1008,PPSea,the input represented by dots is called water and water can appear before and after the island,0,the input represented by dots is called water and water can appear before and after the island | ppsea,"[0, 1, 0, 0, 1, 0]"
1009,PPSea,use it if you don t want to define all the grammar rules and you want to skip something,0,use it if you don t want to define all the grammar rules and you want to skip something | ppsea,"[0, 1, 0, 0, 0, 0]"
1011,PPSea,afterwaterparser object,0,afterwaterparser object | ppsea,"[0, 0, 0, 0, 1, 0]"
1012,PPSea,awp object,0,awp object | ppsea,"[0, 0, 0, 0, 1, 0]"
1013,PPSea,beforewaterparser object,0,beforewaterparser object | ppsea,"[0, 0, 0, 0, 1, 0]"
1014,PPSea,bwp object,0,bwp object | ppsea,"[0, 0, 0, 0, 1, 0]"
1015,PPSea,context object,0,context object | ppsea,"[0, 0, 0, 0, 1, 0]"
1021,PPSea,beforewaterparser,0,beforewaterparser | ppsea,"[0, 0, 0, 0, 1, 0]"
1023,PPSea,bwp,0,bwp | ppsea,"[0, 0, 0, 0, 1, 0]"
1027,PPSea,island,0,island | ppsea,"[0, 0, 0, 0, 1, 0]"
1029,PPXPathFilter,i m a node filter,0,i m a node filter | ppxpathfilter,"[0, 0, 0, 1, 0, 0]"
1030,PPXPathFilter,a xpath node applies me to filter xml elements,0,a xpath node applies me to filter xml elements | ppxpathfilter,"[0, 0, 1, 0, 0, 0]"
1031,ChrysalPillarishConfiguration,i m a pillar specific class to manage code not generated for the configuration class,0,i m a pillar specific class to manage code not generated for the configuration class | chrysalpillarishconfiguration,"[0, 0, 1, 1, 0, 0]"
1032,PRAbstractCommand,i m an object managing configuration,0,i m an object managing configuration | prabstractcommand,"[0, 0, 0, 1, 0, 0]"
1033,PRAbstractCommand,i m usually invoked from a command line but not only,0,i m usually invoked from a command line but not only | prabstractcommand,"[0, 0, 1, 0, 0, 0]"
1034,PRAbstractCommand,my main entry point is,0,my main entry point is | prabstractcommand,"[0, 1, 0, 0, 0, 0]"
1036,PRAbstractCommand,when you type on the command line,0,when you type on the command line | prabstractcommand,"[0, 1, 0, 0, 0, 0]"
1037,PRAbstractCommand,pharo ui pillar image pillar export to latex chapters chapter1 chapter1 pillar,0,pharo ui pillar image pillar export to latex chapters chapter1 chapter1 pillar | prabstractcommand,"[0, 1, 0, 0, 0, 0]"
1038,PRAbstractCommand,you can obtain the same doing,0,you can obtain the same doing | prabstractcommand,"[0, 1, 0, 0, 0, 0]"
1040,PRAbstractCommand,createconfiguration pillar conf,0,createconfiguration pillar conf | prabstractcommand,"[0, 1, 0, 0, 0, 0]"
1041,PRAbstractCommand,basedirectory filesystem workingdirectory,0,basedirectory filesystem workingdirectory | prabstractcommand,"[0, 1, 0, 0, 0, 0]"
1042,PRAbstractCommand,argdictionary,0,argdictionary | prabstractcommand,"[0, 1, 0, 0, 0, 0]"
1045,PRAbstractCommand,asdictionary,0,asdictionary | prabstractcommand,"[0, 1, 0, 0, 0, 0]"
1047,PRBashScriptLanguage,bash scripting language,0,bash scripting language | prbashscriptlanguage,"[0, 0, 0, 1, 0, 0]"
1048,PRBookTesterVisitor,i am a visitor specialized in visiting books and testing their code,0,i am a visitor specialized in visiting books and testing their code | prbooktestervisitor,"[0, 0, 0, 1, 0, 1]"
1049,PRBookTesterVisitor,therefore i only redefine visitcodeblock and specify it with the different parameters the codelock may have,0,therefore i only redefine visitcodeblock and specify it with the different parameters the codelock may have | prbooktestervisitor,"[0, 0, 1, 0, 0, 0]"
1054,PRBookTesterVisitor,checkandreportfilenamed starts the visit in a given file,0,checkandreportfilenamed starts the visit in a given file | prbooktestervisitor,"[0, 0, 0, 0, 1, 0]"
1055,PRDocumentListAnnotation,i am class representing a documentlistannotation,0,i am class representing a documentlistannotation | prdocumentlistannotation,"[0, 0, 0, 1, 0, 0]"
1060,PRDocumentListAnnotation,then abstracts will alternately change templates if you specified mutliple directories,0,then abstracts will alternately change templates if you specified mutliple directories | prdocumentlistannotation,"[0, 0, 1, 0, 0, 0]"
1062,PRDocumentListAnnotation,with templates the annotation is remplaced by a raw document in html,0,with templates the annotation is remplaced by a raw document in html | prdocumentlistannotation,"[0, 0, 1, 0, 0, 0]"
1063,PRDocumentListAnnotation,for templates values you can not specify directories only mustache files,0,for templates values you can not specify directories only mustache files | prdocumentlistannotation,"[0, 0, 1, 0, 0, 0]"
1064,PRDocumentListAnnotation,you have to specify complete path starting from the project directory,0,you have to specify complete path starting from the project directory | prdocumentlistannotation,"[0, 0, 1, 0, 0, 0]"
1065,PRDocumentListAnnotation,also for the path the complete path from the project directory,0,also for the path the complete path from the project directory | prdocumentlistannotation,"[0, 1, 0, 0, 0, 0]"
1066,PRDocumentListAnnotation,doclist path blogs limit 3 sort date templates templates docarticle mustache templates template mustache,0,doclist path blogs limit 3 sort date templates templates docarticle mustache templates template mustache | prdocumentlistannotation,"[0, 1, 0, 0, 0, 0]"
1067,PRDocumentListAnnotation,doclist path wrongdirectory limit 3 sort date templates templates docarticle mustache templates template mustache should raise an error,0,doclist path wrongdirectory limit 3 sort date templates templates docarticle mustache templates template mustache should raise an error | prdocumentlistannotation,"[0, 1, 0, 0, 0, 0]"
1068,PRFootnote,i am a footnote you can create me with,0,i am a footnote you can create me with | prfootnote,"[0, 0, 0, 1, 0, 0]"
1069,PRFootnote,noted astring,0,noted astring | prfootnote,"[0, 1, 0, 0, 0, 0]"
1071,PRHeadingLevelOffsetTransformer,convert from the level of a pillar heading to the level of heading in the exported document,0,convert from the level of a pillar heading to the level of heading in the exported document | prheadingleveloffsettransformer,"[0, 0, 1, 0, 0, 0]"
1077,PRHTMLScriptLanguage,hypertext markup language,0,hypertext markup language | prhtmlscriptlanguage,"[0, 0, 0, 1, 0, 0]"
1078,PRInputFileAnnotation,i include a reference to a pillar file,0,i include a reference to a pillar file | prinputfileannotation,"[0, 0, 1, 0, 0, 0]"
1079,PRInputFileAnnotation,with me we can add a transformation to remplace an annotation to a pillar file by his tree,0,with me we can add a transformation to remplace an annotation to a pillar file by his tree | prinputfileannotation,"[0, 0, 1, 0, 0, 0]"
1080,PRInputFileAnnotation,my tag is inputfile,0,my tag is inputfile | prinputfileannotation,"[0, 0, 0, 0, 1, 0]"
1082,PRInputFileAnnotation,a path to a file with the key value required you can write it without the key,0,a path to a file with the key value required you can write it without the key | prinputfileannotation,"[0, 0, 0, 0, 1, 0]"
1083,PRInputFileAnnotation,examples,0,examples | prinputfileannotation,"[0, 1, 0, 0, 0, 0]"
1084,PRInputFileAnnotation,inputfile myfile pillar,0,inputfile myfile pillar | prinputfileannotation,"[0, 1, 0, 0, 0, 0]"
1085,PRInputFileAnnotation,inputfile value directory myfile pillar,0,inputfile value directory myfile pillar | prinputfileannotation,"[0, 1, 0, 0, 0, 0]"
1089,PRList,i represent the abstraction over ordered unordered html or latex list,0,i represent the abstraction over ordered unordered html or latex list | prlist,"[0, 0, 0, 1, 0, 0]"
1090,PRMarkdownWriter,i am a writer for commonmark,0,i am a writer for commonmark | prmarkdownwriter,"[0, 0, 0, 1, 0, 0]"
1099,PRParseWarning,i am a warning for the parse of a pillar file,0,i am a warning for the parse of a pillar file | prparsewarning,"[0, 0, 0, 1, 0, 0]"
1100,PRPhase,i am an abstract class to describe a phase of an export,0,i am an abstract class to describe a phase of an export | prphase,"[0, 0, 0, 1, 0, 0]"
1101,PRPhase,a phase takes an input transforms it and returns an output,0,a phase takes an input transforms it and returns an output | prphase,"[0, 0, 1, 0, 0, 0]"
1104,PRPhase,to create a new phase you have to define its prority as a class method then to define the action of the phase with a method actionon aninput,0,to create a new phase you have to define its prority as a class method then to define the action of the phase with a method actionon aninput | prphase,"[0, 1, 0, 0, 0, 0]"
1106,PRPhase,you can also add some transformations to the output like,0,you can also add some transformations to the output like | prphase,"[0, 1, 0, 0, 0, 0]"
1110,PRPhase,do each,0,do each | prphase,"[0, 1, 0, 0, 0, 0]"
1112,PRPhase,configuration self configuration,0,configuration self configuration | prphase,"[0, 1, 0, 0, 0, 0]"
1115,PRPillarParserMain,i m responsible for starting the parsing process of a pillar document,0,i m responsible for starting the parsing process of a pillar document | prpillarparsermain,"[0, 0, 1, 0, 0, 0]"
1120,PRPillarParserOld,i am a parser for a pillar syntax,0,i am a parser for a pillar syntax | prpillarparserold,"[0, 0, 0, 1, 0, 0]"
1122,PRPreformatted,i am preformatted text or source code,0,i am preformatted text or source code | prpreformatted,"[0, 0, 0, 1, 0, 0]"
1128,PRScreenshotAnnotation,package the targetted package,0,package the targetted package | prscreenshotannotation,"[0, 0, 0, 0, 1, 0]"
1130,PRScreenshotAnnotation,method the targetted method,0,method the targetted method | prscreenshotannotation,"[0, 0, 0, 0, 1, 0]"
1132,PRScreenshotAnnotation,width prfigure width as would be used in a more classic figure inclusion with caption,0,width prfigure width as would be used in a more classic figure inclusion with caption | prscreenshotannotation,"[0, 0, 0, 0, 1, 0]"
1134,PRScreenshotAnnotation,label prfigure label as would be used in a more classic figure inclusion with caption,0,label prfigure label as would be used in a more classic figure inclusion with caption | prscreenshotannotation,"[0, 0, 0, 0, 1, 0]"
1135,PRScreenshotAnnotation,file label aa,0,file label aa | prscreenshotannotation,"[0, 0, 0, 0, 1, 0]"
1138,PRShowClassTransformer,i am a transformer for the showclass annotation,0,i am a transformer for the showclass annotation | prshowclasstransformer,"[0, 0, 0, 1, 0, 0]"
1139,PRShowClassTransformer,i know how to visit a showclass annotation and the way to transform it,0,i know how to visit a showclass annotation and the way to transform it | prshowclasstransformer,"[0, 0, 1, 0, 0, 0]"
1141,PRSyntaxError,an error about syntax,0,an error about syntax | prsyntaxerror,"[0, 0, 0, 1, 0, 0]"
1143,PRUnorderedList,i am typically used for unnumbered lists,0,i am typically used for unnumbered lists | prunorderedlist,"[0, 0, 0, 0, 0, 1]"
1144,PRWatcher,a class to watch served sites,0,a class to watch served sites | prwatcher,"[0, 0, 1, 1, 0, 0]"
1145,PRWatcher,each 5 seconds the website is regenerated,0,each 5 seconds the website is regenerated | prwatcher,"[0, 0, 1, 0, 0, 0]"
1146,PMAccuracy,accuracy is a framework for testing the numerical accuracy of the results of methods,0,accuracy is a framework for testing the numerical accuracy of the results of methods | pmaccuracy,"[0, 0, 1, 1, 0, 0]"
1148,PMAM3Stepper,it is stepper for adams moulton method of order 3,0,it is stepper for adams moulton method of order 3 | pmam3stepper,"[0, 0, 0, 1, 0, 0]"
1149,PMAM3Stepper,an s step adams moulton method can reach order s 1,0,an s step adams moulton method can reach order s 1 | pmam3stepper,"[0, 0, 1, 0, 0, 0]"
1153,PMExponentialGenerator,a pmexponentialgenerator uses a uniform random variable in 0 1 to sample from an exponential distribution,0,a pmexponentialgenerator uses a uniform random variable in 0 1 to sample from an exponential distribution | pmexponentialgenerator,"[0, 0, 0, 1, 0, 0]"
1155,PMExponentialGenerator,the default randomgenerator is pmrandom but can be modified,0,the default randomgenerator is pmrandom but can be modified | pmexponentialgenerator,"[0, 0, 0, 0, 1, 0]"
1159,PMGradient,computes the gradient of a function of a collection of numbers,0,computes the gradient of a function of a collection of numbers | pmgradient,"[0, 0, 1, 0, 0, 0]"
1160,PMGradient,example f x y x 2 y,0,example f x y x 2 y | pmgradient,"[0, 1, 0, 0, 0, 0]"
1162,PMGradient,g value 3 2,0,g value 3 2 | pmgradient,"[0, 1, 0, 0, 0, 0]"
1164,PMGradient,g value 1 1,0,g value 1 1 | pmgradient,"[0, 1, 0, 0, 0, 0]"
1165,PMGradient,2 1,0,2 1 | pmgradient,"[0, 1, 0, 0, 0, 0]"
1166,PMImplicitAnnouncer,an implicitannouncer is used by odesolver to announce step results implicitsolverannouncement,0,an implicitannouncer is used by odesolver to announce step results implicitsolverannouncement | pmimplicitannouncer,"[0, 0, 0, 1, 0, 1]"
1169,PMKolmogorovSmirnov1Sample,ksstatistic returns kolmogorovs d calculated as the maximum of d and d iow it does not,0,ksstatistic returns kolmogorovs d calculated as the maximum of d and d iow it does not | pmkolmogorovsmirnov1sample,"[0, 0, 0, 0, 1, 0]"
1170,PMKolmogorovSmirnov1Sample,use d max f y i i n,0,use d max f y i i n | pmkolmogorovsmirnov1sample,"[0, 0, 0, 0, 1, 0]"
1171,PMKolmogorovSmirnov1Sample,see eg http www itl nist gov div898 handbook eda section3 eda35g htm why this would be wrong,0,see eg http www itl nist gov div898 handbook eda section3 eda35g htm why this would be wrong | pmkolmogorovsmirnov1sample,"[0, 0, 0, 0, 1, 0]"
1172,PMKolmogorovSmirnov1Sample,pvalue returns the probability of getting a d ksstatistic,0,pvalue returns the probability of getting a d ksstatistic | pmkolmogorovsmirnov1sample,"[0, 0, 0, 0, 1, 0]"
1175,PMKolmogorovSmirnov1Sample,nd dhbnormaldistribution new,0,nd dhbnormaldistribution new | pmkolmogorovsmirnov1sample,"[0, 1, 0, 0, 0, 0]"
1177,PMKolmogorovSmirnov1Sample,ks kolmogorovsmirnov comparedata 1 to 100 collect i nd random withdistribution nd,0,ks kolmogorovsmirnov comparedata 1 to 100 collect i nd random withdistribution nd | pmkolmogorovsmirnov1sample,"[0, 1, 0, 0, 0, 0]"
1180,PMLineSearch,i implement line search algorithm to find the minimum of a function g x 0 on the interval 0 x 1,0,i implement line search algorithm to find the minimum of a function g x 0 on the interval 0 x 1 | pmlinesearch,"[0, 0, 1, 1, 0, 0]"
1181,PMLineSearch,the method is initialized by g 0 g 1 and g 0,0,the method is initialized by g 0 g 1 and g 0 | pmlinesearch,"[0, 0, 1, 0, 0, 0]"
1182,PMLineSearch,the step from x 0 to x 1 suppose to minimize g x i eg 0 0 but due to nonlinearity of g x might fail to do so,0,the step from x 0 to x 1 suppose to minimize g x i eg 0 0 but due to nonlinearity of g x might fail to do so | pmlinesearch,"[1, 0, 0, 0, 0, 0]"
1183,PMLineSearch,in this case this method finds such an x that this function is minimized in the sense,0,in this case this method finds such an x that this function is minimized in the sense | pmlinesearch,"[1, 0, 0, 0, 0, 0]"
1185,PMLineSearch,for some small alpha defaults to 1e 4,0,for some small alpha defaults to 1e 4 | pmlinesearch,"[1, 0, 0, 0, 0, 0]"
1189,PMLineSearch,where funblock is the implementation of g x g0 g 0 dg0 g 0 and g1 g 0,0,where funblock is the implementation of g x g0 g 0 dg0 g 0 and g1 g 0 | pmlinesearch,"[0, 1, 0, 0, 0, 0]"
1192,PMLineSearch,storedmethod setfunction funblock,0,storedmethod setfunction funblock | pmlinesearch,"[0, 1, 0, 0, 0, 0]"
1193,PMLineSearch,storedmethod setvalueatzero g0 derivativeatzero dg0 valueatone g1,0,storedmethod setvalueatzero g0 derivativeatzero dg0 valueatone g1 | pmlinesearch,"[0, 1, 0, 0, 0, 0]"
1195,PMLineSearch,optimization tip,0,optimization tip | pmlinesearch,"[1, 0, 0, 0, 0, 0]"
1196,PMLineSearch,it is guaranteed that g x will be called on the resulting x,0,it is guaranteed that g x will be called on the resulting x | pmlinesearch,"[1, 0, 0, 0, 0, 0]"
1197,PMLineSearch,see dhbnewtonzerofinder pmnewtonzerofinder that uses this to minimize the number of function evaluations,0,see dhbnewtonzerofinder pmnewtonzerofinder that uses this to minimize the number of function evaluations | pmlinesearch,"[1, 0, 0, 0, 0, 0]"
1198,PMMatrix,i represent a mathematical matrix,0,i represent a mathematical matrix | pmmatrix,"[0, 0, 0, 1, 0, 0]"
1199,PMMatrix,i can be build from rows as follows,0,i can be build from rows as follows | pmmatrix,"[0, 1, 0, 0, 0, 0]"
1200,PMMatrix,pmmatrix rows 1 2 3 4 5 6,0,pmmatrix rows 1 2 3 4 5 6 | pmmatrix,"[0, 1, 0, 0, 0, 0]"
1201,PMMatrix,i understand the usual matrix operations,0,i understand the usual matrix operations | pmmatrix,"[0, 0, 0, 0, 1, 0]"
1204,PMODESolver,solve system x0 astate t0 starttime t1 endtime,0,solve system x0 astate t0 starttime t1 endtime | pmodesolver,"[0, 0, 0, 0, 1, 0]"
1205,PMODESolver,announcements are made when a step is taken,0,announcements are made when a step is taken | pmodesolver,"[1, 0, 0, 0, 0, 0]"
1207,PMSciKitLearnSVDFlipAlgorithmTest,this is the test class that exercises scikit learn eigenvector flip algorithm,0,this is the test class that exercises scikit learn eigenvector flip algorithm | pmscikitlearnsvdflipalgorithmtest,"[0, 0, 1, 1, 0, 0]"
1209,PMStateTime,it holds both a state and a time,0,it holds both a state and a time | pmstatetime,"[0, 0, 1, 0, 0, 0]"
1210,PMStateTime,we don t want to use point since state may be a vector quantity and the behavior of array number is a little off it stores points in an array what we want is the array itself in state and the scalar quantity in time,0,we don t want to use point since state may be a vector quantity and the behavior of array number is a little off it stores points in an array what we want is the array itself in state and the scalar quantity in time | pmstatetime,"[1, 0, 0, 0, 0, 0]"
1211,PMStepper,basic steppers execute one timestep of a specific order with a given stepsize,0,basic steppers execute one timestep of a specific order with a given stepsize | pmstepper,"[0, 0, 1, 1, 0, 0]"
1213,PMStepper,steppers perform one single step,0,steppers perform one single step | pmstepper,"[1, 0, 0, 0, 0, 0]"
1214,PMStepper,the most general stepper type is described by the stepper concept,0,the most general stepper type is described by the stepper concept | pmstepper,"[0, 0, 0, 0, 0, 1]"
1216,GLMRoassal2MorphicTest,a glmroassalmorphictest is xxxxxxxxx,0,a glmroassalmorphictest is xxxxxxxxx | glmroassal2morphictest,"[0, 0, 0, 1, 0, 0]"
1220,RTAbstractExample,i am the super class of all the roassal examples,0,i am the super class of all the roassal examples | rtabstractexample,"[0, 0, 0, 1, 0, 0]"
1221,RTAbstractExample,try to use this script to know the excecution of roassal examples,0,try to use this script to know the excecution of roassal examples | rtabstractexample,"[0, 1, 0, 0, 0, 0]"
1222,RTAbstractExample,examples errors,0,examples errors | rtabstractexample,"[0, 1, 0, 0, 0, 0]"
1223,RTAbstractExample,examples orderedcollection new,0,examples orderedcollection new | rtabstractexample,"[0, 1, 0, 0, 0, 0]"
1226,RTAbstractExample,do example,0,do example | rtabstractexample,"[0, 1, 0, 0, 0, 0]"
1227,RTAbstractExample,example gtexamples do met time builder,0,example gtexamples do met time builder | rtabstractexample,"[0, 1, 0, 0, 0, 0]"
1228,RTAbstractExample,time dateandtime now,0,time dateandtime now | rtabstractexample,"[0, 1, 0, 0, 0, 0]"
1229,RTAbstractExample,builder example perform met selector,0,builder example perform met selector | rtabstractexample,"[0, 1, 0, 0, 0, 0]"
1231,RTAbstractExample,iftrue builder build,0,iftrue builder build | rtabstractexample,"[0, 1, 0, 0, 0, 0]"
1232,RTAbstractExample,time dateandtime now time,0,time dateandtime now time | rtabstractexample,"[0, 1, 0, 0, 0, 0]"
1233,RTAbstractExample,time 1 asduration,0,time 1 asduration | rtabstractexample,"[0, 1, 0, 0, 0, 0]"
1234,RTAbstractExample,iftrue examples add met time,0,iftrue examples add met time | rtabstractexample,"[0, 1, 0, 0, 0, 0]"
1235,RTAbstractExample,on error do errors add met,0,on error do errors add met | rtabstractexample,"[0, 1, 0, 0, 0, 0]"
1236,RTAbstractExample,displayingprogress running examples,0,displayingprogress running examples | rtabstractexample,"[0, 1, 0, 0, 0, 0]"
1237,RTAbstractExample,examples errors,0,examples errors | rtabstractexample,"[0, 1, 0, 0, 0, 0]"
1238,RTAbstractStackedDataSet,a data set is a set of points intended to be charted,0,a data set is a set of points intended to be charted | rtabstractstackeddataset,"[0, 0, 0, 1, 0, 0]"
1239,RTAbstractStackedDataSet,a data set has to be added to a rtgrapher,0,a data set has to be added to a rtgrapher | rtabstractstackeddataset,"[0, 0, 0, 0, 0, 1]"
1240,RTAbstractTreeBuilder,i am a base class for some builders of roassal like,0,i am a base class for some builders of roassal like | rtabstracttreebuilder,"[0, 0, 0, 1, 0, 1]"
1245,RTAttachPoint,i am the superclass of the class hierarchy describing attach points,0,i am the superclass of the class hierarchy describing attach points | rtattachpoint,"[0, 0, 0, 1, 0, 0]"
1246,RTAttachPoint,an attach point indicates where lines start and end,0,an attach point indicates where lines start and end | rtattachpoint,"[0, 0, 1, 0, 0, 0]"
1249,RTAxisRenderer,it simply render in a view an axis configuration,0,it simply render in a view an axis configuration | rtaxisrenderer,"[0, 0, 1, 0, 0, 1]"
1250,RTBezier3Line,describe a cubic bezier spline,0,describe a cubic bezier spline | rtbezier3line,"[0, 0, 1, 0, 0, 0]"
1252,RTBezier3Line,v rtview new,0,v rtview new | rtbezier3line,"[0, 1, 0, 0, 0, 0]"
1253,RTBezier3Line,s rtellipse new color color red alpha 04 size 30,0,s rtellipse new color color red alpha 04 size 30 | rtbezier3line,"[0, 1, 0, 0, 0, 0]"
1254,RTBezier3Line,e1 s elementon begin,0,e1 s elementon begin | rtbezier3line,"[0, 1, 0, 0, 0, 0]"
1255,RTBezier3Line,e2 s elementon end,0,e2 s elementon end | rtbezier3line,"[0, 1, 0, 0, 0, 0]"
1257,RTBezier3Line,lineshape rtbezier3line new,0,lineshape rtbezier3line new | rtbezier3line,"[0, 1, 0, 0, 0, 0]"
1258,RTBezier3Line,lineshape controlelement e3,0,lineshape controlelement e3 | rtbezier3line,"[0, 1, 0, 0, 0, 0]"
1259,RTBezier3Line,lineshape attachpoint rtshorterdistanceattachpoint instance,0,lineshape attachpoint rtshorterdistanceattachpoint instance | rtbezier3line,"[0, 1, 0, 0, 0, 0]"
1260,RTBezier3Line,edge lineshape edgefrom e1 to e2,0,edge lineshape edgefrom e1 to e2 | rtbezier3line,"[0, 1, 0, 0, 0, 0]"
1261,RTBezier3Line,v add e1 add e2 add e3 add edge,0,v add e1 add e2 add e3 add edge | rtbezier3line,"[0, 1, 0, 0, 0, 0]"
1265,RTBezier3Line,e2 translateby 80 50,0,e2 translateby 80 50 | rtbezier3line,"[0, 1, 0, 0, 0, 0]"
1271,RTBox,a rtbox is a rectangular box,0,a rtbox is a rectangular box | rtbox,"[0, 0, 0, 1, 0, 0]"
1272,RTBox,eg,0,eg | rtbox,"[0, 1, 0, 0, 0, 0]"
1274,RTBox,v rtview new,0,v rtview new | rtbox,"[0, 1, 0, 0, 0, 0]"
1276,RTBox,v open,0,v open | rtbox,"[0, 1, 0, 0, 0, 0]"
1277,RTBucketColor,a scale of elements is discretized into buckets where elements of each bucket is associated to an element,0,a scale of elements is discretized into buckets where elements of each bucket is associated to an element | rtbucketcolor,"[0, 0, 1, 0, 0, 0]"
1278,RTBucketColor,the buckets are formed by creating partitions uniformly,0,the buckets are formed by creating partitions uniformly | rtbucketcolor,"[0, 0, 1, 0, 0, 0]"
1279,RTCalendarExample,rtcalendarexample new installtitle visualizationcsv,0,rtcalendarexample new installtitle visualizationcsv | rtcalendarexample,"[0, 1, 0, 0, 0, 0]"
1280,RTCalendarExample,code,0,code | rtcalendarexample,"[0, 1, 0, 0, 0, 0]"
1281,RTCalendarExample,b tab colors dictionary,0,b tab colors dictionary | rtcalendarexample,"[0, 1, 0, 0, 0, 0]"
1282,RTCalendarExample,tab rttabtable new input http bl ocks org mbostock raw 4063318 dji csv asurl retrievecontents usingdelimiter,0,tab rttabtable new input http bl ocks org mbostock raw 4063318 dji csv asurl retrievecontents usingdelimiter | rtcalendarexample,"[0, 1, 0, 0, 0, 0]"
1283,RTCalendarExample,tab removefirstrow,0,tab removefirstrow | rtcalendarexample,"[0, 1, 0, 0, 0, 0]"
1284,RTCalendarExample,dictionary dictionary new,0,dictionary dictionary new | rtcalendarexample,"[0, 1, 0, 0, 0, 0]"
1285,RTCalendarExample,tab values do ar value,0,tab values do ar value | rtcalendarexample,"[0, 1, 0, 0, 0, 0]"
1286,RTCalendarExample,value ar fifth asnumber ar second asnumber ar second asnumber,0,value ar fifth asnumber ar second asnumber ar second asnumber | rtcalendarexample,"[0, 1, 0, 0, 0, 0]"
1288,RTCalendarExample,colors 165 0 38 215 48 38 244 109 67,0,colors 165 0 38 215 48 38 244 109 67 | rtcalendarexample,"[0, 1, 0, 0, 0, 0]"
1290,RTCalendarExample,166 217 106 102 189 99 26 152 80 0 104 55,0,166 217 106 102 189 99 26 152 80 0 104 55 | rtcalendarexample,"[0, 1, 0, 0, 0, 0]"
1292,RTCalendarExample,b rtcalendarbuilder new,0,b rtcalendarbuilder new | rtcalendarexample,"[0, 1, 0, 0, 0, 0]"
1294,RTCalendarExample,b monthshape shape b monthshapepath 150,0,b monthshape shape b monthshapepath 150 | rtcalendarexample,"[0, 1, 0, 0, 0, 0]"
1302,RTCalendarExample,b yearlayout horizontalline,0,b yearlayout horizontalline | rtcalendarexample,"[0, 1, 0, 0, 0, 0]"
1306,RTCalendarExample,index value 11 01 1,0,index value 11 01 1 | rtcalendarexample,"[0, 1, 0, 0, 0, 0]"
1308,RTCalendarExample,index 11 iftrue index 11,0,index 11 iftrue index 11 | rtcalendarexample,"[0, 1, 0, 0, 0, 0]"
1314,RTCalendarExample,b view,0,b view | rtcalendarexample,"[0, 1, 0, 0, 0, 0]"
1316,RTCircleGeometry,i am not a roassal shape for that use rtellipse,0,i am not a roassal shape for that use rtellipse | rtcirclegeometry,"[0, 0, 0, 1, 0, 0]"
1320,RTCPQualitative,qualitative schemes do not imply magnitude differences between legend classes and hues are used to create the primary visual differences between classes,0,qualitative schemes do not imply magnitude differences between legend classes and hues are used to create the primary visual differences between classes | rtcpqualitative,"[0, 0, 1, 0, 0, 0]"
1323,RTCPQualitative,colorpalette qualitative show,0,colorpalette qualitative show | rtcpqualitative,"[0, 1, 0, 0, 0, 0]"
1326,RTDualAttachPoint,i am a new class to combine attach points,0,i am a new class to combine attach points | rtdualattachpoint,"[0, 0, 1, 1, 0, 0]"
1327,RTEditableLabel,i am a class to create editable label shapes but do not forget that roassal is for visualizations not to build morphs,0,i am a class to create editable label shapes but do not forget that roassal is for visualizations not to build morphs | rteditablelabel,"[0, 0, 1, 1, 0, 0]"
1328,RTEllipseTest,a rtellipsetest is a test class for testing the behavior of rtellipse,0,a rtellipsetest is a test class for testing the behavior of rtellipse | rtellipsetest,"[0, 0, 1, 1, 0, 0]"
1330,RTExperimentalExample,code,0,code | rtexperimentalexample,"[0, 1, 0, 0, 0, 0]"
1336,RTExperimentalExample,b object v,0,b object v | rtexperimentalexample,"[0, 1, 0, 0, 0, 0]"
1338,RTExploraBuilderTest,a roexplorabuildertest is xxxxxxxxx,0,a roexplorabuildertest is xxxxxxxxx | rtexplorabuildertest,"[0, 0, 0, 1, 0, 0]"
1349,RTFilterInView,with edges,0,with edges | rtfilterinview,"[0, 1, 0, 0, 0, 0]"
1359,RTFilterInView,example using the spawn block,0,example using the spawn block | rtfilterinview,"[0, 1, 0, 0, 0, 0]"
1367,RTFilterInView,filter spawnblock el rtview new addall el copy yourself,0,filter spawnblock el rtview new addall el copy yourself | rtfilterinview,"[0, 1, 0, 0, 0, 0]"
1371,RTGrapherSelectRangeViewContext,define a range for gt,0,define a range for gt | rtgrapherselectrangeviewcontext,"[0, 0, 1, 0, 0, 0]"
1373,RTGrapherSelectRangeViewContext,g view rtview new,0,g view rtview new | rtgrapherselectrangeviewcontext,"[0, 1, 0, 0, 0, 0]"
1374,RTGrapherSelectRangeViewContext,ds rtdata new,0,ds rtdata new | rtgrapherselectrangeviewcontext,"[0, 1, 0, 0, 0, 0]"
1375,RTGrapherSelectRangeViewContext,ds dotshape color color blue trans,0,ds dotshape color color blue trans | rtgrapherselectrangeviewcontext,"[0, 1, 0, 0, 0, 0]"
1376,RTGrapherSelectRangeViewContext,ds points rtshape withallsubclasses,0,ds points rtshape withallsubclasses | rtgrapherselectrangeviewcontext,"[0, 1, 0, 0, 0, 0]"
1377,RTGrapherSelectRangeViewContext,ds y cls cls numberofmethods 50,0,ds y cls cls numberofmethods 50 | rtgrapherselectrangeviewcontext,"[0, 1, 0, 0, 0, 0]"
1378,RTGrapherSelectRangeViewContext,ds x cls cls numberoflinesofcode 150,0,ds x cls cls numberoflinesofcode 150 | rtgrapherselectrangeviewcontext,"[0, 1, 0, 0, 0, 0]"
1379,RTGrapherSelectRangeViewContext,g add ds,0,g add ds | rtgrapherselectrangeviewcontext,"[0, 1, 0, 0, 0, 0]"
1380,RTGrapherSelectRangeViewContext,rtgrapherselectrangeviewcontext ongrapher g callback elements g view attributeat presentation selection elements,0,rtgrapherselectrangeviewcontext ongrapher g callback elements g view attributeat presentation selection elements | rtgrapherselectrangeviewcontext,"[0, 1, 0, 0, 0, 0]"
1382,RTHighlightableWithCursor,highlight to indicates that some interaction be can done,0,highlight to indicates that some interaction be can done | rthighlightablewithcursor,"[0, 0, 1, 0, 0, 0]"
1384,RTHighlightableWithCursor,eg,0,eg | rthighlightablewithcursor,"[0, 1, 0, 0, 0, 0]"
1388,RTHighlightableWithCursor,methodselector selector,0,methodselector selector | rthighlightablewithcursor,"[0, 1, 0, 0, 0, 0]"
1389,RTHighlightableWithCursor,methodsnames rtmethods,0,methodsnames rtmethods | rthighlightablewithcursor,"[0, 1, 0, 0, 0, 0]"
1393,RTHighlightableWithCursor,b classnameshape color color black,0,b classnameshape color color black | rthighlightablewithcursor,"[0, 1, 0, 0, 0, 0]"
1395,RTHighlightableWithCursor,b boxshape bordercolor color black,0,b boxshape bordercolor color black | rthighlightablewithcursor,"[0, 1, 0, 0, 0, 0]"
1396,RTHighlightableWithCursor,b addobjects collection withallsubclasses,0,b addobjects collection withallsubclasses | rthighlightablewithcursor,"[0, 1, 0, 0, 0, 0]"
1403,RTHighlightableWithCursor,b interaction showedge,0,b interaction showedge | rthighlightablewithcursor,"[0, 1, 0, 0, 0, 0]"
1404,RTHighlightableWithCursor,connecttoall subclasses,0,connecttoall subclasses | rthighlightablewithcursor,"[0, 1, 0, 0, 0, 0]"
1405,RTHighlightableWithCursor,b interaction showlabel,0,b interaction showlabel | rthighlightablewithcursor,"[0, 1, 0, 0, 0, 0]"
1408,RTHighlightableWithCursor,nodes rthighlightablewithcursor,0,nodes rthighlightablewithcursor | rthighlightablewithcursor,"[0, 1, 0, 0, 0, 0]"
1409,RTHighlightableWithCursor,b edges movebehind connectfrom superclass,0,b edges movebehind connectfrom superclass | rthighlightablewithcursor,"[0, 1, 0, 0, 0, 0]"
1410,RTHighlightableWithCursor,b layout radial,0,b layout radial | rthighlightablewithcursor,"[0, 1, 0, 0, 0, 0]"
1419,RTLabeled,eg,0,eg | rtlabeled,"[0, 1, 0, 0, 0, 0]"
1421,RTLabeled,e rtellipse new size 30 elementon 42,0,e rtellipse new size 30 elementon 42 | rtlabeled,"[0, 1, 0, 0, 0, 0]"
1422,RTLabeled,v add e,0,v add e | rtlabeled,"[0, 1, 0, 0, 0, 0]"
1423,RTLabeled,e rtlabeled new text value my value is value asstring,0,e rtlabeled new text value my value is value asstring | rtlabeled,"[0, 1, 0, 0, 1, 0]"
1426,RTLabeled,color object,0,color object | rtlabeled,"[0, 0, 0, 0, 1, 0]"
1427,RTLabeled,highlightable object,0,highlightable object | rtlabeled,"[0, 0, 0, 0, 1, 0]"
1428,RTLabeled,offsetonedge object,0,offsetonedge object | rtlabeled,"[0, 0, 0, 0, 1, 0]"
1429,RTLabeled,position object,0,position object | rtlabeled,"[0, 0, 0, 0, 1, 0]"
1431,RTLabeled,canvas,0,canvas | rtlabeled,"[0, 0, 0, 0, 1, 0]"
1435,RTLabeled,highlightable,0,highlightable | rtlabeled,"[0, 0, 0, 0, 1, 0]"
1438,RTLabeled,offsetonedge,0,offsetonedge | rtlabeled,"[0, 0, 0, 0, 1, 0]"
1440,RTLabeled,position,0,position | rtlabeled,"[0, 0, 0, 0, 1, 0]"
1442,RTLabeled,text,0,text | rtlabeled,"[0, 0, 0, 0, 1, 0]"
1445,RTLineDecorationExample,code,0,code | rtlinedecorationexample,"[0, 1, 0, 0, 0, 0]"
1446,RTLineDecorationExample,v b1 b2 edges,0,v b1 b2 edges | rtlinedecorationexample,"[0, 1, 0, 0, 0, 0]"
1447,RTLineDecorationExample,b1 rtbox new,0,b1 rtbox new | rtlinedecorationexample,"[0, 1, 0, 0, 0, 0]"
1449,RTLineDecorationExample,element,0,element | rtlinedecorationexample,"[0, 1, 0, 0, 0, 0]"
1450,RTLineDecorationExample,translateto 0 0,0,translateto 0 0 | rtlinedecorationexample,"[0, 1, 0, 0, 0, 0]"
1451,RTLineDecorationExample,rtdraggable,0,rtdraggable | rtlinedecorationexample,"[0, 1, 0, 0, 0, 0]"
1452,RTLineDecorationExample,b2 rtbox new,0,b2 rtbox new | rtlinedecorationexample,"[0, 1, 0, 0, 0, 0]"
1454,RTLineDecorationExample,element,0,element | rtlinedecorationexample,"[0, 1, 0, 0, 0, 0]"
1455,RTLineDecorationExample,translateto 400 0,0,translateto 400 0 | rtlinedecorationexample,"[0, 1, 0, 0, 0, 0]"
1456,RTLineDecorationExample,rtdraggable,0,rtdraggable | rtlinedecorationexample,"[0, 1, 0, 0, 0, 0]"
1457,RTLineDecorationExample,edges orderedcollection new,0,edges orderedcollection new | rtlinedecorationexample,"[0, 1, 0, 0, 0, 0]"
1458,RTLineDecorationExample,edges add rtarrowedline new head rtfilleddiamond ashead color color black width 2 attachpoint rtrectangleattachpoint new offset 15 edgefrom b1 to b2,0,edges add rtarrowedline new head rtfilleddiamond ashead color color black width 2 attachpoint rtrectangleattachpoint new offset 15 edgefrom b1 to b2 | rtlinedecorationexample,"[0, 1, 0, 0, 0, 0]"
1460,RTLineDecorationExample,edges add rtdecoratedline new filleddiamondhead color color green width 2 attachpoint rtrectangleattachpoint new offset 15 edgefrom b1 to b2,0,edges add rtdecoratedline new filleddiamondhead color color green width 2 attachpoint rtrectangleattachpoint new offset 15 edgefrom b1 to b2 | rtlinedecorationexample,"[0, 1, 0, 0, 0, 0]"
1464,RTLineDecorationExample,add b2,0,add b2 | rtlinedecorationexample,"[0, 1, 0, 0, 0, 0]"
1466,RTLineDecorationExample,edges do each each update,0,edges do each each update | rtlinedecorationexample,"[0, 1, 0, 0, 0, 0]"
1468,RTLinePathBuilder,an interpolator a way to create lines in svg,0,an interpolator a way to create lines in svg | rtlinepathbuilder,"[0, 0, 1, 0, 0, 0]"
1470,RTLinkView,for instance if in your visualization rtview you have elements that have visualizalitations you can use it to explore it in a web browser,0,for instance if in your visualization rtview you have elements that have visualizalitations you can use it to explore it in a web browser | rtlinkview,"[0, 1, 0, 0, 0, 0]"
1477,RTPopupTest,popup object,0,popup object | rtpopuptest,"[0, 0, 0, 0, 1, 0]"
1478,RTPopupTest,view object,0,view object | rtpopuptest,"[0, 0, 0, 0, 1, 0]"
1479,RTPopupTest,popup,0,popup | rtpopuptest,"[0, 0, 0, 0, 1, 0]"
1483,RTRectangleAttachPoint,continuous attach point which presumes both shapes are not rotated rectangles,0,continuous attach point which presumes both shapes are not rotated rectangles | rtrectangleattachpoint,"[0, 0, 1, 0, 0, 0]"
1484,RTRectangleAttachPoint,v rtview new,0,v rtview new | rtrectangleattachpoint,"[0, 1, 0, 0, 0, 0]"
1485,RTRectangleAttachPoint,e1 rtbox new size 50 elementon 1,0,e1 rtbox new size 50 elementon 1 | rtrectangleattachpoint,"[0, 1, 0, 0, 0, 0]"
1486,RTRectangleAttachPoint,e2 rtellipse new size 50 elementon 2,0,e2 rtellipse new size 50 elementon 2 | rtrectangleattachpoint,"[0, 1, 0, 0, 0, 0]"
1488,RTRectangleAttachPoint,e2 translateby 30 60,0,e2 translateby 30 60 | rtrectangleattachpoint,"[0, 1, 0, 0, 0, 0]"
1489,RTRectangleAttachPoint,e1 rtdraggable,0,e1 rtdraggable | rtrectangleattachpoint,"[0, 1, 0, 0, 0, 0]"
1490,RTRectangleAttachPoint,e2 rtdraggable,0,e2 rtdraggable | rtrectangleattachpoint,"[0, 1, 0, 0, 0, 0]"
1493,RTRectangleAttachPoint,l s edgefrom e1 to e2,0,l s edgefrom e1 to e2 | rtrectangleattachpoint,"[0, 1, 0, 0, 0, 0]"
1494,RTRectangleAttachPoint,v add l,0,v add l | rtrectangleattachpoint,"[0, 1, 0, 0, 0, 0]"
1498,RTResizeCanceled,dcrtresizable,0,dcrtresizable | rtresizecanceled,"[0, 0, 0, 0, 0, 1]"
1499,RTRotatedLabel,a rtrotatedlabel describes rotated labels,0,a rtrotatedlabel describes rotated labels | rtrotatedlabel,"[0, 0, 1, 0, 0, 0]"
1500,RTRotatedLabel,v shape es,0,v shape es | rtrotatedlabel,"[0, 1, 0, 0, 0, 0]"
1501,RTRotatedLabel,v rtview new,0,v rtview new | rtrotatedlabel,"[0, 1, 0, 0, 0, 0]"
1502,RTRotatedLabel,shape rtrotatedlabel new text c class c name angleindegree c c numberofmethods 360,0,shape rtrotatedlabel new text c class c name angleindegree c c numberofmethods 360 | rtrotatedlabel,"[0, 1, 0, 0, 0, 0]"
1503,RTRotatedLabel,es shape elementson collection withallsubclasses,0,es shape elementson collection withallsubclasses | rtrotatedlabel,"[0, 1, 0, 0, 0, 0]"
1505,RTRotatedLabel,v addall es,0,v addall es | rtrotatedlabel,"[0, 1, 0, 0, 0, 0]"
1506,RTRotatedLabel,v open,0,v open | rtrotatedlabel,"[0, 1, 0, 0, 0, 0]"
1507,RTScale,a class to have nice scales checks subclasses,0,a class to have nice scales checks subclasses | rtscale,"[0, 0, 0, 1, 0, 0]"
1509,RTScrollBarBuilder,more than a draggable view it allows to keep a mark about your position in the view and it scale for large views,0,more than a draggable view it allows to keep a mark about your position in the view and it scale for large views | rtscrollbarbuilder,"[0, 0, 1, 0, 0, 0]"
1512,RTScrollBarBuilder,the default configuration is isbasic and isstatic,0,the default configuration is isbasic and isstatic | rtscrollbarbuilder,"[0, 0, 0, 0, 1, 0]"
1514,RTScrollBarBuilder,the bar can have a specificity like scalable so it give an idea of the size of the view,0,the bar can have a specificity like scalable so it give an idea of the size of the view | rtscrollbarbuilder,"[0, 0, 0, 0, 1, 0]"
1525,RTSunburstBuilder,i am a class to create visualizations about rings center is the root of the tree and arcs are the sub trees,0,i am a class to create visualizations about rings center is the root of the tree and arcs are the sub trees | rtsunburstbuilder,"[0, 0, 1, 1, 0, 0]"
1526,RTSunburstBuilder,you can customize the angle of the arc and play with the with radius and width of each arc,0,you can customize the angle of the arc and play with the with radius and width of each arc | rtsunburstbuilder,"[0, 0, 1, 0, 0, 0]"
1528,RTSunburstBuilderExamples,code,0,code | rtsunburstbuilderexamples,"[0, 1, 0, 0, 0, 0]"
1532,RTSunburstBuilderExamples,b shape colorelement el el model subclasses isempty iftrue color purple iffalse color lightgray,0,b shape colorelement el el model subclasses isempty iftrue color purple iffalse color lightgray | rtsunburstbuilderexamples,"[0, 1, 0, 0, 0, 0]"
1534,RTSunburstBuilderExamples,b view rtdraggableview,0,b view rtdraggableview | rtsunburstbuilderexamples,"[0, 1, 0, 0, 0, 0]"
1536,RTSunburstBuilderExamples,b view,0,b view | rtsunburstbuilderexamples,"[0, 1, 0, 0, 0, 0]"
1537,RTSVGAbstractLine,a rtsvgabstractline refers to the common interface for both regular svg lines and bezier lines as paths,0,a rtsvgabstractline refers to the common interface for both regular svg lines and bezier lines as paths | rtsvgabstractline,"[0, 0, 0, 1, 0, 0]"
1541,RTSVGPopup,a rtsvgpopup is any kind of popup born from a certain element,0,a rtsvgpopup is any kind of popup born from a certain element | rtsvgpopup,"[0, 0, 0, 1, 0, 0]"
1542,RTSVGPopup,the click refers to the posibility of activating the popup only when the element is clicked,0,the click refers to the posibility of activating the popup only when the element is clicked | rtsvgpopup,"[0, 0, 1, 0, 0, 0]"
1548,RTTextWord,a rttextword represents one word of an original text,0,a rttextword represents one word of an original text | rttextword,"[0, 0, 0, 1, 1, 0]"
1549,RTTextWord,interval interval,0,interval interval | rttextword,"[0, 0, 0, 0, 1, 0]"
1551,RTTextWord,interval,0,interval | rttextword,"[0, 0, 0, 0, 1, 0]"
1552,RTTextWord,interval of the word in the original text,0,interval of the word in the original text | rttextword,"[0, 0, 0, 0, 1, 0]"
1556,RTVerticalMultipleData,rtverticalmultipledata represents a group of data points that are vertically located,0,rtverticalmultipledata represents a group of data points that are vertically located | rtverticalmultipledata,"[0, 0, 0, 1, 0, 1]"
1557,RTVerticalMultipleData,each group has the same x value,0,each group has the same x value | rtverticalmultipledata,"[1, 0, 0, 0, 0, 0]"
1558,RTVerticalMultipleData,negative data are not allowed,0,negative data are not allowed | rtverticalmultipledata,"[1, 0, 0, 0, 0, 0]"
1561,RTVerticalMultipleData,b rtgrapher new,0,b rtgrapher new | rtverticalmultipledata,"[0, 1, 0, 0, 0, 0]"
1565,RTVerticalMultipleData,d addmetric third,0,d addmetric third | rtverticalmultipledata,"[0, 1, 0, 0, 0, 0]"
1567,RTVerticalMultipleData,d barchartwithbartitle first rotation 30,0,d barchartwithbartitle first rotation 30 | rtverticalmultipledata,"[0, 1, 0, 0, 0, 0]"
1572,RTVerticalMultipleData,b rtgrapher new,0,b rtgrapher new | rtverticalmultipledata,"[0, 1, 0, 0, 0, 0]"
1574,RTVerticalMultipleData,d points classes,0,d points classes | rtverticalmultipledata,"[0, 1, 0, 0, 0, 0]"
1575,RTVerticalMultipleData,d addmetric numberoflinesofcode,0,d addmetric numberoflinesofcode | rtverticalmultipledata,"[0, 1, 0, 0, 0, 0]"
1576,RTVerticalMultipleData,d addmetric numberofmethods,0,d addmetric numberofmethods | rtverticalmultipledata,"[0, 1, 0, 0, 0, 0]"
1577,RTVerticalMultipleData,d barchartwithbartitle name rotation 30,0,d barchartwithbartitle name rotation 30 | rtverticalmultipledata,"[0, 1, 0, 0, 0, 0]"
1580,RTWeightedCircleLayout,rtweightedcirclelayout is a circle layout that gives more space to big elements and fewer space to small elements,0,rtweightedcirclelayout is a circle layout that gives more space to big elements and fewer space to small elements | rtweightedcirclelayout,"[0, 0, 1, 1, 0, 0]"
1583,RTWeightedCircleLayout,elements rtellipse new size 5 color color red size vv vv 4 elementson 1 to 15,0,elements rtellipse new size 5 color color red size vv vv 4 elementson 1 to 15 | rtweightedcirclelayout,"[0, 1, 0, 0, 0, 0]"
1584,RTWeightedCircleLayout,v addall elements,0,v addall elements | rtweightedcirclelayout,"[0, 1, 0, 0, 0, 0]"
1585,RTWeightedCircleLayout,rtweightedcirclelayout on elements,0,rtweightedcirclelayout on elements | rtweightedcirclelayout,"[0, 1, 0, 0, 0, 0]"
1587,TROSMShape,this shape represent an openstreetmap background object which tracks the camera zoom level and translation to build a view of the corresponding part of the openstreetmap,0,this shape represent an openstreetmap background object which tracks the camera zoom level and translation to build a view of the corresponding part of the openstreetmap | trosmshape,"[0, 0, 1, 1, 1, 0]"
1589,TROSMShape,rectangle rectangle,0,rectangle rectangle | trosmshape,"[0, 0, 0, 0, 1, 0]"
1591,TROSMShape,tiles dictionary of point form,0,tiles dictionary of point form | trosmshape,"[0, 0, 0, 0, 1, 0]"
1593,TROSMShape,position,0,position | trosmshape,"[0, 0, 0, 0, 1, 0]"
1595,TROSMShape,bounds of the shape,0,bounds of the shape | trosmshape,"[0, 0, 0, 0, 1, 0]"
1610,TROSMShape,lon to roassal space l 40075016686 l 360,0,lon to roassal space l 40075016686 l 360 | trosmshape,"[1, 0, 0, 0, 0, 0]"
1614,TROSMShape,depending on the rtview size and the canvas parameters get the right tiles from osm and display them,0,depending on the rtview size and the canvas parameters get the right tiles from osm and display them | trosmshape,"[1, 0, 0, 0, 1, 0]"
1616,TROSMShape,from the camera get the zoom level and offset,0,from the camera get the zoom level and offset | trosmshape,"[1, 0, 0, 0, 1, 0]"
1617,TROSMShape,compute the osm zoom level with the camera zoom value,0,compute the osm zoom level with the camera zoom value | trosmshape,"[1, 0, 0, 0, 1, 0]"
1618,TROSMShape,make remainder zoom a transform inside the trosmshape,0,make remainder zoom a transform inside the trosmshape | trosmshape,"[1, 0, 0, 0, 1, 0]"
1619,TROSMShape,take corners of bounding box get lat long get tiles x and y based on previous zoom level,0,take corners of bounding box get lat long get tiles x and y based on previous zoom level | trosmshape,"[1, 0, 0, 0, 1, 0]"
1620,TROSMShape,set clipping rectangle to trosmshape bounds,0,set clipping rectangle to trosmshape bounds | trosmshape,"[1, 0, 0, 0, 1, 0]"
1621,TROSMShape,display each tile,0,display each tile | trosmshape,"[1, 0, 0, 0, 0, 0]"
1624,TROSMShape,remove tile if not used in display,0,remove tile if not used in display | trosmshape,"[1, 0, 0, 0, 0, 0]"
1625,JQLoad,load html from a remote file and inject it into the dom,0,load html from a remote file and inject it into the dom | jqload,"[0, 0, 1, 0, 0, 0]"
1626,WABulkReapingCache,i am a cache that reaps all elements at once instead of incrementally,0,i am a cache that reaps all elements at once instead of incrementally | wabulkreapingcache,"[0, 0, 0, 1, 0, 0]"
1628,WABulkReapingCache,a background process should send reap to me,0,a background process should send reap to me | wabulkreapingcache,"[0, 0, 0, 0, 0, 1]"
1634,WAComboResponse,if streaming is desired the response can be flushed by sending it the flush message,0,if streaming is desired the response can be flushed by sending it the flush message | wacomboresponse,"[0, 0, 1, 0, 0, 0]"
1637,WAComboResponse,for example a search results page might use something like,0,for example a search results page might use something like | wacomboresponse,"[0, 1, 0, 0, 0, 0]"
1638,WAComboResponse,rendercontenton acanvas,0,rendercontenton acanvas | wacomboresponse,"[0, 1, 0, 0, 0, 0]"
1641,WAComboResponse,acanvas flush,0,acanvas flush | wacomboresponse,"[0, 1, 0, 0, 0, 0]"
1645,WAComboResponse,acanvas flush,0,acanvas flush | wacomboresponse,"[0, 1, 0, 0, 0, 0]"
1646,WAComboResponse,flush after each search result,0,flush after each search result | wacomboresponse,"[0, 1, 0, 0, 0, 0]"
1649,WAComboResponse,an uncommitted response should be handled as usual by the server adapter,0,an uncommitted response should be handled as usual by the server adapter | wacomboresponse,"[0, 0, 0, 0, 0, 1]"
1651,WACookie,i am basically a key value pair of strings,0,i am basically a key value pair of strings | wacookie,"[0, 0, 0, 1, 0, 0]"
1655,WACookie,netscape spec,0,netscape spec | wacookie,"[1, 0, 0, 0, 0, 0]"
1657,WACookie,cookie spec,0,cookie spec | wacookie,"[1, 0, 0, 0, 0, 0]"
1658,WACookie,http tools ietf org html rfc2109,0,http tools ietf org html rfc2109 | wacookie,"[1, 0, 0, 0, 0, 0]"
1660,WACookie,https tools ietf org html rfc6265,0,https tools ietf org html rfc6265 | wacookie,"[1, 0, 0, 0, 0, 0]"
1662,WACookie,http msdn2 microsoft com en us library ms533046 aspx,0,http msdn2 microsoft com en us library ms533046 aspx | wacookie,"[1, 0, 0, 0, 0, 0]"
1663,WACookie,https bugzilla mozilla org show bug cgi id 178993,0,https bugzilla mozilla org show bug cgi id 178993 | wacookie,"[1, 0, 0, 0, 0, 0]"
1664,WACookie,compared to warequestcookie i represent the information that is sent to the user agent,0,compared to warequestcookie i represent the information that is sent to the user agent | wacookie,"[0, 0, 0, 1, 0, 1]"
1666,WADatalistTag,datalist together with the a new list attribute for input is used to make comboboxes,0,datalist together with the a new list attribute for input is used to make comboboxes | wadatalisttag,"[0, 1, 1, 0, 0, 0]"
1667,WADatalistTag,input list browsers,0,input list browsers | wadatalisttag,"[0, 1, 0, 0, 0, 0]"
1668,WADatalistTag,datalist id browsers,0,datalist id browsers | wadatalisttag,"[0, 1, 0, 0, 0, 0]"
1669,WADatalistTag,option value safari,0,option value safari | wadatalisttag,"[0, 1, 0, 0, 0, 0]"
1670,WADatalistTag,option value internet explorer,0,option value internet explorer | wadatalisttag,"[0, 1, 0, 0, 0, 0]"
1671,WADatalistTag,option value opera,0,option value opera | wadatalisttag,"[0, 1, 0, 0, 0, 0]"
1672,WADatalistTag,option value firefox,0,option value firefox | wadatalisttag,"[0, 1, 0, 0, 0, 0]"
1674,WADelayedAnswerDecoration,wadelayedanswerdecoration adds a delay in displaying a component,0,wadelayedanswerdecoration adds a delay in displaying a component | wadelayedanswerdecoration,"[0, 0, 1, 0, 0, 0]"
1675,WADevelopment,a wadevelopment is a collection of convenience methods for dealing with seaside development in squeak,0,a wadevelopment is a collection of convenience methods for dealing with seaside development in squeak | wadevelopment,"[0, 0, 1, 1, 0, 0]"
1676,WADynamicVariable,i exist for legacy purposes,0,i exist for legacy purposes | wadynamicvariable,"[0, 0, 1, 0, 0, 0]"
1677,WAEncoder,i encode everything that is written to myself using nextput and nextputall onto the wrapped stream,0,i encode everything that is written to myself using nextput and nextputall onto the wrapped stream | waencoder,"[0, 0, 1, 0, 1, 0]"
1678,WAErrorHandler,waerrorhandler catches errors and warnings and provides two methods for handling each type of exception,0,waerrorhandler catches errors and warnings and provides two methods for handling each type of exception | waerrorhandler,"[0, 0, 1, 0, 0, 1]"
1682,WAErrorHandler,if either method is not implemented the default implementation will call handledefault which can be used to provide common behaviour for both exception types,0,if either method is not implemented the default implementation will call handledefault which can be used to provide common behaviour for both exception types | waerrorhandler,"[1, 0, 0, 0, 0, 0]"
1684,WAExpiringCache,maximumsize integer,0,maximumsize integer | waexpiringcache,"[0, 0, 0, 0, 1, 0]"
1685,WAExpiringCache,maximumrelativeage integer,0,maximumrelativeage integer | waexpiringcache,"[0, 0, 0, 0, 1, 0]"
1686,WAExpiringCache,maximumabsoluteage integer,0,maximumabsoluteage integer | waexpiringcache,"[0, 0, 0, 0, 1, 0]"
1691,WAExpiringCache,0 for no maximum size,0,0 for no maximum size | waexpiringcache,"[0, 0, 0, 0, 1, 0]"
1693,WAExpiringCache,maximumrelativeage,0,maximumrelativeage | waexpiringcache,"[0, 0, 0, 0, 1, 0]"
1695,WAExpiringCache,0 for no limit,0,0 for no limit | waexpiringcache,"[0, 0, 0, 0, 1, 0]"
1697,WAExpiringCache,maximumabsoluteage,0,maximumabsoluteage | waexpiringcache,"[0, 0, 0, 0, 1, 0]"
1698,WAExpiringCache,after so many seconds after its creation a session is considered expired no matter when it was last accessed,0,after so many seconds after its creation a session is considered expired no matter when it was last accessed | waexpiringcache,"[0, 0, 0, 0, 1, 0]"
1699,WAExpiringCache,0 for no limit,0,0 for no limit | waexpiringcache,"[0, 0, 0, 0, 1, 0]"
1705,WAExpiringCache,removerelativeoldest remove the entry that hasn t been accessed for the longest time,0,removerelativeoldest remove the entry that hasn t been accessed for the longest time | waexpiringcache,"[0, 0, 0, 0, 1, 0]"
1706,WAExpiringCache,removeabsoluteoldest remove the entry that has been created the longest time ago,0,removeabsoluteoldest remove the entry that has been created the longest time ago | waexpiringcache,"[0, 0, 0, 0, 1, 0]"
1707,WAExpiringCache,signalerror signal wamaximumnumberofsessionsexceedederror,0,signalerror signal wamaximumnumberofsessionsexceedederror | waexpiringcache,"[0, 0, 0, 0, 1, 0]"
1711,WAFormDecoration,the buttons inst var must be set,0,the buttons inst var must be set | waformdecoration,"[0, 0, 0, 0, 1, 0]"
1712,WAFormDecoration,for each string symbol in the buttons inst var the decorated component must implement a method of the same name which is called when the button is selected,0,for each string symbol in the buttons inst var the decorated component must implement a method of the same name which is called when the button is selected | waformdecoration,"[0, 0, 0, 0, 1, 0]"
1713,WAFormDecoration,buttons collection of strings or symbols,0,buttons collection of strings or symbols | waformdecoration,"[0, 0, 0, 0, 1, 0]"
1716,WAFormTag,the form element acts as a container for input elements and buttons,0,the form element acts as a container for input elements and buttons | waformtag,"[0, 0, 1, 0, 0, 1]"
1717,WAFormTag,evaluation order,0,evaluation order | waformtag,"[1, 0, 0, 0, 0, 0]"
1718,WAFormTag,the input fields callbacks will be evaluated in the order they,0,the input fields callbacks will be evaluated in the order they | waformtag,"[1, 0, 0, 0, 0, 0]"
1719,WAFormTag,appear in the xhtml,0,appear in the xhtml | waformtag,"[1, 0, 0, 0, 0, 0]"
1720,WAFormTag,buttons will always be evaluated last no matter,0,buttons will always be evaluated last no matter | waformtag,"[1, 0, 0, 0, 0, 0]"
1721,WAFormTag,where they are positioned,0,where they are positioned | waformtag,"[1, 0, 0, 0, 0, 0]"
1728,WAImageButtonTag,the value of the src attribute specifies the uri of the image that will decorate the button,0,the value of the src attribute specifies the uri of the image that will decorate the button | waimagebuttontag,"[0, 0, 1, 0, 0, 0]"
1735,WAInspector,platforms should implement their own subclasses specifying behaviour for all unimplemented methods,0,platforms should implement their own subclasses specifying behaviour for all unimplemented methods | wainspector,"[0, 0, 1, 0, 0, 0]"
1738,WAInvisibleSessionTrackingStrategy,for document handlers query fields are used,0,for document handlers query fields are used | wainvisiblesessiontrackingstrategy,"[0, 0, 0, 0, 0, 1]"
1739,WALabelledFormDialog,walabelledformdialog is an abstract class for generating html forms,0,walabelledformdialog is an abstract class for generating html forms | walabelledformdialog,"[0, 0, 0, 1, 0, 0]"
1740,WALabelledFormDialog,given a data model walabelledformdialog displays a label and input field for each instance variable of interest,0,given a data model walabelledformdialog displays a label and input field for each instance variable of interest | walabelledformdialog,"[0, 1, 1, 0, 1, 0]"
1741,WALabelledFormDialog,user supplied data is placed in the data model,0,user supplied data is placed in the data model | walabelledformdialog,"[0, 1, 1, 0, 1, 0]"
1743,WALabelledFormDialog,the model method just returns the object whose fields we wish to populate with date,0,the model method just returns the object whose fields we wish to populate with date | walabelledformdialog,"[0, 1, 0, 0, 1, 0]"
1744,WALabelledFormDialog,the rows method returns a collections of symbols,0,the rows method returns a collections of symbols | walabelledformdialog,"[0, 1, 0, 0, 1, 0]"
1745,WALabelledFormDialog,the symbol is used generate the accessor methods for the data in the model,0,the symbol is used generate the accessor methods for the data in the model | walabelledformdialog,"[0, 1, 0, 0, 1, 0]"
1746,WALabelledFormDialog,a standard text input field is used for each row of data,0,a standard text input field is used for each row of data | walabelledformdialog,"[0, 0, 1, 0, 0, 0]"
1748,WALabelledFormDialog,see rendernameon in example below,0,see rendernameon in example below | walabelledformdialog,"[0, 0, 1, 0, 0, 0]"
1749,WALabelledFormDialog,the default form has one button ok,0,the default form has one button ok | walabelledformdialog,"[1, 1, 0, 0, 1, 0]"
1750,WALabelledFormDialog,override the buttons method to change the text or number of submit buttons on the form,0,override the buttons method to change the text or number of submit buttons on the form | walabelledformdialog,"[1, 1, 0, 0, 1, 0]"
1751,WALabelledFormDialog,override the defaultbutton method to indicate which button is the default,0,override the defaultbutton method to indicate which button is the default | walabelledformdialog,"[1, 0, 0, 0, 0, 0]"
1753,WALabelledFormDialog,see example below,0,see example below | walabelledformdialog,"[1, 0, 0, 0, 0, 0]"
1755,WALabelledFormDialog,initialize,0,initialize | walabelledformdialog,"[0, 1, 0, 0, 0, 0]"
1779,WALabelledFormDialog,rendernameon html,0,rendernameon html | walabelledformdialog,"[0, 1, 0, 0, 0, 0]"
1780,WALabelledFormDialog,show how to specily special input instead of using simple text field,0,show how to specily special input instead of using simple text field | walabelledformdialog,"[0, 1, 0, 0, 0, 0]"
1781,WALabelledFormDialog,html select,0,html select | walabelledformdialog,"[0, 1, 0, 0, 0, 0]"
1783,WALabelledFormDialog,selected roger,0,selected roger | walabelledformdialog,"[0, 1, 0, 0, 0, 0]"
1785,WALabelledFormDialog,contact class used above has instance variables name phonenumber with standard getter and setter methods,0,contact class used above has instance variables name phonenumber with standard getter and setter methods | walabelledformdialog,"[0, 0, 0, 0, 1, 0]"
1786,WAListAttribute,walistattribute is an attribute that is restricted to a list of values,0,walistattribute is an attribute that is restricted to a list of values | walistattribute,"[0, 0, 0, 1, 0, 0]"
1787,WAMemoryInput,a wamemoryinput is a dialog that allows the user to enter an amount of memory,0,a wamemoryinput is a dialog that allows the user to enter an amount of memory | wamemoryinput,"[0, 0, 1, 1, 0, 0]"
1790,WAObjectTag,defines an embedded object,0,defines an embedded object | waobjecttag,"[0, 0, 0, 1, 0, 0]"
1791,WAOptionGroupTag,the optgroup element allows authors to group choices logically,0,the optgroup element allows authors to group choices logically | waoptiongrouptag,"[0, 0, 1, 0, 0, 0]"
1792,WAOptionGroupTag,this is particularly helpful when the user must choose from a long list of options groups of related choices are easier to grasp and remember than a single long list of options,0,this is particularly helpful when the user must choose from a long list of options groups of related choices are easier to grasp and remember than a single long list of options | waoptiongrouptag,"[0, 0, 1, 0, 0, 0]"
1795,WAPainterVisitor,an implementation of the visitor pattern for painter subclasses,0,an implementation of the visitor pattern for painter subclasses | wapaintervisitor,"[0, 0, 1, 1, 0, 1]"
1796,WAPath,wapath represents a path navigation breadcrumbs for a web page and displays standard breadcrumbs xxx yyy zzz,0,wapath represents a path navigation breadcrumbs for a web page and displays standard breadcrumbs xxx yyy zzz | wapath,"[0, 0, 1, 1, 0, 0]"
1797,WAPath,wapath maintains a stack of associations one for each location or page in the path,0,wapath maintains a stack of associations one for each location or page in the path | wapath,"[0, 0, 1, 0, 0, 1]"
1798,WAPath,the association key is the text that is displayed in the breadcrimb,0,the association key is the text that is displayed in the breadcrimb | wapath,"[0, 0, 0, 0, 0, 1]"
1799,WAPath,the association value is an object of your choosing which your code uses to restore that page,0,the association value is an object of your choosing which your code uses to restore that page | wapath,"[0, 0, 0, 0, 0, 1]"
1800,WAPath,to add to the path use the method wapath pushsegment anobject name lulu,0,to add to the path use the method wapath pushsegment anobject name lulu | wapath,"[0, 0, 0, 0, 1, 0]"
1803,WAPath,your code is not notified when the user clicks on a link in the wapath object,0,your code is not notified when the user clicks on a link in the wapath object | wapath,"[0, 0, 0, 0, 1, 0]"
1804,WAPath,so when you render a page call wapath currentsegment to get the current object and generate the page accordingly,0,so when you render a page call wapath currentsegment to get the current object and generate the page accordingly | wapath,"[0, 0, 0, 0, 1, 0]"
1808,WAPharoUrlEncoder,i am a pharo specific url encoder,0,i am a pharo specific url encoder | wapharourlencoder,"[0, 0, 0, 1, 0, 0]"
1809,WAPharoXmlEncoder,i am a pharo specific xml encoder,0,i am a pharo specific xml encoder | wapharoxmlencoder,"[0, 0, 0, 1, 0, 0]"
1811,WAPlugin,plugins are an easy way to add or remove additional tools without changing the codebase,0,plugins are an easy way to add or remove additional tools without changing the codebase | waplugin,"[0, 0, 1, 0, 0, 0]"
1815,WAProtectionFilter,do add this filter to a wasession for example to avoid session hijacking do not add it to static request handlers such as waapplication or wadispatcher as this might restrict access to the handler if your ip changes,0,do add this filter to a wasession for example to avoid session hijacking do not add it to static request handlers such as waapplication or wadispatcher as this might restrict access to the handler if your ip changes | waprotectionfilter,"[0, 0, 1, 0, 0, 0]"
1817,WARequestContext,warequestcontext encapsulates all the knowledge that should be available while processing a single request,0,warequestcontext encapsulates all the knowledge that should be available while processing a single request | warequestcontext,"[0, 0, 1, 0, 0, 0]"
1820,WASelection,waselection creates a selectable list,0,waselection creates a selectable list | waselection,"[0, 1, 1, 0, 0, 0]"
1823,WASelection,returns the item selected by user not the index nor the text shown the user,0,returns the item selected by user not the index nor the text shown the user | waselection,"[1, 0, 0, 0, 0, 0]"
1824,WASelection,selection,0,selection | waselection,"[0, 1, 0, 0, 0, 0]"
1828,WAServerAdaptor,a waserver is the abstract base class for all servers,0,a waserver is the abstract base class for all servers | waserveradaptor,"[0, 0, 0, 1, 0, 0]"
1829,WAServerAdaptor,codec,0,codec | waserveradaptor,"[0, 0, 0, 0, 1, 0]"
1830,WAServerAdaptor,usessmalltalkencoding,0,usessmalltalkencoding | waserveradaptor,"[0, 0, 0, 0, 1, 0]"
1831,WAServerAdaptor,codec wacodec,0,codec wacodec | waserveradaptor,"[0, 0, 0, 0, 1, 0]"
1832,WAServerAdaptor,codec,0,codec | waserveradaptor,"[0, 0, 0, 0, 1, 0]"
1833,WATagBrush,this is the superclass for all xml element classes,0,this is the superclass for all xml element classes | watagbrush,"[0, 0, 0, 1, 0, 0]"
1834,WATagBrush,its main additions are,0,its main additions are | watagbrush,"[1, 0, 0, 0, 0, 0]"
1835,WATagBrush,element name tag,0,element name tag | watagbrush,"[1, 0, 0, 0, 0, 0]"
1836,WATagBrush,attributes instance of wahtmlattributes,0,attributes instance of wahtmlattributes | watagbrush,"[1, 0, 0, 0, 0, 0]"
1838,WAUpTimeTracker,wauptimetracker is used to track the timestamp when the image last booted,0,wauptimetracker is used to track the timestamp when the image last booted | wauptimetracker,"[0, 0, 1, 0, 0, 0]"
1839,WAUpTimeTracker,access the timestamp when the image booted as follows,0,access the timestamp when the image booted as follows | wauptimetracker,"[0, 0, 1, 0, 1, 1]"
1842,WAUpTimeTracker,access the duration how long ago the image booted as follows,0,access the duration how long ago the image booted as follows | wauptimetracker,"[0, 0, 1, 0, 1, 1]"
1845,WAUpTimeTracker,at system startup the imageboottime is re set automatically,0,at system startup the imageboottime is re set automatically | wauptimetracker,"[0, 0, 1, 0, 1, 1]"
0,BlAnchorRelativeToElement,relative anchor takes an arbitrary element as a reference an compute its position based on properties of that element.,0,relative anchor takes an arbitrary element as a reference an compute its position based on properties of that element. | BlAnchorRelativeToElement,"[0, 0, 1, 0, 0, 0]"
2,BlArrowheadSimpleArrow,i am a simple arrow like arrowhead.,0,i am a simple arrow like arrowhead. | BlArrowheadSimpleArrow,"[0, 0, 0, 1, 0, 0]"
3,BlArrowheadSimpleArrow,both my size and arrow length depend on the curve width.,0,both my size and arrow length depend on the curve width. | BlArrowheadSimpleArrow,"[0, 0, 0, 1, 0, 0]"
4,BlArrowheadSimpleArrow,it is possible hovewer to customize a length fraction how long should be the outer arrow compared to the length of the side of a nose triangle.,0,it is possible hovewer to customize a length fraction how long should be the outer arrow compared to the length of the side of a nose triangle. | BlArrowheadSimpleArrow,"[0, 0, 0, 0, 1, 0]"
8,BlArrowheadTriangle,i am a triangular arrow head.,0,i am a triangular arrow head. | BlArrowheadTriangle,"[0, 0, 0, 1, 0, 0]"
10,BlArrowheadTriangle,it is possible to have a border around triangle by specifying a border width of a triangle arrowhead.,0,it is possible to have a border around triangle by specifying a border width of a triangle arrowhead. | BlArrowheadTriangle,"[1, 0, 0, 0, 0, 0]"
13,BlArrowheadTriangle,for solid arrowhead make background paint be the same as border paint.,0,for solid arrowhead make background paint be the same as border paint. | BlArrowheadTriangle,"[0, 0, 1, 0, 0, 0]"
16,BlChicken,blchicken open,0,blchicken open | BlChicken,"[0, 1, 0, 0, 0, 0]"
21,BlChildrenCollection,i provide a data structure independent api for adding and removing children.,0,i provide a data structure independent api for adding and removing children. | BlChildrenCollection,"[0, 0, 1, 0, 0, 0]"
23,BlChildrenCollection,i allow elements to optimize working with children for different scenarious.,0,i allow elements to optimize working with children for different scenarious. | BlChildrenCollection,"[0, 0, 1, 0, 0, 0]"
26,BlChildrenCollection,"a rope uses a balanced binary tree to support fast adding, removing and accessing, with the disadvantage of taking more memory.",0,"a rope uses a balanced binary tree to support fast adding, removing and accessing, with the disadvantage of taking more memory. | BlChildrenCollection","[0, 0, 1, 0, 0, 0]"
33,BlChildrenSubset,i capture a subset of children from a class blelement instance.,0,i capture a subset of children from a class blelement instance. | BlChildrenSubset,"[0, 0, 1, 0, 0, 0]"
34,BlChildrenSubset,i am an abstract class.,0,i am an abstract class. | BlChildrenSubset,"[0, 0, 0, 1, 0, 0]"
35,BlChildrenSubset,i exist to explicitly capture and combine various ways of filtering and iterating over children.,0,i exist to explicitly capture and combine various ways of filtering and iterating over children. | BlChildrenSubset,"[0, 0, 1, 0, 0, 0]"
40,BlChildrenSubset,i do not enforce a lazy api.,0,i do not enforce a lazy api. | BlChildrenSubset,"[0, 0, 0, 0, 1, 0]"
41,BlChildrenSubset,api,0,api | BlChildrenSubset,"[0, 0, 0, 0, 1, 0]"
42,BlChildrenSubset,instances of me are created by calling the factory method method blchildrensubset class #on on a subclass with an instance of class blchildren as parameter.,0,instances of me are created by calling the factory method method blchildrensubset class #on on a subclass with an instance of class blchildren as parameter. | BlChildrenSubset,"[0, 0, 0, 0, 1, 0]"
43,BlChildrenSubset,implementation details,0,implementation details | BlChildrenSubset,"[1, 0, 0, 0, 0, 0]"
47,BlClickEvent,the click event is fired when a pointing device button a mouse s primary button is pressed and released on a single element.,0,the click event is fired when a pointing device button a mouse s primary button is pressed and released on a single element. | BlClickEvent,"[1, 0, 1, 0, 0, 0]"
48,BlClickEvent,the order of fired events,0,the order of fired events | BlClickEvent,"[1, 0, 0, 0, 0, 0]"
50,BlClickEvent,mouse up,0,mouse up | BlClickEvent,"[1, 0, 0, 0, 0, 0]"
52,BlCompulsoryCombinationTest,this class contains tests,0,this class contains tests | BlCompulsoryCombinationTest,"[0, 0, 1, 0, 0, 0]"
58,BlDecelerateInterpolator,setting factor to 10f produces an upside down y x^2 parabola.,0,setting factor to 10f produces an upside down y x^2 parabola. | BlDecelerateInterpolator,"[1, 0, 0, 0, 0, 0]"
60,BlDecelerateInterpolator,my formula is,0,my formula is | BlDecelerateInterpolator,"[1, 0, 0, 0, 0, 0]"
68,BlDevScripterClickStep,here you can see how to configure a fire and check a click event on a child element,0,here you can see how to configure a fire and check a click event on a child element | BlDevScripterClickStep,"[0, 1, 0, 0, 0, 0]"
69,BlDragDelegate,drag delegate provides drag items when a visual element lifts.,0,drag delegate provides drag items when a visual element lifts. | BlDragDelegate,"[0, 0, 1, 0, 0, 0]"
70,BlDragDelegate,drag gesture fails if there are no drag items,0,drag gesture fails if there are no drag items | BlDragDelegate,"[0, 0, 1, 0, 0, 0]"
71,BlElementBoundsExamples,i contain examples of element bounds api,0,i contain examples of element bounds api | BlElementBoundsExamples,"[0, 0, 1, 0, 0, 0]"
74,BlElementDynamicTransformation,i am dynamic element transformation in the sense that my transformation matrix may actually depend on some element properties such as #extent or #position.,0,i am dynamic element transformation in the sense that my transformation matrix may actually depend on some element properties such as #extent or #position. | BlElementDynamicTransformation,"[0, 0, 1, 1, 0, 0]"
75,BlElementDynamicTransformation,it means that matrix computation is performed only when requested taking owner element into account.,0,it means that matrix computation is performed only when requested taking owner element into account. | BlElementDynamicTransformation,"[1, 0, 0, 0, 0, 0]"
76,BlElementEffect,i am the abstract root class for effects.,0,i am the abstract root class for effects. | BlElementEffect,"[0, 0, 0, 1, 0, 0]"
77,BlElementEffect,i define the default drawing strategy before & after .,0,i define the default drawing strategy before & after . | BlElementEffect,"[0, 0, 1, 0, 0, 0]"
78,BlElementEffect,i can influence the bounds of my owner used to clip my owner .,0,i can influence the bounds of my owner used to clip my owner . | BlElementEffect,"[0, 0, 1, 0, 0, 0]"
80,BlElementPositionChangeTest,i contain examples of position change logging functionality,0,i contain examples of position change logging functionality | BlElementPositionChangeTest,"[0, 0, 1, 0, 0, 0]"
81,BlElementRemovedEvent,is sent by an element after it is removed from the parent.,0,is sent by an element after it is removed from the parent. | BlElementRemovedEvent,"[0, 0, 0, 0, 0, 1]"
85,BlElementRemovedEvent,child when blelementremovedevent do self inform removed from parent .,0,child when blelementremovedevent do self inform removed from parent . | BlElementRemovedEvent,"[0, 1, 0, 0, 0, 0]"
86,BlElementRemovedEvent,parent blelement new.,0,parent blelement new. | BlElementRemovedEvent,"[0, 1, 0, 0, 0, 0]"
87,BlElementRemovedEvent,parent addchild child.,0,parent addchild child. | BlElementRemovedEvent,"[0, 1, 0, 0, 0, 0]"
90,BlExampleCustomEventTarget,i am an example of a custom non element event target that can be nicely integrated in bloc infrastructure,0,i am an example of a custom non element event target that can be nicely integrated in bloc infrastructure | BlExampleCustomEventTarget,"[0, 0, 1, 1, 0, 0]"
91,BlExampleElementWithBrokenOnLayout,i am an element with a broken onlayout method that throws error subscriptoutofbounds,0,i am an element with a broken onlayout method that throws error subscriptoutofbounds | BlExampleElementWithBrokenOnLayout,"[0, 0, 1, 1, 0, 0]"
92,BlExperimentalExamples,i contain experimental examples that only work in manually prepared laboratory environments.,0,i contain experimental examples that only work in manually prepared laboratory environments. | BlExperimentalExamples,"[0, 0, 1, 0, 0, 0]"
94,BlFocusExamples,1 inspect run example,0,1 inspect run example | BlFocusExamples,"[0, 1, 0, 0, 0, 0]"
95,BlFocusExamples,2 click one any cell to give it a focus blue border should appear,0,2 click one any cell to give it a focus blue border should appear | BlFocusExamples,"[0, 1, 0, 0, 0, 0]"
97,BlGeometry,the geometry is used to define the geometry to be drawn and the interaction area.,0,the geometry is used to define the geometry to be drawn and the interaction area. | BlGeometry,"[0, 0, 1, 0, 0, 1]"
98,BlGeometryAnchorListener,i am an event listener that listens anchor moved event send by anchor,0,i am an event listener that listens anchor moved event send by anchor | BlGeometryAnchorListener,"[0, 0, 1, 1, 0, 1]"
99,BlGeometryAnchorMoved,i am sent when anchor s position changed,0,i am sent when anchor s position changed | BlGeometryAnchorMoved,"[0, 0, 1, 0, 0, 0]"
100,BlGeometryElement,i am a root class of geometry elements elements driven by geometry anchors.,0,i am a root class of geometry elements elements driven by geometry anchors. | BlGeometryElement,"[0, 0, 1, 1, 0, 0]"
103,BlGridLayout,a grid consists of cells that are separated by invisible lines.,0,a grid consists of cells that are separated by invisible lines. | BlGridLayout,"[1, 0, 0, 0, 0, 0]"
105,BlGridLayout,"indices lie in closed interval 1, n 1 .",0,"indices lie in closed interval 1, n 1 . | BlGridLayout","[1, 0, 0, 0, 0, 0]"
106,BlGridLayout,"grid layout supports fitcontent, matchparent and exact resizing mode of the owner.",0,"grid layout supports fitcontent, matchparent and exact resizing mode of the owner. | BlGridLayout","[1, 0, 0, 0, 0, 0]"
107,BlGridLayout,children are allowed to have fitcontent and exact resizing modes.,0,children are allowed to have fitcontent and exact resizing modes. | BlGridLayout,"[1, 0, 0, 0, 0, 0]"
108,BlGridLayout,because child s matchparent does not make sense in case of grid users should use #fill to declare that child should take all available cell s space.,0,because child s matchparent does not make sense in case of grid users should use #fill to declare that child should take all available cell s space. | BlGridLayout,"[1, 0, 0, 0, 0, 0]"
110,BlGridLayout,user can specify amount of columns or rows by sending columncount or rowcount to an instance of grid layout.,0,user can specify amount of columns or rows by sending columncount or rowcount to an instance of grid layout. | BlGridLayout,"[1, 0, 0, 0, 0, 0]"
112,BlGridLayout,public api and key messages,0,public api and key messages | BlGridLayout,"[0, 0, 0, 0, 1, 0]"
116,BlGridLayout,"alignmargins bounds of each element are extended outwards, according to their margins, before the edges of the resulting rectangle are aligned.",0,"alignmargins bounds of each element are extended outwards, according to their margins, before the edges of the resulting rectangle are aligned. | BlGridLayout","[0, 0, 0, 0, 1, 0]"
118,BlGridLayout,internal representation and key implementation points.,0,internal representation and key implementation points. | BlGridLayout,"[1, 0, 0, 0, 0, 0]"
127,BlHandlerRegistry,registry,0,registry | BlHandlerRegistry,"[0, 1, 0, 0, 0, 0]"
128,BlHeadlessHost,i am a fallback host that is chosen if there are no other available and supported hosts.,0,i am a fallback host that is chosen if there are no other available and supported hosts. | BlHeadlessHost,"[0, 0, 1, 1, 0, 0]"
129,BlHostPulseLoop,i am the bloc main loop.,0,i am the bloc main loop. | BlHostPulseLoop,"[0, 0, 0, 1, 0, 0]"
132,BlHostPulseLoop,this may be delayed if there are background processes wanting to run to ensure that background calculation of ui elements can complete .,0,this may be delayed if there are background processes wanting to run to ensure that background calculation of ui elements can complete . | BlHostPulseLoop,"[1, 0, 0, 0, 0, 0]"
134,BlInfiniteDataSourceCommandType,i am a type of data source update command.,0,i am a type of data source update command. | BlInfiniteDataSourceCommandType,"[0, 0, 0, 1, 0, 0]"
135,BlInfiniteDataSourceCommandType,i suppose to be stateless and therefore immutable.,0,i suppose to be stateless and therefore immutable. | BlInfiniteDataSourceCommandType,"[1, 0, 0, 0, 0, 0]"
139,BlInfiniteDataSourceItemRangeMoved,sent by,0,sent by | BlInfiniteDataSourceItemRangeMoved,"[0, 0, 0, 0, 0, 1]"
144,BlInfiniteDataSourceItemRangeMoved,"do event self inform item was moved from , event from asstring, to , event to asstring",0,"do event self inform item was moved from , event from asstring, to , event to asstring | BlInfiniteDataSourceItemRangeMoved","[0, 1, 0, 0, 0, 0]"
145,BlInfiniteExampleClassesDataSource,i am a data source of the collection of all classes in the image,0,i am a data source of the collection of all classes in the image | BlInfiniteExampleClassesDataSource,"[0, 0, 0, 1, 0, 1]"
146,BlInfiniteItemAnimationsFinished,"i can be used, for example, to delay an action in a data set until currently running animations are complete.",0,"i can be used, for example, to delay an action in a data set until currently running animations are complete. | BlInfiniteItemAnimationsFinished","[0, 0, 1, 0, 0, 0]"
156,BlLayout,i am attached to a bloc element and define the visual structure of that bloc element.,0,i am attached to a bloc element and define the visual structure of that bloc element. | BlLayout,"[0, 0, 1, 0, 0, 1]"
158,BlLayout,layout constraints,0,layout constraints | BlLayout,"[1, 0, 0, 0, 0, 0]"
159,BlLayout,i support a set of attributes refered to as constraints in bloc which define the visual properties of the layout.,0,i support a set of attributes refered to as constraints in bloc which define the visual properties of the layout. | BlLayout,"[1, 0, 0, 0, 0, 0]"
161,BlLayout,"each layout has a dedicated constraint objects, instance of class bllayoutcommonconstraints , that contain these common constraints.",0,"each layout has a dedicated constraint objects, instance of class bllayoutcommonconstraints , that contain these common constraints. | BlLayout","[1, 0, 0, 0, 0, 0]"
162,BlLayout,each type of layout can further define its own specific constraints by creating a subclass of class bllayoutconstraints .,0,each type of layout can further define its own specific constraints by creating a subclass of class bllayoutconstraints . | BlLayout,"[1, 0, 0, 0, 0, 0]"
163,BlLayout,layout phase in a frame,0,layout phase in a frame | BlLayout,"[1, 0, 0, 0, 0, 0]"
164,BlLayout,layouting of elements is a phase executed by a space during every frame.,0,layouting of elements is a phase executed by a space during every frame. | BlLayout,"[1, 0, 0, 0, 0, 0]"
165,BlLayout,"every frame, the space goes through several phases method blspaceframe #initializephases .",0,"every frame, the space goes through several phases method blspaceframe #initializephases . | BlLayout","[1, 0, 0, 0, 0, 0]"
166,BlLayout,phases are modeled as subclasses of class blspaceframephase and are executed once per frame.,0,phases are modeled as subclasses of class blspaceframephase and are executed once per frame. | BlLayout,"[1, 0, 0, 0, 0, 0]"
167,BlLayout,"one of them, class blspaceframelayoutphase , consists in layouting the elements contained in the space.",0,"one of them, class blspaceframelayoutphase , consists in layouting the elements contained in the space. | BlLayout","[1, 0, 0, 0, 0, 0]"
168,BlLayout,"this is done after events and tasks have been executed, but before the drawing phase.",0,"this is done after events and tasks have been executed, but before the drawing phase. | BlLayout","[1, 0, 0, 0, 0, 0]"
169,BlLayout,"layouting should to be executed during a frame when various properties like, width, height or position change in any element contained by the space.",0,"layouting should to be executed during a frame when various properties like, width, height or position change in any element contained by the space. | BlLayout","[1, 0, 0, 0, 0, 0]"
170,BlLayout,"however, an important aspect in bloc, is that when one of these properties changes, layouting is not performed immediately.",0,"however, an important aspect in bloc, is that when one of these properties changes, layouting is not performed immediately. | BlLayout","[1, 0, 0, 0, 0, 0]"
171,BlLayout,"instead, a layout request is issued by the element whose property changed using the message method blelement #requestlayout .",0,"instead, a layout request is issued by the element whose property changed using the message method blelement #requestlayout . | BlLayout","[1, 0, 0, 0, 0, 0]"
172,BlLayout,"this has the advantage that if no element request layout, this phase can be skipped.",0,"this has the advantage that if no element request layout, this phase can be skipped. | BlLayout","[1, 0, 0, 0, 0, 0]"
174,BlLayout,"hence, in bloc layout is not executed immediately after a property like the width of an element changes.",0,"hence, in bloc layout is not executed immediately after a property like the width of an element changes. | BlLayout","[1, 0, 0, 1, 0, 0]"
177,BlLayout,"that can be done using the messafe method blelement #forcelayout this should not be used outside of tests, as it bypasses the normal layouting system from bloc.",0,"that can be done using the messafe method blelement #forcelayout this should not be used outside of tests, as it bypasses the normal layouting system from bloc. | BlLayout","[1, 0, 0, 0, 0, 0]"
178,BlLayout,"however, often elements need to reach and perform actions, when for example their position or extent changes.",0,"however, often elements need to reach and perform actions, when for example their position or extent changes. | BlLayout","[1, 0, 0, 0, 0, 0]"
179,BlLayout,they can react by requesting another layout.,0,they can react by requesting another layout. | BlLayout,"[1, 0, 0, 0, 0, 0]"
180,BlLayout,a tipical example is deadling with edges.,0,a tipical example is deadling with edges. | BlLayout,"[1, 0, 0, 0, 0, 0]"
181,BlLayout,an edge can be layouted only after the position of the elements that it connects is known.,0,an edge can be layouted only after the position of the elements that it connects is known. | BlLayout,"[1, 0, 0, 0, 0, 0]"
183,BlLayout,"the space only allows layout requests during the layouting phase a limited number of times method blspace #computelayout to avoid blocking rendering due to infinite recursions caused by layout requests, or void spending too much time on layouts in a frame.",0,"the space only allows layout requests during the layouting phase a limited number of times method blspace #computelayout to avoid blocking rendering due to infinite recursions caused by layout requests, or void spending too much time on layouts in a frame. | BlLayout","[1, 0, 0, 0, 0, 0]"
185,BlLayout,performing a layout,0,performing a layout | BlLayout,"[1, 0, 0, 0, 0, 0]"
187,BlLayout,performing the layout on an element consists in executing three main steps,0,performing the layout on an element consists in executing three main steps | BlLayout,"[1, 0, 0, 0, 0, 0]"
189,BlLayout,this is the first step when performing a layout on an element and consists in determening the measured bounds of that element.,0,this is the first step when performing a layout on an element and consists in determening the measured bounds of that element. | BlLayout,"[1, 0, 0, 0, 0, 0]"
191,BlLayout,by default class blelement delegates the measuring to its layout.,0,by default class blelement delegates the measuring to its layout. | BlLayout,"[1, 0, 0, 0, 0, 0]"
192,BlLayout,layouts should override method bllayout #measure with to implement the actual measuring.,0,layouts should override method bllayout #measure with to implement the actual measuring. | BlLayout,"[1, 0, 0, 0, 0, 0]"
193,BlLayout,normally layouts follow a top to bottom approach they measure the current element and then asks its children to do the measuring.,0,normally layouts follow a top to bottom approach they measure the current element and then asks its children to do the measuring. | BlLayout,"[1, 0, 0, 0, 0, 0]"
194,BlLayout,each element has real bounds blelement #bounds and measured bounds blelement #measuredbounds .,0,each element has real bounds blelement #bounds and measured bounds blelement #measuredbounds . | BlLayout,"[1, 0, 0, 0, 0, 0]"
195,BlLayout,the real bounds contain the actual position and extent of an element that users of that element should rely on.,0,the real bounds contain the actual position and extent of an element that users of that element should rely on. | BlLayout,"[1, 0, 0, 0, 0, 0]"
196,BlLayout,the measured bounds are used during layouting to hold the new extent of an element.,0,the measured bounds are used during layouting to hold the new extent of an element. | BlLayout,"[1, 0, 0, 0, 0, 0]"
197,BlLayout,the measuring phase changes only the extent in the measured bounds.,0,the measuring phase changes only the extent in the measured bounds. | BlLayout,"[1, 0, 0, 0, 0, 0]"
199,BlLayout,the measured bounds act like a temporary cache for the new bounds of an element.,0,the measured bounds act like a temporary cache for the new bounds of an element. | BlLayout,"[1, 0, 0, 0, 0, 0]"
200,BlLayout,they were introduced to avoid changing the real extent of element while layouting of children is still being performed.,0,they were introduced to avoid changing the real extent of element while layouting of children is still being performed. | BlLayout,"[1, 0, 0, 0, 0, 0]"
202,BlLayout,applying the layout,0,applying the layout | BlLayout,"[1, 0, 0, 0, 0, 0]"
205,BlLayout,"space starts the measurement process from the root element after measurement it tell children to measure themselves, etc",0,"space starts the measurement process from the root element after measurement it tell children to measure themselves, etc | BlLayout","[1, 0, 0, 0, 0, 0]"
206,BlLayout,measurement top to bottom though all the composition of elements.,0,measurement top to bottom though all the composition of elements. | BlLayout,"[1, 0, 0, 0, 0, 0]"
207,BlLayout,this step find the size of an element and sets measuredextent or position sometimes,0,this step find the size of an element and sets measuredextent or position sometimes | BlLayout,"[1, 0, 0, 0, 0, 0]"
208,BlLayout,space starts the layout step,0,space starts the layout step | BlLayout,"[1, 0, 0, 0, 0, 0]"
209,BlLayout,as we know the size of each child we compute the actual position for each child,0,as we know the size of each child we compute the actual position for each child | BlLayout,"[1, 0, 0, 0, 0, 0]"
211,BlLayout,elements announce events for position and extent changed,0,elements announce events for position and extent changed | BlLayout,"[1, 0, 0, 0, 0, 0]"
212,BlLayout,without event handlers the layout process is going to happen only once.,0,without event handlers the layout process is going to happen only once. | BlLayout,"[1, 0, 0, 0, 0, 0]"
213,BlLayout,for example when nodes change the position edges should be updated.,0,for example when nodes change the position edges should be updated. | BlLayout,"[1, 0, 0, 0, 0, 0]"
214,BlLayout,layout events,0,layout events | BlLayout,"[1, 0, 0, 0, 0, 0]"
217,BlLayout,i define an api of a layout.,0,i define an api of a layout. | BlLayout,"[1, 0, 0, 0, 1, 0]"
218,BlLayout,concrete implementations should focus on measure with and layout in,0,concrete implementations should focus on measure with and layout in | BlLayout,"[1, 0, 0, 0, 1, 0]"
219,BlLocalImageCacheTest,this class contains tests,0,this class contains tests | BlLocalImageCacheTest,"[0, 0, 1, 0, 0, 0]"
221,BlMatrix2D,my components are named according to mathematical convention,0,my components are named according to mathematical convention | BlMatrix2D,"[1, 0, 0, 0, 0, 0]"
223,BlMatrix2D,a21 a22 shx sy,0,a21 a22 shx sy | BlMatrix2D,"[1, 0, 0, 0, 0, 0]"
226,BlMatrixDecomposition,for example in case of 2d matrix they are,0,for example in case of 2d matrix they are | BlMatrixDecomposition,"[1, 0, 0, 0, 0, 0]"
230,BlMatrixDecomposition,top left 2x2 minor of original matrix,0,top left 2x2 minor of original matrix | BlMatrixDecomposition,"[1, 0, 0, 0, 0, 0]"
237,BlMatrixTransformation,i am an affine transformation that is directly defined by transformation matrix,0,i am an affine transformation that is directly defined by transformation matrix | BlMatrixTransformation,"[0, 0, 0, 1, 0, 0]"
238,BlMeasurementUnspecifiedMode,i represent a concrete implementation of unspecified measurement mode.,0,i represent a concrete implementation of unspecified measurement mode. | BlMeasurementUnspecifiedMode,"[0, 0, 0, 1, 0, 0]"
240,BlMorphicHostSpace,i am a host space created by blmorphichost.,0,i am a host space created by blmorphichost. | BlMorphicHostSpace,"[0, 0, 0, 1, 0, 0]"
247,BlMouseMiddleButton,i am a middle mouse button.,0,i am a middle mouse button. | BlMouseMiddleButton,"[0, 0, 0, 1, 0, 0]"
249,BlMouseMoveEvent,the mouse move event is fired when a pointing device usually a mouse is moved while over an element.,0,the mouse move event is fired when a pointing device usually a mouse is moved while over an element. | BlMouseMoveEvent,"[0, 0, 0, 0, 0, 1]"
250,BlMouseProcessor,i am an event processor.,0,i am an event processor. | BlMouseProcessor,"[0, 0, 0, 1, 0, 0]"
255,BlPerpendicularFractionAnchor,i am a virtual anchor that lays on a perpendicular to a line between two reference anchors.,0,i am a virtual anchor that lays on a perpendicular to a line between two reference anchors. | BlPerpendicularFractionAnchor,"[0, 0, 1, 1, 0, 0]"
256,BlPerpendicularFractionAnchor,the curvature distance from the line connecting reference anchors is defined as a fraction curvaturefraction of a length between anchors.,0,the curvature distance from the line connecting reference anchors is defined as a fraction curvaturefraction of a length between anchors. | BlPerpendicularFractionAnchor,"[1, 0, 0, 0, 0, 0]"
259,BlPolygon,10@50.,0,10@50. | BlPolygon,"[0, 1, 0, 0, 0, 0]"
263,BlPolygon,80@140,0,80@140 | BlPolygon,"[0, 1, 0, 0, 0, 0]"
265,BlRectangleShapeWithArrowExplanation,"the goal of this tutorial is to create an element with an arrow like pointer in the middle of the top edge, as shown below",0,"the goal of this tutorial is to create an element with an arrow like pointer in the middle of the top edge, as shown below | BlRectangleShapeWithArrowExplanation","[0, 1, 0, 0, 0, 0]"
269,BlRectangleShapeWithArrowExplanation,"even more compex would be to implement the support for positioning the arrow on different edges eg left, bottom or an ability to have multiple arrows on separate edges.",0,"even more compex would be to implement the support for positioning the arrow on different edges eg left, bottom or an ability to have multiple arrows on separate edges. | BlRectangleShapeWithArrowExplanation","[0, 1, 0, 0, 0, 0]"
272,BlRectangleShapeWithArrowExplanation,creating a rectangle shape,0,creating a rectangle shape | BlRectangleShapeWithArrowExplanation,"[0, 1, 0, 0, 0, 0]"
276,BlRectangleShapeWithArrowExplanation,in order to give the arrow pointing up enough space we should move the top edge of the rectangle down by the length of the arrow.,0,in order to give the arrow pointing up enough space we should move the top edge of the rectangle down by the length of the arrow. | BlRectangleShapeWithArrowExplanation,"[0, 1, 0, 0, 0, 0]"
281,BlRectangleShapeWithArrowExplanation,injecting a line inside of the top edge,0,injecting a line inside of the top edge | BlRectangleShapeWithArrowExplanation,"[0, 1, 0, 0, 0, 0]"
283,BlRectangleShapeWithArrowExplanation,it can be done by sending method bllineshape #injectlineat length to the topedge .,0,it can be done by sending method bllineshape #injectlineat length to the topedge . | BlRectangleShapeWithArrowExplanation,"[0, 1, 0, 0, 0, 0]"
285,BlRectangleShapeWithArrowExplanation,example blrectangleshapewitharrowexplanation #rectanglewithtopinjectedline previewshow #gtlivefor previewexpanded true previewheight 250,0,example blrectangleshapewitharrowexplanation #rectanglewithtopinjectedline previewshow #gtlivefor previewexpanded true previewheight 250 | BlRectangleShapeWithArrowExplanation,"[0, 1, 0, 0, 0, 0]"
287,BlRectangleShapeWithArrowExplanation,we are almost ready to create a rectangular arrow.,0,we are almost ready to create a rectangular arrow. | BlRectangleShapeWithArrowExplanation,"[0, 1, 0, 0, 0, 0]"
289,BlRectangleShapeWithArrowExplanation,we can do so by sending a method bllineshape #splitat to the now middle section of the topedge which was created by the previous line injection step,0,we can do so by sending a method bllineshape #splitat to the now middle section of the topedge which was created by the previous line injection step | BlRectangleShapeWithArrowExplanation,"[0, 1, 0, 0, 0, 0]"
290,BlRectangleShapeWithArrowExplanation,example blrectangleshapewitharrowexplanation #rectanglewithtoppolylinesplitinhalf previewshow #gtlivefor previewexpanded true previewheight 250,0,example blrectangleshapewitharrowexplanation #rectanglewithtoppolylinesplitinhalf previewshow #gtlivefor previewexpanded true previewheight 250 | BlRectangleShapeWithArrowExplanation,"[0, 1, 0, 0, 0, 0]"
291,BlRectangleShapeWithArrowExplanation,moving the top of the triangle,0,moving the top of the triangle | BlRectangleShapeWithArrowExplanation,"[0, 1, 0, 0, 0, 0]"
295,BlRectangleShapeWithArrowExplanation,example blrectangleshapewitharrowexplanation #rectanglewithtoparrow previewshow #gtlivefor previewexpanded true previewheight 250,0,example blrectangleshapewitharrowexplanation #rectanglewithtoparrow previewshow #gtlivefor previewexpanded true previewheight 250 | BlRectangleShapeWithArrowExplanation,"[0, 1, 0, 0, 0, 0]"
296,BlScalableFitHeightStrategy,i make sure that content element fits vertically within scalable element.,0,i make sure that content element fits vertically within scalable element. | BlScalableFitHeightStrategy,"[0, 0, 1, 0, 0, 0]"
297,BlScalableFitWidthStrategy,i make sure that content element fits horizontally within scalable element.,0,i make sure that content element fits horizontally within scalable element. | BlScalableFitWidthStrategy,"[0, 0, 1, 0, 0, 0]"
299,BlSpaceEventExamples,i contain examples of space related events,0,i contain examples of space related events | BlSpaceEventExamples,"[0, 0, 1, 0, 0, 0]"
300,BlSpaceFramePhase,i represent a frame phase.,0,i represent a frame phase. | BlSpaceFramePhase,"[0, 0, 0, 1, 0, 0]"
301,BlSpaceFramePhase,each phase knows about its start time and send a corresponding event once the phase is completed.,0,each phase knows about its start time and send a corresponding event once the phase is completed. | BlSpaceFramePhase,"[0, 0, 1, 0, 0, 0]"
302,BlSpartaMozSkiaCanvasBuilder,i am a copy of class blspartamozcanvasbuilder.,0,i am a copy of class blspartamozcanvasbuilder. | BlSpartaMozSkiaCanvasBuilder,"[0, 0, 0, 1, 0, 0]"
304,BlTextBackgroundAttribute,i represent a text background attribute.,0,i represent a text background attribute. | BlTextBackgroundAttribute,"[0, 0, 0, 1, 0, 0]"
305,BlTextBackgroundAttribute,i am used together with brtext and brtextstyler to style text.,0,i am used together with brtext and brtextstyler to style text. | BlTextBackgroundAttribute,"[0, 0, 1, 0, 0, 1]"
306,BlTextBackgroundAttribute,public api and key messages,0,public api and key messages | BlTextBackgroundAttribute,"[0, 0, 0, 0, 1, 0]"
307,BlTextBackgroundAttribute,paint set background paint,0,paint set background paint | BlTextBackgroundAttribute,"[0, 0, 0, 0, 1, 0]"
310,BlTextElementMeasurementStrategyExamples,text measurement strategies,0,text measurement strategies | BlTextElementMeasurementStrategyExamples,"[0, 1, 0, 0, 0, 0]"
311,BlTextElementMeasurementStrategyExamples,"class bltextelement provides different text measurement strategies, each suitable for a specific use case.",0,"class bltextelement provides different text measurement strategies, each suitable for a specific use case. | BlTextElementMeasurementStrategyExamples","[0, 0, 0, 0, 0, 1]"
312,BlTextElementMeasurementStrategyExamples,"there is no perfect strategy, therefore understanding the differences between them is an important step in learning how to work with text in bloc.",0,"there is no perfect strategy, therefore understanding the differences between them is an important step in learning how to work with text in bloc. | BlTextElementMeasurementStrategyExamples","[0, 1, 0, 0, 0, 1]"
313,BlTextElementMeasurementStrategyExamples,label measurement,0,label measurement | BlTextElementMeasurementStrategyExamples,"[0, 1, 0, 0, 0, 0]"
315,BlTextElementMeasurementStrategyExamples,it means that the height of the text is independent from the content.,0,it means that the height of the text is independent from the content. | BlTextElementMeasurementStrategyExamples,"[0, 1, 0, 0, 0, 0]"
316,BlTextElementMeasurementStrategyExamples,the width is given by the exact bounds of the element s text.,0,the width is given by the exact bounds of the element s text. | BlTextElementMeasurementStrategyExamples,"[0, 1, 0, 0, 0, 0]"
317,BlTextElementMeasurementStrategyExamples,"please note, that since the width is precise and depends on the content, whitespace is not taken into account when computing the width of the text element.",0,"please note, that since the width is precise and depends on the content, whitespace is not taken into account when computing the width of the text element. | BlTextElementMeasurementStrategyExamples","[0, 1, 0, 0, 0, 0]"
319,BlTextElementMeasurementStrategyExamples,editor measurement,0,editor measurement | BlTextElementMeasurementStrategyExamples,"[0, 1, 0, 0, 0, 0]"
322,BlTextElementMeasurementStrategyExamples,method bltextelement #editormeasurement,0,method bltextelement #editormeasurement | BlTextElementMeasurementStrategyExamples,"[0, 1, 0, 0, 0, 0]"
323,BlTextElementMeasurementStrategyExamples,example bltextelementmeasurementstrategyexamples #textelementwitheditormeasurement nocode previewshow #gtlivefor previewheight 100,0,example bltextelementmeasurementstrategyexamples #textelementwitheditormeasurement nocode previewshow #gtlivefor previewheight 100 | BlTextElementMeasurementStrategyExamples,"[0, 1, 0, 0, 0, 0]"
324,BlTextElementMeasurementStrategyExamples,precise measurement,0,precise measurement | BlTextElementMeasurementStrategyExamples,"[0, 1, 0, 0, 0, 0]"
326,BlTextElementMeasurementStrategyExamples,method bltextelement #tightmeasurement does exactly that and clips off any white space surrounding the text.,0,method bltextelement #tightmeasurement does exactly that and clips off any white space surrounding the text. | BlTextElementMeasurementStrategyExamples,"[0, 1, 0, 0, 0, 0]"
327,BlTextElementMeasurementStrategyExamples,"it may be useful for displaying a short piece of a text, usually a word centered within a larger element.",0,"it may be useful for displaying a short piece of a text, usually a word centered within a larger element. | BlTextElementMeasurementStrategyExamples","[0, 1, 0, 0, 0, 0]"
328,BlTextElementMeasurementStrategyExamples,example bltextelementmeasurementstrategyexamples #textelementwithtightmeasurement nocode previewshow #gtlivefor previewheight 75,0,example bltextelementmeasurementstrategyexamples #textelementwithtightmeasurement nocode previewshow #gtlivefor previewheight 75 | BlTextElementMeasurementStrategyExamples,"[0, 1, 0, 0, 0, 0]"
329,BlTextElementMeasurementStrategyExamples,conslusion,0,conslusion | BlTextElementMeasurementStrategyExamples,"[0, 1, 0, 0, 0, 0]"
341,BrExampleColoredElementStencil,i am an example of a custom stencil that creates a rounded rectangular element with cusomizable background color and corner radius,0,i am an example of a custom stencil that creates a rounded rectangular element with cusomizable background color and corner radius | BrExampleColoredElementStencil,"[0, 0, 1, 1, 1, 0]"
344,BrExamplesShowroom,in the example below we show all existing button styles,0,in the example below we show all existing button styles | BrExamplesShowroom,"[0, 1, 0, 0, 0, 0]"
345,BrExamplesShowroom,"the following glamorous button reacts to various ui interaction events and changes its style according the state pressed, hovered",0,"the following glamorous button reacts to various ui interaction events and changes its style according the state pressed, hovered | BrExamplesShowroom","[0, 1, 0, 0, 0, 0]"
346,BrExamplesShowroom,example brexamplesshowroom #glamorousbutton,0,example brexamplesshowroom #glamorousbutton | BrExamplesShowroom,"[0, 1, 0, 0, 0, 0]"
347,BrExamplesShowroom,button can also be disabled to prevent click events,0,button can also be disabled to prevent click events | BrExamplesShowroom,"[0, 1, 0, 0, 0, 0]"
348,BrExamplesShowroom,example brexamplesshowroom #glamorousdisabledbutton,0,example brexamplesshowroom #glamorousdisabledbutton | BrExamplesShowroom,"[0, 1, 0, 0, 0, 0]"
349,BrExamplesShowroom,toggles,0,toggles | BrExamplesShowroom,"[0, 1, 0, 0, 0, 0]"
350,BrExamplesShowroom,labelled toggle,0,labelled toggle | BrExamplesShowroom,"[0, 1, 0, 0, 0, 0]"
352,BrExamplesShowroom,example brexamplesshowroom #materiallabeltoggle,0,example brexamplesshowroom #materiallabeltoggle | BrExamplesShowroom,"[0, 1, 0, 0, 0, 0]"
355,BrExamplesShowroom,we can compose label and icon looks to create a toggle button with both label and the icon.,0,we can compose label and icon looks to create a toggle button with both label and the icon. | BrExamplesShowroom,"[0, 1, 0, 0, 0, 0]"
356,BrExamplesShowroom,note that the order of looks defines the visual order of the label and icon,0,note that the order of looks defines the visual order of the label and icon | BrExamplesShowroom,"[0, 1, 0, 0, 0, 0]"
357,BrExamplesShowroom,example brexamplesshowroom #materialtoggle,0,example brexamplesshowroom #materialtoggle | BrExamplesShowroom,"[0, 1, 0, 0, 0, 0]"
358,BrExamplesShowroom,thus being said by swapping the label and icon look we can move the icon to the right from the label,0,thus being said by swapping the label and icon look we can move the icon to the right from the label | BrExamplesShowroom,"[0, 1, 0, 0, 0, 0]"
359,BrExamplesShowroom,example brexamplesshowroom #materialreversedtoggle,0,example brexamplesshowroom #materialreversedtoggle | BrExamplesShowroom,"[0, 1, 0, 0, 0, 0]"
360,BrExamplesShowroom,accordion,0,accordion | BrExamplesShowroom,"[0, 1, 0, 0, 0, 0]"
361,BrExamplesShowroom,tabs,0,tabs | BrExamplesShowroom,"[0, 1, 0, 0, 0, 0]"
362,BrExamplesShowroom,the content of each tab is defined with the help of a stencil.,0,the content of each tab is defined with the help of a stencil. | BrExamplesShowroom,"[0, 1, 0, 0, 0, 0]"
363,BrExamplesShowroom,toolbar,0,toolbar | BrExamplesShowroom,"[0, 1, 0, 0, 0, 0]"
365,BrExamplesShowroom,example brexamplesshowroom #glamoroustoolbar,0,example brexamplesshowroom #glamoroustoolbar | BrExamplesShowroom,"[0, 1, 0, 0, 0, 0]"
367,BrExamplesShowroom,list,0,list | BrExamplesShowroom,"[0, 1, 0, 0, 0, 0]"
369,BrGlamorousIcons,you can import new icons using method name brglamorousicons class #importiconsfromdirectory using the script below.,0,you can import new icons using method name brglamorousicons class #importiconsfromdirectory using the script below. | BrGlamorousIcons,"[1, 0, 1, 0, 0, 0]"
370,BrGlamorousIcons,it imports all png files and creates class methods with the same name.,0,it imports all png files and creates class methods with the same name. | BrGlamorousIcons,"[0, 1, 1, 0, 0, 0]"
371,BrGlamorousIcons,brglamorousicons importiconsfromdirectory .,0,brglamorousicons importiconsfromdirectory . | BrGlamorousIcons,"[0, 1, 0, 0, 0, 0]"
372,BrGlamorousIcons,gt icons asfilereference,0,gt icons asfilereference | BrGlamorousIcons,"[0, 1, 0, 0, 0, 0]"
377,BrLook,i define how widgets look.,0,i define how widgets look. | BrLook,"[0, 0, 1, 0, 0, 0]"
384,BrSelectionRequest,i am sent by a look to request selection update from the view model,0,i am sent by a look to request selection update from the view model | BrSelectionRequest,"[0, 0, 1, 0, 0, 0]"
386,BrTextEditor,the moldable editor,0,the moldable editor | BrTextEditor,"[0, 0, 0, 1, 0, 0]"
389,BrTextEditorCursorElementRemovedEvent,i am sent by the text editor element when an element playing a role of the cursor is removed from the editor,0,i am sent by the text editor element when an element playing a role of the cursor is removed from the editor | BrTextEditorCursorElementRemovedEvent,"[0, 0, 1, 1, 0, 0]"
391,BrTextEditorExamples,show gtprintin,0,show gtprintin | BrTextEditorExamples,"[0, 1, 0, 0, 0, 0]"
392,BrTextEditorExamples,10 factorial,0,10 factorial | BrTextEditorExamples,"[0, 1, 0, 0, 0, 0]"
394,BrTextEditorExamples,example brtexteditorexamples #newtext,0,example brtexteditorexamples #newtext | BrTextEditorExamples,"[0, 1, 0, 0, 0, 0]"
395,BrTextEditorExamples,"next, we build the editor",0,"next, we build the editor | BrTextEditorExamples","[0, 1, 0, 0, 0, 0]"
396,BrTextEditorExamples,example brtexteditorexamples #neweditor,0,example brtexteditorexamples #neweditor | BrTextEditorExamples,"[0, 1, 0, 0, 0, 0]"
397,BrTextEditorExamples,"then, we attach text to the enditor.",0,"then, we attach text to the enditor. | BrTextEditorExamples","[0, 1, 0, 0, 0, 0]"
398,BrTextEditorExamples,example brtexteditorexamples #editor text,0,example brtexteditorexamples #editor text | BrTextEditorExamples,"[0, 1, 0, 0, 0, 0]"
399,BrTextEditorExamples,"next, we create an editor element.",0,"next, we create an editor element. | BrTextEditorExamples","[0, 1, 0, 0, 0, 0]"
401,BrTextEditorExamples,"and finally, build everything together",0,"and finally, build everything together | BrTextEditorExamples","[0, 1, 0, 0, 0, 0]"
402,BrTextEditorExamples,example brtexteditorexamples #element editortext show gtlivein,0,example brtexteditorexamples #element editortext show gtlivein | BrTextEditorExamples,"[0, 1, 0, 0, 0, 0]"
403,BrTextEditorExamples,done,0,done | BrTextEditorExamples,"[0, 1, 0, 0, 0, 0]"
404,BrTextEditorLetterInputFilter,i only allow letters,0,i only allow letters | BrTextEditorLetterInputFilter,"[0, 0, 1, 0, 0, 0]"
407,BrTextEditorSelectionRecorder,i am used to record text selection intervals while user drags mouse over the text editor.,0,i am used to record text selection intervals while user drags mouse over the text editor. | BrTextEditorSelectionRecorder,"[0, 0, 1, 0, 0, 1]"
408,BrTextEditorSelectionRecorder,additionally i play a role of a selection strategy to support single or multiple selection.,0,additionally i play a role of a selection strategy to support single or multiple selection. | BrTextEditorSelectionRecorder,"[0, 0, 1, 0, 0, 1]"
409,BrTextEditorSelectionUpdateCommand,i do the hard job of visually updating selection by requesting segment holders to partially update themselves,0,i do the hard job of visually updating selection by requesting segment holders to partially update themselves | BrTextEditorSelectionUpdateCommand,"[0, 0, 1, 0, 1, 0]"
412,GtABAddress,i hold all data relevant for an address,0,i hold all data relevant for an address | GtABAddress,"[0, 0, 1, 0, 0, 0]"
414,GtConnectorButtonCreatedEvent,is sent by buttonattribute after button is created.,0,is sent by buttonattribute after button is created. | GtConnectorButtonCreatedEvent,"[0, 0, 1, 0, 0, 1]"
415,GtConnectorButtonCreatedEvent,i allow connector to be notified and attach its own additional handlers to newly created button,0,i allow connector to be notified and attach its own additional handlers to newly created button | GtConnectorButtonCreatedEvent,"[0, 0, 1, 0, 0, 1]"
416,GtDiagrammerArrowheadFilledCircleStencil,i create a filled circle arrow head with the border and background equal to the color of the curve,0,i create a filled circle arrow head with the border and background equal to the color of the curve | GtDiagrammerArrowheadFilledCircleStencil,"[0, 0, 1, 0, 0, 0]"
417,GtDiagrammerArrowheadFilledTriangleStencil,i create a filled triangle arrowhead,0,i create a filled triangle arrowhead | GtDiagrammerArrowheadFilledTriangleStencil,"[0, 0, 1, 0, 0, 0]"
418,GtDiagrammerArrowheadNoneStencil,i am used to remove arrow heads,0,i am used to remove arrow heads | GtDiagrammerArrowheadNoneStencil,"[0, 0, 1, 0, 0, 0]"
419,GtDiagrammerDummyTool,i am a dummy tool that does nothing,0,i am a dummy tool that does nothing | GtDiagrammerDummyTool,"[0, 0, 1, 1, 0, 0]"
420,GtDiagrammerEditorList,i display a list of editors of an object in a vertical list.,0,i display a list of editors of an object in a vertical list. | GtDiagrammerEditorList,"[0, 0, 1, 0, 0, 1]"
421,GtDiagrammerEditorList,i fetch data from the diagrammer editor data source,0,i fetch data from the diagrammer editor data source | GtDiagrammerEditorList,"[0, 0, 1, 0, 0, 1]"
423,GtDiagrammerExamples,diagrammer,0,diagrammer | GtDiagrammerExamples,"[0, 1, 0, 0, 0, 0]"
424,GtDiagrammerPicker,i am a scriptable toogle group to display a uniform collection of selectable values.,0,i am a scriptable toogle group to display a uniform collection of selectable values. | GtDiagrammerPicker,"[0, 0, 0, 1, 0, 0]"
425,GtDiagrammerPicker,picker,0,picker | GtDiagrammerPicker,"[0, 1, 0, 0, 0, 0]"
427,GtDiagrammerPicker,world .,0,world . | GtDiagrammerPicker,"[0, 1, 0, 0, 0, 0]"
434,GtDiagrammerPicker,margin blinsets all 3,0,margin blinsets all 3 | GtDiagrammerPicker,"[0, 1, 0, 0, 0, 0]"
436,GtDiagrammerPicker,picker constraintsdo c,0,picker constraintsdo c | GtDiagrammerPicker,"[0, 1, 0, 0, 0, 0]"
442,GtExampleDependenciesResolver,i know how to extract the dependencies of a given example.,0,i know how to extract the dependencies of a given example. | GtExampleDependenciesResolver,"[0, 0, 1, 0, 0, 0]"
447,GtExampleFactory,users should configure me with a #sourceclass .,0,users should configure me with a #sourceclass . | GtExampleFactory,"[1, 0, 0, 0, 1, 0]"
449,GtExampleFactory,"to create an example, a method defining an example is executed having a provider as a receiver.",0,"to create an example, a method defining an example is executed having a provider as a receiver. | GtExampleFactory","[1, 0, 0, 0, 0, 0]"
451,GtExampleFactory,"if the method is defined on the instance side, the provider consists in a new instance of that class.",0,"if the method is defined on the instance side, the provider consists in a new instance of that class. | GtExampleFactory","[1, 0, 0, 0, 0, 0]"
453,GtExampleFactory,optionally users can configure the factory with an explicit provider.,0,optionally users can configure the factory with an explicit provider. | GtExampleFactory,"[1, 0, 0, 0, 0, 0]"
455,GtExampleFactory,to initialize the subjects of an example i call #gtexamplesubjects on the provider object.,0,to initialize the subjects of an example i call #gtexamplesubjects on the provider object. | GtExampleFactory,"[1, 1, 0, 0, 0, 0]"
458,GtExampleFactory,then i execute those methods with the example as a receiver and the pragma arguments.,0,then i execute those methods with the example as a receiver and the pragma arguments. | GtExampleFactory,"[1, 1, 0, 0, 0, 0]"
459,GtExampleInstanceSubject,i indicate that the subject of an example is an object.,0,i indicate that the subject of an example is an object. | GtExampleInstanceSubject,"[0, 0, 1, 0, 0, 0]"
460,GtExampleInstanceSubject,i am the default subject of an example.,0,i am the default subject of an example. | GtExampleInstanceSubject,"[0, 0, 0, 1, 0, 1]"
462,GtExampleProcessor,"for example, evaluating an example is to be treated differently from a debugging scenario, or from a scenario to recorver static dependencies.",0,"for example, evaluating an example is to be treated differently from a debugging scenario, or from a scenario to recorver static dependencies. | GtExampleProcessor","[0, 1, 0, 0, 0, 0]"
463,GtExampleProcessor,i maintain a context that can be accessed from within the examples being processed during the execution of the processor.,0,i maintain a context that can be accessed from within the examples being processed during the execution of the processor. | GtExampleProcessor,"[0, 0, 1, 0, 0, 0]"
464,GtExampleProcessor,#value execute the processor.,0,#value execute the processor. | GtExampleProcessor,"[0, 0, 0, 0, 1, 0]"
466,GtExampleProcessor,#canprocess verifies if the processor can execute on the given example.,0,#canprocess verifies if the processor can execute on the given example. | GtExampleProcessor,"[0, 0, 0, 0, 1, 0]"
467,GtGradAbstractTreeLayout,this an implementation of a moen s tree layout algorithm.,0,this an implementation of a moen s tree layout algorithm. | GtGradAbstractTreeLayout,"[0, 0, 0, 1, 0, 0]"
470,GtGradAbstractTreeLayout,it improved the older algorithm s ability to handle non uniform sized nodes.,0,it improved the older algorithm s ability to handle non uniform sized nodes. | GtGradAbstractTreeLayout,"[1, 0, 0, 0, 0, 0]"
478,GtGradAbstractTreeLayout,"to accomplish that, it uses shapes represented by polyline structures.",0,"to accomplish that, it uses shapes represented by polyline structures. | GtGradAbstractTreeLayout","[1, 0, 0, 0, 0, 0]"
482,GtGradAbstractTreeLayout,"when merging contours, minimum horizontal vertical offsets at which siblings can be placed with resepct to their upper left sibling depending of the layout s orientation are calculated",0,"when merging contours, minimum horizontal vertical offsets at which siblings can be placed with resepct to their upper left sibling depending of the layout s orientation are calculated | GtGradAbstractTreeLayout","[0, 0, 1, 0, 0, 0]"
483,GtGradAbstractTreeLayout,"once the bottom up traversal is finished, calculation of offsets is finished as well.",0,"once the bottom up traversal is finished, calculation of offsets is finished as well. | GtGradAbstractTreeLayout","[0, 0, 1, 0, 0, 0]"
487,GtGradAbstractTreeLayout,"additionally, this implementation supports alignment of nodes top, center, bottom in case of the vertical layout and left, center, right in case of the horizontal layout .",0,"additionally, this implementation supports alignment of nodes top, center, bottom in case of the vertical layout and left, center, right in case of the horizontal layout . | GtGradAbstractTreeLayout","[0, 0, 1, 0, 0, 0]"
488,GtGradAbstractTreeLayout,"this is done through calculation of differences in sizes of nodes compared to the largest nodes on the same level, as well as the differences in sizes of their parents compared to the largest nodes on the parent level.",0,"this is done through calculation of differences in sizes of nodes compared to the largest nodes on the same level, as well as the differences in sizes of their parents compared to the largest nodes on the parent level. | GtGradAbstractTreeLayout","[0, 0, 1, 0, 0, 0]"
489,GtGradAbstractTreeLayout,gtgradtreelayout is a superclass of gtgradhorizontaltreelayout and gtgradverticaltreelayout classes and contains generic tree layout methods and definitions of methods the two subclasses need to redefine.,0,gtgradtreelayout is a superclass of gtgradhorizontaltreelayout and gtgradverticaltreelayout classes and contains generic tree layout methods and definitions of methods the two subclasses need to redefine. | GtGradAbstractTreeLayout,"[0, 0, 0, 0, 0, 1]"
490,GtGradAbstractTreeLayout,"generally, the differences between the implementations of the hozitonal and vertical variants are really small, revolving around one using or setting the x and the other y coordinates.",0,"generally, the differences between the implementations of the hozitonal and vertical variants are really small, revolving around one using or setting the x and the other y coordinates. | GtGradAbstractTreeLayout","[0, 0, 0, 0, 0, 1]"
492,GtGraphCircleEnclosure,i compute the smallest circle that encloses the specified array of circles.,0,i compute the smallest circle that encloses the specified array of circles. | GtGraphCircleEnclosure,"[0, 0, 1, 0, 0, 0]"
493,GtGraphCircleEnclosure,the enclosing circle is computed using the matou ek sharir welzl http www^inf.ethz^ch personal emo publfiles subexlinprog alg16 96^pdf algorithm.,0,the enclosing circle is computed using the matou ek sharir welzl http www^inf.ethz^ch personal emo publfiles subexlinprog alg16 96^pdf algorithm. | GtGraphCircleEnclosure,"[0, 0, 1, 0, 0, 0]"
495,GtGraphCircleEnclosure,"and add circles one by one, starting with a larger one.",0,"and add circles one by one, starting with a larger one. | GtGraphCircleEnclosure","[0, 1, 0, 0, 0, 0]"
496,GtGraphCircleEnclosure,a circle enclosure is represented by a cyan circle.,0,a circle enclosure is represented by a cyan circle. | GtGraphCircleEnclosure,"[0, 1, 0, 0, 0, 0]"
499,GtGraphCircleEnclosure,example gtgraphcircleenclosureexamples #enclosurewithonecircle previewshow #gtpreviewfor previewexpanded previewheight 300,0,example gtgraphcircleenclosureexamples #enclosurewithonecircle previewshow #gtpreviewfor previewexpanded previewheight 300 | GtGraphCircleEnclosure,"[0, 1, 0, 0, 0, 0]"
501,GtGraphCircleEnclosure,two circle enclosure is also a special case and can be derived directly by method gtgraphcircleenclosure class #enclosure and,0,two circle enclosure is also a special case and can be derived directly by method gtgraphcircleenclosure class #enclosure and | GtGraphCircleEnclosure,"[0, 1, 0, 0, 0, 0]"
502,GtGraphCircleEnclosure,example gtgraphcircleenclosureexamples #enclosurewithtwocircles previewshow #gtpreviewfor previewexpanded previewheight 300,0,example gtgraphcircleenclosureexamples #enclosurewithtwocircles previewshow #gtpreviewfor previewexpanded previewheight 300 | GtGraphCircleEnclosure,"[0, 1, 0, 0, 0, 0]"
503,GtGraphCircleEnclosure,three circle enclosure is a special case too.,0,three circle enclosure is a special case too. | GtGraphCircleEnclosure,"[0, 1, 0, 0, 0, 0]"
505,GtGraphCircleEnclosure,let s add the third circle to our enclosure to see the result,0,let s add the third circle to our enclosure to see the result | GtGraphCircleEnclosure,"[0, 1, 0, 0, 0, 0]"
506,GtGraphCircleEnclosure,example gtgraphcircleenclosureexamples #enclosurewiththreecircles previewshow #gtpreviewfor previewexpanded previewheight 300,0,example gtgraphcircleenclosureexamples #enclosurewiththreecircles previewshow #gtpreviewfor previewexpanded previewheight 300 | GtGraphCircleEnclosure,"[0, 1, 0, 0, 0, 0]"
507,GtGraphCircleEnclosure,"starting with four circles, an enclosure should be computed recursively by building and updating a basis enclosure consisting of one to three circles method gtgraphcircleenclosure class #enclosureall .",0,"starting with four circles, an enclosure should be computed recursively by building and updating a basis enclosure consisting of one to three circles method gtgraphcircleenclosure class #enclosureall . | GtGraphCircleEnclosure","[0, 1, 0, 0, 0, 0]"
508,GtGraphCircleEnclosure,example gtgraphcircleenclosureexamples #enclosurewithfourcircles previewshow #gtpreviewfor previewexpanded previewheight 300,0,example gtgraphcircleenclosureexamples #enclosurewithfourcircles previewshow #gtpreviewfor previewexpanded previewheight 300 | GtGraphCircleEnclosure,"[0, 1, 0, 0, 0, 0]"
511,GtGraphForceBasedLayout,a roforcebasedlayout is inspired from the code of d3.,0,a roforcebasedlayout is inspired from the code of d3. | GtGraphForceBasedLayout,"[0, 0, 0, 1, 0, 0]"
522,GtGraphTreemapSquarify,this is an adapted extract from the paper squarified treemaps mentioned above.,0,this is an adapted extract from the paper squarified treemaps mentioned above. | GtGraphTreemapSquarify,"[0, 1, 0, 0, 0, 0]"
523,GtGraphTreemapSquarify,"suppose we have a rectangle with width example gtgraphtreemaplayoutexamples #squarifywithsevennodes label #width and height example gtgraphtreemaplayoutexamples #squarifywithsevennodes label #height , and furthermore suppose that this rectangle must be subdivided in seven rectangles with areas example gtgraphtreemaplayoutexamples #squarifywithsevennodes label #nodevalues .",0,"suppose we have a rectangle with width example gtgraphtreemaplayoutexamples #squarifywithsevennodes label #width and height example gtgraphtreemaplayoutexamples #squarifywithsevennodes label #height , and furthermore suppose that this rectangle must be subdivided in seven rectangles with areas example gtgraphtreemaplayoutexamples #squarifywithsevennodes label #nodevalues . | GtGraphTreemapSquarify","[0, 1, 0, 0, 0, 0]"
524,GtGraphTreemapSquarify,the area will be subdivided as follows,0,the area will be subdivided as follows | GtGraphTreemapSquarify,"[0, 1, 0, 0, 0, 0]"
525,GtGraphTreemapSquarify,example gtgraphtreemaplayoutexamples #squarifywithsevennodes nocode codeexpanded false previewexpanded true previewshow #gtpreviewfor,0,example gtgraphtreemaplayoutexamples #squarifywithsevennodes nocode codeexpanded false previewexpanded true previewshow #gtpreviewfor | GtGraphTreemapSquarify,"[0, 1, 0, 0, 0, 0]"
526,GtGraphTreemapSquarify,the first step of our algorithm is to split the initial rectangle.,0,the first step of our algorithm is to split the initial rectangle. | GtGraphTreemapSquarify,"[0, 1, 0, 0, 0, 0]"
527,GtGraphTreemapSquarify,"we choose for a horizontal subdivision, because the original rectangle is wider than high.",0,"we choose for a horizontal subdivision, because the original rectangle is wider than high. | GtGraphTreemapSquarify","[0, 1, 0, 0, 0, 0]"
530,GtGraphTreemapSquarify,the aspect ratio of this first rectangle is example gtgraphtreemaplayoutexamples #squarifywithsevennodesfirststep label #worstvaluerounded .,0,the aspect ratio of this first rectangle is example gtgraphtreemaplayoutexamples #squarifywithsevennodesfirststep label #worstvaluerounded . | GtGraphTreemapSquarify,"[0, 1, 0, 0, 0, 0]"
531,GtGraphTreemapSquarify,example gtgraphtreemaplayoutexamples #squarifywithsevennodesfirststep previewexpanded true nocode,0,example gtgraphtreemaplayoutexamples #squarifywithsevennodesfirststep previewexpanded true nocode | GtGraphTreemapSquarify,"[0, 1, 0, 0, 0, 0]"
532,GtGraphTreemapSquarify,"next we add a second rectangle, above the first.",0,"next we add a second rectangle, above the first. | GtGraphTreemapSquarify","[0, 1, 0, 0, 0, 0]"
533,GtGraphTreemapSquarify,the worst aspect ratio improves to example gtgraphtreemaplayoutexamples #squarifywithsevennodessecondstep label #worstvaluerounded .,0,the worst aspect ratio improves to example gtgraphtreemaplayoutexamples #squarifywithsevennodessecondstep label #worstvaluerounded . | GtGraphTreemapSquarify,"[0, 1, 0, 0, 0, 0]"
534,GtGraphTreemapSquarify,example gtgraphtreemaplayoutexamples #squarifywithsevennodessecondstep previewexpanded true nocode,0,example gtgraphtreemaplayoutexamples #squarifywithsevennodessecondstep previewexpanded true nocode | GtGraphTreemapSquarify,"[0, 1, 0, 0, 0, 0]"
535,GtGraphTreemapSquarify,"however, if we add the next area 4 above these original rectangles, the aspect ratio of this rectangle is example gtgraphtreemaplayoutexamples #squarifywithsevennodesthirdstep label #worstvaluerounded .",0,"however, if we add the next area 4 above these original rectangles, the aspect ratio of this rectangle is example gtgraphtreemaplayoutexamples #squarifywithsevennodesthirdstep label #worstvaluerounded . | GtGraphTreemapSquarify","[0, 1, 0, 0, 0, 0]"
537,GtGraphTreemapSquarify,"therefore, we decide that we have reached an optimum for the left half in step two, and start processing the right half.",0,"therefore, we decide that we have reached an optimum for the left half in step two, and start processing the right half. | GtGraphTreemapSquarify","[0, 1, 0, 0, 0, 0]"
538,GtGraphTreemapSquarify,"the initial subdivision we choose here is vertical, because the rectangle is higher than wider.",0,"the initial subdivision we choose here is vertical, because the rectangle is higher than wider. | GtGraphTreemapSquarify","[0, 1, 0, 0, 0, 0]"
540,GtGraphTreemapSquarify,example gtgraphtreemaplayoutexamples #squarifywithsevennodesfourthstep previewexpanded true nocode,0,example gtgraphtreemaplayoutexamples #squarifywithsevennodesfourthstep previewexpanded true nocode | GtGraphTreemapSquarify,"[0, 1, 0, 0, 0, 0]"
542,GtGraphTreemapSquarify,the worst aspect ratio decreases from example gtgraphtreemaplayoutexamples #squarifywithsevennodesfourthstep label #worstvaluerounded to example gtgraphtreemaplayoutexamples #squarifywithsevennodesfifthstep label #worstvaluerounded,0,the worst aspect ratio decreases from example gtgraphtreemaplayoutexamples #squarifywithsevennodesfourthstep label #worstvaluerounded to example gtgraphtreemaplayoutexamples #squarifywithsevennodesfifthstep label #worstvaluerounded | GtGraphTreemapSquarify,"[0, 1, 0, 0, 0, 0]"
544,GtGraphTreemapSquarify,addition of the next area 2 however does not improve the result as the worst aspect ratio increases from example gtgraphtreemaplayoutexamples #squarifywithsevennodesfifthstep label #worstvaluerounded to example gtgraphtreemaplayoutexamples #squarifywithsevennodessixthstep label #worstvaluerounded,0,addition of the next area 2 however does not improve the result as the worst aspect ratio increases from example gtgraphtreemaplayoutexamples #squarifywithsevennodesfifthstep label #worstvaluerounded to example gtgraphtreemaplayoutexamples #squarifywithsevennodessixthstep label #worstvaluerounded | GtGraphTreemapSquarify,"[0, 1, 0, 0, 0, 0]"
545,GtGraphTreemapSquarify,example gtgraphtreemaplayoutexamples #squarifywithsevennodessixthstep previewexpanded true nocode,0,example gtgraphtreemaplayoutexamples #squarifywithsevennodessixthstep previewexpanded true nocode | GtGraphTreemapSquarify,"[0, 1, 0, 0, 0, 0]"
546,GtGraphTreemapSquarify,so we reject the previous step and start to fill the right top partition,0,so we reject the previous step and start to fill the right top partition | GtGraphTreemapSquarify,"[0, 1, 0, 0, 0, 0]"
549,GtGraphTreemapSquarify,the final result is the following,0,the final result is the following | GtGraphTreemapSquarify,"[0, 1, 0, 0, 0, 0]"
554,GtGraphTreemapSquarifyLandscapeRectangle,i am used by class gtgraphtreemapsquarifystep .,0,i am used by class gtgraphtreemapsquarifystep . | GtGraphTreemapSquarifyLandscapeRectangle,"[0, 0, 0, 0, 0, 1]"
556,GtGraphTreemapSquarifyLandscapeRectangle,example gtgraphtreemaplayoutexamples #squarifywithfournodesfirstarea nocode,0,example gtgraphtreemaplayoutexamples #squarifywithfournodesfirstarea nocode | GtGraphTreemapSquarifyLandscapeRectangle,"[0, 1, 0, 0, 0, 0]"
557,GtLibraryInstaller,i am the installer of shared libraries along side image or vm.,0,i am the installer of shared libraries along side image or vm. | GtLibraryInstaller,"[0, 1, 0, 1, 0, 0]"
559,GtLibraryInstaller,installer,0,installer | GtLibraryInstaller,"[0, 1, 0, 0, 0, 0]"
560,GtLibraryInstaller,extension .,0,extension . | GtLibraryInstaller,"[0, 1, 0, 0, 0, 0]"
562,GtLibraryInstallerLogAnnouncement,the ui may want to display them in a transcript,0,the ui may want to display them in a transcript | GtLibraryInstallerLogAnnouncement,"[0, 0, 0, 0, 0, 1]"
564,GtPhlowForwarderView,i forward a view definition to another object.,0,i forward a view definition to another object. | GtPhlowForwarderView,"[0, 0, 1, 0, 0, 0]"
566,GtPhlowForwarderView,"i am also useful in situtions, when the object is created only for the purpose of the view.",0,"i am also useful in situtions, when the object is created only for the purpose of the view. | GtPhlowForwarderView","[0, 0, 1, 0, 0, 0]"
570,GtPlotterAxisProjection,given a point 20@30 as a domain object and euclidian coordinate system.,0,given a point 20@30 as a domain object and euclidian coordinate system. | GtPlotterAxisProjection,"[0, 1, 0, 0, 0, 0]"
571,GtPlotterAxisProjection,then projection of that point on continuous x axis would be 20 and projection on y axis would be 30.,0,then projection of that point on continuous x axis would be 20 and projection on y axis would be 30. | GtPlotterAxisProjection,"[0, 1, 0, 0, 0, 0]"
579,GtRemoteInspector,gtremoteinspector provides a mechanism for remote viewing of objects over a rest json api.,0,gtremoteinspector provides a mechanism for remote viewing of objects over a rest json api. | GtRemoteInspector,"[0, 0, 1, 0, 0, 0]"
580,GtRemoteInspector,public api and key messages,0,public api and key messages | GtRemoteInspector,"[0, 0, 0, 0, 1, 0]"
582,GtRemoteInspector,message two,0,message two | GtRemoteInspector,"[0, 0, 0, 0, 1, 0]"
583,GtRemoteInspector,for bonus points how to create instances.,0,for bonus points how to create instances. | GtRemoteInspector,"[0, 0, 0, 0, 1, 0]"
584,GtRlBaselineTagReleaseStrategy,i am a release strategy that uses the current loaded tag for a repository as the version number.,0,i am a release strategy that uses the current loaded tag for a repository as the version number. | GtRlBaselineTagReleaseStrategy,"[0, 0, 1, 1, 0, 0]"
586,GtRlBaselineTagReleaseStrategy,the version number already exists in the repository.,0,the version number already exists in the repository. | GtRlBaselineTagReleaseStrategy,"[0, 0, 1, 0, 0, 0]"
587,GtRlBaselineTagReleaseStrategy,as i am passive i do not export any metadata.,0,as i am passive i do not export any metadata. | GtRlBaselineTagReleaseStrategy,"[1, 0, 0, 0, 0, 0]"
591,GtRlBaselineTagReleaseStrategy,see method gtrlbaselinetagreleasestrategy #assertcompatiblewithrepository for assertions that check when i can be used.,0,see method gtrlbaselinetagreleasestrategy #assertcompatiblewithrepository for assertions that check when i can be used. | GtRlBaselineTagReleaseStrategy,"[0, 1, 0, 0, 0, 0]"
592,GtRlCommitAndTagReleaseAction,i execute a commit of the current changes staged for commit and push a tag corresponding to the version number of the repository release.,0,i execute a commit of the current changes staged for commit and push a tag corresponding to the version number of the repository release. | GtRlCommitAndTagReleaseAction,"[0, 0, 1, 0, 0, 0]"
593,GtRlCommitAndTagReleaseAction,i only work with strategies of type class gtrlsemantictagreleasestrategy .,0,i only work with strategies of type class gtrlsemantictagreleasestrategy . | GtRlCommitAndTagReleaseAction,"[1, 0, 0, 0, 0, 1]"
594,GtRlCommitAndTagReleaseAction,see method gtrlsemantictagreleasestrategy #commitandtagrelease for more implementation details.,0,see method gtrlsemantictagreleasestrategy #commitandtagrelease for more implementation details. | GtRlCommitAndTagReleaseAction,"[1, 0, 0, 0, 0, 0]"
595,GtRlMajorVersionComputation,i increment the major number of a semantic version.,0,i increment the major number of a semantic version. | GtRlMajorVersionComputation,"[0, 0, 1, 0, 0, 0]"
596,GtRlMajorVersionComputation,i reset both the patch and minor parts of the version number to zero.,0,i reset both the patch and minor parts of the version number to zero. | GtRlMajorVersionComputation,"[0, 0, 1, 0, 0, 0]"
597,GtRlMajorVersionComputation,if the symbolic version number on which i am applied has a patch or a minor number i reset them to zero in the created version number.,0,if the symbolic version number on which i am applied has a patch or a minor number i reset them to zero in the created version number. | GtRlMajorVersionComputation,"[1, 0, 0, 0, 0, 0]"
598,GtRlNode,i am an abstraction for a type of dependency in the loading configuration of a system.,0,i am an abstraction for a type of dependency in the loading configuration of a system. | GtRlNode,"[0, 0, 1, 1, 0, 0]"
599,GtRlReleaseConfiguration,i model options for configuring how releases are performed.,0,i model options for configuring how releases are performed. | GtRlReleaseConfiguration,"[0, 0, 1, 0, 0, 0]"
600,GtRlReleaseConfiguration,i am used by a class gtrlreleasebuilder to create a new release.,0,i am used by a class gtrlreleasebuilder to create a new release. | GtRlReleaseConfiguration,"[0, 0, 0, 0, 0, 1]"
601,GtRlReleaseConfiguration,"users can configure default options that apply to all repositories from a release, or configure options for individual repositories.",0,"users can configure default options that apply to all repositories from a release, or configure options for individual repositories. | GtRlReleaseConfiguration","[0, 0, 0, 0, 0, 1]"
602,GtRlReleaseConfiguration,my main api methods for setting other default options are,0,my main api methods for setting other default options are | GtRlReleaseConfiguration,"[0, 0, 0, 0, 1, 0]"
603,GtRlReleaseConfiguration,method gtrlreleaseconfiguration #defaultreleasebranchname the branch name on which to perform the release.,0,method gtrlreleaseconfiguration #defaultreleasebranchname the branch name on which to perform the release. | GtRlReleaseConfiguration,"[0, 0, 0, 0, 1, 0]"
605,GtRlReleaseConfiguration,these are subclasses of class gtrlsemanticversioncomputation,0,these are subclasses of class gtrlsemanticversioncomputation | GtRlReleaseConfiguration,"[0, 0, 0, 0, 1, 0]"
606,GtRlReleaseConfiguration,method gtrlreleaseconfiguration #defaultversionnumber the version number to use in case there are no previous releases in a repository.,0,method gtrlreleaseconfiguration #defaultversionnumber the version number to use in case there are no previous releases in a repository. | GtRlReleaseConfiguration,"[0, 0, 0, 0, 1, 0]"
607,GtRlReleaseConfiguration,method gtrlreleaseconfiguration #forcenewrelease force a new release in a repository even if there no new changes in that repository and all dependencies did not change.,0,method gtrlreleaseconfiguration #forcenewrelease force a new release in a repository even if there no new changes in that repository and all dependencies did not change. | GtRlReleaseConfiguration,"[0, 0, 0, 0, 1, 0]"
608,GtSnippetRequest,i am sent by snippet widget looks when they request to receive a snippet model from the widget model,0,i am sent by snippet widget looks when they request to receive a snippet model from the widget model | GtSnippetRequest,"[0, 0, 1, 1, 0, 0]"
610,SpartaCairoTextMetrics,"because text extents are in user space coordinates, they are mostly, but not entirely, independent of the current transformation matrix.",0,"because text extents are in user space coordinates, they are mostly, but not entirely, independent of the current transformation matrix. | SpartaCairoTextMetrics","[1, 0, 0, 0, 0, 0]"
611,SpartaCairoTextMetrics,"if you call cairo scale cr, 20, 20 , text will be drawn twice as big, but the reported text extents will not be doubled.",0,"if you call cairo scale cr, 20, 20 , text will be drawn twice as big, but the reported text extents will not be doubled. | SpartaCairoTextMetrics","[1, 0, 0, 0, 0, 0]"
612,SpartaCairoTextMetrics,"they will change slightly due to hinting so you can t assume that metrics are independent of the transformation matrix , but otherwise will remain unchanged.",0,"they will change slightly due to hinting so you can t assume that metrics are independent of the transformation matrix , but otherwise will remain unchanged. | SpartaCairoTextMetrics","[1, 0, 0, 0, 0, 0]"
614,SpartaCanvas,i represent a sparta canvas and provide an api to perform various drawing operations.,0,i represent a sparta canvas and provide an api to perform various drawing operations. | SpartaCanvas,"[0, 0, 0, 1, 0, 0]"
615,SpartaCanvas,i define an abstract api of sparta canvas that all concrete implementations must have.,0,i define an abstract api of sparta canvas that all concrete implementations must have. | SpartaCanvas,"[0, 0, 1, 0, 0, 0]"
616,SpartaCanvas,overview,0,overview | SpartaCanvas,"[0, 0, 1, 0, 0, 0]"
617,SpartaCanvas,my main responsibility is to create and provide backend specific builders and various objects.,0,my main responsibility is to create and provide backend specific builders and various objects. | SpartaCanvas,"[0, 0, 1, 0, 0, 0]"
619,SpartaCanvas,for example if one wants to fill a path with a paint she needs to send #fill message to canvas to get a fill builder painter .,0,for example if one wants to fill a path with a paint she needs to send #fill message to canvas to get a fill builder painter . | SpartaCanvas,"[0, 1, 0, 0, 0, 0]"
622,SpartaCanvas,i m also responsible for creation of filter primitives filter types that are used with filter operation.,0,i m also responsible for creation of filter primitives filter types that are used with filter operation. | SpartaCanvas,"[0, 0, 1, 0, 0, 0]"
623,SpartaCanvas,they can be found in filters protocol.,0,they can be found in filters protocol. | SpartaCanvas,"[0, 0, 1, 0, 0, 0]"
626,SpartaCanvas,public api and key messages,0,public api and key messages | SpartaCanvas,"[0, 0, 0, 0, 1, 0]"
628,SpartaCanvas,stroke create a builder of stroke drawing operation,0,stroke create a builder of stroke drawing operation | SpartaCanvas,"[0, 0, 0, 0, 1, 0]"
632,SpartaCanvas,transform create a builder to transform canvas,0,transform create a builder to transform canvas | SpartaCanvas,"[0, 0, 0, 0, 1, 0]"
635,SpartaCanvas,filter create a builder of filter drawing operation,0,filter create a builder of filter drawing operation | SpartaCanvas,"[0, 0, 0, 0, 1, 0]"
637,SpartaCanvas,bitmap create a bitmap factory,0,bitmap create a bitmap factory | SpartaCanvas,"[0, 0, 0, 0, 1, 0]"
639,SpartaCanvas,filters create a common filters factory,0,filters create a common filters factory | SpartaCanvas,"[0, 0, 0, 0, 1, 0]"
641,SpartaCanvas,similar to create an empty canvas of size anextent and of the same type and format,0,similar to create an empty canvas of size anextent and of the same type and format | SpartaCanvas,"[0, 0, 0, 0, 1, 0]"
642,SpartaCanvas,asform to rasterize myself and return resulting image as form,0,asform to rasterize myself and return resulting image as form | SpartaCanvas,"[0, 0, 0, 0, 1, 0]"
646,SpartaCanvas,canvas spartacanvas extent 400@250.,0,canvas spartacanvas extent 400@250. | SpartaCanvas,"[0, 1, 0, 1, 0, 0]"
649,SpartaCanvas,create a triangle vector path,0,create a triangle vector path | SpartaCanvas,"[0, 1, 0, 0, 0, 0]"
655,SpartaCanvas,close,0,close | SpartaCanvas,"[0, 1, 0, 0, 0, 0]"
657,SpartaCanvas,https github^com syrel sparta raw master images spartacanvas 02 triangle path^png label trianglepath,0,https github^com syrel sparta raw master images spartacanvas 02 triangle path^png label trianglepath | SpartaCanvas,"[0, 1, 0, 1, 0, 0]"
663,SpartaCanvas,stops 0 color red.,0,stops 0 color red. | SpartaCanvas,"[0, 1, 0, 0, 0, 0]"
679,SpartaCanvas,stroke triangle with blue color,0,stroke triangle with blue color | SpartaCanvas,"[0, 1, 0, 0, 0, 0]"
685,SpartaCanvas,draw.,0,draw. | SpartaCanvas,"[0, 1, 0, 0, 0, 0]"
690,SpartaCanvas,create a gaussian blur filter,0,create a gaussian blur filter | SpartaCanvas,"[0, 1, 0, 0, 0, 0]"
692,SpartaCanvas,blur canvas gaussianblurfilter,0,blur canvas gaussianblurfilter | SpartaCanvas,"[0, 1, 0, 0, 0, 0]"
696,SpartaCanvas,canvas filter,0,canvas filter | SpartaCanvas,"[0, 1, 0, 0, 0, 0]"
699,SpartaCanvas,draw.,0,draw. | SpartaCanvas,"[0, 1, 0, 0, 0, 0]"
702,SpartaLine,i represent a line.,0,i represent a line. | SpartaLine,"[0, 0, 0, 1, 0, 0]"
703,SpartaLine,"i am meant to be polymorphic with rectangle and path and can be used as path in various operations, except clipping.",0,"i am meant to be polymorphic with rectangle and path and can be used as path in various operations, except clipping. | SpartaLine","[0, 0, 1, 0, 0, 0]"
704,SpartaLine,public api and key messages,0,public api and key messages | SpartaLine,"[0, 0, 0, 0, 1, 0]"
705,SpartaLine,from get my start point,0,from get my start point | SpartaLine,"[0, 0, 0, 0, 1, 0]"
706,SpartaLine,to get my end point,0,to get my end point | SpartaLine,"[0, 0, 0, 0, 1, 0]"
708,SpUserFontSource,i represent a font face source and know how to retrieve font contents from it,0,i represent a font face source and know how to retrieve font contents from it | SpUserFontSource,"[0, 0, 1, 1, 0, 0]"
709,SpUserFontSourceBuffer,i am a buffer source.,0,i am a buffer source. | SpUserFontSourceBuffer,"[0, 0, 0, 1, 0, 0]"
710,TBlEventTarget,i implement a basic infrastructure of event management.,0,i implement a basic infrastructure of event management. | TBlEventTarget,"[0, 0, 1, 0, 0, 0]"
711,TSpartaCompositeFilter,i am a composite filter and can have an arbitrary amount of input soures,0,i am a composite filter and can have an arbitrary amount of input soures | TSpartaCompositeFilter,"[0, 0, 0, 1, 0, 0]"
714,TSpartaCompositeFilter,merge canvas compositefilter,0,merge canvas compositefilter | TSpartaCompositeFilter,"[0, 1, 0, 0, 0, 0]"
716,TSpartaCompositeFilter,source filter1,0,source filter1 | TSpartaCompositeFilter,"[0, 1, 0, 0, 0, 0]"
717,TSpartaCompositeFilter,source filter2,0,source filter2 | TSpartaCompositeFilter,"[0, 1, 0, 0, 0, 0]"
718,TSpartaCompositeFilter,source filter3,0,source filter3 | TSpartaCompositeFilter,"[0, 1, 0, 0, 0, 0]"
719,TSpartaCompositeFilter,source filter4,0,source filter4 | TSpartaCompositeFilter,"[0, 1, 0, 0, 0, 0]"
720,TSpartaPaint,tspartapaint,0,tspartapaint | TSpartaPaint,"[0, 0, 1, 0, 0, 0]"
721,TSpartaPaint,i define an api of a paint.,0,i define an api of a paint. | TSpartaPaint,"[0, 0, 1, 0, 0, 0]"
722,TSpartaPaint,overview,0,overview | TSpartaPaint,"[0, 0, 1, 0, 0, 0]"
725,TSpartaPaint,sparta canvas provides a paint builder that should be used to build concerete paints.,0,sparta canvas provides a paint builder that should be used to build concerete paints. | TSpartaPaint,"[0, 0, 0, 0, 0, 1]"
727,TSpartaPaint,i define an api of an abstract paint.,0,i define an api of an abstract paint. | TSpartaPaint,"[0, 0, 0, 0, 1, 0]"
728,TSpartaPaint,"transformation to get current transformation matrix, can not be mil",0,"transformation to get current transformation matrix, can not be mil | TSpartaPaint","[0, 0, 0, 0, 1, 0]"
729,TSpartaPaint,transformation set new paint transformation.,0,transformation set new paint transformation. | TSpartaPaint,"[0, 0, 0, 0, 1, 0]"
730,TSpartaPaint,"if not set, supposed to be identity.",0,"if not set, supposed to be identity. | TSpartaPaint","[0, 0, 0, 0, 1, 0]"
731,TSpartaPaint,clamp do not repeat me,0,clamp do not repeat me | TSpartaPaint,"[0, 0, 0, 0, 1, 0]"
732,TSpartaPaint,reflect mirror the image,0,reflect mirror the image | TSpartaPaint,"[0, 0, 0, 0, 1, 0]"
733,TSpartaPaint,repeat repeat in both x and y axis,0,repeat repeat in both x and y axis | TSpartaPaint,"[0, 0, 0, 0, 1, 0]"
734,TSpartaPaint,repeatx repeat only x axis,0,repeatx repeat only x axis | TSpartaPaint,"[0, 0, 0, 0, 1, 0]"
735,TSpartaPaint,repeaty repeat only y axis,0,repeaty repeat only y axis | TSpartaPaint,"[0, 0, 0, 0, 1, 0]"
736,TSpartaPaint,rotatebydegrees rotate me by amount of degrees clockwise,0,rotatebydegrees rotate me by amount of degrees clockwise | TSpartaPaint,"[0, 0, 0, 0, 1, 0]"
737,TSpartaPaint,rotatebyradians rotate me by amount of radians clockwise,0,rotatebyradians rotate me by amount of radians clockwise | TSpartaPaint,"[0, 0, 0, 0, 1, 0]"
738,TSpartaPaint,"scaleby scale me by a factor, a point or a number.",0,"scaleby scale me by a factor, a point or a number. | TSpartaPaint","[0, 0, 0, 0, 1, 0]"
739,TSpartaPaint,translateby translate me by a point or a number,0,translateby translate me by a point or a number | TSpartaPaint,"[0, 0, 0, 0, 1, 0]"
741,TSpartaPaint,"generally, a paint is not meant to be an external object, however for additional flexibility i am implemented as a trait.",0,"generally, a paint is not meant to be an external object, however for additional flexibility i am implemented as a trait. | TSpartaPaint","[1, 0, 0, 0, 0, 0]"
742,TSpartaStrokeOptions,i define an api of stroke options object.,0,i define an api of stroke options object. | TSpartaStrokeOptions,"[0, 0, 1, 0, 1, 0]"
750,XdDocumentsExamples,how to create base64 string,0,how to create base64 string | XdDocumentsExamples,"[0, 1, 0, 0, 0, 0]"
752,XdDocumentsExamples,adocument gt2documentexamples new documentwithexistingclass.,0,adocument gt2documentexamples new documentwithexistingclass. | XdDocumentsExamples,"[0, 1, 0, 0, 0, 0]"
753,XdDocumentsExamples,anxdfile adocument savetoxdoc.,0,anxdfile adocument savetoxdoc. | XdDocumentsExamples,"[0, 1, 0, 0, 0, 0]"
754,XdDocumentsExamples,znbase64encoder new,0,znbase64encoder new | XdDocumentsExamples,"[0, 1, 0, 0, 0, 0]"
757,FameOppositeClassNotExistRule,check if the opposite class declared in a pragma #mseproperty type opposite is defined.,0,check if the opposite class declared in a pragma #mseproperty type opposite is defined. | FameOppositeClassNotExistRule,"[0, 0, 1, 0, 0, 0]"
758,FAMIXAnnotationTypeGroup,famixannotationtypegroup is a moosegroup containing only famix enities of type famixannotationtype.,0,famixannotationtypegroup is a moosegroup containing only famix enities of type famixannotationtype. | FAMIXAnnotationTypeGroup,"[0, 0, 1, 1, 0, 0]"
759,FamixGenerator,g,0,g | FamixGenerator,"[0, 1, 0, 0, 0, 0]"
761,FamixGenerator,g generatewithoutcleaning.,0,g generatewithoutcleaning. | FamixGenerator,"[0, 1, 0, 0, 0, 0]"
775,FamixJavaEntity,model.,0,model. | FamixJavaEntity,"[0, 1, 0, 0, 0, 0]"
782,FamixTParameterType,parametertype represents the symbolic type used in parameterizable classes.,0,parametertype represents the symbolic type used in parameterizable classes. | FamixTParameterType,"[0, 0, 0, 1, 0, 0]"
786,FamixTParameterType,where aclass is a parameterizableclass.,0,where aclass is a parameterizableclass. | FamixTParameterType,"[0, 1, 0, 0, 0, 0]"
787,FamixTParameterType,"a, b and c are parametertype of aclass.",0,"a, b and c are parametertype of aclass. | FamixTParameterType","[0, 1, 0, 0, 0, 0]"
788,FamixTTrait,famixtrait models a trait as it can be found in pharo or php.,0,famixtrait models a trait as it can be found in pharo or php. | FamixTTrait,"[0, 0, 1, 0, 0, 1]"
790,FMFutureProperty,i represent a property of the object currently been imported while it is not yet imported.,0,i represent a property of the object currently been imported while it is not yet imported. | FMFutureProperty,"[0, 0, 1, 1, 0, 0]"
791,FMFutureProperty,i will be useful until all my values are resolved.,0,i will be useful until all my values are resolved. | FMFutureProperty,"[0, 0, 1, 0, 0, 0]"
792,FMFutureProperty,each time a value is resolved i ll check if i can be resolved.,0,each time a value is resolved i ll check if i can be resolved. | FMFutureProperty,"[0, 0, 1, 0, 0, 0]"
793,FMFutureProperty,"in that case, i ll push my values in real property.",0,"in that case, i ll push my values in real property. | FMFutureProperty","[0, 0, 1, 0, 0, 0]"
794,FMModel,description,0,description | FMModel,"[0, 0, 0, 1, 0, 0]"
804,FMModel,i include a system of caches in case my users want to store informations to speed up an application.,0,i include a system of caches in case my users want to store informations to speed up an application. | FMModel,"[1, 0, 0, 0, 0, 0]"
806,FMModel,public api and key messages,0,public api and key messages | FMModel,"[0, 0, 0, 0, 1, 0]"
809,FMModel,examples,0,examples | FMModel,"[0, 1, 0, 0, 0, 0]"
812,FMMSEPrinter,description,0,description | FMMSEPrinter,"[0, 0, 0, 1, 0, 0]"
813,FMMSEPrinter,i am responsible of printing the mse format markup during a model export.,0,i am responsible of printing the mse format markup during a model export. | FMMSEPrinter,"[0, 0, 0, 1, 0, 0]"
814,FMMSEPrinter,examples,0,examples | FMMSEPrinter,"[0, 1, 0, 0, 0, 0]"
815,FMMSEPrinter,printer,0,printer | FMMSEPrinter,"[0, 1, 0, 0, 0, 0]"
816,FMMSEPrinter,printer fmmseprinter onstring.,0,printer fmmseprinter onstring. | FMMSEPrinter,"[0, 1, 0, 0, 0, 0]"
817,FMMSEPrinter,fmmetametamodel default exportwithprinter printer.,0,fmmetametamodel default exportwithprinter printer. | FMMSEPrinter,"[0, 1, 0, 0, 0, 0]"
820,FMOne,i am a relation slot representing a property containing only one element.,0,i am a relation slot representing a property containing only one element. | FMOne,"[0, 0, 0, 1, 0, 0]"
821,FMOne,examples,0,examples | FMOne,"[0, 1, 0, 0, 0, 0]"
822,FMOne,trait named #famixtmethod,0,trait named #famixtmethod | FMOne,"[0, 1, 0, 0, 0, 0]"
823,FMOne,slots #parenttype fmone type #famixtwithmethods opposite #methods,0,slots #parenttype fmone type #famixtwithmethods opposite #methods | FMOne,"[0, 1, 0, 0, 0, 0]"
824,FMOne,package famix traits method,0,package famix traits method | FMOne,"[0, 1, 0, 0, 0, 0]"
825,FMRelationSlot,description,0,description | FMRelationSlot,"[0, 0, 0, 1, 0, 0]"
826,FMRelationSlot,i am an abstract slot used to declare fame properties for a class.,0,i am an abstract slot used to declare fame properties for a class. | FMRelationSlot,"[0, 0, 1, 1, 0, 0]"
827,FmxMBPrintVisitor,i m a visitor for instances of #famixmetamodelgenerator and subclasses.,0,i m a visitor for instances of #famixmetamodelgenerator and subclasses. | FmxMBPrintVisitor,"[0, 0, 0, 1, 0, 0]"
831,LANInterface,lan interface comments for testing purposes.,0,lan interface comments for testing purposes. | LANInterface,"[0, 0, 1, 1, 0, 0]"
832,MalBreadthFirstSearchPath,breadth first search bfs is an algorithm for traversing or searching tree or graph data structures.,0,breadth first search bfs is an algorithm for traversing or searching tree or graph data structures. | MalBreadthFirstSearchPath,"[0, 0, 1, 1, 0, 0]"
833,MalBreadthFirstSearchPath,"it starts at the tree root or some arbitrary node of a graph, sometimes referred to as a search key and explores the neighbor nodes first, before moving to the next level neighbours.",0,"it starts at the tree root or some arbitrary node of a graph, sometimes referred to as a search key and explores the neighbor nodes first, before moving to the next level neighbours. | MalBreadthFirstSearchPath","[0, 0, 1, 0, 0, 0]"
836,MalFormalContext,malformalcontext mammals2 computeconcepts,0,malformalcontext mammals2 computeconcepts | MalFormalContext,"[0, 1, 0, 0, 0, 0]"
842,MalHgNode,attributes dictionary,0,attributes dictionary | MalHgNode,"[0, 0, 0, 0, 1, 0]"
850,MalHgNode,dictionary to attach arbitrary information to a node,0,dictionary to attach arbitrary information to a node | MalHgNode,"[0, 0, 0, 0, 1, 0]"
855,MalHgNode,incoming,0,incoming | MalHgNode,"[0, 0, 0, 0, 1, 0]"
856,MalHgNode,level,0,level | MalHgNode,"[0, 0, 0, 0, 1, 0]"
858,MalHgNode,outgoing,0,outgoing | MalHgNode,"[0, 0, 0, 0, 1, 0]"
859,MalHgNode,parent,0,parent | MalHgNode,"[0, 0, 0, 0, 1, 0]"
861,MalKruskal,"this means it finds a subset of the edges that forms a tree that includes every vertex, where the total weight of all the edges in the tree is minimized.",0,"this means it finds a subset of the edges that forms a tree that includes every vertex, where the total weight of all the edges in the tree is minimized. | MalKruskal","[0, 0, 1, 0, 0, 0]"
862,MalKruskal,"if the graph is not connected, then it finds a minimum spanning forest a minimum spanning tree for each connected component .",0,"if the graph is not connected, then it finds a minimum spanning forest a minimum spanning tree for each connected component . | MalKruskal","[0, 0, 1, 0, 0, 0]"
864,MalLatticePatterns,we can detect like horizontal decomposition with the algos in the class.,0,we can detect like horizontal decomposition with the algos in the class. | MalLatticePatterns,"[0, 0, 1, 0, 0, 0]"
865,MalLatticePatterns,data fca context lattice,0,data fca context lattice | MalLatticePatterns,"[0, 1, 0, 0, 0, 0]"
866,MalLatticePatterns,data # # #cat # #fourlegs #hair # #dog # #smart #fourlegs #hair # #dolphin # #smart #marine # #gibbon # #hair #smart #thumbed # #man # #smart #thumbed # #whale # #smart #marine .,0,data # # #cat # #fourlegs #hair # #dog # #smart #fourlegs #hair # #dolphin # #smart #marine # #gibbon # #hair #smart #thumbed # #man # #smart #thumbed # #whale # #smart #marine . | MalLatticePatterns,"[0, 1, 0, 0, 0, 0]"
867,MalLatticePatterns,fca malformalcontext new.,0,fca malformalcontext new. | MalLatticePatterns,"[0, 1, 0, 0, 0, 0]"
869,MalLatticePatterns,mallatticepatterns on mallattice on context reportpatterns,0,mallatticepatterns on mallattice on context reportpatterns | MalLatticePatterns,"[0, 1, 0, 0, 0, 0]"
870,MalLatticePatterns,for moose models,0,for moose models | MalLatticePatterns,"[0, 1, 0, 0, 0, 0]"
871,MalLatticePatterns,fca model treillis context,0,fca model treillis context | MalLatticePatterns,"[0, 1, 0, 0, 0, 0]"
872,MalLatticePatterns,model moosemodel root allmodels second.,0,model moosemodel root allmodels second. | MalLatticePatterns,"[0, 1, 0, 0, 0, 0]"
875,MalLatticePatterns,treillis mallattice on context .,0,treillis mallattice on context . | MalLatticePatterns,"[0, 1, 0, 0, 0, 0]"
878,MalLatticePatterns,mallattice new viewlattice treillis .,0,mallattice new viewlattice treillis . | MalLatticePatterns,"[0, 1, 0, 0, 0, 0]"
879,MalLatticePatterns,smalltalk collection class hierarchy,0,smalltalk collection class hierarchy | MalLatticePatterns,"[0, 1, 0, 0, 0, 0]"
880,MalLatticePatterns,fca model treillis context,0,fca model treillis context | MalLatticePatterns,"[0, 1, 0, 0, 0, 0]"
881,MalLatticePatterns,treillis mallattice on malformalcontext classhierarchycollection .,0,treillis mallattice on malformalcontext classhierarchycollection . | MalLatticePatterns,"[0, 1, 0, 0, 0, 0]"
882,MalLatticePatterns,mallatticepatterns on treillis reportmodules.,0,mallatticepatterns on treillis reportmodules. | MalLatticePatterns,"[0, 1, 0, 0, 0, 0]"
883,MalNodeWithPreviousAndNext,a basic node able to host the model and to represent edges with no additional class.,0,a basic node able to host the model and to represent edges with no additional class. | MalNodeWithPreviousAndNext,"[0, 0, 1, 0, 0, 0]"
890,MalTerms,terms addstring string using camelcasescanner new.,0,terms addstring string using camelcasescanner new. | MalTerms,"[0, 1, 0, 0, 0, 0]"
894,ManifestFamixPharoSmalltalkEntities,i store metadata for this package.,0,i store metadata for this package. | ManifestFamixPharoSmalltalkEntities,"[0, 0, 1, 0, 0, 0]"
896,ManifestMooseQuery,i store metadata for this package.,0,i store metadata for this package. | ManifestMooseQuery,"[0, 0, 1, 0, 0, 0]"
900,MooseCustomTask,moosecustomtask is a task perform some computation specified as a block.,0,moosecustomtask is a task perform some computation specified as a block. | MooseCustomTask,"[0, 0, 0, 1, 0, 0]"
901,MooseCustomTask,the main api is then,0,the main api is then | MooseCustomTask,"[0, 0, 0, 0, 1, 0]"
902,MooseCustomTask,with ablock description adescription length anumber,0,with ablock description adescription length anumber | MooseCustomTask,"[0, 0, 0, 0, 1, 0]"
904,MooseEntity,"any moose entity should answer its mooseid, its moosename and its moosemodel.",0,"any moose entity should answer its mooseid, its moosename and its moosemodel. | MooseEntity","[0, 0, 0, 0, 1, 0]"
906,MooseEntity,the state instance variable provides a mechanism for extending the state of entities.,0,the state instance variable provides a mechanism for extending the state of entities. | MooseEntity,"[0, 1, 0, 0, 0, 0]"
907,MooseEntity,this is achieved through mooseentitystate.,0,this is achieved through mooseentitystate. | MooseEntity,"[0, 1, 0, 0, 0, 0]"
908,MooseEntity,"using this mechanism, a package can extend an entity to add more state.",0,"using this mechanism, a package can extend an entity to add more state. | MooseEntity","[0, 1, 0, 0, 0, 0]"
910,MooseEntity,this is an important mechanism to enable extensibility and modularity.,0,this is an important mechanism to enable extensibility and modularity. | MooseEntity,"[0, 1, 0, 0, 0, 0]"
912,MooseEntity,yourentity yourextendingattribute,0,yourentity yourextendingattribute | MooseEntity,"[0, 1, 0, 0, 0, 0]"
914,MooseEntity,see mooseentitystate for more information,0,see mooseentitystate for more information | MooseEntity,"[0, 1, 0, 0, 0, 0]"
915,MooseEntity,meta descriptions,0,meta descriptions | MooseEntity,"[0, 1, 0, 0, 0, 0]"
916,MooseEntity,entities should also be meta described in terms of fame.,0,entities should also be meta described in terms of fame. | MooseEntity,"[0, 1, 0, 0, 0, 0]"
917,MooseEntity,this is achieved by means of pragmas,0,this is achieved by means of pragmas | MooseEntity,"[0, 1, 0, 0, 0, 0]"
918,MooseEntity,"first, on the class side, you should have a method .",0,"first, on the class side, you should have a method . | MooseEntity","[0, 1, 0, 0, 0, 0]"
922,MooseEntity,package yourpackage,0,package yourpackage | MooseEntity,"[0, 1, 0, 0, 0, 0]"
924,MooseEntity,the pragma mseproperty type must be placed in the getter method to denote a fame property.,0,the pragma mseproperty type must be placed in the getter method to denote a fame property. | MooseEntity,"[0, 1, 0, 0, 0, 0]"
925,MooseEntity,for example,0,for example | MooseEntity,"[0, 1, 0, 0, 0, 0]"
928,MooseEntity,msecomment this is an attribute extended in a different package,0,msecomment this is an attribute extended in a different package | MooseEntity,"[0, 1, 0, 0, 0, 0]"
929,MooseEntity,^ self privatestate attributeat #yourextendingattribute,0,^ self privatestate attributeat #yourextendingattribute | MooseEntity,"[0, 1, 0, 0, 0, 0]"
930,MooseEntity,important api,0,important api | MooseEntity,"[0, 0, 0, 0, 1, 0]"
931,MooseEntity,mooseid is an integer that uniquely identifies this entity within the entire moose environment.,0,mooseid is an integer that uniquely identifies this entity within the entire moose environment. | MooseEntity,"[0, 0, 0, 0, 1, 0]"
933,MooseEntity,it is generated automatically during the creation of the mooseentity.,0,it is generated automatically during the creation of the mooseentity. | MooseEntity,"[0, 0, 0, 0, 1, 0]"
935,MooseEntity,it may be nil if the entity is not part of a model.,0,it may be nil if the entity is not part of a model. | MooseEntity,"[0, 0, 0, 0, 1, 0]"
938,MooseEntity,moosename returns a symbol that should qualify the current entity.,0,moosename returns a symbol that should qualify the current entity. | MooseEntity,"[0, 0, 0, 0, 1, 0]"
939,MooseEntity,it does not have to be unique,0,it does not have to be unique | MooseEntity,"[0, 0, 0, 0, 1, 0]"
946,TDependencyQueries,description,0,description | TDependencyQueries,"[0, 0, 1, 0, 0, 0]"
947,TDependencyQueries,"this trait provides a common, paradigm agnostic vocabulary to query dependencies of software entities.",0,"this trait provides a common, paradigm agnostic vocabulary to query dependencies of software entities. | TDependencyQueries","[0, 0, 1, 0, 0, 0]"
949,TDependencyQueries,the api offer the possibility to query an entity with three parameters,0,the api offer the possibility to query an entity with three parameters | TDependencyQueries,"[0, 0, 0, 0, 1, 0]"
951,TDependencyQueries,"the kind of association famixacces, famixreference, all.",0,"the kind of association famixacces, famixreference, all. | TDependencyQueries","[0, 0, 0, 0, 1, 0]"
952,TDependencyQueries,"the scope of the query the receiver, the receiver and its children",0,"the scope of the query the receiver, the receiver and its children | TDependencyQueries","[0, 0, 0, 0, 1, 0]"
955,TDependencyQueries,this symbol will be used to find a moosequeryabstactdirectionstrategy to configure a moosequerycalculator.,0,this symbol will be used to find a moosequeryabstactdirectionstrategy to configure a moosequerycalculator. | TDependencyQueries,"[1, 0, 0, 0, 0, 0]"
956,TDependencyQueries,public api and key messages,0,public api and key messages | TDependencyQueries,"[0, 0, 0, 0, 1, 0]"
957,TDependencyQueries,#query asymbol with afamixassociation looks for the associations of the kind afamixassociation in the direction described by the symbol in the receiver and its children.,0,#query asymbol with afamixassociation looks for the associations of the kind afamixassociation in the direction described by the symbol in the receiver and its children. | TDependencyQueries,"[0, 0, 0, 0, 1, 0]"
958,TDependencyQueries,#querylocal asymbol with afamixassociation looks for the associations of the kind afamixassociation in the direction described by the symbol in the receiver.,0,#querylocal asymbol with afamixassociation looks for the associations of the kind afamixassociation in the direction described by the symbol in the receiver. | TDependencyQueries,"[0, 0, 0, 0, 1, 0]"
959,TDependencyQueries,#queryall asymbol looks for the associations in the direction described by the symbol in the receiver and its children.,0,#queryall asymbol looks for the associations in the direction described by the symbol in the receiver and its children. | TDependencyQueries,"[0, 0, 0, 0, 1, 0]"
960,TDependencyQueries,examples,0,examples | TDependencyQueries,"[0, 1, 0, 0, 0, 0]"
969,TDependencyQueries,afamixclass queryall #in.,0,afamixclass queryall #in. | TDependencyQueries,"[0, 1, 0, 0, 0, 0]"
971,TDependencyQueries,afamixmethod queryall #out.,0,afamixmethod queryall #out. | TDependencyQueries,"[0, 1, 0, 0, 0, 0]"
975,TDependencyQueries,afamixmethod queryalllocal #out.,0,afamixmethod queryalllocal #out. | TDependencyQueries,"[0, 1, 0, 0, 0, 0]"
978,PPDebugParser,a ppdebugparser is a parser that traces all the progress and returns special object that can be browsed to see how the parsing advanced over a time.,0,a ppdebugparser is a parser that traces all the progress and returns special object that can be browsed to see how the parsing advanced over a time. | PPDebugParser,"[0, 0, 1, 1, 0, 0]"
979,PPDebugParser,used by adding enabledebug before parsing.,0,used by adding enabledebug before parsing. | PPDebugParser,"[0, 0, 0, 0, 0, 1]"
980,PPDebugParser,root result of root parser,0,root result of root parser | PPDebugParser,"[0, 0, 0, 0, 1, 0]"
985,PPLiteralParser,abstract literal parser that parses some kind of literal type to be specified by subclasses .,0,abstract literal parser that parses some kind of literal type to be specified by subclasses . | PPLiteralParser,"[0, 0, 0, 1, 0, 1]"
986,PPNonEmptyParser,"i return failure, if the delegate parser did not consumed any input.",0,"i return failure, if the delegate parser did not consumed any input. | PPNonEmptyParser","[0, 0, 1, 0, 0, 0]"
993,PPScriptingTest,these are some simple demo scripts of parser combinators for the compiler construction course.,0,these are some simple demo scripts of parser combinators for the compiler construction course. | PPScriptingTest,"[0, 0, 0, 1, 0, 0]"
994,PPSea,a ppisland allows for imprecise parsing.,0,a ppisland allows for imprecise parsing. | PPSea,"[0, 0, 1, 0, 1, 0]"
995,PPSea,one can create it on a parser p by calling p island eg,0,one can create it on a parser p by calling p island eg | PPSea,"[0, 0, 1, 0, 1, 0]"
996,PPSea,"p x, a island, y accepts following inputs",0,"p x, a island, y accepts following inputs | PPSea","[0, 1, 0, 0, 1, 0]"
1000,PPSea,xab,0,xab | PPSea,"[0, 1, 0, 0, 0, 0]"
1003,PPSea,c,0,c | PPSea,"[0, 1, 0, 0, 0, 0]"
1005,PPSea,xac,0,xac | PPSea,"[0, 1, 0, 0, 0, 0]"
1006,PPSea,x^^b..,0,x^^b.. | PPSea,"[0, 1, 0, 0, 0, 0]"
1007,PPSea,a^^^^b,0,a^^^^b | PPSea,"[0, 1, 0, 0, 0, 0]"
1008,PPSea,the input represented by dots is called water and water can appear before and after the island.,0,the input represented by dots is called water and water can appear before and after the island. | PPSea,"[0, 1, 0, 0, 1, 0]"
1009,PPSea,"use it, if you don t want to define all the grammar rules and you want to skip something.",0,"use it, if you don t want to define all the grammar rules and you want to skip something. | PPSea","[0, 1, 0, 0, 0, 0]"
1011,PPSea,afterwaterparser object,0,afterwaterparser object | PPSea,"[0, 0, 0, 0, 1, 0]"
1012,PPSea,awp object,0,awp object | PPSea,"[0, 0, 0, 0, 1, 0]"
1013,PPSea,beforewaterparser object,0,beforewaterparser object | PPSea,"[0, 0, 0, 0, 1, 0]"
1014,PPSea,bwp object,0,bwp object | PPSea,"[0, 0, 0, 0, 1, 0]"
1015,PPSea,context object,0,context object | PPSea,"[0, 0, 0, 0, 1, 0]"
1021,PPSea,beforewaterparser,0,beforewaterparser | PPSea,"[0, 0, 0, 0, 1, 0]"
1023,PPSea,bwp,0,bwp | PPSea,"[0, 0, 0, 0, 1, 0]"
1027,PPSea,island,0,island | PPSea,"[0, 0, 0, 0, 1, 0]"
1029,PPXPathFilter,i m a node filter.,0,i m a node filter. | PPXPathFilter,"[0, 0, 0, 1, 0, 0]"
1030,PPXPathFilter,a xpath node applies me to filter xml elements.,0,a xpath node applies me to filter xml elements. | PPXPathFilter,"[0, 0, 1, 0, 0, 0]"
1031,ChrysalPillarishConfiguration,i m a pillar specific class to manage code not generated for the configuration class.,0,i m a pillar specific class to manage code not generated for the configuration class. | ChrysalPillarishConfiguration,"[0, 0, 1, 1, 0, 0]"
1032,PRAbstractCommand,i m an object managing configuration.,0,i m an object managing configuration. | PRAbstractCommand,"[0, 0, 0, 1, 0, 0]"
1033,PRAbstractCommand,i m usually invoked from a command line but not only.,0,i m usually invoked from a command line but not only. | PRAbstractCommand,"[0, 0, 1, 0, 0, 0]"
1034,PRAbstractCommand,my main entry point is,0,my main entry point is | PRAbstractCommand,"[0, 1, 0, 0, 0, 0]"
1036,PRAbstractCommand,when you type on the command line,0,when you type on the command line | PRAbstractCommand,"[0, 1, 0, 0, 0, 0]"
1037,PRAbstractCommand,pharo ui pillar^image pillar export to latex chapters chapter1 chapter1^pillar,0,pharo ui pillar^image pillar export to latex chapters chapter1 chapter1^pillar | PRAbstractCommand,"[0, 1, 0, 0, 0, 0]"
1038,PRAbstractCommand,you can obtain the same doing,0,you can obtain the same doing | PRAbstractCommand,"[0, 1, 0, 0, 0, 0]"
1040,PRAbstractCommand,createconfiguration pillar^conf,0,createconfiguration pillar^conf | PRAbstractCommand,"[0, 1, 0, 0, 0, 0]"
1041,PRAbstractCommand,basedirectory filesystem workingdirectory,0,basedirectory filesystem workingdirectory | PRAbstractCommand,"[0, 1, 0, 0, 0, 0]"
1042,PRAbstractCommand,argdictionary,0,argdictionary | PRAbstractCommand,"[0, 1, 0, 0, 0, 0]"
1045,PRAbstractCommand,asdictionary,0,asdictionary | PRAbstractCommand,"[0, 1, 0, 0, 0, 0]"
1047,PRBashScriptLanguage,bash scripting language,0,bash scripting language | PRBashScriptLanguage,"[0, 0, 0, 1, 0, 0]"
1048,PRBookTesterVisitor,i am a visitor specialized in visiting books and testing their code.,0,i am a visitor specialized in visiting books and testing their code. | PRBookTesterVisitor,"[0, 0, 0, 1, 0, 1]"
1049,PRBookTesterVisitor,"therefore, i only redefine visitcodeblock and specify it with the different parameters the codelock may have.",0,"therefore, i only redefine visitcodeblock and specify it with the different parameters the codelock may have. | PRBookTesterVisitor","[0, 0, 1, 0, 0, 0]"
1054,PRBookTesterVisitor,checkandreportfilenamed starts the visit in a given file.,0,checkandreportfilenamed starts the visit in a given file. | PRBookTesterVisitor,"[0, 0, 0, 0, 1, 0]"
1055,PRDocumentListAnnotation,i am class representing a documentlistannotation.,0,i am class representing a documentlistannotation. | PRDocumentListAnnotation,"[0, 0, 0, 1, 0, 0]"
1060,PRDocumentListAnnotation,then abstracts will alternately change templates if you specified mutliple directories.,0,then abstracts will alternately change templates if you specified mutliple directories. | PRDocumentListAnnotation,"[0, 0, 1, 0, 0, 0]"
1062,PRDocumentListAnnotation,with templates the annotation is remplaced by a raw document in html.,0,with templates the annotation is remplaced by a raw document in html. | PRDocumentListAnnotation,"[0, 0, 1, 0, 0, 0]"
1063,PRDocumentListAnnotation,"for templates values, you can not specify directories, only ^mustache files.",0,"for templates values, you can not specify directories, only ^mustache files. | PRDocumentListAnnotation","[0, 0, 1, 0, 0, 0]"
1064,PRDocumentListAnnotation,you have to specify complete path starting from the project directory.,0,you have to specify complete path starting from the project directory. | PRDocumentListAnnotation,"[0, 0, 1, 0, 0, 0]"
1065,PRDocumentListAnnotation,"also for the path, the complete path from the project directory.",0,"also for the path, the complete path from the project directory. | PRDocumentListAnnotation","[0, 1, 0, 0, 0, 0]"
1066,PRDocumentListAnnotation,doclist path blogs limit 3 sort date templates # templates docarticle^mustache templates template^mustache,0,doclist path blogs limit 3 sort date templates # templates docarticle^mustache templates template^mustache | PRDocumentListAnnotation,"[0, 1, 0, 0, 0, 0]"
1067,PRDocumentListAnnotation,doclist path wrongdirectory limit 3 sort date templates # templates docarticle^mustache templates template^mustache should raise an error,0,doclist path wrongdirectory limit 3 sort date templates # templates docarticle^mustache templates template^mustache should raise an error | PRDocumentListAnnotation,"[0, 1, 0, 0, 0, 0]"
1068,PRFootnote,"i am a footnote, you can create me with",0,"i am a footnote, you can create me with | PRFootnote","[0, 0, 0, 1, 0, 0]"
1069,PRFootnote,noted astring,0,noted astring | PRFootnote,"[0, 1, 0, 0, 0, 0]"
1071,PRHeadingLevelOffsetTransformer,convert from the level of a pillar heading to the level of heading in the exported document.,0,convert from the level of a pillar heading to the level of heading in the exported document. | PRHeadingLevelOffsetTransformer,"[0, 0, 1, 0, 0, 0]"
1077,PRHTMLScriptLanguage,hypertext markup language,0,hypertext markup language | PRHTMLScriptLanguage,"[0, 0, 0, 1, 0, 0]"
1078,PRInputFileAnnotation,i include a reference to a pillar file.,0,i include a reference to a pillar file. | PRInputFileAnnotation,"[0, 0, 1, 0, 0, 0]"
1079,PRInputFileAnnotation,with me we can add a transformation to remplace an annotation to a pillar file by his tree.,0,with me we can add a transformation to remplace an annotation to a pillar file by his tree. | PRInputFileAnnotation,"[0, 0, 1, 0, 0, 0]"
1080,PRInputFileAnnotation,my tag is inputfile .,0,my tag is inputfile . | PRInputFileAnnotation,"[0, 0, 0, 0, 1, 0]"
1082,PRInputFileAnnotation,"a path to a file with the key value required, you can write it without the key",0,"a path to a file with the key value required, you can write it without the key | PRInputFileAnnotation","[0, 0, 0, 0, 1, 0]"
1083,PRInputFileAnnotation,examples,0,examples | PRInputFileAnnotation,"[0, 1, 0, 0, 0, 0]"
1084,PRInputFileAnnotation,inputfile myfile^pillar,0,inputfile myfile^pillar | PRInputFileAnnotation,"[0, 1, 0, 0, 0, 0]"
1085,PRInputFileAnnotation,inputfile value directory myfile^pillar,0,inputfile value directory myfile^pillar | PRInputFileAnnotation,"[0, 1, 0, 0, 0, 0]"
1089,PRList,"i represent the abstraction over ordered, unordered html or latex list.",0,"i represent the abstraction over ordered, unordered html or latex list. | PRList","[0, 0, 0, 1, 0, 0]"
1090,PRMarkdownWriter,i am a writer for commonmark,0,i am a writer for commonmark | PRMarkdownWriter,"[0, 0, 0, 1, 0, 0]"
1099,PRParseWarning,i am a warning for the parse of a pillar file.,0,i am a warning for the parse of a pillar file. | PRParseWarning,"[0, 0, 0, 1, 0, 0]"
1100,PRPhase,i am an abstract class to describe a phase of an export.,0,i am an abstract class to describe a phase of an export. | PRPhase,"[0, 0, 0, 1, 0, 0]"
1101,PRPhase,"a phase takes an input, transforms it and returns an output.",0,"a phase takes an input, transforms it and returns an output. | PRPhase","[0, 0, 1, 0, 0, 0]"
1104,PRPhase,to create a new phase you have to define its prority as a class method then to define the action of the phase with a method actionon aninput.,0,to create a new phase you have to define its prority as a class method then to define the action of the phase with a method actionon aninput. | PRPhase,"[0, 1, 0, 0, 0, 0]"
1106,PRPhase,you can also add some transformations to the output like,0,you can also add some transformations to the output like | PRPhase,"[0, 1, 0, 0, 0, 0]"
1110,PRPhase,do each,0,do each | PRPhase,"[0, 1, 0, 0, 0, 0]"
1112,PRPhase,configuration self configuration,0,configuration self configuration | PRPhase,"[0, 1, 0, 0, 0, 0]"
1115,PRPillarParserMain,i m responsible for starting the parsing process of a pillar document.,0,i m responsible for starting the parsing process of a pillar document. | PRPillarParserMain,"[0, 0, 1, 0, 0, 0]"
1120,PRPillarParserOld,i am a parser for a pillar syntax.,0,i am a parser for a pillar syntax. | PRPillarParserOld,"[0, 0, 0, 1, 0, 0]"
1122,PRPreformatted,i am preformatted text or source code.,0,i am preformatted text or source code. | PRPreformatted,"[0, 0, 0, 1, 0, 0]"
1128,PRScreenshotAnnotation,package the targetted package,0,package the targetted package | PRScreenshotAnnotation,"[0, 0, 0, 0, 1, 0]"
1130,PRScreenshotAnnotation,method the targetted method,0,method the targetted method | PRScreenshotAnnotation,"[0, 0, 0, 0, 1, 0]"
1132,PRScreenshotAnnotation,width prfigure width as would be used in a more classic figure inclusion with caption .,0,width prfigure width as would be used in a more classic figure inclusion with caption . | PRScreenshotAnnotation,"[0, 0, 0, 0, 1, 0]"
1134,PRScreenshotAnnotation,label prfigure label as would be used in a more classic figure inclusion with caption .,0,label prfigure label as would be used in a more classic figure inclusion with caption . | PRScreenshotAnnotation,"[0, 0, 0, 0, 1, 0]"
1135,PRScreenshotAnnotation,file label aa,0,file label aa | PRScreenshotAnnotation,"[0, 0, 0, 0, 1, 0]"
1138,PRShowClassTransformer,i am a transformer for the showclass annotation.,0,i am a transformer for the showclass annotation. | PRShowClassTransformer,"[0, 0, 0, 1, 0, 0]"
1139,PRShowClassTransformer,i know how to visit a showclass annotation and the way to transform it.,0,i know how to visit a showclass annotation and the way to transform it. | PRShowClassTransformer,"[0, 0, 1, 0, 0, 0]"
1141,PRSyntaxError,an error about syntax,0,an error about syntax | PRSyntaxError,"[0, 0, 0, 1, 0, 0]"
1143,PRUnorderedList,i am typically used for unnumbered lists,0,i am typically used for unnumbered lists | PRUnorderedList,"[0, 0, 0, 0, 0, 1]"
1144,PRWatcher,a class to watch served sites.,0,a class to watch served sites. | PRWatcher,"[0, 0, 1, 1, 0, 0]"
1145,PRWatcher,"each 5 seconds, the website is regenerated",0,"each 5 seconds, the website is regenerated | PRWatcher","[0, 0, 1, 0, 0, 0]"
1146,PMAccuracy,accuracy is a framework for testing the numerical accuracy of the results of methods.,0,accuracy is a framework for testing the numerical accuracy of the results of methods. | PMAccuracy,"[0, 0, 1, 1, 0, 0]"
1148,PMAM3Stepper,it is stepper for adams moulton method of order 3.,0,it is stepper for adams moulton method of order 3. | PMAM3Stepper,"[0, 0, 0, 1, 0, 0]"
1149,PMAM3Stepper,an s step adams moulton method can reach order s 1.,0,an s step adams moulton method can reach order s 1. | PMAM3Stepper,"[0, 0, 1, 0, 0, 0]"
1153,PMExponentialGenerator,"a pmexponentialgenerator uses a uniform random variable in 0,1 to sample from an exponential distribution.",0,"a pmexponentialgenerator uses a uniform random variable in 0,1 to sample from an exponential distribution. | PMExponentialGenerator","[0, 0, 0, 1, 0, 0]"
1155,PMExponentialGenerator,"the default randomgenerator is pmrandom, but can be modified.",0,"the default randomgenerator is pmrandom, but can be modified. | PMExponentialGenerator","[0, 0, 0, 0, 1, 0]"
1159,PMGradient,computes the gradient of a function of a collection of numbers.,0,computes the gradient of a function of a collection of numbers. | PMGradient,"[0, 0, 1, 0, 0, 0]"
1160,PMGradient,"example f x,y x^2 y",0,"example f x,y x^2 y | PMGradient","[0, 1, 0, 0, 0, 0]"
1162,PMGradient,g value # 3 2 .,0,g value # 3 2 . | PMGradient,"[0, 1, 0, 0, 0, 0]"
1164,PMGradient,g value # 1 1 .,0,g value # 1 1 . | PMGradient,"[0, 1, 0, 0, 0, 0]"
1165,PMGradient,# 2 1,0,# 2 1 | PMGradient,"[0, 1, 0, 0, 0, 0]"
1166,PMImplicitAnnouncer,an implicitannouncer is used by odesolver to announce step results implicitsolverannouncement .,0,an implicitannouncer is used by odesolver to announce step results implicitsolverannouncement . | PMImplicitAnnouncer,"[0, 0, 0, 1, 0, 1]"
1169,PMKolmogorovSmirnov1Sample,"#ksstatistic returns kolmogorovs d, calculated as the maximum of d and d , iow it does not !",0,"#ksstatistic returns kolmogorovs d, calculated as the maximum of d and d , iow it does not ! | PMKolmogorovSmirnov1Sample","[0, 0, 0, 0, 1, 0]"
1170,PMKolmogorovSmirnov1Sample,use d max f y i i n .,0,use d max f y i i n . | PMKolmogorovSmirnov1Sample,"[0, 0, 0, 0, 1, 0]"
1171,PMKolmogorovSmirnov1Sample,see eg http www^itl.nist^gov div898 handbook eda section3 eda35g^htm why this would be wrong.,0,see eg http www^itl.nist^gov div898 handbook eda section3 eda35g^htm why this would be wrong. | PMKolmogorovSmirnov1Sample,"[0, 0, 0, 0, 1, 0]"
1172,PMKolmogorovSmirnov1Sample,#pvalue returns the probability of getting a d ksstatistic .,0,#pvalue returns the probability of getting a d ksstatistic . | PMKolmogorovSmirnov1Sample,"[0, 0, 0, 0, 1, 0]"
1175,PMKolmogorovSmirnov1Sample,nd dhbnormaldistribution new.,0,nd dhbnormaldistribution new. | PMKolmogorovSmirnov1Sample,"[0, 1, 0, 0, 0, 0]"
1177,PMKolmogorovSmirnov1Sample,ks kolmogorovsmirnov comparedata 1 to 100 collect i nd random withdistribution nd.,0,ks kolmogorovsmirnov comparedata 1 to 100 collect i nd random withdistribution nd. | PMKolmogorovSmirnov1Sample,"[0, 1, 0, 0, 0, 0]"
1180,PMLineSearch,i implement line search algorithm to find the minimum of a function g x 0 on the interval 0 x 1.,0,i implement line search algorithm to find the minimum of a function g x 0 on the interval 0 x 1. | PMLineSearch,"[0, 0, 1, 1, 0, 0]"
1181,PMLineSearch,"the method is initialized by g 0 , g 1 and g 0 .",0,"the method is initialized by g 0 , g 1 and g 0 . | PMLineSearch","[0, 0, 1, 0, 0, 0]"
1182,PMLineSearch,"the step from x 0 to x 1 suppose to minimize g x i^eg 0 0 , but due to nonlinearity of g x might fail to do so.",0,"the step from x 0 to x 1 suppose to minimize g x i^eg 0 0 , but due to nonlinearity of g x might fail to do so. | PMLineSearch","[1, 0, 0, 0, 0, 0]"
1183,PMLineSearch,"in this case, this method finds such an x that this function is minimized in the sense",0,"in this case, this method finds such an x that this function is minimized in the sense | PMLineSearch","[1, 0, 0, 0, 0, 0]"
1185,PMLineSearch,for some small alpha defaults to 1e 4 .,0,for some small alpha defaults to 1e 4 . | PMLineSearch,"[1, 0, 0, 0, 0, 0]"
1189,PMLineSearch,"where funblock is the implementation of g x , g0 g 0 , dg0 g 0 and g1 g 0 .",0,"where funblock is the implementation of g x , g0 g 0 , dg0 g 0 and g1 g 0 . | PMLineSearch","[0, 1, 0, 0, 0, 0]"
1192,PMLineSearch,storedmethod setfunction funblock.,0,storedmethod setfunction funblock. | PMLineSearch,"[0, 1, 0, 0, 0, 0]"
1193,PMLineSearch,storedmethod setvalueatzero g0 derivativeatzero dg0 valueatone g1.,0,storedmethod setvalueatzero g0 derivativeatzero dg0 valueatone g1. | PMLineSearch,"[0, 1, 0, 0, 0, 0]"
1195,PMLineSearch,optimization tip!!!,0,optimization tip!!! | PMLineSearch,"[1, 0, 0, 0, 0, 0]"
1196,PMLineSearch,it is guaranteed that g x will be called on the resulting x.,0,it is guaranteed that g x will be called on the resulting x. | PMLineSearch,"[1, 0, 0, 0, 0, 0]"
1197,PMLineSearch,see dhbnewtonzerofinder pmnewtonzerofinder that uses this to minimize the number of function evaluations.,0,see dhbnewtonzerofinder pmnewtonzerofinder that uses this to minimize the number of function evaluations. | PMLineSearch,"[1, 0, 0, 0, 0, 0]"
1198,PMMatrix,i represent a mathematical matrix.,0,i represent a mathematical matrix. | PMMatrix,"[0, 0, 0, 1, 0, 0]"
1199,PMMatrix,i can be build from rows as follows,0,i can be build from rows as follows | PMMatrix,"[0, 1, 0, 0, 0, 0]"
1200,PMMatrix,pmmatrix rows # 1 2 3 4 5 6 .,0,pmmatrix rows # 1 2 3 4 5 6 . | PMMatrix,"[0, 1, 0, 0, 0, 0]"
1201,PMMatrix,i understand the usual matrix operations.,0,i understand the usual matrix operations. | PMMatrix,"[0, 0, 0, 0, 1, 0]"
1204,PMODESolver,solve system x0 astate t0 starttime t1 endtime,0,solve system x0 astate t0 starttime t1 endtime | PMODESolver,"[0, 0, 0, 0, 1, 0]"
1205,PMODESolver,announcements are made when a step is taken.,0,announcements are made when a step is taken. | PMODESolver,"[1, 0, 0, 0, 0, 0]"
1207,PMSciKitLearnSVDFlipAlgorithmTest,this is the test class that exercises scikit learn eigenvector flip algorithm,0,this is the test class that exercises scikit learn eigenvector flip algorithm | PMSciKitLearnSVDFlipAlgorithmTest,"[0, 0, 1, 1, 0, 0]"
1209,PMStateTime,it holds both a state and a time.,0,it holds both a state and a time. | PMStateTime,"[0, 0, 1, 0, 0, 0]"
1210,PMStateTime,"we don t want to use point, since state may be a vector quantity, and the behavior of array @ number is a little off it stores points in an array, what we want is the array itself in state, and the scalar quantity in time .",0,"we don t want to use point, since state may be a vector quantity, and the behavior of array @ number is a little off it stores points in an array, what we want is the array itself in state, and the scalar quantity in time . | PMStateTime","[1, 0, 0, 0, 0, 0]"
1211,PMStepper,basic steppers execute one timestep of a specific order with a given stepsize.,0,basic steppers execute one timestep of a specific order with a given stepsize. | PMStepper,"[0, 0, 1, 1, 0, 0]"
1213,PMStepper,steppers perform one single step.,0,steppers perform one single step. | PMStepper,"[1, 0, 0, 0, 0, 0]"
1214,PMStepper,the most general stepper type is described by the stepper concept.,0,the most general stepper type is described by the stepper concept. | PMStepper,"[0, 0, 0, 0, 0, 1]"
1216,GLMRoassal2MorphicTest,a glmroassalmorphictest is xxxxxxxxx.,0,a glmroassalmorphictest is xxxxxxxxx. | GLMRoassal2MorphicTest,"[0, 0, 0, 1, 0, 0]"
1220,RTAbstractExample,i am the super class of all the roassal examples.,0,i am the super class of all the roassal examples. | RTAbstractExample,"[0, 0, 0, 1, 0, 0]"
1221,RTAbstractExample,try to use this script to know the excecution of roassal examples,0,try to use this script to know the excecution of roassal examples | RTAbstractExample,"[0, 1, 0, 0, 0, 0]"
1222,RTAbstractExample,examples errors,0,examples errors | RTAbstractExample,"[0, 1, 0, 0, 0, 0]"
1223,RTAbstractExample,examples orderedcollection new.,0,examples orderedcollection new. | RTAbstractExample,"[0, 1, 0, 0, 0, 0]"
1226,RTAbstractExample,do example,0,do example | RTAbstractExample,"[0, 1, 0, 0, 0, 0]"
1227,RTAbstractExample,example gtexamples do met time builder,0,example gtexamples do met time builder | RTAbstractExample,"[0, 1, 0, 0, 0, 0]"
1228,RTAbstractExample,time dateandtime now.,0,time dateandtime now. | RTAbstractExample,"[0, 1, 0, 0, 0, 0]"
1229,RTAbstractExample,builder example perform met selector.,0,builder example perform met selector. | RTAbstractExample,"[0, 1, 0, 0, 0, 0]"
1231,RTAbstractExample,iftrue builder build .,0,iftrue builder build . | RTAbstractExample,"[0, 1, 0, 0, 0, 0]"
1232,RTAbstractExample,time dateandtime now time.,0,time dateandtime now time. | RTAbstractExample,"[0, 1, 0, 0, 0, 0]"
1233,RTAbstractExample,time 1 asduration,0,time 1 asduration | RTAbstractExample,"[0, 1, 0, 0, 0, 0]"
1234,RTAbstractExample,iftrue examples add met time,0,iftrue examples add met time | RTAbstractExample,"[0, 1, 0, 0, 0, 0]"
1235,RTAbstractExample,on error do errors add met,0,on error do errors add met | RTAbstractExample,"[0, 1, 0, 0, 0, 0]"
1236,RTAbstractExample,displayingprogress running examples .,0,displayingprogress running examples . | RTAbstractExample,"[0, 1, 0, 0, 0, 0]"
1237,RTAbstractExample,examples errors,0,examples errors | RTAbstractExample,"[0, 1, 0, 0, 0, 0]"
1238,RTAbstractStackedDataSet,a data set is a set of points intended to be charted.,0,a data set is a set of points intended to be charted. | RTAbstractStackedDataSet,"[0, 0, 0, 1, 0, 0]"
1239,RTAbstractStackedDataSet,a data set has to be added to a rtgrapher.,0,a data set has to be added to a rtgrapher. | RTAbstractStackedDataSet,"[0, 0, 0, 0, 0, 1]"
1240,RTAbstractTreeBuilder,i am a base class for some builders of roassal like,0,i am a base class for some builders of roassal like | RTAbstractTreeBuilder,"[0, 0, 0, 1, 0, 1]"
1245,RTAttachPoint,i am the superclass of the class hierarchy describing attach points.,0,i am the superclass of the class hierarchy describing attach points. | RTAttachPoint,"[0, 0, 0, 1, 0, 0]"
1246,RTAttachPoint,an attach point indicates where lines start and end.,0,an attach point indicates where lines start and end. | RTAttachPoint,"[0, 0, 1, 0, 0, 0]"
1249,RTAxisRenderer,it simply render in a view an axis configuration,0,it simply render in a view an axis configuration | RTAxisRenderer,"[0, 0, 1, 0, 0, 1]"
1250,RTBezier3Line,describe a cubic bezier spline,0,describe a cubic bezier spline | RTBezier3Line,"[0, 0, 1, 0, 0, 0]"
1252,RTBezier3Line,v rtview new.,0,v rtview new. | RTBezier3Line,"[0, 1, 0, 0, 0, 0]"
1253,RTBezier3Line,s rtellipse new color color red alpha 04 size 30.,0,s rtellipse new color color red alpha 04 size 30. | RTBezier3Line,"[0, 1, 0, 0, 0, 0]"
1254,RTBezier3Line,e1 s elementon begin .,0,e1 s elementon begin . | RTBezier3Line,"[0, 1, 0, 0, 0, 0]"
1255,RTBezier3Line,e2 s elementon end .,0,e2 s elementon end . | RTBezier3Line,"[0, 1, 0, 0, 0, 0]"
1257,RTBezier3Line,lineshape rtbezier3line new.,0,lineshape rtbezier3line new. | RTBezier3Line,"[0, 1, 0, 0, 0, 0]"
1258,RTBezier3Line,lineshape controlelement e3.,0,lineshape controlelement e3. | RTBezier3Line,"[0, 1, 0, 0, 0, 0]"
1259,RTBezier3Line,lineshape attachpoint rtshorterdistanceattachpoint instance .,0,lineshape attachpoint rtshorterdistanceattachpoint instance . | RTBezier3Line,"[0, 1, 0, 0, 0, 0]"
1260,RTBezier3Line,edge lineshape edgefrom e1 to e2.,0,edge lineshape edgefrom e1 to e2. | RTBezier3Line,"[0, 1, 0, 0, 0, 0]"
1261,RTBezier3Line,v add e1 add e2 add e3 add edge.,0,v add e1 add e2 add e3 add edge. | RTBezier3Line,"[0, 1, 0, 0, 0, 0]"
1265,RTBezier3Line,e2 translateby 80 @ 50.,0,e2 translateby 80 @ 50. | RTBezier3Line,"[0, 1, 0, 0, 0, 0]"
1267,RTBezier3Line,v,0,v | RTBezier3Line,"[0, 1, 0, 0, 0, 0]"
1271,RTBox,a rtbox is a rectangular box.,0,a rtbox is a rectangular box. | RTBox,"[0, 0, 0, 1, 0, 0]"
1272,RTBox,"eg,",0,"eg, | RTBox","[0, 1, 0, 0, 0, 0]"
1273,RTBox,v,0,v | RTBox,"[0, 1, 0, 0, 0, 0]"
1274,RTBox,v rtview new.,0,v rtview new. | RTBox,"[0, 1, 0, 0, 0, 0]"
1276,RTBox,v open,0,v open | RTBox,"[0, 1, 0, 0, 0, 0]"
1277,RTBucketColor,a scale of elements is discretized into buckets where elements of each bucket is associated to an element.,0,a scale of elements is discretized into buckets where elements of each bucket is associated to an element. | RTBucketColor,"[0, 0, 1, 0, 0, 0]"
1278,RTBucketColor,the buckets are formed by creating partitions uniformly.,0,the buckets are formed by creating partitions uniformly. | RTBucketColor,"[0, 0, 1, 0, 0, 0]"
1279,RTCalendarExample,rtcalendarexample new installtitle visualizationcsv,0,rtcalendarexample new installtitle visualizationcsv | RTCalendarExample,"[0, 1, 0, 0, 0, 0]"
1280,RTCalendarExample,code,0,code | RTCalendarExample,"[0, 1, 0, 0, 0, 0]"
1281,RTCalendarExample,b tab colors dictionary,0,b tab colors dictionary | RTCalendarExample,"[0, 1, 0, 0, 0, 0]"
1282,RTCalendarExample,"tab rttabtable new input http bl^ocks.org mbostock raw 4063318 dji^csv asurl retrievecontents usingdelimiter ,.",0,"tab rttabtable new input http bl^ocks.org mbostock raw 4063318 dji^csv asurl retrievecontents usingdelimiter ,. | RTCalendarExample","[0, 1, 0, 0, 0, 0]"
1283,RTCalendarExample,tab removefirstrow.,0,tab removefirstrow. | RTCalendarExample,"[0, 1, 0, 0, 0, 0]"
1284,RTCalendarExample,dictionary dictionary new.,0,dictionary dictionary new. | RTCalendarExample,"[0, 1, 0, 0, 0, 0]"
1285,RTCalendarExample,tab values do ar value,0,tab values do ar value | RTCalendarExample,"[0, 1, 0, 0, 0, 0]"
1286,RTCalendarExample,value ar fifth asnumber ar second asnumber ar second asnumber.,0,value ar fifth asnumber ar second asnumber ar second asnumber. | RTCalendarExample,"[0, 1, 0, 0, 0, 0]"
1288,RTCalendarExample,colors # # 165 0 38 # 215 48 38 # 244 109 67,0,colors # # 165 0 38 # 215 48 38 # 244 109 67 | RTCalendarExample,"[0, 1, 0, 0, 0, 0]"
1290,RTCalendarExample,# 166 217 106 # 102 189 99 # 26 152 80 # 0 104 55,0,# 166 217 106 # 102 189 99 # 26 152 80 # 0 104 55 | RTCalendarExample,"[0, 1, 0, 0, 0, 0]"
1292,RTCalendarExample,b rtcalendarbuilder new.,0,b rtcalendarbuilder new. | RTCalendarExample,"[0, 1, 0, 0, 0, 0]"
1294,RTCalendarExample,b monthshape shape b monthshapepath 150 .,0,b monthshape shape b monthshapepath 150 . | RTCalendarExample,"[0, 1, 0, 0, 0, 0]"
1298,RTCalendarExample,.,0,. | RTCalendarExample,"[0, 1, 0, 0, 0, 0]"
1302,RTCalendarExample,b yearlayout horizontalline.,0,b yearlayout horizontalline. | RTCalendarExample,"[0, 1, 0, 0, 0, 0]"
1306,RTCalendarExample,index value 11 01 1.,0,index value 11 01 1. | RTCalendarExample,"[0, 1, 0, 0, 0, 0]"
1308,RTCalendarExample,index 11 iftrue index 11 .,0,index 11 iftrue index 11 . | RTCalendarExample,"[0, 1, 0, 0, 0, 0]"
1310,RTCalendarExample,.,0,. | RTCalendarExample,"[0, 1, 0, 0, 0, 0]"
1314,RTCalendarExample,^ b view,0,^ b view | RTCalendarExample,"[0, 1, 0, 0, 0, 0]"
1316,RTCircleGeometry,"i am not a roassal shape, for that use rtellipse.",0,"i am not a roassal shape, for that use rtellipse. | RTCircleGeometry","[0, 0, 0, 1, 0, 0]"
1320,RTCPQualitative,"qualitative schemes do not imply magnitude differences between legend classes, and hues are used to create the primary visual differences between classes.",0,"qualitative schemes do not imply magnitude differences between legend classes, and hues are used to create the primary visual differences between classes. | RTCPQualitative","[0, 0, 1, 0, 0, 0]"
1323,RTCPQualitative,colorpalette qualitative show,0,colorpalette qualitative show | RTCPQualitative,"[0, 1, 0, 0, 0, 0]"
1326,RTDualAttachPoint,i am a new class to combine attach points,0,i am a new class to combine attach points | RTDualAttachPoint,"[0, 0, 1, 1, 0, 0]"
1327,RTEditableLabel,"i am a class to create editable label shapes, but do not forget that roassal is for visualizations not to build morphs",0,"i am a class to create editable label shapes, but do not forget that roassal is for visualizations not to build morphs | RTEditableLabel","[0, 0, 1, 1, 0, 0]"
1328,RTEllipseTest,a rtellipsetest is a test class for testing the behavior of rtellipse,0,a rtellipsetest is a test class for testing the behavior of rtellipse | RTEllipseTest,"[0, 0, 1, 1, 0, 0]"
1330,RTExperimentalExample,code,0,code | RTExperimentalExample,"[0, 1, 0, 0, 0, 0]"
1336,RTExperimentalExample,b object v.,0,b object v. | RTExperimentalExample,"[0, 1, 0, 0, 0, 0]"
1338,RTExploraBuilderTest,a roexplorabuildertest is xxxxxxxxx.,0,a roexplorabuildertest is xxxxxxxxx. | RTExploraBuilderTest,"[0, 0, 0, 1, 0, 0]"
1349,RTFilterInView,with edges,0,with edges | RTFilterInView,"[0, 1, 0, 0, 0, 0]"
1359,RTFilterInView,example using the spawn block,0,example using the spawn block | RTFilterInView,"[0, 1, 0, 0, 0, 0]"
1367,RTFilterInView,filter spawnblock el rtview new addall el copy yourself .,0,filter spawnblock el rtview new addall el copy yourself . | RTFilterInView,"[0, 1, 0, 0, 0, 0]"
1371,RTGrapherSelectRangeViewContext,define a range for gt,0,define a range for gt | RTGrapherSelectRangeViewContext,"[0, 0, 1, 0, 0, 0]"
1373,RTGrapherSelectRangeViewContext,g view rtview new.,0,g view rtview new. | RTGrapherSelectRangeViewContext,"[0, 1, 0, 0, 0, 0]"
1374,RTGrapherSelectRangeViewContext,ds rtdata new.,0,ds rtdata new. | RTGrapherSelectRangeViewContext,"[0, 1, 0, 0, 0, 0]"
1375,RTGrapherSelectRangeViewContext,ds dotshape color color blue trans.,0,ds dotshape color color blue trans. | RTGrapherSelectRangeViewContext,"[0, 1, 0, 0, 0, 0]"
1376,RTGrapherSelectRangeViewContext,ds points rtshape withallsubclasses.,0,ds points rtshape withallsubclasses. | RTGrapherSelectRangeViewContext,"[0, 1, 0, 0, 0, 0]"
1377,RTGrapherSelectRangeViewContext,ds y cls cls numberofmethods 50 .,0,ds y cls cls numberofmethods 50 . | RTGrapherSelectRangeViewContext,"[0, 1, 0, 0, 0, 0]"
1378,RTGrapherSelectRangeViewContext,ds x cls cls numberoflinesofcode 150 .,0,ds x cls cls numberoflinesofcode 150 . | RTGrapherSelectRangeViewContext,"[0, 1, 0, 0, 0, 0]"
1379,RTGrapherSelectRangeViewContext,g add ds.,0,g add ds. | RTGrapherSelectRangeViewContext,"[0, 1, 0, 0, 0, 0]"
1380,RTGrapherSelectRangeViewContext,rtgrapherselectrangeviewcontext ongrapher g callback elements g view attributeat #presentation selection elements .,0,rtgrapherselectrangeviewcontext ongrapher g callback elements g view attributeat #presentation selection elements . | RTGrapherSelectRangeViewContext,"[0, 1, 0, 0, 0, 0]"
1381,RTGrapherSelectRangeViewContext,g,0,g | RTGrapherSelectRangeViewContext,"[0, 1, 0, 0, 0, 0]"
1382,RTHighlightableWithCursor,highlight to indicates that some interaction be can done.,0,highlight to indicates that some interaction be can done. | RTHighlightableWithCursor,"[0, 0, 1, 0, 0, 0]"
1384,RTHighlightableWithCursor,"eg,",0,"eg, | RTHighlightableWithCursor","[0, 1, 0, 0, 0, 0]"
1388,RTHighlightableWithCursor,methodselector #selector,0,methodselector #selector | RTHighlightableWithCursor,"[0, 1, 0, 0, 0, 0]"
1389,RTHighlightableWithCursor,methodsnames #rtmethods,0,methodsnames #rtmethods | RTHighlightableWithCursor,"[0, 1, 0, 0, 0, 0]"
1393,RTHighlightableWithCursor,b classnameshape color color black.,0,b classnameshape color color black. | RTHighlightableWithCursor,"[0, 1, 0, 0, 0, 0]"
1395,RTHighlightableWithCursor,b boxshape bordercolor color black.,0,b boxshape bordercolor color black. | RTHighlightableWithCursor,"[0, 1, 0, 0, 0, 0]"
1396,RTHighlightableWithCursor,b addobjects collection withallsubclasses .,0,b addobjects collection withallsubclasses . | RTHighlightableWithCursor,"[0, 1, 0, 0, 0, 0]"
1403,RTHighlightableWithCursor,b interaction showedge,0,b interaction showedge | RTHighlightableWithCursor,"[0, 1, 0, 0, 0, 0]"
1404,RTHighlightableWithCursor,connecttoall #subclasses.,0,connecttoall #subclasses. | RTHighlightableWithCursor,"[0, 1, 0, 0, 0, 0]"
1405,RTHighlightableWithCursor,b interaction showlabel,0,b interaction showlabel | RTHighlightableWithCursor,"[0, 1, 0, 0, 0, 0]"
1408,RTHighlightableWithCursor,nodes @ rthighlightablewithcursor.,0,nodes @ rthighlightablewithcursor. | RTHighlightableWithCursor,"[0, 1, 0, 0, 0, 0]"
1409,RTHighlightableWithCursor,b edges movebehind connectfrom #superclass.,0,b edges movebehind connectfrom #superclass. | RTHighlightableWithCursor,"[0, 1, 0, 0, 0, 0]"
1410,RTHighlightableWithCursor,b layout radial.,0,b layout radial. | RTHighlightableWithCursor,"[0, 1, 0, 0, 0, 0]"
1419,RTLabeled,"eg,",0,"eg, | RTLabeled","[0, 1, 0, 0, 0, 0]"
1421,RTLabeled,e rtellipse new size 30 elementon 42.,0,e rtellipse new size 30 elementon 42. | RTLabeled,"[0, 1, 0, 0, 0, 0]"
1422,RTLabeled,v add e.,0,v add e. | RTLabeled,"[0, 1, 0, 0, 0, 0]"
1423,RTLabeled,"e @ rtlabeled new text value my value is , value asstring .",0,"e @ rtlabeled new text value my value is , value asstring . | RTLabeled","[0, 1, 0, 0, 1, 0]"
1426,RTLabeled,color object,0,color object | RTLabeled,"[0, 0, 0, 0, 1, 0]"
1427,RTLabeled,highlightable object,0,highlightable object | RTLabeled,"[0, 0, 0, 0, 1, 0]"
1428,RTLabeled,offsetonedge object,0,offsetonedge object | RTLabeled,"[0, 0, 0, 0, 1, 0]"
1429,RTLabeled,position object,0,position object | RTLabeled,"[0, 0, 0, 0, 1, 0]"
1431,RTLabeled,canvas,0,canvas | RTLabeled,"[0, 0, 0, 0, 1, 0]"
1435,RTLabeled,highlightable,0,highlightable | RTLabeled,"[0, 0, 0, 0, 1, 0]"
1438,RTLabeled,offsetonedge,0,offsetonedge | RTLabeled,"[0, 0, 0, 0, 1, 0]"
1440,RTLabeled,position,0,position | RTLabeled,"[0, 0, 0, 0, 1, 0]"
1442,RTLabeled,text,0,text | RTLabeled,"[0, 0, 0, 0, 1, 0]"
1445,RTLineDecorationExample,code,0,code | RTLineDecorationExample,"[0, 1, 0, 0, 0, 0]"
1446,RTLineDecorationExample,v b1 b2 edges,0,v b1 b2 edges | RTLineDecorationExample,"[0, 1, 0, 0, 0, 0]"
1447,RTLineDecorationExample,b1 rtbox new,0,b1 rtbox new | RTLineDecorationExample,"[0, 1, 0, 0, 0, 0]"
1449,RTLineDecorationExample,element,0,element | RTLineDecorationExample,"[0, 1, 0, 0, 0, 0]"
1450,RTLineDecorationExample,translateto 0 @ 0,0,translateto 0 @ 0 | RTLineDecorationExample,"[0, 1, 0, 0, 0, 0]"
1451,RTLineDecorationExample,@ rtdraggable.,0,@ rtdraggable. | RTLineDecorationExample,"[0, 1, 0, 0, 0, 0]"
1452,RTLineDecorationExample,b2 rtbox new,0,b2 rtbox new | RTLineDecorationExample,"[0, 1, 0, 0, 0, 0]"
1454,RTLineDecorationExample,element,0,element | RTLineDecorationExample,"[0, 1, 0, 0, 0, 0]"
1455,RTLineDecorationExample,translateto 400 @ 0,0,translateto 400 @ 0 | RTLineDecorationExample,"[0, 1, 0, 0, 0, 0]"
1456,RTLineDecorationExample,@ rtdraggable.,0,@ rtdraggable. | RTLineDecorationExample,"[0, 1, 0, 0, 0, 0]"
1457,RTLineDecorationExample,edges orderedcollection new.,0,edges orderedcollection new. | RTLineDecorationExample,"[0, 1, 0, 0, 0, 0]"
1458,RTLineDecorationExample,edges add rtarrowedline new head rtfilleddiamond ashead color color black width 2 attachpoint rtrectangleattachpoint new offset 15 edgefrom b1 to b2 .,0,edges add rtarrowedline new head rtfilleddiamond ashead color color black width 2 attachpoint rtrectangleattachpoint new offset 15 edgefrom b1 to b2 . | RTLineDecorationExample,"[0, 1, 0, 0, 0, 0]"
1460,RTLineDecorationExample,edges add rtdecoratedline new filleddiamondhead color color green width 2 attachpoint rtrectangleattachpoint new offset 15 edgefrom b1 to b2 .,0,edges add rtdecoratedline new filleddiamondhead color color green width 2 attachpoint rtrectangleattachpoint new offset 15 edgefrom b1 to b2 . | RTLineDecorationExample,"[0, 1, 0, 0, 0, 0]"
1464,RTLineDecorationExample,add b2,0,add b2 | RTLineDecorationExample,"[0, 1, 0, 0, 0, 0]"
1466,RTLineDecorationExample,edges do each each update .,0,edges do each each update . | RTLineDecorationExample,"[0, 1, 0, 0, 0, 0]"
1467,RTLineDecorationExample,v,0,v | RTLineDecorationExample,"[0, 1, 0, 0, 0, 0]"
1468,RTLinePathBuilder,an interpolator a way to create lines in svg,0,an interpolator a way to create lines in svg | RTLinePathBuilder,"[0, 0, 1, 0, 0, 0]"
1470,RTLinkView,"for instance if in your visualization rtview, you have elements that have visualizalitations you can use it to explore it in a web browser",0,"for instance if in your visualization rtview, you have elements that have visualizalitations you can use it to explore it in a web browser | RTLinkView","[0, 1, 0, 0, 0, 0]"
1477,RTPopupTest,popup object,0,popup object | RTPopupTest,"[0, 0, 0, 0, 1, 0]"
1478,RTPopupTest,view object,0,view object | RTPopupTest,"[0, 0, 0, 0, 1, 0]"
1479,RTPopupTest,popup,0,popup | RTPopupTest,"[0, 0, 0, 0, 1, 0]"
1483,RTRectangleAttachPoint,continuous attach point which presumes both shapes are not rotated rectangles,0,continuous attach point which presumes both shapes are not rotated rectangles | RTRectangleAttachPoint,"[0, 0, 1, 0, 0, 0]"
1484,RTRectangleAttachPoint,v rtview new.,0,v rtview new. | RTRectangleAttachPoint,"[0, 1, 0, 0, 0, 0]"
1485,RTRectangleAttachPoint,e1 rtbox new size 50 elementon 1.,0,e1 rtbox new size 50 elementon 1. | RTRectangleAttachPoint,"[0, 1, 0, 0, 0, 0]"
1486,RTRectangleAttachPoint,e2 rtellipse new size 50 elementon 2.,0,e2 rtellipse new size 50 elementon 2. | RTRectangleAttachPoint,"[0, 1, 0, 0, 0, 0]"
1488,RTRectangleAttachPoint,e2 translateby 30 @ 60.,0,e2 translateby 30 @ 60. | RTRectangleAttachPoint,"[0, 1, 0, 0, 0, 0]"
1489,RTRectangleAttachPoint,e1 @ rtdraggable.,0,e1 @ rtdraggable. | RTRectangleAttachPoint,"[0, 1, 0, 0, 0, 0]"
1490,RTRectangleAttachPoint,e2 @ rtdraggable.,0,e2 @ rtdraggable. | RTRectangleAttachPoint,"[0, 1, 0, 0, 0, 0]"
1493,RTRectangleAttachPoint,l s edgefrom e1 to e2.,0,l s edgefrom e1 to e2. | RTRectangleAttachPoint,"[0, 1, 0, 0, 0, 0]"
1494,RTRectangleAttachPoint,v add l.,0,v add l. | RTRectangleAttachPoint,"[0, 1, 0, 0, 0, 0]"
1495,RTRectangleAttachPoint,v,0,v | RTRectangleAttachPoint,"[0, 1, 0, 0, 0, 0]"
1498,RTResizeCanceled,dcrtresizable,0,dcrtresizable | RTResizeCanceled,"[0, 0, 0, 0, 0, 1]"
1499,RTRotatedLabel,a rtrotatedlabel describes rotated labels.,0,a rtrotatedlabel describes rotated labels. | RTRotatedLabel,"[0, 0, 1, 0, 0, 0]"
1500,RTRotatedLabel,v shape es,0,v shape es | RTRotatedLabel,"[0, 1, 0, 0, 0, 0]"
1501,RTRotatedLabel,v rtview new.,0,v rtview new. | RTRotatedLabel,"[0, 1, 0, 0, 0, 0]"
1502,RTRotatedLabel,"shape rtrotatedlabel new text c class , c name angleindegree c c numberofmethods 360 .",0,"shape rtrotatedlabel new text c class , c name angleindegree c c numberofmethods 360 . | RTRotatedLabel","[0, 1, 0, 0, 0, 0]"
1503,RTRotatedLabel,es shape elementson collection withallsubclasses.,0,es shape elementson collection withallsubclasses. | RTRotatedLabel,"[0, 1, 0, 0, 0, 0]"
1505,RTRotatedLabel,v addall es.,0,v addall es. | RTRotatedLabel,"[0, 1, 0, 0, 0, 0]"
1506,RTRotatedLabel,v open,0,v open | RTRotatedLabel,"[0, 1, 0, 0, 0, 0]"
1507,RTScale,a class to have nice scales checks subclasses,0,a class to have nice scales checks subclasses | RTScale,"[0, 0, 0, 1, 0, 0]"
1509,RTScrollBarBuilder,"more than a draggable view, it allows to keep a mark about your position in the view and it scale for large views.",0,"more than a draggable view, it allows to keep a mark about your position in the view and it scale for large views. | RTScrollBarBuilder","[0, 0, 1, 0, 0, 0]"
1512,RTScrollBarBuilder,"the default configuration is #isbasic and #isstatic,",0,"the default configuration is #isbasic and #isstatic, | RTScrollBarBuilder","[0, 0, 0, 0, 1, 0]"
1514,RTScrollBarBuilder,"the bar can have a specificity like #scalable, so it give an idea of the size of the view.",0,"the bar can have a specificity like #scalable, so it give an idea of the size of the view. | RTScrollBarBuilder","[0, 0, 0, 0, 1, 0]"
1525,RTSunburstBuilder,"i am a class to create visualizations about rings, center is the root of the tree and arcs are the sub trees.",0,"i am a class to create visualizations about rings, center is the root of the tree and arcs are the sub trees. | RTSunburstBuilder","[0, 0, 1, 1, 0, 0]"
1526,RTSunburstBuilder,"you can customize the angle of the arc, and play with the with radius and width of each arc.",0,"you can customize the angle of the arc, and play with the with radius and width of each arc. | RTSunburstBuilder","[0, 0, 1, 0, 0, 0]"
1528,RTSunburstBuilderExamples,code,0,code | RTSunburstBuilderExamples,"[0, 1, 0, 0, 0, 0]"
1532,RTSunburstBuilderExamples,b shape colorelement el el model subclasses isempty iftrue color purple iffalse color lightgray .,0,b shape colorelement el el model subclasses isempty iftrue color purple iffalse color lightgray . | RTSunburstBuilderExamples,"[0, 1, 0, 0, 0, 0]"
1534,RTSunburstBuilderExamples,b view @ rtdraggableview.,0,b view @ rtdraggableview. | RTSunburstBuilderExamples,"[0, 1, 0, 0, 0, 0]"
1536,RTSunburstBuilderExamples,^ b view,0,^ b view | RTSunburstBuilderExamples,"[0, 1, 0, 0, 0, 0]"
1537,RTSVGAbstractLine,a rtsvgabstractline refers to the common interface for both regular svg lines and bezier lines as paths .,0,a rtsvgabstractline refers to the common interface for both regular svg lines and bezier lines as paths . | RTSVGAbstractLine,"[0, 0, 0, 1, 0, 0]"
1541,RTSVGPopup,a rtsvgpopup is any kind of popup born from a certain element.,0,a rtsvgpopup is any kind of popup born from a certain element. | RTSVGPopup,"[0, 0, 0, 1, 0, 0]"
1542,RTSVGPopup,the click refers to the posibility of activating the popup only when the element is clicked.,0,the click refers to the posibility of activating the popup only when the element is clicked. | RTSVGPopup,"[0, 0, 1, 0, 0, 0]"
1548,RTTextWord,a rttextword represents one word of an original text.,0,a rttextword represents one word of an original text. | RTTextWord,"[0, 0, 0, 1, 1, 0]"
1549,RTTextWord,interval interval,0,interval interval | RTTextWord,"[0, 0, 0, 0, 1, 0]"
1551,RTTextWord,interval,0,interval | RTTextWord,"[0, 0, 0, 0, 1, 0]"
1552,RTTextWord,interval of the word in the original text,0,interval of the word in the original text | RTTextWord,"[0, 0, 0, 0, 1, 0]"
1556,RTVerticalMultipleData,rtverticalmultipledata represents a group of data points that are vertically located.,0,rtverticalmultipledata represents a group of data points that are vertically located. | RTVerticalMultipleData,"[0, 0, 0, 1, 0, 1]"
1557,RTVerticalMultipleData,each group has the same x value.,0,each group has the same x value. | RTVerticalMultipleData,"[1, 0, 0, 0, 0, 0]"
1558,RTVerticalMultipleData,negative data are not allowed.,0,negative data are not allowed. | RTVerticalMultipleData,"[1, 0, 0, 0, 0, 0]"
1561,RTVerticalMultipleData,b rtgrapher new.,0,b rtgrapher new. | RTVerticalMultipleData,"[0, 1, 0, 0, 0, 0]"
1565,RTVerticalMultipleData,d addmetric #third.,0,d addmetric #third. | RTVerticalMultipleData,"[0, 1, 0, 0, 0, 0]"
1567,RTVerticalMultipleData,d barchartwithbartitle #first rotation 30.,0,d barchartwithbartitle #first rotation 30. | RTVerticalMultipleData,"[0, 1, 0, 0, 0, 0]"
1572,RTVerticalMultipleData,b rtgrapher new.,0,b rtgrapher new. | RTVerticalMultipleData,"[0, 1, 0, 0, 0, 0]"
1574,RTVerticalMultipleData,d points classes.,0,d points classes. | RTVerticalMultipleData,"[0, 1, 0, 0, 0, 0]"
1575,RTVerticalMultipleData,d addmetric #numberoflinesofcode.,0,d addmetric #numberoflinesofcode. | RTVerticalMultipleData,"[0, 1, 0, 0, 0, 0]"
1576,RTVerticalMultipleData,d addmetric #numberofmethods.,0,d addmetric #numberofmethods. | RTVerticalMultipleData,"[0, 1, 0, 0, 0, 0]"
1577,RTVerticalMultipleData,d barchartwithbartitle #name rotation 30.,0,d barchartwithbartitle #name rotation 30. | RTVerticalMultipleData,"[0, 1, 0, 0, 0, 0]"
1580,RTWeightedCircleLayout,rtweightedcirclelayout is a circle layout that gives more space to big elements and fewer space to small elements.,0,rtweightedcirclelayout is a circle layout that gives more space to big elements and fewer space to small elements. | RTWeightedCircleLayout,"[0, 0, 1, 1, 0, 0]"
1583,RTWeightedCircleLayout,elements rtellipse new size 5 color color red size vv vv 4 elementson 1 to 15 .,0,elements rtellipse new size 5 color color red size vv vv 4 elementson 1 to 15 . | RTWeightedCircleLayout,"[0, 1, 0, 0, 0, 0]"
1584,RTWeightedCircleLayout,v addall elements.,0,v addall elements. | RTWeightedCircleLayout,"[0, 1, 0, 0, 0, 0]"
1585,RTWeightedCircleLayout,rtweightedcirclelayout on elements.,0,rtweightedcirclelayout on elements. | RTWeightedCircleLayout,"[0, 1, 0, 0, 0, 0]"
1586,RTWeightedCircleLayout,v,0,v | RTWeightedCircleLayout,"[0, 1, 0, 0, 0, 0]"
1587,TROSMShape,this shape represent an openstreetmap background object which tracks the camera zoom level and translation to build a view of the corresponding part of the openstreetmap.,0,this shape represent an openstreetmap background object which tracks the camera zoom level and translation to build a view of the corresponding part of the openstreetmap. | TROSMShape,"[0, 0, 1, 1, 1, 0]"
1589,TROSMShape,rectangle rectangle,0,rectangle rectangle | TROSMShape,"[0, 0, 0, 0, 1, 0]"
1591,TROSMShape,tiles dictionary of point form,0,tiles dictionary of point form | TROSMShape,"[0, 0, 0, 0, 1, 0]"
1593,TROSMShape,position,0,position | TROSMShape,"[0, 0, 0, 0, 1, 0]"
1595,TROSMShape,bounds of the shape,0,bounds of the shape | TROSMShape,"[0, 0, 0, 0, 1, 0]"
1610,TROSMShape,lon to roassal space l 40075016686 l 360,0,lon to roassal space l 40075016686 l 360 | TROSMShape,"[1, 0, 0, 0, 0, 0]"
1614,TROSMShape,"depending on the rtview size and the canvas parameters, get the right tiles from osm and display them.",0,"depending on the rtview size and the canvas parameters, get the right tiles from osm and display them. | TROSMShape","[1, 0, 0, 0, 1, 0]"
1616,TROSMShape,"from the camera, get the zoom level and offset.",0,"from the camera, get the zoom level and offset. | TROSMShape","[1, 0, 0, 0, 1, 0]"
1617,TROSMShape,compute the osm zoom level with the camera zoom value .,0,compute the osm zoom level with the camera zoom value . | TROSMShape,"[1, 0, 0, 0, 1, 0]"
1618,TROSMShape,make remainder zoom a transform inside the trosmshape.,0,make remainder zoom a transform inside the trosmshape. | TROSMShape,"[1, 0, 0, 0, 1, 0]"
1619,TROSMShape,"take corners of bounding box, get lat long, get tiles x and y based on previous zoom level.",0,"take corners of bounding box, get lat long, get tiles x and y based on previous zoom level. | TROSMShape","[1, 0, 0, 0, 1, 0]"
1620,TROSMShape,set clipping rectangle to trosmshape bounds.,0,set clipping rectangle to trosmshape bounds. | TROSMShape,"[1, 0, 0, 0, 1, 0]"
1621,TROSMShape,display each tile.,0,display each tile. | TROSMShape,"[1, 0, 0, 0, 0, 0]"
1624,TROSMShape,remove tile if not used in display.,0,remove tile if not used in display. | TROSMShape,"[1, 0, 0, 0, 0, 0]"
1625,JQLoad,load html from a remote file and inject it into the dom.,0,load html from a remote file and inject it into the dom. | JQLoad,"[0, 0, 1, 0, 0, 0]"
1626,WABulkReapingCache,i am a cache that reaps all elements at once instead of incrementally.,0,i am a cache that reaps all elements at once instead of incrementally. | WABulkReapingCache,"[0, 0, 0, 1, 0, 0]"
1628,WABulkReapingCache,a background process should send #reap to me.,0,a background process should send #reap to me. | WABulkReapingCache,"[0, 0, 0, 0, 0, 1]"
1634,WAComboResponse,"if streaming is desired, the response can be flushed by sending it the #flush message.",0,"if streaming is desired, the response can be flushed by sending it the #flush message. | WAComboResponse","[0, 0, 1, 0, 0, 0]"
1637,WAComboResponse,"for example, a search results page might use something like",0,"for example, a search results page might use something like | WAComboResponse","[0, 1, 0, 0, 0, 0]"
1638,WAComboResponse,rendercontenton acanvas,0,rendercontenton acanvas | WAComboResponse,"[0, 1, 0, 0, 0, 0]"
1641,WAComboResponse,acanvas flush.,0,acanvas flush. | WAComboResponse,"[0, 1, 0, 0, 0, 0]"
1645,WAComboResponse,acanvas flush.,0,acanvas flush. | WAComboResponse,"[0, 1, 0, 0, 0, 0]"
1646,WAComboResponse,flush after each search result,0,flush after each search result | WAComboResponse,"[0, 1, 0, 0, 0, 0]"
1649,WAComboResponse,an uncommitted response should be handled as usual by the server adapter.,0,an uncommitted response should be handled as usual by the server adapter. | WAComboResponse,"[0, 0, 0, 0, 0, 1]"
1651,WACookie,i am basically a key value pair of strings.,0,i am basically a key value pair of strings. | WACookie,"[0, 0, 0, 1, 0, 0]"
1655,WACookie,netscape spec,0,netscape spec | WACookie,"[1, 0, 0, 0, 0, 0]"
1657,WACookie,cookie spec,0,cookie spec | WACookie,"[1, 0, 0, 0, 0, 0]"
1658,WACookie,http tools^ietf.org html rfc2109,0,http tools^ietf.org html rfc2109 | WACookie,"[1, 0, 0, 0, 0, 0]"
1660,WACookie,https tools^ietf.org html rfc6265,0,https tools^ietf.org html rfc6265 | WACookie,"[1, 0, 0, 0, 0, 0]"
1662,WACookie,http msdn2^microsoft.com en us library ms533046^aspx,0,http msdn2^microsoft.com en us library ms533046^aspx | WACookie,"[1, 0, 0, 0, 0, 0]"
1663,WACookie,https bugzilla^mozilla.org show bug^cgi?id 178993,0,https bugzilla^mozilla.org show bug^cgi?id 178993 | WACookie,"[1, 0, 0, 0, 0, 0]"
1664,WACookie,compared to warequestcookie i represent the information that is sent to the user agent.,0,compared to warequestcookie i represent the information that is sent to the user agent. | WACookie,"[0, 0, 0, 1, 0, 1]"
1666,WADatalistTag,datalist together with the a new list attribute for input is used to make comboboxes,0,datalist together with the a new list attribute for input is used to make comboboxes | WADatalistTag,"[0, 1, 1, 0, 0, 0]"
1667,WADatalistTag,input list browsers,0,input list browsers | WADatalistTag,"[0, 1, 0, 0, 0, 0]"
1668,WADatalistTag,datalist id browsers,0,datalist id browsers | WADatalistTag,"[0, 1, 0, 0, 0, 0]"
1669,WADatalistTag,option value safari,0,option value safari | WADatalistTag,"[0, 1, 0, 0, 0, 0]"
1670,WADatalistTag,option value internet explorer,0,option value internet explorer | WADatalistTag,"[0, 1, 0, 0, 0, 0]"
1671,WADatalistTag,option value opera,0,option value opera | WADatalistTag,"[0, 1, 0, 0, 0, 0]"
1672,WADatalistTag,option value firefox,0,option value firefox | WADatalistTag,"[0, 1, 0, 0, 0, 0]"
1674,WADelayedAnswerDecoration,wadelayedanswerdecoration adds a delay in displaying a component.,0,wadelayedanswerdecoration adds a delay in displaying a component. | WADelayedAnswerDecoration,"[0, 0, 1, 0, 0, 0]"
1675,WADevelopment,a wadevelopment is a collection of convenience methods for dealing with seaside development in squeak.,0,a wadevelopment is a collection of convenience methods for dealing with seaside development in squeak. | WADevelopment,"[0, 0, 1, 1, 0, 0]"
1676,WADynamicVariable,i exist for legacy purposes.,0,i exist for legacy purposes. | WADynamicVariable,"[0, 0, 1, 0, 0, 0]"
1677,WAEncoder,i encode everything that is written to myself using #nextput and #nextputall onto the wrapped stream.,0,i encode everything that is written to myself using #nextput and #nextputall onto the wrapped stream. | WAEncoder,"[0, 0, 1, 0, 1, 0]"
1678,WAErrorHandler,waerrorhandler catches errors and warnings and provides two methods for handling each type of exception,0,waerrorhandler catches errors and warnings and provides two methods for handling each type of exception | WAErrorHandler,"[0, 0, 1, 0, 0, 1]"
1682,WAErrorHandler,"if either method is not implemented, the default implementation will call #handledefault , which can be used to provide common behaviour for both exception types.",0,"if either method is not implemented, the default implementation will call #handledefault , which can be used to provide common behaviour for both exception types. | WAErrorHandler","[1, 0, 0, 0, 0, 0]"
1684,WAExpiringCache,maximumsize integer,0,maximumsize integer | WAExpiringCache,"[0, 0, 0, 0, 1, 0]"
1685,WAExpiringCache,maximumrelativeage integer,0,maximumrelativeage integer | WAExpiringCache,"[0, 0, 0, 0, 1, 0]"
1686,WAExpiringCache,maximumabsoluteage integer,0,maximumabsoluteage integer | WAExpiringCache,"[0, 0, 0, 0, 1, 0]"
1691,WAExpiringCache,0 for no maximum size.,0,0 for no maximum size. | WAExpiringCache,"[0, 0, 0, 0, 1, 0]"
1693,WAExpiringCache,maximumrelativeage,0,maximumrelativeage | WAExpiringCache,"[0, 0, 0, 0, 1, 0]"
1695,WAExpiringCache,0 for no limit.,0,0 for no limit. | WAExpiringCache,"[0, 0, 0, 0, 1, 0]"
1697,WAExpiringCache,maximumabsoluteage,0,maximumabsoluteage | WAExpiringCache,"[0, 0, 0, 0, 1, 0]"
1698,WAExpiringCache,after so many seconds after its creation a session is considered expired no matter when it was last accessed.,0,after so many seconds after its creation a session is considered expired no matter when it was last accessed. | WAExpiringCache,"[0, 0, 0, 0, 1, 0]"
1699,WAExpiringCache,0 for no limit.,0,0 for no limit. | WAExpiringCache,"[0, 0, 0, 0, 1, 0]"
1705,WAExpiringCache,#removerelativeoldest remove the entry that hasn t been accessed for the longest time,0,#removerelativeoldest remove the entry that hasn t been accessed for the longest time | WAExpiringCache,"[0, 0, 0, 0, 1, 0]"
1706,WAExpiringCache,#removeabsoluteoldest remove the entry that has been created the longest time ago,0,#removeabsoluteoldest remove the entry that has been created the longest time ago | WAExpiringCache,"[0, 0, 0, 0, 1, 0]"
1707,WAExpiringCache,#signalerror signal wamaximumnumberofsessionsexceedederror,0,#signalerror signal wamaximumnumberofsessionsexceedederror | WAExpiringCache,"[0, 0, 0, 0, 1, 0]"
1711,WAFormDecoration,the buttons inst var must be set.,0,the buttons inst var must be set. | WAFormDecoration,"[0, 0, 0, 0, 1, 0]"
1712,WAFormDecoration,"for each string symbol in the buttons inst var the decorated component must implement a method of the same name, which is called when the button is selected.",0,"for each string symbol in the buttons inst var the decorated component must implement a method of the same name, which is called when the button is selected. | WAFormDecoration","[0, 0, 0, 0, 1, 0]"
1713,WAFormDecoration,buttons collection of strings or symbols,0,buttons collection of strings or symbols | WAFormDecoration,"[0, 0, 0, 0, 1, 0]"
1716,WAFormTag,the form element acts as a container for input elements and buttons.,0,the form element acts as a container for input elements and buttons. | WAFormTag,"[0, 0, 1, 0, 0, 1]"
1717,WAFormTag,evaluation order,0,evaluation order | WAFormTag,"[1, 0, 0, 0, 0, 0]"
1718,WAFormTag,the input fields callbacks will be evaluated in the order they,0,the input fields callbacks will be evaluated in the order they | WAFormTag,"[1, 0, 0, 0, 0, 0]"
1719,WAFormTag,appear in the xhtml.,0,appear in the xhtml. | WAFormTag,"[1, 0, 0, 0, 0, 0]"
1720,WAFormTag,"buttons will always be evaluated last, no matter",0,"buttons will always be evaluated last, no matter | WAFormTag","[1, 0, 0, 0, 0, 0]"
1721,WAFormTag,where they are positioned.,0,where they are positioned. | WAFormTag,"[1, 0, 0, 0, 0, 0]"
1728,WAImageButtonTag,the value of the src attribute specifies the uri of the image that will decorate the button.,0,the value of the src attribute specifies the uri of the image that will decorate the button. | WAImageButtonTag,"[0, 0, 1, 0, 0, 0]"
1735,WAInspector,"platforms should implement their own subclasses, specifying behaviour for all unimplemented methods.",0,"platforms should implement their own subclasses, specifying behaviour for all unimplemented methods. | WAInspector","[0, 0, 1, 0, 0, 0]"
1738,WAInvisibleSessionTrackingStrategy,for document handlers query fields are used.,0,for document handlers query fields are used. | WAInvisibleSessionTrackingStrategy,"[0, 0, 0, 0, 0, 1]"
1739,WALabelledFormDialog,walabelledformdialog is an abstract class for generating html forms.,0,walabelledformdialog is an abstract class for generating html forms. | WALabelledFormDialog,"[0, 0, 0, 1, 0, 0]"
1740,WALabelledFormDialog,given a data model walabelledformdialog displays a label and input field for each instance variable of interest.,0,given a data model walabelledformdialog displays a label and input field for each instance variable of interest. | WALabelledFormDialog,"[0, 1, 1, 0, 1, 0]"
1741,WALabelledFormDialog,user supplied data is placed in the data model.,0,user supplied data is placed in the data model. | WALabelledFormDialog,"[0, 1, 1, 0, 1, 0]"
1743,WALabelledFormDialog,the model method just returns the object whose fields we wish to populate with date.,0,the model method just returns the object whose fields we wish to populate with date. | WALabelledFormDialog,"[0, 1, 0, 0, 1, 0]"
1744,WALabelledFormDialog,the rows method returns a collections of symbols.,0,the rows method returns a collections of symbols. | WALabelledFormDialog,"[0, 1, 0, 0, 1, 0]"
1745,WALabelledFormDialog,the symbol is used generate the accessor methods for the data in the model.,0,the symbol is used generate the accessor methods for the data in the model. | WALabelledFormDialog,"[0, 1, 0, 0, 1, 0]"
1746,WALabelledFormDialog,a standard text input field is used for each row of data.,0,a standard text input field is used for each row of data. | WALabelledFormDialog,"[0, 0, 1, 0, 0, 0]"
1748,WALabelledFormDialog,see rendernameon in example below.,0,see rendernameon in example below. | WALabelledFormDialog,"[0, 0, 1, 0, 0, 0]"
1749,WALabelledFormDialog,the default form has one button ok .,0,the default form has one button ok . | WALabelledFormDialog,"[1, 1, 0, 0, 1, 0]"
1750,WALabelledFormDialog,override the buttons method to change the text or number of submit buttons on the form.,0,override the buttons method to change the text or number of submit buttons on the form. | WALabelledFormDialog,"[1, 1, 0, 0, 1, 0]"
1751,WALabelledFormDialog,override the defaultbutton method to indicate which button is the default.,0,override the defaultbutton method to indicate which button is the default. | WALabelledFormDialog,"[1, 0, 0, 0, 0, 0]"
1753,WALabelledFormDialog,see example below.,0,see example below. | WALabelledFormDialog,"[1, 0, 0, 0, 0, 0]"
1755,WALabelledFormDialog,initialize,0,initialize | WALabelledFormDialog,"[0, 1, 0, 0, 0, 0]"
1779,WALabelledFormDialog,rendernameon html,0,rendernameon html | WALabelledFormDialog,"[0, 1, 0, 0, 0, 0]"
1780,WALabelledFormDialog,show how to specily special input instead of using simple text field.,0,show how to specily special input instead of using simple text field. | WALabelledFormDialog,"[0, 1, 0, 0, 0, 0]"
1781,WALabelledFormDialog,html select,0,html select | WALabelledFormDialog,"[0, 1, 0, 0, 0, 0]"
1783,WALabelledFormDialog,selected roger,0,selected roger | WALabelledFormDialog,"[0, 1, 0, 0, 0, 0]"
1785,WALabelledFormDialog,"contact class used above has instance variables name, phonenumber with standard getter and setter methods",0,"contact class used above has instance variables name, phonenumber with standard getter and setter methods | WALabelledFormDialog","[0, 0, 0, 0, 1, 0]"
1786,WAListAttribute,walistattribute is an attribute that is restricted to a list of values.,0,walistattribute is an attribute that is restricted to a list of values. | WAListAttribute,"[0, 0, 0, 1, 0, 0]"
1787,WAMemoryInput,a wamemoryinput is a dialog that allows the user to enter an amount of memory.,0,a wamemoryinput is a dialog that allows the user to enter an amount of memory. | WAMemoryInput,"[0, 0, 1, 1, 0, 0]"
1790,WAObjectTag,defines an embedded object.,0,defines an embedded object. | WAObjectTag,"[0, 0, 0, 1, 0, 0]"
1791,WAOptionGroupTag,the optgroup element allows authors to group choices logically.,0,the optgroup element allows authors to group choices logically. | WAOptionGroupTag,"[0, 0, 1, 0, 0, 0]"
1792,WAOptionGroupTag,this is particularly helpful when the user must choose from a long list of options groups of related choices are easier to grasp and remember than a single long list of options.,0,this is particularly helpful when the user must choose from a long list of options groups of related choices are easier to grasp and remember than a single long list of options. | WAOptionGroupTag,"[0, 0, 1, 0, 0, 0]"
1795,WAPainterVisitor,an implementation of the visitor pattern for painter subclasses.,0,an implementation of the visitor pattern for painter subclasses. | WAPainterVisitor,"[0, 0, 1, 1, 0, 1]"
1796,WAPath,wapath represents a path navigation breadcrumbs for a web page and displays standard breadcrumbs xxx yyy zzz .,0,wapath represents a path navigation breadcrumbs for a web page and displays standard breadcrumbs xxx yyy zzz . | WAPath,"[0, 0, 1, 1, 0, 0]"
1797,WAPath,"wapath maintains a stack of associations, one for each location or page in the path.",0,"wapath maintains a stack of associations, one for each location or page in the path. | WAPath","[0, 0, 1, 0, 0, 1]"
1798,WAPath,the association key is the text that is displayed in the breadcrimb.,0,the association key is the text that is displayed in the breadcrimb. | WAPath,"[0, 0, 0, 0, 0, 1]"
1799,WAPath,"the association value is an object of your choosing, which your code uses to restore that page .",0,"the association value is an object of your choosing, which your code uses to restore that page . | WAPath","[0, 0, 0, 0, 0, 1]"
1800,WAPath,to add to the path use the method wapath pushsegment anobject name lulu .,0,to add to the path use the method wapath pushsegment anobject name lulu . | WAPath,"[0, 0, 0, 0, 1, 0]"
1803,WAPath,your code is not notified when the user clicks on a link in the wapath object.,0,your code is not notified when the user clicks on a link in the wapath object. | WAPath,"[0, 0, 0, 0, 1, 0]"
1804,WAPath,"so when you render a page call wapath currentsegment to get the current object, and generate the page accordingly.",0,"so when you render a page call wapath currentsegment to get the current object, and generate the page accordingly. | WAPath","[0, 0, 0, 0, 1, 0]"
1808,WAPharoUrlEncoder,i am a pharo specific url encoder.,0,i am a pharo specific url encoder. | WAPharoUrlEncoder,"[0, 0, 0, 1, 0, 0]"
1809,WAPharoXmlEncoder,i am a pharo specific xml encoder.,0,i am a pharo specific xml encoder. | WAPharoXmlEncoder,"[0, 0, 0, 1, 0, 0]"
1811,WAPlugin,plugins are an easy way to add or remove additional tools without changing the codebase.,0,plugins are an easy way to add or remove additional tools without changing the codebase. | WAPlugin,"[0, 0, 1, 0, 0, 0]"
1815,WAProtectionFilter,"do add this filter to a wasession for example to avoid session hijacking, do not add it to static request handlers such as waapplication or wadispatcher as this might restrict access to the handler if your ip changes.",0,"do add this filter to a wasession for example to avoid session hijacking, do not add it to static request handlers such as waapplication or wadispatcher as this might restrict access to the handler if your ip changes. | WAProtectionFilter","[0, 0, 1, 0, 0, 0]"
1817,WARequestContext,warequestcontext encapsulates all the knowledge that should be available while processing a single request.,0,warequestcontext encapsulates all the knowledge that should be available while processing a single request. | WARequestContext,"[0, 0, 1, 0, 0, 0]"
1820,WASelection,waselection creates a selectable list.,0,waselection creates a selectable list. | WASelection,"[0, 1, 1, 0, 0, 0]"
1823,WASelection,"returns the item selected by user, not the index nor the text shown the user .",0,"returns the item selected by user, not the index nor the text shown the user . | WASelection","[1, 0, 0, 0, 0, 0]"
1824,WASelection,selection,0,selection | WASelection,"[0, 1, 0, 0, 0, 0]"
1828,WAServerAdaptor,a waserver is the abstract base class for all servers.,0,a waserver is the abstract base class for all servers. | WAServerAdaptor,"[0, 0, 0, 1, 0, 0]"
1829,WAServerAdaptor,#codec,0,#codec | WAServerAdaptor,"[0, 0, 0, 0, 1, 0]"
1830,WAServerAdaptor,#usessmalltalkencoding,0,#usessmalltalkencoding | WAServerAdaptor,"[0, 0, 0, 0, 1, 0]"
1831,WAServerAdaptor,codec wacodec,0,codec wacodec | WAServerAdaptor,"[0, 0, 0, 0, 1, 0]"
1832,WAServerAdaptor,codec,0,codec | WAServerAdaptor,"[0, 0, 0, 0, 1, 0]"
1833,WATagBrush,this is the superclass for all xml element classes.,0,this is the superclass for all xml element classes. | WATagBrush,"[0, 0, 0, 1, 0, 0]"
1834,WATagBrush,its main additions are,0,its main additions are | WATagBrush,"[1, 0, 0, 0, 0, 0]"
1835,WATagBrush,element name #tag,0,element name #tag | WATagBrush,"[1, 0, 0, 0, 0, 0]"
1836,WATagBrush,attributes instance of wahtmlattributes,0,attributes instance of wahtmlattributes | WATagBrush,"[1, 0, 0, 0, 0, 0]"
1838,WAUpTimeTracker,wauptimetracker is used to track the timestamp when the image last booted.,0,wauptimetracker is used to track the timestamp when the image last booted. | WAUpTimeTracker,"[0, 0, 1, 0, 0, 0]"
1839,WAUpTimeTracker,access the timestamp when the image booted as follows,0,access the timestamp when the image booted as follows | WAUpTimeTracker,"[0, 0, 1, 0, 1, 1]"
1842,WAUpTimeTracker,access the duration how long ago the image booted as follows,0,access the duration how long ago the image booted as follows | WAUpTimeTracker,"[0, 0, 1, 0, 1, 1]"
1845,WAUpTimeTracker,at system startup the imageboottime is re set automatically.,0,at system startup the imageboottime is re set automatically. | WAUpTimeTracker,"[0, 0, 1, 0, 1, 1]"
