index,class,comment_sentence,partition,combo,labels
1,AccessMixin,functionality,0,functionality | accessmixin,"[0, 0, 0, 0, 1]"
8,Atomic,when it s used as a decorator call wraps the execution of the,0,when it s used as a decorator call wraps the execution of the | atomic,"[1, 0, 0, 0, 0]"
12,Atomic,exit commits the transaction or releases the savepoint on normal exit,0,exit commits the transaction or releases the savepoint on normal exit | atomic,"[1, 0, 0, 0, 0]"
14,Atomic,it s possible to disable the creation of savepoints if the goal is to,0,it s possible to disable the creation of savepoints if the goal is to | atomic,"[1, 0, 0, 0, 0]"
16,Atomic,a stack of savepoints identifiers is maintained as an attribute of the,0,a stack of savepoints identifiers is maintained as an attribute of the | atomic,"[1, 0, 0, 0, 0]"
18,Atomic,none denotes the absence of a savepoint,0,none denotes the absence of a savepoint | atomic,"[1, 0, 0, 0, 0]"
24,AtomicTests,implementation there are only a few basic tests with the decorator,0,implementation there are only a few basic tests with the decorator | atomictests,"[0, 0, 0, 1, 0]"
27,AutoFieldMeta,it is intended that autofieldmixin become public api when it is possible to,0,it is intended that autofieldmixin become public api when it is possible to | autofieldmeta,"[0, 0, 0, 1, 0]"
29,AutoFieldMeta,stored in the database,0,stored in the database | autofieldmeta,"[0, 0, 0, 1, 0]"
31,AutoFieldMeta,automatically generated field as a subclass of autofield,0,automatically generated field as a subclass of autofield | autofieldmeta,"[1, 0, 0, 0, 0]"
33,AutoFieldMeta,to be implemented on field to be used instead,0,to be implemented on field to be used instead | autofieldmeta,"[1, 0, 0, 0, 0]"
34,AutoFieldMeta,when these issues have been addressed this metaclass could be used to,0,when these issues have been addressed this metaclass could be used to | autofieldmeta,"[0, 0, 1, 0, 0]"
38,BarAccount,a service specific account of type bar,0,a service specific account of type bar | baraccount,"[0, 0, 0, 0, 1]"
40,BaseCommand,derive,0,derive | basecommand,"[0, 0, 0, 0, 1]"
41,BaseCommand,use this class if you want access to all of the mechanisms which,0,use this class if you want access to all of the mechanisms which | basecommand,"[0, 0, 1, 0, 0]"
42,BaseCommand,parse the command line arguments and work out what code to call in,0,parse the command line arguments and work out what code to call in | basecommand,"[0, 0, 1, 0, 0]"
43,BaseCommand,response if you don t need to change any of that behavior,0,response if you don t need to change any of that behavior | basecommand,"[0, 0, 1, 0, 0]"
46,BaseCommand,the command parsing and execution behavior the normal flow works,0,the command parsing and execution behavior the normal flow works | basecommand,"[1, 0, 0, 0, 0]"
49,BaseCommand,django admin or manage py loads the command class,0,django admin or manage py loads the command class | basecommand,"[1, 0, 0, 0, 0]"
52,BaseCommand,the run from argv method calls create parser to get,0,the run from argv method calls create parser to get | basecommand,"[1, 0, 0, 0, 0]"
54,BaseCommand,any environment changes requested by options like,0,any environment changes requested by options like | basecommand,"[1, 0, 0, 0, 0]"
55,BaseCommand,pythonpath and then calls the execute method,0,pythonpath and then calls the execute method | basecommand,"[1, 0, 0, 0, 0]"
56,BaseCommand,passing the parsed arguments,0,passing the parsed arguments | basecommand,"[1, 0, 0, 0, 0]"
59,BaseCommand,calling the handle method with the parsed arguments any,0,calling the handle method with the parsed arguments any | basecommand,"[1, 0, 0, 0, 0]"
61,BaseCommand,output and if the command is intended to produce a block of,0,output and if the command is intended to produce a block of | basecommand,"[1, 0, 0, 0, 0]"
62,BaseCommand,sql statements will be wrapped in begin and commit,0,sql statements will be wrapped in begin and commit | basecommand,"[1, 0, 0, 0, 0]"
64,BaseCommand,if handle or execute raised any exception eg,0,if handle or execute raised any exception eg | basecommand,"[1, 0, 0, 0, 0]"
65,BaseCommand,commanderror run from argv will instead print an error,0,commanderror run from argv will instead print an error | basecommand,"[1, 0, 0, 0, 0]"
66,BaseCommand,message to stderr,0,message to stderr | basecommand,"[1, 0, 0, 0, 0]"
68,BaseCommand,subclasses many built in commands and command types either place,0,subclasses many built in commands and command types either place | basecommand,"[0, 0, 1, 0, 0]"
69,BaseCommand,all of their logic in handle or perform some additional,0,all of their logic in handle or perform some additional | basecommand,"[0, 0, 1, 0, 0]"
70,BaseCommand,parsing work in handle and then delegate from it to more,0,parsing work in handle and then delegate from it to more | basecommand,"[0, 0, 1, 0, 0]"
71,BaseCommand,specialized methods as needed,0,specialized methods as needed | basecommand,"[0, 0, 1, 0, 0]"
74,BaseCommand,a short description of the command which will be printed in,0,a short description of the command which will be printed in | basecommand,"[0, 1, 0, 0, 0]"
75,BaseCommand,output transaction,0,output transaction | basecommand,"[0, 1, 0, 0, 0]"
76,BaseCommand,a boolean indicating whether the command outputs sql,0,a boolean indicating whether the command outputs sql | basecommand,"[0, 1, 0, 0, 0]"
78,BaseCommand,wrapped with begin and commit,0,wrapped with begin and commit | basecommand,"[0, 1, 0, 0, 0]"
83,BaseCommand,migrations on disk don t match the migrations in the database,0,migrations on disk don t match the migrations in the database | basecommand,"[0, 1, 0, 0, 0]"
85,BaseCommand,a boolean if true entire django project will be checked for errors,0,a boolean if true entire django project will be checked for errors | basecommand,"[0, 1, 0, 0, 0]"
86,BaseCommand,prior to executing the command,0,prior to executing the command | basecommand,"[0, 1, 0, 0, 0]"
87,BaseCommand,to validate an individual application s models,0,to validate an individual application s models | basecommand,"[0, 1, 0, 0, 0]"
91,BaseCommand,app registry,0,app registry | basecommand,"[0, 1, 0, 0, 0]"
92,BaseDatabaseSchemaEditor,this class and its subclasses are responsible for emitting schema changing,0,this class and its subclasses are responsible for emitting schema changing | basedatabaseschemaeditor,"[0, 0, 1, 0, 1]"
93,BaseDatabaseSchemaEditor,statements to the databases model creation removal alteration field,0,statements to the databases model creation removal alteration field | basedatabaseschemaeditor,"[0, 0, 1, 0, 1]"
94,BaseDatabaseSchemaEditor,renaming index fiddling and so on,0,renaming index fiddling and so on | basedatabaseschemaeditor,"[0, 0, 1, 0, 1]"
95,BaseExpression,base class for all query expressions,0,base class for all query expressions | baseexpression,"[0, 0, 0, 0, 1]"
97,BaseUpdateView,using this base class requires subclassing to provide a response mixin,0,using this base class requires subclassing to provide a response mixin | baseupdateview,"[0, 0, 1, 0, 0]"
98,BaseYearArchiveView,list of objects published in a given year,0,list of objects published in a given year | baseyeararchiveview,"[0, 0, 0, 0, 1]"
99,BCryptSHA256PasswordHasher,secure password hashing using the bcrypt algorithm recommended,0,secure password hashing using the bcrypt algorithm recommended | bcryptsha256passwordhasher,"[0, 0, 0, 0, 1]"
101,BCryptSHA256PasswordHasher,must first install the bcrypt library,0,must first install the bcrypt library | bcryptsha256passwordhasher,"[1, 0, 0, 0, 0]"
103,BoundWidget,this is useful for,0,this is useful for | boundwidget,"[0, 0, 1, 0, 0]"
105,BoundWidget,for example the following can be used in a,0,for example the following can be used in a | boundwidget,"[1, 0, 0, 0, 0]"
109,BoundWidget,radio choice label,0,radio choice label | boundwidget,"[1, 0, 0, 0, 0]"
111,BoundWidget,label,0,label | boundwidget,"[1, 0, 0, 0, 0]"
112,BoundWidget,endfor,0,endfor | boundwidget,"[1, 0, 0, 0, 0]"
114,CacheHandler,ensure only one instance of each alias exists per thread,0,ensure only one instance of each alias exists per thread | cachehandler,"[0, 0, 0, 1, 0]"
115,Choices,class for creating enumerated choices,0,class for creating enumerated choices | choices,"[0, 1, 0, 0, 1]"
117,ChunkIter,given a file like object as the,0,given a file like object as the | chunkiter,"[0, 0, 0, 1, 0]"
119,Client,a class that can act as a client for testing purposes,0,a class that can act as a client for testing purposes | client,"[0, 0, 0, 0, 1]"
120,Client,it allows the user to compose get and post requests and,0,it allows the user to compose get and post requests and | client,"[0, 0, 0, 1, 0]"
122,Client,the server response objects are annotated with the details,0,the server response objects are annotated with the details | client,"[0, 0, 0, 1, 0]"
124,Client,process of serving the request,0,process of serving the request | client,"[0, 0, 0, 1, 0]"
126,Client,thus session details for the lifetime of the client instance,0,thus session details for the lifetime of the client instance | client,"[0, 0, 0, 1, 0]"
127,Client,this is not intended as a replacement for twill selenium or,0,this is not intended as a replacement for twill selenium or | client,"[0, 0, 1, 0, 0]"
129,Client,contexts and templates produced by a view rather than the,0,contexts and templates produced by a view rather than the | client,"[0, 0, 1, 0, 0]"
130,Client,html rendered to the end user,0,html rendered to the end user | client,"[0, 0, 1, 0, 0]"
131,Combinable,provide the ability to combine one or two objects with,0,provide the ability to combine one or two objects with | combinable,"[0, 0, 0, 0, 1]"
132,Combinable,some connector,0,some connector | combinable,"[0, 0, 0, 0, 1]"
133,Combinable,for example f foo f bar,0,for example f foo f bar | combinable,"[1, 0, 0, 0, 0]"
140,CustomArticleAdmin,tests various hooks for using custom templates and contexts,0,tests various hooks for using custom templates and contexts | customarticleadmin,"[0, 0, 0, 0, 1]"
141,CustomCacheKeyValidationTests,tests for the ability to mixin a custom validate key method to,0,tests for the ability to mixin a custom validate key method to | customcachekeyvalidationtests,"[0, 0, 0, 0, 1]"
144,CustomCacheKeyValidationTests,backend and override the default key validation,0,backend and override the default key validation | customcachekeyvalidationtests,"[0, 0, 0, 1, 0]"
145,CustomHeaderRemoteUserTest,tests a custom remoteusermiddleware subclass with custom http auth user,0,tests a custom remoteusermiddleware subclass with custom http auth user | customheaderremoteusertest,"[0, 1, 0, 0, 1]"
146,DatabaseReceiver,used in the tests for the database argument in signals 13552,0,used in the tests for the database argument in signals 13552 | databasereceiver,"[0, 0, 0, 0, 1]"
148,DisallowedModelAdminToField,invalid to field was passed to admin view via url query string,0,invalid to field was passed to admin view via url query string | disallowedmodeladmintofield,"[0, 0, 0, 0, 1]"
149,DjangoHTMLTranslator,django specific rest to html tweaks,0,django specific rest to html tweaks | djangohtmltranslator,"[0, 0, 0, 0, 1]"
154,ExceptionThatFailsUnpickling,after pickling this class fails unpickling with an error about incorrect,0,after pickling this class fails unpickling with an error about incorrect | exceptionthatfailsunpickling,"[0, 0, 0, 0, 1]"
155,ExceptionThatFailsUnpickling,arguments passed to init,0,arguments passed to init | exceptionthatfailsunpickling,"[0, 0, 0, 0, 1]"
156,FakePayload,a wrapper around bytesio that restricts what can be read since data from,0,a wrapper around bytesio that restricts what can be read since data from | fakepayload,"[0, 0, 0, 0, 1]"
157,FakePayload,the network can t be sought and cannot be read outside of its content,0,the network can t be sought and cannot be read outside of its content | fakepayload,"[0, 0, 0, 0, 1]"
158,FakePayload,length,0,length | fakepayload,"[0, 0, 0, 0, 1]"
159,FakePayload,this makes sure that views can t do anything under the test client,0,this makes sure that views can t do anything under the test client | fakepayload,"[0, 0, 0, 1, 0]"
161,FallbackStorage,try to store all messages in the first backend,0,try to store all messages in the first backend | fallbackstorage,"[0, 0, 0, 1, 0]"
162,FallbackStorage,store any unstored,0,store any unstored | fallbackstorage,"[0, 0, 0, 1, 0]"
164,FootNote,model added for ticket 19838,0,model added for ticket 19838 | footnote,"[0, 0, 1, 0, 0]"
166,Group,table column fields,0,table column fields | group,"[0, 0, 0, 0, 1]"
167,GZipMiddleware,on the accept encoding header,0,on the accept encoding header | gzipmiddleware,"[0, 0, 0, 0, 1]"
168,HiddenRangeWidget,a widget that splits input into two input type hidden inputs,0,a widget that splits input into two input type hidden inputs | hiddenrangewidget,"[0, 0, 0, 0, 1]"
170,ImageFileDescriptor,the only difference is,0,the only difference is | imagefiledescriptor,"[0, 0, 0, 1, 0]"
171,ImageFileDescriptor,assigning the width height to the width field height field if appropriate,0,assigning the width height to the width field height field if appropriate | imagefiledescriptor,"[0, 0, 0, 1, 0]"
172,IncompleteCategoryFormWithExclude,a form that replaces the model s url field with a custom one,0,a form that replaces the model s url field with a custom one | incompletecategoryformwithexclude,"[0, 0, 0, 0, 1]"
173,Individual,a model with a fk to itself,0,a model with a fk to itself | individual,"[0, 0, 0, 0, 1]"
178,Individual,related instances rendering will be called programmatically in this case,0,related instances rendering will be called programmatically in this case | individual,"[1, 0, 1, 0, 0]"
179,InputStreamExhausted,no more reads are allowed from this device,0,no more reads are allowed from this device | inputstreamexhausted,"[0, 0, 0, 1, 1]"
183,ListMixin,a base class which provides complete list interface,0,a base class which provides complete list interface | listmixin,"[0, 0, 0, 0, 1]"
186,ListMixin,function get single external self i,0,function get single external self i | listmixin,"[0, 0, 0, 1, 0]"
187,ListMixin,return single item with index i for general use,0,return single item with index i for general use | listmixin,"[0, 0, 0, 1, 0]"
188,ListMixin,the index i will always satisfy 0 i len self,0,the index i will always satisfy 0 i len self | listmixin,"[0, 0, 0, 1, 0]"
190,ListMixin,same as above but for use within the class optional,0,same as above but for use within the class optional | listmixin,"[0, 0, 0, 1, 0]"
191,ListMixin,note that if get single internal and get single internal return,0,note that if get single internal and get single internal return | listmixin,"[0, 0, 0, 1, 0]"
192,ListMixin,different types of objects set list must distinguish,0,different types of objects set list must distinguish | listmixin,"[0, 0, 0, 1, 0]"
193,ListMixin,between the two and handle each appropriately,0,between the two and handle each appropriately | listmixin,"[0, 0, 0, 1, 0]"
194,ListMixin,function set list self length items,0,function set list self length items | listmixin,"[0, 0, 0, 1, 0]"
195,ListMixin,recreate the entire object,0,recreate the entire object | listmixin,"[0, 0, 0, 1, 0]"
197,ListMixin,therefore it is necessary to cache the values in a temporary,0,therefore it is necessary to cache the values in a temporary | listmixin,"[0, 0, 0, 1, 0]"
198,ListMixin,temp list items,0,temp list items | listmixin,"[0, 0, 0, 1, 0]"
199,ListMixin,before clobbering the original storage,0,before clobbering the original storage | listmixin,"[0, 0, 0, 1, 0]"
200,ListMixin,function set single self i value,0,function set single self i value | listmixin,"[0, 0, 0, 1, 0]"
201,ListMixin,set the single item at index i to value optional,0,set the single item at index i to value optional | listmixin,"[0, 0, 0, 1, 0]"
203,ListMixin,the object using set list,0,the object using set list | listmixin,"[0, 0, 0, 1, 0]"
204,ListMixin,function len self,0,function len self | listmixin,"[0, 0, 0, 1, 0]"
205,ListMixin,return the length,0,return the length | listmixin,"[0, 0, 0, 1, 0]"
206,ListMixin,int minlength,0,int minlength | listmixin,"[0, 0, 0, 1, 0]"
207,ListMixin,the minimum legal length optional,0,the minimum legal length optional | listmixin,"[0, 0, 0, 1, 0]"
208,ListMixin,int maxlength,0,int maxlength | listmixin,"[0, 0, 0, 1, 0]"
209,ListMixin,the maximum legal length optional,0,the maximum legal length optional | listmixin,"[0, 0, 0, 1, 0]"
210,ListMixin,type or tuple allowed,0,type or tuple allowed | listmixin,"[0, 0, 0, 1, 0]"
211,ListMixin,a type or tuple of allowed item types optional,0,a type or tuple of allowed item types optional | listmixin,"[0, 0, 0, 1, 0]"
212,LogoutThenLoginTests,tests for the logout then login view,0,tests for the logout then login view | logoutthenlogintests,"[0, 0, 0, 0, 1]"
213,MakeListTests,the make list filter can destroy existing escaping so the results are,0,the make list filter can destroy existing escaping so the results are | makelisttests,"[0, 0, 0, 1, 0]"
214,MakeListTests,escaped,0,escaped | makelisttests,"[0, 0, 0, 1, 0]"
215,ManagementForm,keep track of how many form instances are displayed on the page,0,keep track of how many form instances are displayed on the page | managementform,"[0, 0, 0, 0, 1]"
216,MemcachedCache,an implementation of a cache binding using python memcached,0,an implementation of a cache binding using python memcached | memcachedcache,"[0, 0, 0, 0, 1]"
217,MemoryFileUploadHandler,file upload handler to stream uploads into memory used for small files,0,file upload handler to stream uploads into memory used for small files | memoryfileuploadhandler,"[0, 0, 0, 0, 1]"
218,Migration,the base class for all migrations,0,the base class for all migrations | migration,"[0, 0, 0, 0, 1]"
219,Migration,it will have one or more,0,it will have one or more | migration,"[1, 1, 0, 0, 0]"
220,Migration,of the following attributes,0,of the following attributes | migration,"[1, 1, 0, 0, 0]"
221,Migration,operations a list of operation instances probably from django db migrations operations,0,operations a list of operation instances probably from django db migrations operations | migration,"[1, 1, 0, 0, 0]"
222,Migration,dependencies a list of tuples of app path migration name,0,dependencies a list of tuples of app path migration name | migration,"[1, 1, 0, 0, 0]"
223,Migration,run before a list of tuples of app path migration name,0,run before a list of tuples of app path migration name | migration,"[1, 1, 0, 0, 0]"
224,Migration,replaces a list of migration names,0,replaces a list of migration names | migration,"[1, 1, 0, 0, 0]"
225,MigrationGraph,represent the digraph of all migrations in a project,0,represent the digraph of all migrations in a project | migrationgraph,"[0, 0, 0, 0, 1]"
226,MigrationGraph,each migration is a node and each dependency is an edge,0,each migration is a node and each dependency is an edge | migrationgraph,"[0, 0, 1, 0, 0]"
227,MigrationGraph,there are,0,there are | migrationgraph,"[0, 0, 1, 0, 0]"
228,MigrationGraph,no implicit dependencies between numbered migrations the numbering is,0,no implicit dependencies between numbered migrations the numbering is | migrationgraph,"[0, 0, 1, 0, 0]"
232,MigrationGraph,the graph handler isn t responsible,0,the graph handler isn t responsible | migrationgraph,"[1, 0, 0, 0, 0]"
234,MigrationGraph,migration files and if the replaced migrations are all either unapplied,0,migration files and if the replaced migrations are all either unapplied | migrationgraph,"[1, 0, 0, 0, 0]"
236,MigrationGraph,replacing migration and repoint any dependencies that pointed to the,0,replacing migration and repoint any dependencies that pointed to the | migrationgraph,"[1, 0, 0, 0, 0]"
240,MigrationLoader,on initialization this class will scan those directories and open and,0,on initialization this class will scan those directories and open and | migrationloader,"[0, 0, 0, 1, 0]"
244,MigrationLoader,django db migrations migration for what that looks like,0,django db migrations migration for what that looks like | migrationloader,"[0, 0, 0, 1, 0]"
248,MigrationLoader,disk then they are injected into the main set replacing the named migrations,0,disk then they are injected into the main set replacing the named migrations | migrationloader,"[0, 0, 0, 1, 0]"
250,MigrationLoader,new migration,0,new migration | migrationloader,"[0, 0, 0, 1, 0]"
254,MigrationLoader,in memory,0,in memory | migrationloader,"[1, 0, 0, 0, 0]"
266,MultiPartParser,multivaluedict parse reads the input stream in chunk size chunks,0,multivaluedict parse reads the input stream in chunk size chunks | multipartparser,"[0, 0, 1, 0, 0]"
267,MultiPartParser,and returns a tuple of multivaluedict post multivaluedict files,0,and returns a tuple of multivaluedict post multivaluedict files | multipartparser,"[0, 0, 1, 0, 0]"
268,MultiValueDict,a subclass of dictionary customized to handle multiple values for the,0,a subclass of dictionary customized to handle multiple values for the | multivaluedict,"[0, 0, 0, 0, 1]"
269,MultiValueDict,same key,0,same key | multivaluedict,"[0, 0, 0, 0, 1]"
270,MultiValueDict,d multivaluedict name adrian simon position developer,0,d multivaluedict name adrian simon position developer | multivaluedict,"[1, 0, 0, 0, 0]"
272,MultiValueDict,simon,0,simon | multivaluedict,"[1, 0, 0, 0, 0]"
275,MultiValueDict,d get lastname nonexistent,0,d get lastname nonexistent | multivaluedict,"[1, 0, 0, 0, 0]"
284,MultiValueField,aggregate the logic of multiple fields,0,aggregate the logic of multiple fields | multivaluefield,"[0, 0, 0, 0, 1]"
285,MultiValueField,its clean method takes a decompressed list of values which are then,0,its clean method takes a decompressed list of values which are then | multivaluefield,"[0, 0, 0, 1, 0]"
287,MultiValueField,each value in,0,each value in | multivaluefield,"[0, 0, 0, 1, 0]"
288,MultiValueField,this list is cleaned by the corresponding field the first value is,0,this list is cleaned by the corresponding field the first value is | multivaluefield,"[0, 0, 0, 1, 0]"
289,MultiValueField,cleaned by the first field the second value is cleaned by the second,0,cleaned by the first field the second value is cleaned by the second | multivaluefield,"[0, 0, 0, 1, 0]"
291,MultiValueField,compressed into a single value,0,compressed into a single value | multivaluefield,"[0, 0, 0, 1, 0]"
293,MultiWidget,in addition to the values added by widget get context this widget,0,in addition to the values added by widget get context this widget | multiwidget,"[0, 0, 0, 1, 0]"
295,MultiWidget,these can be looped over and rendered like normal widgets,0,these can be looped over and rendered like normal widgets | multiwidget,"[0, 0, 0, 1, 0]"
297,NestedObjectsTests,tests for nestedobject utility collection,0,tests for nestedobject utility collection | nestedobjectstests,"[0, 0, 0, 0, 1]"
298,Operation,base class for migration operations,0,base class for migration operations | operation,"[0, 0, 0, 0, 1]"
299,Operation,it s responsible for both mutating the in memory model state,0,it s responsible for both mutating the in memory model state | operation,"[0, 0, 0, 1, 0]"
300,Operation,see db migrations state py to represent what it performs as well,0,see db migrations state py to represent what it performs as well | operation,"[0, 0, 0, 1, 0]"
302,OverwritingStorage,overwrite existing files instead of appending a suffix to generate an,0,overwrite existing files instead of appending a suffix to generate an | overwritingstorage,"[0, 0, 0, 0, 1]"
304,ParentWithDependentChildren,model where the validation of child foreign key relationships depends,0,model where the validation of child foreign key relationships depends | parentwithdependentchildren,"[0, 0, 0, 0, 1]"
305,ParentWithDependentChildren,on validation of the parent,0,on validation of the parent | parentwithdependentchildren,"[0, 0, 0, 0, 1]"
306,Permission,the permissions system provides a way to assign permissions to specific,0,the permissions system provides a way to assign permissions to specific | permission,"[0, 0, 0, 0, 1]"
307,Permission,users and groups of users,0,users and groups of users | permission,"[0, 0, 0, 0, 1]"
311,Permission,the add permission limits the user s ability to view the add form,0,the add permission limits the user s ability to view the add form | permission,"[1, 0, 0, 0, 0]"
312,Permission,and add an object,0,and add an object | permission,"[1, 0, 0, 0, 0]"
313,Permission,the change permission limits a user s ability to view the change,0,the change permission limits a user s ability to view the change | permission,"[1, 0, 0, 0, 0]"
314,Permission,list view the change form and change an object,0,list view the change form and change an object | permission,"[1, 0, 0, 0, 0]"
315,Permission,the delete permission limits the ability to delete an object,0,the delete permission limits the ability to delete an object | permission,"[1, 0, 0, 0, 0]"
317,Permission,the permissions listed above are automatically created for each model,0,the permissions listed above are automatically created for each model | permission,"[0, 0, 0, 1, 0]"
319,ProxyModelInheritanceTests,for the proxied model as described in 12286,0,for the proxied model as described in 12286 | proxymodelinheritancetests,"[0, 0, 0, 0, 1]"
321,ProxyModelInheritanceTests,apps and calls migrate then verifies that the table has been created,0,apps and calls migrate then verifies that the table has been created | proxymodelinheritancetests,"[0, 0, 0, 1, 0]"
322,RawPostDataException,you cannot access raw post data from a request that has,0,you cannot access raw post data from a request that has | rawpostdataexception,"[0, 0, 0, 0, 1]"
323,RawPostDataException,multipart post data if it has been accessed via post,0,multipart post data if it has been accessed via post | rawpostdataexception,"[0, 0, 0, 1, 1]"
324,RawPostDataException,files etc,0,files etc | rawpostdataexception,"[0, 0, 0, 1, 1]"
326,RemoteTestRunner,run tests and record everything but don t display anything,0,run tests and record everything but don t display anything | remotetestrunner,"[0, 0, 0, 0, 1]"
327,RequestFactoryEnvironmentTests,regression tests for 8551 and 17067 ensure that environment variables,0,regression tests for 8551 and 17067 ensure that environment variables | requestfactoryenvironmenttests,"[0, 0, 0, 1, 1]"
328,RequestFactoryEnvironmentTests,are set correctly in requestfactory,0,are set correctly in requestfactory | requestfactoryenvironmenttests,"[0, 0, 0, 1, 1]"
329,ReverseGenericManyToOneDescriptor,accessor to the related objects manager on the one to many relation created,0,accessor to the related objects manager on the one to many relation created | reversegenericmanytoonedescriptor,"[0, 0, 0, 0, 1]"
330,ReverseGenericManyToOneDescriptor,by genericrelation,0,by genericrelation | reversegenericmanytoonedescriptor,"[0, 0, 0, 0, 1]"
331,ReverseGenericManyToOneDescriptor,in the example,0,in the example | reversegenericmanytoonedescriptor,"[1, 0, 0, 0, 0]"
332,ReverseGenericManyToOneDescriptor,class post model,0,class post model | reversegenericmanytoonedescriptor,"[1, 0, 0, 0, 0]"
333,ReverseGenericManyToOneDescriptor,comments genericrelation comment,0,comments genericrelation comment | reversegenericmanytoonedescriptor,"[1, 0, 0, 0, 0]"
335,SameAsLookup,the operator is the same as operator,0,the operator is the same as operator | sameaslookup,"[0, 0, 0, 1, 1]"
336,SameAsLookup,it tests actual geometric,0,it tests actual geometric | sameaslookup,"[0, 0, 0, 1, 1]"
337,SameAsLookup,equality of two features,0,equality of two features | sameaslookup,"[0, 0, 0, 1, 1]"
338,SameAsLookup,so if a and b are the same feature,0,so if a and b are the same feature | sameaslookup,"[0, 0, 0, 1, 1]"
339,SameAsLookup,vertex by vertex the operator returns true,0,vertex by vertex the operator returns true | sameaslookup,"[0, 0, 0, 1, 1]"
340,Serializer,convert a queryset to json,0,convert a queryset to json | serializer,"[0, 0, 0, 0, 1]"
344,SessionStore,inside the custom session model,0,inside the custom session model | sessionstore,"[0, 0, 0, 1, 0]"
345,SimpleView,a simple view with a docstring,0,a simple view with a docstring | simpleview,"[0, 0, 0, 0, 1]"
347,SpatialRefSysMixin,spatialrefsys objects to reduce redundant code,0,spatialrefsys objects to reduce redundant code | spatialrefsysmixin,"[0, 0, 1, 0, 1]"
348,SplitHiddenDateTimeWidget,a widget that splits datetime input into two input type hidden inputs,0,a widget that splits datetime input into two input type hidden inputs | splithiddendatetimewidget,"[0, 0, 0, 0, 1]"
353,TemplateDoesNotExist,the exception used when a template does not exist,0,the exception used when a template does not exist | templatedoesnotexist,"[0, 0, 0, 0, 1]"
356,TemplateDoesNotExist,tried,0,tried | templatedoesnotexist,"[0, 1, 0, 0, 0]"
358,TemplateDoesNotExist,is formatted as a list of tuples containing origin status where,0,is formatted as a list of tuples containing origin status where | templatedoesnotexist,"[0, 1, 0, 0, 0]"
360,TemplateDoesNotExist,reason the template wasn t found,0,reason the template wasn t found | templatedoesnotexist,"[0, 1, 0, 0, 0]"
361,TemplateDoesNotExist,chain,0,chain | templatedoesnotexist,"[0, 1, 0, 0, 0]"
363,TemplateDoesNotExist,this is used to,0,this is used to | templatedoesnotexist,"[0, 1, 0, 0, 0]"
364,TemplateDoesNotExist,encapsulate multiple exceptions when loading templates from multiple,0,encapsulate multiple exceptions when loading templates from multiple | templatedoesnotexist,"[0, 1, 0, 0, 0]"
367,TestImageFieldFile,was opened,0,was opened | testimagefieldfile,"[0, 0, 0, 0, 1]"
369,TestUtils,this doc output is required for testing,0,this doc output is required for testing | testutils,"[0, 0, 1, 0, 0]"
371,UniqueAnchor,something for other models to point at,0,something for other models to point at | uniqueanchor,"[0, 0, 0, 0, 1]"
373,UserCreationForm,a form that creates a user with no privileges from the given username and,0,a form that creates a user with no privileges from the given username and | usercreationform,"[0, 1, 0, 0, 1]"
374,UserCreationForm,password,0,password | usercreationform,"[0, 1, 0, 0, 1]"
375,VariableWrapper,an adapter class for cursor variables that prevents the wrapped object,0,an adapter class for cursor variables that prevents the wrapped object | variablewrapper,"[0, 0, 0, 0, 1]"
376,VariableWrapper,from being converted into a string when used to instantiate an oracleparam,0,from being converted into a string when used to instantiate an oracleparam | variablewrapper,"[0, 0, 0, 0, 1]"
378,VariableWrapper,cursor execute as is,0,cursor execute as is | variablewrapper,"[1, 0, 0, 0, 0]"
380,WindowFrame,there are two types of frame,0,there are two types of frame | windowframe,"[0, 0, 0, 1, 0]"
381,WindowFrame,clauses which are subclasses however all processing and validation by no,0,clauses which are subclasses however all processing and validation by no | windowframe,"[0, 0, 0, 1, 0]"
382,WindowFrame,means intended to be complete is done here,0,means intended to be complete is done here | windowframe,"[0, 0, 0, 1, 0]"
385,XFrameOptionsMiddleware,a xframe options exempt value set to true,0,a xframe options exempt value set to true | xframeoptionsmiddleware,"[0, 0, 1, 0, 0]"
386,XFrameOptionsMiddleware,by default set the x frame options header to sameorigin meaning the,0,by default set the x frame options header to sameorigin meaning the | xframeoptionsmiddleware,"[1, 0, 1, 0, 0]"
387,XFrameOptionsMiddleware,response can only be loaded on a frame within the same site,0,response can only be loaded on a frame within the same site | xframeoptionsmiddleware,"[1, 0, 1, 0, 0]"
390,XFrameOptionsMiddleware,response from being loaded in a frame in any site set x frame options in,0,response from being loaded in a frame in any site set x frame options in | xframeoptionsmiddleware,"[1, 0, 1, 0, 0]"
391,XFrameOptionsMiddleware,your project s django settings to deny,0,your project s django settings to deny | xframeoptionsmiddleware,"[1, 0, 1, 0, 0]"
393,Audio,when this object is returned by an input cell or passed to the,0,when this object is returned by an input cell or passed to the | audio,"[0, 0, 0, 1, 0]"
395,Audio,in the frontend only works in the notebook,0,in the frontend only works in the notebook | audio,"[0, 0, 0, 1, 0]"
406,Audio,bytestring containing raw pcm data or,0,bytestring containing raw pcm data or | audio,"[0, 1, 0, 0, 0]"
410,Audio,dependent,0,dependent | audio,"[0, 1, 0, 0, 0]"
412,Audio,a url to download the data from,0,a url to download the data from | audio,"[0, 1, 0, 0, 0]"
414,Audio,path to a local file to load the data from,0,path to a local file to load the data from | audio,"[0, 1, 0, 0, 0]"
415,Audio,embed boolean,0,embed boolean | audio,"[0, 1, 0, 0, 0]"
416,Audio,should the audio data be embedded using a data uri true or should,0,should the audio data be embedded using a data uri true or should | audio,"[0, 1, 0, 0, 0]"
418,Audio,set this to true if you want the,0,set this to true if you want the | audio,"[0, 1, 0, 0, 0]"
419,Audio,audio to playable later with no internet connection in the notebook,0,audio to playable later with no internet connection in the notebook | audio,"[0, 1, 0, 0, 0]"
420,Audio,default is true unless the keyword argument url is set then,0,default is true unless the keyword argument url is set then | audio,"[0, 1, 0, 0, 0]"
421,Audio,default value is false,0,default value is false | audio,"[0, 1, 0, 0, 0]"
422,Audio,rate integer,0,rate integer | audio,"[0, 1, 0, 0, 0]"
423,Audio,the sampling rate of the raw data,0,the sampling rate of the raw data | audio,"[0, 1, 0, 0, 0]"
424,Audio,only required when data parameter is being used as an array,0,only required when data parameter is being used as an array | audio,"[0, 1, 0, 0, 0]"
427,Audio,default is false,0,default is false | audio,"[0, 1, 0, 0, 0]"
429,Audio,whether audio should be normalized rescaled to the maximum possible,0,whether audio should be normalized rescaled to the maximum possible | audio,"[0, 1, 0, 0, 0]"
432,Audio,when set to false data must be between,0,when set to false data must be between | audio,"[0, 1, 0, 0, 0]"
433,Audio,1 and 1 inclusive otherwise an error is raised,0,1 and 1 inclusive otherwise an error is raised | audio,"[0, 1, 0, 0, 0]"
439,Audio,framerate 44100,0,framerate 44100 | audio,"[1, 0, 0, 0, 0]"
440,Audio,t np linspace 0 5 framerate 5,0,t np linspace 0 5 framerate 5 | audio,"[1, 0, 0, 0, 0]"
444,Audio,dataleft np sin 2 np pi 220 t,0,dataleft np sin 2 np pi 220 t | audio,"[1, 0, 0, 0, 0]"
454,Audio,audio data b raw wav data,0,audio data b raw wav data | audio,"[1, 0, 0, 0, 0]"
456,capture_output,context manager for capturing stdout err,0,context manager for capturing stdout err | capture output,"[0, 0, 0, 0, 1]"
459,DisplayHook,the custom ipython displayhook to replace sys displayhook,0,the custom ipython displayhook to replace sys displayhook | displayhook,"[0, 0, 0, 0, 1]"
460,DisplayHook,this class does many things but the basic idea is that it is a callable,0,this class does many things but the basic idea is that it is a callable | displayhook,"[0, 0, 0, 1, 0]"
461,DisplayHook,that gets called anytime user code returns a value,0,that gets called anytime user code returns a value | displayhook,"[0, 0, 0, 1, 0]"
462,DummyMod,a dummy module used for ipython s interactive module when,0,a dummy module used for ipython s interactive module when | dummymod,"[0, 0, 0, 0, 1]"
467,HelpEnd,transformer for help syntax obj,0,transformer for help syntax obj | helpend,"[0, 0, 0, 0, 1]"
469,HistoryAccessor,access the history database without adding to it,0,access the history database without adding to it | historyaccessor,"[0, 0, 0, 0, 1]"
470,HistoryAccessor,this is intended for use by standalone history tools,0,this is intended for use by standalone history tools | historyaccessor,"[1, 0, 0, 0, 0]"
473,InteractiveShellApp,as part of configuring a shell environment,0,as part of configuring a shell environment | interactiveshellapp,"[0, 0, 0, 0, 1]"
476,InteractiveShellApp,meth init path,0,meth init path | interactiveshellapp,"[0, 0, 0, 1, 0]"
477,InteractiveShellApp,meth init shell to be implemented by the subclass,0,meth init shell to be implemented by the subclass | interactiveshellapp,"[0, 0, 0, 1, 0]"
478,InteractiveShellApp,meth init gui pylab,0,meth init gui pylab | interactiveshellapp,"[0, 0, 0, 1, 0]"
479,InteractiveShellApp,meth init extensions,0,meth init extensions | interactiveshellapp,"[0, 0, 0, 1, 0]"
480,InteractiveShellApp,meth init code,0,meth init code | interactiveshellapp,"[0, 0, 0, 1, 0]"
482,LazyEvaluate,this is used for formatting strings with values that need to be updated,0,this is used for formatting strings with values that need to be updated | lazyevaluate,"[0, 0, 1, 0, 0]"
486,Magics,this can make some functions easier to type eg cd,0,this can make some functions easier to type eg cd | magics,"[0, 0, 1, 0, 0]"
491,Magics,must,0,must | magics,"[1, 0, 0, 0, 0]"
492,Magics,use the method decorators line magic and cell magic to decorate,0,use the method decorators line magic and cell magic to decorate | magics,"[1, 0, 0, 0, 0]"
493,Magics,individual methods as magic functions and,0,individual methods as magic functions and | magics,"[1, 0, 0, 0, 0]"
494,Magics,use the class decorator magics class to ensure that the magic,0,use the class decorator magics class to ensure that the magic | magics,"[1, 0, 0, 0, 0]"
496,Magics,initialization,0,initialization | magics,"[1, 0, 0, 0, 0]"
497,MyFrame,this is myframe,0,this is myframe | myframe,"[0, 0, 0, 0, 1]"
501,RichPromptDisplayHook,subclass of base display hook using coloured prompt,0,subclass of base display hook using coloured prompt | richpromptdisplayhook,"[0, 0, 0, 0, 1]"
505,Struct,attribute style access,0,attribute style access | struct,"[0, 0, 0, 1, 0]"
506,Struct,protection of class members like keys items when using attribute,0,protection of class members like keys items when using attribute | struct,"[0, 0, 0, 1, 0]"
507,Struct,style access,0,style access | struct,"[0, 0, 0, 1, 0]"
508,Struct,the ability to restrict assignment to only existing keys,0,the ability to restrict assignment to only existing keys | struct,"[0, 0, 0, 1, 0]"
516,TermColors,string suitable for defining dummy color schemes in terminals which get,0,string suitable for defining dummy color schemes in terminals which get | termcolors,"[0, 0, 0, 0, 1]"
517,TermColors,confused by color escapes,0,confused by color escapes | termcolors,"[0, 0, 0, 0, 1]"
519,UserMagics,placeholder for user defined magics to be added at runtime,0,placeholder for user defined magics to be added at runtime | usermagics,"[0, 0, 0, 0, 1]"
520,UserMagics,all magics are eventually merged into a single namespace at runtime but we,0,all magics are eventually merged into a single namespace at runtime but we | usermagics,"[0, 0, 1, 1, 0]"
523,UserMagics,their own class,0,their own class | usermagics,"[0, 0, 1, 1, 0]"
524,YouTubeVideo,class for embedding a youtube video in an ipython session based on its video id,0,class for embedding a youtube video in an ipython session based on its video id | youtubevideo,"[0, 0, 0, 0, 1]"
525,YouTubeVideo,eg to embed the video from https www youtube com watch v foo you would,0,eg to embed the video from https www youtube com watch v foo you would | youtubevideo,"[1, 0, 0, 0, 0]"
526,YouTubeVideo,do,0,do | youtubevideo,"[1, 0, 0, 0, 0]"
528,YouTubeVideo,display vid,0,display vid | youtubevideo,"[1, 0, 0, 0, 0]"
529,YouTubeVideo,to start from 30 seconds,0,to start from 30 seconds | youtubevideo,"[1, 0, 0, 0, 0]"
530,YouTubeVideo,vid youtubevideo abc start 30,0,vid youtubevideo abc start 30 | youtubevideo,"[1, 0, 0, 0, 0]"
535,YouTubeVideo,other parameters can be provided as documented at,0,other parameters can be provided as documented at | youtubevideo,"[1, 1, 0, 0, 0]"
536,YouTubeVideo,https developers google com youtube player parameters parameters,0,https developers google com youtube player parameters parameters | youtubevideo,"[0, 1, 0, 0, 0]"
537,YouTubeVideo,when converting the notebook using nbconvert a jpeg representation of the video,0,when converting the notebook using nbconvert a jpeg representation of the video | youtubevideo,"[1, 0, 0, 0, 0]"
539,_MockPOP3,base mock that pretends to be a poplib pop3 connection,0,base mock that pretends to be a poplib pop3 connection | mockpop3,"[0, 0, 0, 0, 1]"
540,_MockPOP3,pm pop3mailbox localhost user bad conn cls mockpop3,0,pm pop3mailbox localhost user bad conn cls mockpop3 | mockpop3,"[1, 0, 0, 0, 0]"
542,_MockPOP3,accesserror,0,accesserror | mockpop3,"[1, 0, 0, 0, 0]"
544,_MockPOP3,conn cls mockpop3,0,conn cls mockpop3 | mockpop3,"[1, 0, 0, 0, 0]"
545,_MockPOP3,pm stat,0,pm stat | mockpop3,"[1, 0, 0, 0, 0]"
546,_MockPOP3,2 123456,0,2 123456 | mockpop3,"[1, 0, 0, 0, 0]"
547,_MockPOP3,pm iterkeys,0,pm iterkeys | mockpop3,"[1, 0, 0, 0, 0]"
551,_MockPOP3,msg subject for msg in pm,0,msg subject for msg in pm | mockpop3,"[1, 0, 0, 0, 0]"
552,_MockPOP3,msg 1 msg 2,0,msg 1 msg 2 | mockpop3,"[1, 0, 0, 0, 0]"
553,_MockPOP3,pm get msg size evil pm get msg size good,0,pm get msg size evil pm get msg size good | mockpop3,"[1, 0, 0, 0, 0]"
555,_MockPOP3,pm get bytes evil,0,pm get bytes evil | mockpop3,"[1, 0, 0, 0, 0]"
556,_MockPOP3,from test mailpile is nsubject msg 1 n noh hi,0,from test mailpile is nsubject msg 1 n noh hi | mockpop3,"[1, 0, 0, 0, 0]"
558,_MockPOP3,from,0,from | mockpop3,"[1, 0, 0, 0, 0]"
559,_MockPOP3,pm invalid key,0,pm invalid key | mockpop3,"[1, 0, 0, 0, 0]"
562,AutocryptSearch,search for the autocrypt database,0,search for the autocrypt database | autocryptsearch,"[0, 0, 0, 0, 1]"
563,AutoTlsConnBroker,this broker tries to auto upgrade connections to use tls or at,0,this broker tries to auto upgrade connections to use tls or at | autotlsconnbroker,"[0, 0, 0, 0, 1]"
564,AutoTlsConnBroker,least do the ssl handshake here so we can record info about it,0,least do the ssl handshake here so we can record info about it | autotlsconnbroker,"[0, 0, 0, 0, 1]"
566,ConfigDict,the object must be initialized with a dictionary which describes in,0,the object must be initialized with a dictionary which describes in | configdict,"[0, 0, 0, 1, 0]"
567,ConfigDict,a structured way what variables exist what their legal values are,0,a structured way what variables exist what their legal values are | configdict,"[0, 0, 0, 1, 0]"
568,ConfigDict,and what their defaults are and what they are for,0,and what their defaults are and what they are for | configdict,"[0, 0, 0, 1, 0]"
575,ConfigDict,a data type sanity check,0,a data type sanity check | configdict,"[0, 1, 0, 1, 0]"
577,ConfigDict,a default value,0,a default value | configdict,"[0, 1, 0, 1, 0]"
578,ConfigDict,if the sanity check is itself a dictionary of rules values are expected,0,if the sanity check is itself a dictionary of rules values are expected | configdict,"[0, 0, 0, 1, 0]"
581,ConfigDict,should be used with an empty list or dictionary as a default value,0,should be used with an empty list or dictionary as a default value | configdict,"[0, 1, 0, 0, 0]"
583,ConfigDict,rules in place of the default value,0,rules in place of the default value | configdict,"[0, 0, 0, 1, 0]"
584,ConfigDict,if the default value is an empty list it is assumed to be a list of,0,if the default value is an empty list it is assumed to be a list of | configdict,"[0, 0, 1, 1, 0]"
585,ConfigDict,values of the type specified,0,values of the type specified | configdict,"[0, 0, 1, 1, 0]"
588,ConfigDict,int 0,0,int 0 | configdict,"[1, 0, 0, 0, 0]"
590,ConfigDict,int 99,0,int 99 | configdict,"[1, 0, 0, 0, 0]"
596,ConfigDict,x x str,0,x x str | configdict,"[1, 0, 0, 0, 0]"
600,ConfigDict,pot potatoes pot liquids vodka 123,0,pot potatoes pot liquids vodka 123 | configdict,"[1, 0, 0, 0, 0]"
610,ConfigDict,vodka,0,vodka | configdict,"[1, 0, 0, 0, 0]"
614,ConfigDict,pot colors,0,pot colors | configdict,"[1, 0, 0, 0, 0]"
618,ConfigDict,123,0,123 | configdict,"[1, 0, 0, 0, 0]"
622,ConfigDict,traceback most recent call last,0,traceback most recent call last | configdict,"[1, 0, 0, 0, 0]"
624,ConfigDict,traceback most recent call last,0,traceback most recent call last | configdict,"[1, 0, 0, 0, 0]"
629,ConfigDict,configvalueerror invalid value for config colors 4 green,0,configvalueerror invalid value for config colors 4 green | configdict,"[1, 0, 0, 0, 0]"
631,ConfigDict,how many potatoes,0,how many potatoes | configdict,"[1, 0, 0, 0, 0]"
632,ConfigDict,type int 0,0,type int 0 | configdict,"[1, 0, 0, 0, 0]"
635,ConfigureMailboxes,add one or more mailboxes,0,add one or more mailboxes | configuremailboxes,"[0, 0, 0, 0, 1]"
636,ConfigureMailboxes,if not account is specified the mailbox is only assigned an id for use,0,if not account is specified the mailbox is only assigned an id for use | configuremailboxes,"[0, 0, 1, 0, 0]"
640,ConnectToGuiOMatic,connect to a waiting gui o matic gui,0,connect to a waiting gui o matic gui | connecttoguiomatic,"[0, 0, 0, 0, 1]"
644,EncryptedUnicodeDict,encrypteddict which only deals in unicode values,0,encrypteddict which only deals in unicode values | encryptedunicodedict,"[0, 0, 0, 0, 1]"
645,Event,this is a single event in the event log,0,this is a single event in the event log | event,"[0, 0, 0, 0, 1]"
648,Forward,create forwarding drafts of one or more messages,0,create forwarding drafts of one or more messages | forward,"[0, 0, 0, 0, 1]"
649,Group_,view groups,0,view groups | group,"[0, 0, 0, 0, 1]"
651,ListTags,list tags,0,list tags | listtags,"[0, 0, 0, 0, 1]"
653,MailpileJinjaLoader,and plugin system to find template files,0,and plugin system to find template files | mailpilejinjaloader,"[0, 0, 0, 0, 1]"
654,MailpileMailbox,a maildir class for windows using,0,a maildir class for windows using | mailpilemailbox,"[0, 0, 0, 0, 1]"
656,MailpileVFS,this is a router object that implements the vfs interface but,0,this is a router object that implements the vfs interface but | mailpilevfs,"[0, 0, 0, 0, 1]"
657,MailpileVFS,delegating calls to individual implementations,0,delegating calls to individual implementations | mailpilevfs,"[0, 0, 0, 0, 1]"
659,OldPostingList,a posting list is a map of search terms to message ids,0,a posting list is a map of search terms to message ids | oldpostinglist,"[0, 0, 0, 0, 1]"
661,StorageBackedLongs,this combines storagebackeddata with pack unpacklonglist to pack,0,this combines storagebackeddata with pack unpacklonglist to pack | storagebackedlongs,"[0, 0, 0, 0, 1]"
663,StorageBackedLongs,storage sbl x01 x00 x00 x00 x00 x00 x00 x00,0,storage sbl x01 x00 x00 x00 x00 x00 x00 x00 | storagebackedlongs,"[1, 0, 0, 0, 0]"
664,StorageBackedLongs,sbl storagebackedlongs storage sbl,0,sbl storagebackedlongs storage sbl | storagebackedlongs,"[1, 0, 0, 0, 0]"
666,StorageBackedLongs,true,0,true | storagebackedlongs,"[1, 0, 0, 0, 0]"
667,StorageBackedLongs,sbl append 2,0,sbl append 2 | storagebackedlongs,"[1, 0, 0, 0, 0]"
668,StorageBackedLongs,sbl save,0,sbl save | storagebackedlongs,"[1, 0, 0, 0, 0]"
670,StorageBackedLongs,true,0,true | storagebackedlongs,"[1, 0, 0, 0, 0]"
676,VCardStore,this will,0,this will | vcardstore,"[1, 0, 0, 0, 0]"
677,VCardStore,create a file for the card on disk using a random name,0,create a file for the card on disk using a random name | vcardstore,"[1, 0, 0, 0, 0]"
678,VCardStore,vcs add vcards mailpilevcard vcardline fn dude,0,vcs add vcards mailpilevcard vcardline fn dude | vcardstore,"[1, 0, 0, 0, 0]"
679,VCardStore,vcardline email d evil com,0,vcardline email d evil com | vcardstore,"[1, 0, 0, 0, 0]"
680,VCardStore,mailpilevcard vcardline fn guy,0,mailpilevcard vcardline fn guy | vcardstore,"[1, 0, 0, 0, 0]"
681,VCardStore,vcards can be looked up directly by e mail,0,vcards can be looked up directly by e mail | vcardstore,"[1, 0, 0, 0, 0]"
683,VCardStore,u dude,0,u dude | vcardstore,"[1, 0, 0, 0, 0]"
684,VCardStore,vcs get vcard nosuch email address is none,0,vcs get vcard nosuch email address is none | vcardstore,"[1, 0, 0, 0, 0]"
685,VCardStore,true,0,true | vcardstore,"[1, 0, 0, 0, 0]"
686,VCardStore,or they can be found using searches,0,or they can be found using searches | vcardstore,"[1, 0, 0, 0, 0]"
687,VCardStore,vcs find vcards guy 0 fn,0,vcs find vcards guy 0 fn | vcardstore,"[1, 0, 0, 0, 0]"
688,VCardStore,u guy,0,u guy | vcardstore,"[1, 0, 0, 0, 0]"
692,VCardStore,true,0,true | vcardstore,"[1, 0, 0, 0, 0]"
695,AbstractEngine,object serving as a base class for all engines,0,object serving as a base class for all engines | abstractengine,"[0, 0, 0, 0, 1]"
702,Base,input data,0,input data | base,"[0, 0, 1, 0, 0]"
703,Base,to be supplied in breaks format then converted by the subclass method,0,to be supplied in breaks format then converted by the subclass method | base,"[0, 0, 1, 0, 0]"
704,Base,get kwargs from breaks to the expected format,0,get kwargs from breaks to the expected format | base,"[0, 0, 1, 0, 0]"
706,BaseInterfaceTests,interface,0,interface | baseinterfacetests,"[0, 0, 0, 0, 1]"
707,BooleanArray,array of boolean true false data with missing values,0,array of boolean true false data with missing values | booleanarray,"[0, 0, 0, 0, 1]"
709,BooleanArray,represented by 2 numpy arrays a boolean array with the data and,0,represented by 2 numpy arrays a boolean array with the data and | booleanarray,"[0, 0, 0, 1, 0]"
710,BooleanArray,a boolean array with the mask true indicating missing,0,a boolean array with the mask true indicating missing | booleanarray,"[0, 0, 0, 1, 0]"
725,BooleanArray,indicates missing,0,indicates missing | booleanarray,"[0, 1, 0, 0, 0]"
727,BooleanArray,whether to copy the values and mask arrays,0,whether to copy the values and mask arrays | booleanarray,"[0, 1, 0, 0, 0]"
742,BooleanArray,length 3 dtype boolean,0,length 3 dtype boolean | booleanarray,"[1, 0, 0, 0, 0]"
743,BusinessHour,dateoffset subclass representing possibly n business hours,0,dateoffset subclass representing possibly n business hours | businesshour,"[0, 0, 0, 0, 1]"
744,BusinessMixin,mixin to business types to provide related functions,0,mixin to business types to provide related functions | businessmixin,"[0, 0, 0, 0, 1]"
745,BYearBegin,dateoffset increments between business year begin dates,0,dateoffset increments between business year begin dates | byearbegin,"[0, 0, 0, 0, 1]"
749,CategoricalDtype,categories sequence optional,0,categories sequence optional | categoricaldtype,"[0, 1, 0, 1, 0]"
751,CategoricalDtype,ordered bool or none default false,0,ordered bool or none default false | categoricaldtype,"[0, 1, 0, 0, 0]"
753,CategoricalDtype,none can be used to maintain the ordered value of existing categoricals when,0,none can be used to maintain the ordered value of existing categoricals when | categoricaldtype,"[0, 1, 0, 0, 0]"
755,CategoricalDtype,false if there is no existing ordered to maintain,0,false if there is no existing ordered to maintain | categoricaldtype,"[0, 1, 0, 1, 0]"
757,CategoricalDtype,categories,0,categories | categoricaldtype,"[0, 0, 0, 1, 0]"
758,CategoricalDtype,ordered,0,ordered | categoricaldtype,"[0, 0, 0, 1, 0]"
761,CategoricalDtype,notes,0,notes | categoricaldtype,"[0, 0, 1, 0, 0]"
764,CategoricalDtype,see ref categorical categoricaldtype,0,see ref categorical categoricaldtype | categoricaldtype,"[0, 0, 1, 0, 0]"
769,CategoricalDtype,pd series a b a c dtype t,0,pd series a b a c dtype t | categoricaldtype,"[1, 0, 0, 0, 0]"
771,CategoricalDtype,1 b,0,1 b | categoricaldtype,"[1, 0, 0, 0, 0]"
773,CategoricalDtype,3 nan,0,3 nan | categoricaldtype,"[1, 0, 0, 0, 0]"
775,CategoricalDtype,categories 2 object b a,0,categories 2 object b a | categoricaldtype,"[1, 0, 0, 1, 0]"
776,CategoricalIndex,index based on an underlying class categorical,0,index based on an underlying class categorical | categoricalindex,"[0, 0, 0, 0, 1]"
778,CategoricalIndex,also,0,also | categoricalindex,"[0, 0, 0, 1, 0]"
779,CategoricalIndex,like categorical it might have an order but numerical operations,0,like categorical it might have an order but numerical operations | categoricalindex,"[0, 0, 0, 1, 0]"
780,CategoricalIndex,additions divisions,0,additions divisions | categoricalindex,"[0, 0, 0, 1, 0]"
784,CategoricalIndex,the values of the categorical,0,the values of the categorical | categoricalindex,"[0, 1, 0, 0, 0]"
785,CategoricalIndex,if categories are given values not in,0,if categories are given values not in | categoricalindex,"[0, 1, 0, 1, 0]"
786,CategoricalIndex,categories will be replaced with nan,0,categories will be replaced with nan | categoricalindex,"[0, 1, 0, 1, 0]"
787,CategoricalIndex,categories index like optional,0,categories index like optional | categoricalindex,"[0, 1, 0, 1, 0]"
788,CategoricalIndex,the categories for the categorical,0,the categories for the categorical | categoricalindex,"[0, 1, 0, 1, 0]"
789,CategoricalIndex,items need to be unique,0,items need to be unique | categoricalindex,"[0, 1, 0, 0, 0]"
790,CategoricalIndex,if the categories are not given here and also not in dtype they,0,if the categories are not given here and also not in dtype they | categoricalindex,"[0, 1, 0, 1, 0]"
791,CategoricalIndex,will be inferred from the data,0,will be inferred from the data | categoricalindex,"[0, 1, 0, 0, 0]"
792,CategoricalIndex,ordered bool optional,0,ordered bool optional | categoricalindex,"[0, 1, 0, 1, 0]"
793,CategoricalIndex,whether or not this categorical is treated as an ordered,0,whether or not this categorical is treated as an ordered | categoricalindex,"[0, 1, 0, 1, 0]"
794,CategoricalIndex,categorical,0,categorical | categoricalindex,"[0, 1, 0, 0, 0]"
795,CategoricalIndex,if not given here or in dtype the resulting,0,if not given here or in dtype the resulting | categoricalindex,"[0, 1, 0, 0, 0]"
796,CategoricalIndex,categorical will be unordered,0,categorical will be unordered | categoricalindex,"[0, 1, 0, 1, 0]"
797,CategoricalIndex,dtype categoricaldtype or category optional,0,dtype categoricaldtype or category optional | categoricalindex,"[0, 1, 0, 0, 0]"
799,CategoricalIndex,categories or ordered,0,categories or ordered | categoricalindex,"[0, 1, 0, 1, 0]"
802,CategoricalIndex,make a copy of input ndarray,0,make a copy of input ndarray | categoricalindex,"[0, 1, 0, 0, 0]"
806,CategoricalIndex,codes,0,codes | categoricalindex,"[0, 0, 0, 1, 0]"
808,CategoricalIndex,ordered,0,ordered | categoricalindex,"[0, 0, 0, 1, 0]"
812,CategoricalIndex,as ordered,0,as ordered | categoricalindex,"[0, 0, 0, 1, 0]"
813,CategoricalIndex,as unordered,0,as unordered | categoricalindex,"[0, 0, 0, 1, 0]"
815,CategoricalIndex,if the categories do not validate,0,if the categories do not validate | categoricalindex,"[0, 0, 0, 1, 0]"
816,CategoricalIndex,if an explicit ordered true is given but no categories and the,0,if an explicit ordered true is given but no categories and the | categoricalindex,"[1, 0, 0, 1, 0]"
817,CategoricalIndex,notes,0,notes | categoricalindex,"[0, 0, 1, 0, 0]"
818,CategoricalIndex,see the user guide,0,see the user guide | categoricalindex,"[0, 0, 1, 0, 0]"
819,CategoricalIndex,http pandas pydata org pandas docs stable user guide advanced html categoricalindex,0,http pandas pydata org pandas docs stable user guide advanced html categoricalindex | categoricalindex,"[0, 0, 1, 0, 0]"
823,CategoricalIndex,categoricalindex a b c a b c categories a b c ordered false dtype category noqa,0,categoricalindex a b c a b c categories a b c ordered false dtype category noqa | categoricalindex,"[1, 0, 0, 1, 0]"
825,CategoricalIndex,c pd categorical a b c a b c,0,c pd categorical a b c a b c | categoricalindex,"[1, 0, 0, 0, 0]"
826,CategoricalIndex,pd categoricalindex c,0,pd categoricalindex c | categoricalindex,"[1, 0, 0, 0, 0]"
827,CategoricalIndex,categoricalindex a b c a b c categories a b c ordered false dtype category noqa,0,categoricalindex a b c a b c categories a b c ordered false dtype category noqa | categoricalindex,"[1, 0, 0, 1, 0]"
828,CategoricalIndex,ordered categoricalindex can have a min and max value,0,ordered categoricalindex can have a min and max value | categoricalindex,"[1, 0, 0, 1, 0]"
829,CategoricalIndex,ci pd categoricalindex a b c a b c ordered true,0,ci pd categoricalindex a b c a b c ordered true | categoricalindex,"[0, 0, 0, 1, 0]"
830,CategoricalIndex,categories c b a,0,categories c b a | categoricalindex,"[1, 0, 0, 1, 0]"
832,CategoricalIndex,categoricalindex a b c a b c categories c b a ordered true dtype category noqa,0,categoricalindex a b c a b c categories c b a ordered true dtype category noqa | categoricalindex,"[0, 0, 0, 1, 0]"
834,CythonCommand,custom distutils command subclassed from cython distutils build ext,0,custom distutils command subclassed from cython distutils build ext | cythoncommand,"[0, 0, 0, 0, 1]"
836,DataIndexableCol,represent a data column that can be indexed,0,represent a data column that can be indexed | dataindexablecol,"[0, 0, 0, 0, 1]"
839,ExcelFile,see read excel for more documentation,0,see read excel for more documentation | excelfile,"[0, 0, 1, 0, 0]"
843,ExcelFile,a file like object xlrd workbook or openpypl workbook,0,a file like object xlrd workbook or openpypl workbook | excelfile,"[0, 1, 0, 0, 0]"
845,ExcelFile,engine str default none,0,engine str default none | excelfile,"[0, 1, 0, 0, 0]"
847,ExcelFile,acceptable values are none xlrd openpyxl or odf,0,acceptable values are none xlrd openpyxl or odf | excelfile,"[0, 1, 0, 0, 0]"
849,Holiday,class that defines a holiday with start end dates and rules,0,class that defines a holiday with start end dates and rules | holiday,"[0, 0, 0, 0, 1]"
852,IntegerArray,integerarray is currently experimental and its api or internal,0,integerarray is currently experimental and its api or internal | integerarray,"[1, 0, 0, 1, 0]"
853,IntegerArray,we represent an integerarray with 2 numpy arrays,0,we represent an integerarray with 2 numpy arrays | integerarray,"[1, 0, 1, 0, 0]"
862,IntegerArray,a 1 d integer dtype array,0,a 1 d integer dtype array | integerarray,"[0, 1, 0, 0, 0]"
864,IntegerArray,a 1 d boolean dtype array indicating missing values,0,a 1 d boolean dtype array indicating missing values | integerarray,"[0, 1, 0, 0, 0]"
875,IntegerArray,create an integerarray with func pandas array,0,create an integerarray with func pandas array | integerarray,"[0, 0, 0, 1, 0]"
876,IntegerArray,int array pd array 1 none 3 dtype pd int32dtype,0,int array pd array 1 none 3 dtype pd int32dtype | integerarray,"[1, 0, 0, 1, 0]"
877,IntegerArray,int array,0,int array | integerarray,"[1, 0, 0, 0, 0]"
881,IntegerArray,length 3 dtype int32,0,length 3 dtype int32 | integerarray,"[1, 0, 0, 0, 0]"
882,IntegerArray,string aliases for the dtypes are also available,0,string aliases for the dtypes are also available | integerarray,"[1, 0, 0, 0, 0]"
883,IntegerArray,they are capitalized,0,they are capitalized | integerarray,"[1, 0, 0, 0, 0]"
884,IntegerArray,pd array 1 none 3 dtype int32,0,pd array 1 none 3 dtype int32 | integerarray,"[1, 0, 0, 1, 0]"
888,IntegerArray,pd array 1 none 3 dtype uint16,0,pd array 1 none 3 dtype uint16 | integerarray,"[1, 0, 0, 1, 0]"
890,IntegerArray,1 nan 3,0,1 nan 3 | integerarray,"[1, 0, 0, 0, 0]"
891,IntegerArray,length 3 dtype uint16,0,length 3 dtype uint16 | integerarray,"[1, 0, 0, 0, 0]"
892,IntervalDtype,an extensiondtype for interval data,0,an extensiondtype for interval data | intervaldtype,"[0, 0, 0, 0, 1]"
895,IntervalDtype,subtype str np dtype,0,subtype str np dtype | intervaldtype,"[0, 1, 0, 1, 0]"
896,IntervalDtype,the dtype of the interval bounds,0,the dtype of the interval bounds | intervaldtype,"[0, 1, 0, 0, 0]"
898,IntervalDtype,subtype,0,subtype | intervaldtype,"[0, 0, 0, 1, 0]"
902,IntervalDtype,pd intervaldtype subtype int64,0,pd intervaldtype subtype int64 | intervaldtype,"[1, 0, 0, 1, 0]"
904,NonConsolidatableMixIn,hold methods for the nonconsolidatable blocks,0,hold methods for the nonconsolidatable blocks | nonconsolidatablemixin,"[0, 0, 0, 0, 1]"
905,PlotAccessor,make plots of series or dataframe,0,make plots of series or dataframe | plotaccessor,"[0, 1, 0, 0, 1]"
906,PlotAccessor,uses the backend specified by the,0,uses the backend specified by the | plotaccessor,"[1, 0, 1, 0, 0]"
909,PlotAccessor,by default matplotlib is used,0,by default matplotlib is used | plotaccessor,"[1, 0, 1, 0, 0]"
916,PlotAccessor,allows plotting of one column versus another,0,allows plotting of one column versus another | plotaccessor,"[0, 1, 0, 0, 0]"
917,PlotAccessor,only used if data is a,0,only used if data is a | plotaccessor,"[0, 1, 0, 0, 0]"
919,PlotAccessor,kind str,0,kind str | plotaccessor,"[0, 1, 0, 0, 0]"
921,PlotAccessor,line line plot default,0,line line plot default | plotaccessor,"[0, 1, 0, 0, 0]"
922,PlotAccessor,bar vertical bar plot,0,bar vertical bar plot | plotaccessor,"[0, 1, 0, 0, 0]"
924,PlotAccessor,hist histogram,0,hist histogram | plotaccessor,"[0, 1, 0, 0, 0]"
925,PlotAccessor,box boxplot,0,box boxplot | plotaccessor,"[0, 1, 0, 0, 0]"
927,PlotAccessor,density same as kde,0,density same as kde | plotaccessor,"[0, 1, 0, 0, 0]"
928,PlotAccessor,area area plot,0,area area plot | plotaccessor,"[0, 1, 0, 0, 0]"
930,PlotAccessor,scatter scatter plot,0,scatter scatter plot | plotaccessor,"[0, 1, 0, 0, 0]"
931,PlotAccessor,hexbin hexbin plot,0,hexbin hexbin plot | plotaccessor,"[0, 1, 0, 0, 0]"
933,PlotAccessor,use index bool default true,0,use index bool default true | plotaccessor,"[0, 1, 0, 0, 0]"
934,PlotAccessor,use index as ticks for x axis,0,use index as ticks for x axis | plotaccessor,"[0, 1, 0, 0, 0]"
936,PlotAccessor,title to use for the plot,0,title to use for the plot | plotaccessor,"[0, 1, 0, 0, 0]"
938,PlotAccessor,at the top of the figure,0,at the top of the figure | plotaccessor,"[0, 1, 0, 0, 0]"
939,PlotAccessor,if a list is passed and subplots is,0,if a list is passed and subplots is | plotaccessor,"[0, 1, 0, 0, 0]"
942,PlotAccessor,axis grid lines,0,axis grid lines | plotaccessor,"[0, 1, 0, 0, 0]"
945,PlotAccessor,style list or dict,0,style list or dict | plotaccessor,"[0, 1, 0, 0, 0]"
946,PlotAccessor,the matplotlib line style per column,0,the matplotlib line style per column | plotaccessor,"[0, 1, 0, 0, 0]"
951,PlotAccessor,use log scaling or symlog scaling on y axis,0,use log scaling or symlog scaling on y axis | plotaccessor,"[0, 1, 0, 0, 0]"
952,PlotAccessor,versionchanged 025 0,0,versionchanged 025 0 | plotaccessor,"[0, 1, 0, 0, 0]"
953,PlotAccessor,loglog bool or sym default false,0,loglog bool or sym default false | plotaccessor,"[0, 1, 0, 0, 0]"
954,PlotAccessor,use log scaling or symlog scaling on both x and y axes,0,use log scaling or symlog scaling on both x and y axes | plotaccessor,"[0, 1, 0, 0, 0]"
955,PlotAccessor,versionchanged 025 0,0,versionchanged 025 0 | plotaccessor,"[0, 1, 0, 0, 0]"
956,PlotAccessor,xticks sequence,0,xticks sequence | plotaccessor,"[0, 1, 0, 0, 0]"
957,PlotAccessor,values to use for the xticks,0,values to use for the xticks | plotaccessor,"[0, 1, 0, 0, 0]"
958,PlotAccessor,yticks sequence,0,yticks sequence | plotaccessor,"[0, 1, 0, 0, 0]"
959,PlotAccessor,values to use for the yticks,0,values to use for the yticks | plotaccessor,"[0, 1, 0, 0, 0]"
961,PlotAccessor,ylim 2 tuple list,0,ylim 2 tuple list | plotaccessor,"[0, 1, 0, 0, 0]"
962,PlotAccessor,rot int default none,0,rot int default none | plotaccessor,"[0, 1, 0, 0, 0]"
963,PlotAccessor,rotation for ticks xticks for vertical yticks for horizontal,0,rotation for ticks xticks for vertical yticks for horizontal | plotaccessor,"[0, 1, 0, 0, 0]"
965,PlotAccessor,fontsize int default none,0,fontsize int default none | plotaccessor,"[0, 1, 0, 0, 0]"
966,PlotAccessor,font size for xticks and yticks,0,font size for xticks and yticks | plotaccessor,"[0, 1, 0, 0, 0]"
969,PlotAccessor,if string load colormap with that,0,if string load colormap with that | plotaccessor,"[0, 1, 0, 0, 0]"
970,PlotAccessor,name from matplotlib,0,name from matplotlib | plotaccessor,"[0, 1, 0, 0, 0]"
972,PlotAccessor,if true plot colorbar only relevant for scatter and hexbin,0,if true plot colorbar only relevant for scatter and hexbin | plotaccessor,"[0, 1, 0, 0, 0]"
974,PlotAccessor,position float,0,position float | plotaccessor,"[0, 1, 0, 0, 0]"
983,PlotAccessor,if true draw a table using the data in the dataframe and the data,0,if true draw a table using the data in the dataframe and the data | plotaccessor,"[0, 1, 0, 0, 0]"
985,PlotAccessor,if a series or dataframe is passed use passed data to draw a,0,if a series or dataframe is passed use passed data to draw a | plotaccessor,"[0, 1, 0, 0, 0]"
987,PlotAccessor,yerr dataframe series array like dict and str,0,yerr dataframe series array like dict and str | plotaccessor,"[0, 1, 0, 0, 0]"
989,PlotAccessor,detail,0,detail | plotaccessor,"[0, 1, 0, 0, 0]"
991,PlotAccessor,equivalent to yerr,0,equivalent to yerr | plotaccessor,"[0, 1, 0, 0, 0]"
993,PlotAccessor,when using a secondary y axis automatically mark the column,0,when using a secondary y axis automatically mark the column | plotaccessor,"[0, 1, 0, 0, 0]"
995,PlotAccessor,include bool bool default is false,0,include bool bool default is false | plotaccessor,"[0, 1, 0, 0, 0]"
1003,PlotAccessor,versionadded 10 0,0,versionadded 10 0 | plotaccessor,"[0, 1, 0, 0, 0]"
1005,PlotAccessor,options to pass to matplotlib plotting method,0,options to pass to matplotlib plotting method | plotaccessor,"[0, 1, 0, 0, 0]"
1009,PlotAccessor,will be the object returned by the backend,0,will be the object returned by the backend | plotaccessor,"[0, 1, 0, 0, 0]"
1010,PlotAccessor,notes,0,notes | plotaccessor,"[0, 0, 1, 0, 0]"
1011,PlotAccessor,see matplotlib documentation online for more on this subject,0,see matplotlib documentation online for more on this subject | plotaccessor,"[0, 0, 1, 0, 0]"
1019,PlotAccessor,center,0,center | plotaccessor,"[0, 0, 1, 1, 0]"
1020,SelectNSeries,implement n largest smallest for series,0,implement n largest smallest for series | selectnseries,"[0, 0, 0, 0, 1]"
1022,SelectNSeries,obj series,0,obj series | selectnseries,"[0, 1, 0, 0, 0]"
1023,SelectNSeries,n int,0,n int | selectnseries,"[0, 1, 0, 0, 0]"
1024,SelectNSeries,keep first last default first,0,keep first last default first | selectnseries,"[0, 1, 0, 0, 0]"
1026,SelectNSeries,nordered series,0,nordered series | selectnseries,"[0, 1, 0, 0, 0]"
1027,SetopCheck,this is called to decorate the set operations of intervalindex,0,this is called to decorate the set operations of intervalindex | setopcheck,"[0, 0, 1, 0, 1]"
1028,SetopCheck,to perform the type check in advance,0,to perform the type check in advance | setopcheck,"[0, 0, 1, 0, 1]"
1029,SQLiteTable,patch the sqltable for fallback support,0,patch the sqltable for fallback support | sqlitetable,"[0, 0, 0, 0, 1]"
1030,SQLiteTable,instead of a table variable just use the create table statement,0,instead of a table variable just use the create table statement | sqlitetable,"[0, 0, 1, 0, 0]"
1031,SQLTable,for mapping pandas tables to sql tables,0,for mapping pandas tables to sql tables | sqltable,"[0, 0, 0, 0, 1]"
1032,SQLTable,uses fact that table is reflected by sqlalchemy to,0,uses fact that table is reflected by sqlalchemy to | sqltable,"[0, 0, 0, 1, 0]"
1033,SQLTable,do better type conversions,0,do better type conversions | sqltable,"[0, 0, 0, 1, 0]"
1035,SQLTable,pass them between functions all the time,0,pass them between functions all the time | sqltable,"[0, 0, 0, 1, 0]"
1037,StringArray,warning,0,warning | stringarray,"[0, 1, 0, 0, 0]"
1039,StringArray,parts of the api may change without warning,0,parts of the api may change without warning | stringarray,"[0, 1, 0, 0, 0]"
1041,StringArray,values array like,0,values array like | stringarray,"[0, 1, 0, 0, 0]"
1042,StringArray,the array of data,0,the array of data | stringarray,"[0, 1, 0, 0, 0]"
1044,StringArray,currently this expects an object dtype ndarray,0,currently this expects an object dtype ndarray | stringarray,"[0, 1, 0, 0, 0]"
1045,StringArray,where the elements are python strings,0,where the elements are python strings | stringarray,"[0, 1, 0, 0, 0]"
1046,StringArray,this may,0,this may | stringarray,"[0, 1, 0, 0, 0]"
1055,StringArray,stringarray returns a booleanarray for comparison methods,0,stringarray returns a booleanarray for comparison methods | stringarray,"[0, 0, 1, 1, 0]"
1057,StringArray,pd array this is some text none data,0,pd array this is some text none data | stringarray,"[1, 0, 0, 1, 0]"
1058,StringArray,dtype string,0,dtype string | stringarray,"[1, 0, 0, 0, 0]"
1059,StringArray,stringarray,0,stringarray | stringarray,"[1, 0, 0, 0, 0]"
1060,StringArray,this is some text na data,0,this is some text na data | stringarray,"[1, 0, 0, 0, 0]"
1061,StringArray,values,0,values | stringarray,"[1, 0, 0, 0, 0]"
1062,StringArray,traceback most recent call last,0,traceback most recent call last | stringarray,"[1, 0, 0, 0, 0]"
1063,StringArray,for comparison methods this returns a class pandas booleanarray,0,for comparison methods this returns a class pandas booleanarray | stringarray,"[1, 0, 0, 1, 0]"
1066,StringArray,true na false,0,true na false | stringarray,"[1, 0, 0, 0, 0]"
1067,StringMethods,vectorized string functions for series and index,0,vectorized string functions for series and index | stringmethods,"[0, 0, 0, 0, 1]"
1068,StringMethods,nas stay na unless,0,nas stay na unless | stringmethods,"[0, 0, 1, 0, 0]"
1070,StringMethods,patterned after python s string,0,patterned after python s string | stringmethods,"[0, 0, 1, 0, 0]"
1073,StringMethods,s str split,0,s str split | stringmethods,"[1, 0, 0, 0, 0]"
1076,TestDatetimelikeSubtype,tests specific to intervalindex with datetime like subtype,0,tests specific to intervalindex with datetime like subtype | testdatetimelikesubtype,"[0, 0, 0, 0, 1]"
1079,TestPeriodIndexSeriesComparisonConsistency,test periodindex and period series ops consistency,0,test periodindex and period series ops consistency | testperiodindexseriescomparisonconsistency,"[0, 0, 0, 0, 1]"
1080,TestSorted,everything you wanted to test about sorting,0,everything you wanted to test about sorting | testsorted,"[0, 0, 0, 0, 1]"
1081,UnsortedIndexError,error raised when attempting to get a slice of a multiindex,0,error raised when attempting to get a slice of a multiindex | unsortedindexerror,"[0, 0, 0, 0, 1]"
1082,UnsortedIndexError,and the index has not been lexsorted,0,and the index has not been lexsorted | unsortedindexerror,"[0, 0, 0, 0, 1]"
1084,_BZ2Proxy,small proxy class that enables external file object,0,small proxy class that enables external file object | bz2proxy,"[0, 0, 0, 0, 1]"
1087,_BZ2Proxy,a workaround for a limitation in bz2 module s bz2file,0,a workaround for a limitation in bz2 module s bz2file | bz2proxy,"[0, 0, 1, 0, 0]"
1088,_BZ2Proxy,class which unlike gzip gzipfile has no support for,0,class which unlike gzip gzipfile has no support for | bz2proxy,"[0, 0, 1, 0, 0]"
1089,_BZ2Proxy,a file object argument,0,a file object argument | bz2proxy,"[0, 0, 1, 0, 0]"
1093,_MovedItems,lazy loading of moved objects,0,lazy loading of moved objects | moveditems,"[0, 0, 0, 0, 1]"
1094,_PathParents,this object provides sequence like access to the logical ancestors,0,this object provides sequence like access to the logical ancestors | pathparents,"[0, 0, 0, 0, 1]"
1096,And,requires all given class parseexpression s to be found in the given order,0,requires all given class parseexpression s to be found in the given order | and,"[0, 0, 1, 0, 0]"
1097,And,expressions may be separated by whitespace,0,expressions may be separated by whitespace | and,"[0, 0, 1, 1, 0]"
1099,And,may also be constructed using the operator which will,0,may also be constructed using the operator which will | and,"[0, 0, 1, 1, 0]"
1100,And,suppress backtracking,0,suppress backtracking | and,"[0, 0, 1, 1, 0]"
1103,And,name expr oneormore word alphas,0,name expr oneormore word alphas | and,"[1, 0, 0, 0, 0]"
1104,And,expr and integer id name expr name integer age,0,expr and integer id name expr name integer age | and,"[1, 0, 0, 0, 0]"
1106,And,expr integer id name expr name integer age,0,expr integer id name expr name integer age | and,"[1, 0, 0, 0, 0]"
1108,Argument,they generally,0,they generally | argument,"[1, 0, 0, 0, 0]"
1109,Argument,provide fewer features than options but can have infinite nargs,0,provide fewer features than options but can have infinite nargs | argument,"[1, 0, 0, 0, 0]"
1111,Argument,all parameters are passed onwards to the parameter constructor,0,all parameters are passed onwards to the parameter constructor | argument,"[0, 0, 0, 1, 0]"
1113,BrokenStdoutLoggingError,raised if brokenpipeerror occurs for the stdout stream while logging,0,raised if brokenpipeerror occurs for the stdout stream while logging | brokenstdoutloggingerror,"[0, 0, 0, 0, 1]"
1114,Bucket,buckets are used to store the bytecode for one template,0,buckets are used to store the bytecode for one template | bucket,"[0, 0, 0, 0, 1]"
1116,Bucket,and initialized by the bytecode cache and passed to the loading functions,0,and initialized by the bytecode cache and passed to the loading functions | bucket,"[0, 0, 0, 0, 1]"
1118,Bucket,to automatically reject outdated cache material,0,to automatically reject outdated cache material | bucket,"[0, 0, 0, 1, 0]"
1119,CallBlock,like a macro without a name but a call instead,0,like a macro without a name but a call instead | callblock,"[0, 0, 1, 0, 0]"
1120,CallBlock,call is called with,0,call is called with | callblock,"[0, 1, 0, 0, 0]"
1121,CallBlock,the unnamed macro as caller argument this node holds,0,the unnamed macro as caller argument this node holds | callblock,"[0, 1, 0, 0, 0]"
1122,CaseInsensitiveDict,a case insensitive dict like object,0,a case insensitive dict like object | caseinsensitivedict,"[0, 0, 0, 0, 1]"
1124,CaseInsensitiveDict,mutablemapping as well as dict s copy,0,mutablemapping as well as dict s copy | caseinsensitivedict,"[0, 0, 0, 0, 1]"
1125,CaseInsensitiveDict,also,0,also | caseinsensitivedict,"[0, 0, 0, 0, 1]"
1126,CaseInsensitiveDict,provides lower items,0,provides lower items | caseinsensitivedict,"[0, 0, 0, 0, 1]"
1133,CaseInsensitiveDict,will contain case sensitive keys,0,will contain case sensitive keys | caseinsensitivedict,"[0, 0, 1, 1, 0]"
1134,CaseInsensitiveDict,however querying and contains,0,however querying and contains | caseinsensitivedict,"[1, 0, 0, 0, 0]"
1135,CaseInsensitiveDict,testing is case insensitive,0,testing is case insensitive | caseinsensitivedict,"[1, 0, 0, 0, 0]"
1136,CaseInsensitiveDict,cid caseinsensitivedict,0,cid caseinsensitivedict | caseinsensitivedict,"[1, 0, 0, 0, 0]"
1137,CaseInsensitiveDict,cid accept application json,0,cid accept application json | caseinsensitivedict,"[1, 0, 0, 0, 0]"
1138,CaseInsensitiveDict,list cid accept true,0,list cid accept true | caseinsensitivedict,"[1, 0, 0, 0, 0]"
1140,CaseInsensitiveDict,value of a content encoding response header regardless,0,value of a content encoding response header regardless | caseinsensitivedict,"[1, 0, 0, 0, 0]"
1141,CaseInsensitiveDict,of how the header name was originally stored,0,of how the header name was originally stored | caseinsensitivedict,"[1, 0, 0, 0, 0]"
1142,CaseInsensitiveDict,if the constructor update or equality comparison,0,if the constructor update or equality comparison | caseinsensitivedict,"[1, 0, 0, 0, 0]"
1143,CaseInsensitiveDict,operations are given keys that have equal lower s the,0,operations are given keys that have equal lower s the | caseinsensitivedict,"[1, 0, 0, 0, 0]"
1144,CaseInsensitiveDict,behavior is undefined,0,behavior is undefined | caseinsensitivedict,"[1, 0, 0, 0, 0]"
1145,ColoredString,enhanced string for len operations on colored output,0,enhanced string for len operations on colored output | coloredstring,"[0, 0, 0, 0, 1]"
1148,CONSOLE_SCREEN_BUFFER_INFO,struct in wincon h,0,struct in wincon h | console screen buffer info,"[0, 0, 0, 0, 1]"
1150,Context_,creating instances is neither supported nor useful as it s created,0,creating instances is neither supported nor useful as it s created | context,"[0, 0, 1, 0, 0]"
1151,Context_,automatically at various stages of the template evaluation and should not,0,automatically at various stages of the template evaluation and should not | context,"[0, 0, 1, 0, 0]"
1152,Context_,be created by hand,0,be created by hand | context,"[0, 0, 1, 0, 0]"
1153,Context_,the context is immutable,0,the context is immutable | context,"[0, 0, 1, 0, 0]"
1154,Context_,modifications on attr parent must not,0,modifications on attr parent must not | context,"[1, 1, 0, 0, 0]"
1155,Context_,happen and modifications on attr vars are allowed from generated,0,happen and modifications on attr vars are allowed from generated | context,"[1, 1, 0, 0, 0]"
1156,Context_,template code only,0,template code only | context,"[1, 1, 0, 0, 0]"
1157,Context_,template filters and global functions marked as,0,template filters and global functions marked as | context,"[1, 1, 0, 0, 0]"
1158,Context_,func contextfunction s get the active context passed as first argument,0,func contextfunction s get the active context passed as first argument | context,"[1, 1, 0, 0, 0]"
1159,Context_,and are allowed to access the context read only,0,and are allowed to access the context read only | context,"[1, 1, 0, 0, 0]"
1160,Context_,the template context supports read only dict operations get,0,the template context supports read only dict operations get | context,"[0, 1, 0, 0, 0]"
1162,Context_,getitem contains,0,getitem contains | context,"[0, 1, 0, 0, 0]"
1163,Context_,additionally there is a meth resolve,0,additionally there is a meth resolve | context,"[0, 1, 0, 0, 0]"
1167,CookieConflictError,there are two cookies that meet the criteria specified in the cookie jar,0,there are two cookies that meet the criteria specified in the cookie jar | cookieconflicterror,"[0, 0, 0, 0, 1]"
1168,CookieConflictError,use get and set and include domain and path args in order to be more specific,0,use get and set and include domain and path args in order to be more specific | cookieconflicterror,"[0, 0, 1, 0, 0]"
1169,DataViewSequence,a sequence of data views,0,a sequence of data views | dataviewsequence,"[0, 0, 0, 0, 1]"
1170,DataViewSequence,each entry is an instance of item class,0,each entry is an instance of item class | dataviewsequence,"[0, 1, 0, 0, 0]"
1171,Date,a date literal,0,a date literal | date,"[0, 0, 0, 0, 1]"
1172,DirectedGraph,a graph structure with directed edges,0,a graph structure with directed edges | directedgraph,"[0, 0, 0, 0, 1]"
1175,Distribution,for construction,0,for construction | distribution,"[1, 0, 0, 0, 0]"
1180,Environment,globals and others,0,globals and others | environment,"[0, 0, 0, 1, 1]"
1190,Environment,the string marking the beginning of a block,0,the string marking the beginning of a block | environment,"[0, 1, 0, 0, 0]"
1191,Environment,defaults to,0,defaults to | environment,"[0, 1, 0, 0, 0]"
1193,Environment,the string marking the end of a block,0,the string marking the end of a block | environment,"[0, 1, 0, 0, 0]"
1197,Environment,defaults to,0,defaults to | environment,"[0, 1, 0, 0, 0]"
1203,Environment,comment end string,0,comment end string | environment,"[0, 1, 0, 0, 0]"
1204,Environment,the string marking the end of a comment,0,the string marking the end of a comment | environment,"[0, 1, 0, 0, 0]"
1205,Environment,line statement prefix,0,line statement prefix | environment,"[0, 1, 0, 0, 0]"
1207,Environment,statements,0,statements | environment,"[0, 1, 0, 0, 0]"
1214,Environment,trim blocks,0,trim blocks | environment,"[0, 1, 0, 0, 0]"
1215,Environment,if this is set to true the first newline after a block is,0,if this is set to true the first newline after a block is | environment,"[0, 1, 0, 0, 0]"
1222,Environment,the sequence that starts a newline,0,the sequence that starts a newline | environment,"[0, 1, 0, 0, 0]"
1224,Environment,n or r n,0,n or r n | environment,"[0, 1, 0, 0, 0]"
1232,Environment,versionadded 27,0,versionadded 27 | environment,"[0, 1, 0, 0, 0]"
1234,Environment,this can either be import paths,0,this can either be import paths | environment,"[0, 1, 0, 0, 0]"
1236,Environment,for more information have a,0,for more information have a | environment,"[0, 1, 0, 0, 0]"
1238,Environment,should the optimizer be enabled,0,should the optimizer be enabled | environment,"[0, 1, 0, 0, 0]"
1242,Environment,a callable that can be used to process the result of a variable,0,a callable that can be used to process the result of a variable | environment,"[0, 1, 0, 0, 0]"
1244,Environment,for example one can convert,0,for example one can convert | environment,"[0, 1, 0, 0, 0]"
1246,Environment,autoescape,0,autoescape | environment,"[0, 1, 0, 0, 0]"
1248,Environment,default,0,default | environment,"[0, 1, 0, 0, 0]"
1249,Environment,for more details about autoescaping see,0,for more details about autoescaping see | environment,"[0, 1, 0, 0, 0]"
1250,Environment,class jinja2 utils markup,0,class jinja2 utils markup | environment,"[0, 1, 0, 0, 0]"
1251,Environment,as of jinja 24 this can also,0,as of jinja 24 this can also | environment,"[0, 1, 0, 0, 0]"
1252,Environment,be a callable that is passed the template name and has to,0,be a callable that is passed the template name and has to | environment,"[0, 1, 0, 0, 0]"
1253,Environment,versionchanged 24,0,versionchanged 24 | environment,"[0, 1, 0, 0, 0]"
1255,Environment,cache size,0,cache size | environment,"[0, 1, 0, 0, 0]"
1257,Environment,per default this is 400 which means,0,per default this is 400 which means | environment,"[0, 1, 0, 0, 0]"
1259,Environment,1 the cache will not be cleaned,0,1 the cache will not be cleaned | environment,"[0, 1, 0, 0, 0]"
1261,Environment,auto reload,0,auto reload | environment,"[0, 1, 0, 0, 0]"
1266,Environment,disable that,0,disable that | environment,"[0, 1, 0, 0, 0]"
1267,Environment,bytecode cache,0,bytecode cache | environment,"[0, 1, 0, 0, 0]"
1269,Environment,enable async,0,enable async | environment,"[0, 1, 0, 0, 0]"
1270,Environment,you to take advantage of newer python features,0,you to take advantage of newer python features | environment,"[0, 1, 0, 0, 0]"
1271,Environment,this requires,0,this requires | environment,"[0, 1, 0, 0, 0]"
1273,EOF,this usually means the child has exited,0,this usually means the child has exited | eof,"[0, 0, 0, 0, 1]"
1275,ExtractError,general exception for extract errors,0,general exception for extract errors | extracterror,"[0, 0, 0, 0, 1]"
1276,FakeFile,wrap a list of lines in an object with readline to make,0,wrap a list of lines in an object with readline to make | fakefile,"[0, 0, 0, 0, 1]"
1279,fdspawn,for example you could use it to read through a file looking,0,for example you could use it to read through a file looking | fdspawn,"[1, 0, 0, 0, 0]"
1280,fdspawn,for patterns or to control a modem or serial device,0,for patterns or to control a modem or serial device | fdspawn,"[1, 0, 0, 0, 0]"
1283,FileMetadata,usage,0,usage | filemetadata,"[1, 0, 0, 0, 0]"
1284,FileMetadata,metadata filemetadata path to pkg info,0,metadata filemetadata path to pkg info | filemetadata,"[1, 0, 0, 0, 0]"
1285,FileMetadata,this provider rejects all data and metadata requests except for pkg info,0,this provider rejects all data and metadata requests except for pkg info | filemetadata,"[0, 0, 0, 1, 0]"
1287,FileMetadata,the provided location,0,the provided location | filemetadata,"[0, 0, 0, 1, 0]"
1289,FileMetadata,usage,0,usage | filemetadata,"[1, 0, 0, 0, 0]"
1290,FileMetadata,metadata filemetadata path to pkg info,0,metadata filemetadata path to pkg info | filemetadata,"[1, 0, 0, 0, 0]"
1293,FileMetadata,the provided location,0,the provided location | filemetadata,"[0, 0, 0, 1, 0]"
1294,FileSystemLoader,loads templates from the file system,0,loads templates from the file system | filesystemloader,"[0, 0, 0, 0, 1]"
1295,FileSystemLoader,this loader can find templates,0,this loader can find templates | filesystemloader,"[0, 0, 0, 0, 1]"
1297,FileSystemLoader,the loader takes the path to the templates as string or if multiple,0,the loader takes the path to the templates as string or if multiple | filesystemloader,"[1, 0, 0, 0, 0]"
1299,FileSystemLoader,given order,0,given order | filesystemloader,"[1, 0, 0, 0, 0]"
1301,FileSystemLoader,per default the template encoding is utf 8 which can be changed,0,per default the template encoding is utf 8 which can be changed | filesystemloader,"[1, 0, 0, 0, 0]"
1302,FileSystemLoader,by setting the encoding parameter to something else,0,by setting the encoding parameter to something else | filesystemloader,"[1, 0, 0, 0, 0]"
1303,FileSystemLoader,to follow symbolic links set the followlinks parameter to true,0,to follow symbolic links set the followlinks parameter to true | filesystemloader,"[1, 0, 0, 0, 0]"
1304,FileSystemLoader,loader filesystemloader path to templates followlinks true,0,loader filesystemloader path to templates followlinks true | filesystemloader,"[1, 0, 0, 0, 0]"
1307,FollowedBy,lookahead matching of the given parse expression,0,lookahead matching of the given parse expression | followedby,"[0, 0, 0, 0, 1]"
1308,FollowedBy,followedby does not advance the parsing position within,0,followedby does not advance the parsing position within | followedby,"[1, 0, 1, 0, 0]"
1311,FollowedBy,expression matches at the current position,0,expression matches at the current position | followedby,"[1, 0, 1, 0, 1]"
1312,FollowedBy,followedby,0,followedby | followedby,"[1, 0, 1, 0, 1]"
1313,FollowedBy,always returns a null token list,0,always returns a null token list | followedby,"[1, 0, 1, 0, 1]"
1314,FollowedBy,if any results names are defined,0,if any results names are defined | followedby,"[1, 0, 1, 1, 0]"
1315,FollowedBy,in the lookahead expression those will be returned for access by,0,in the lookahead expression those will be returned for access by | followedby,"[1, 0, 1, 1, 0]"
1316,FollowedBy,name,0,name | followedby,"[1, 0, 1, 1, 0]"
1320,FollowedBy,data word word alphas,0,data word word alphas | followedby,"[1, 0, 0, 0, 0]"
1323,FollowedBy,attr expr group label suppress oneormore data word stopon label setparseaction join,0,attr expr group label suppress oneormore data word stopon label setparseaction join | followedby,"[1, 0, 0, 0, 0]"
1324,FollowedBy,oneormore attr expr parsestring shape square color black posn upper left pprint,0,oneormore attr expr parsestring shape square color black posn upper left pprint | followedby,"[1, 0, 0, 0, 0]"
1326,FollowedBy,shape square color black posn upper left,0,shape square color black posn upper left | followedby,"[1, 0, 0, 0, 0]"
1327,Getattr,get an attribute or item from an expression that is a ascii only,0,get an attribute or item from an expression that is a ascii only | getattr,"[1, 0, 0, 0, 0]"
1328,Getattr,bytestring and prefer the attribute,0,bytestring and prefer the attribute | getattr,"[1, 0, 0, 0, 0]"
1331,HebrewProber,fact some kind of hebrew logical or visual,0,fact some kind of hebrew logical or visual | hebrewprober,"[0, 0, 1, 0, 0]"
1332,HebrewProber,with the scores of the two sbcharsetprobers to produce a final answer,0,with the scores of the two sbcharsetprobers to produce a final answer | hebrewprober,"[1, 0, 0, 0, 0]"
1333,HebrewProber,it reduces any sequence of such characters to a single space,0,it reduces any sequence of such characters to a single space | hebrewprober,"[0, 0, 0, 0, 1]"
1334,HebrewProber,built,0,built | hebrewprober,"[1, 0, 0, 0, 0]"
1336,HebrewProber,disjointed from the model probers the results of the hebrewprober,0,disjointed from the model probers the results of the hebrewprober | hebrewprober,"[0, 0, 1, 0, 0]"
1338,HTMLParser,html parser,0,html parser | htmlparser,"[0, 0, 0, 0, 1]"
1341,InsecurePlatformWarning,warned when certain ssl configuration is not available on a platform,0,warned when certain ssl configuration is not available on a platform | insecureplatformwarning,"[0, 0, 0, 0, 1]"
1343,InstalledDistribution,it reads the metadata contained in pydist json when it is,0,it reads the metadata contained in pydist json when it is | installeddistribution,"[1, 0, 0, 0, 0]"
1345,InstalledDistribution,dry run mode is being used,0,dry run mode is being used | installeddistribution,"[1, 0, 0, 0, 0]"
1346,InternalName,an internal name in the compiler,0,an internal name in the compiler | internalname,"[0, 0, 0, 0, 1]"
1347,InternalName,you cannot create these nodes,0,you cannot create these nodes | internalname,"[0, 0, 1, 0, 0]"
1348,InternalName,yourself but the parser provides a,0,yourself but the parser provides a | internalname,"[0, 0, 1, 0, 0]"
1349,InternalName,meth jinja2 parser parser free identifier method that creates,0,meth jinja2 parser parser free identifier method that creates | internalname,"[0, 0, 1, 0, 0]"
1350,InternalName,a new identifier for you,0,a new identifier for you | internalname,"[0, 0, 1, 0, 0]"
1351,InternalName,this identifier is not available from the,0,this identifier is not available from the | internalname,"[0, 0, 1, 0, 0]"
1353,InvalidDateError,a date field was improperly specified,0,a date field was improperly specified | invaliddateerror,"[0, 0, 0, 0, 1]"
1354,InvalidHeaderError,exception for invalid headers,0,exception for invalid headers | invalidheadererror,"[0, 0, 0, 0, 1]"
1355,InvalidVersion,an invalid version was found users should refer to pep 440,0,an invalid version was found users should refer to pep 440 | invalidversion,"[1, 0, 0, 0, 1]"
1356,Kanji,unicode set for kanji unicode character range,0,unicode set for kanji unicode character range | kanji,"[0, 0, 0, 0, 1]"
1359,KeyType,keys can be bare unquoted or quoted using basic or literal,0,keys can be bare unquoted or quoted using basic or literal | keytype,"[0, 1, 0, 1, 0]"
1360,KeyType,quotes following the same escaping rules as single line stringtype,0,quotes following the same escaping rules as single line stringtype | keytype,"[0, 1, 0, 1, 0]"
1361,LockFailed,lock file creation failed for some other reason,0,lock file creation failed for some other reason | lockfailed,"[0, 0, 0, 0, 1]"
1363,LockFailed,raise lockfailed,0,raise lockfailed | lockfailed,"[1, 0, 0, 0, 0]"
1364,LockFailed,except lockerror,0,except lockerror | lockfailed,"[1, 0, 0, 0, 0]"
1366,LRUCache,a simple lru cache implementation,0,a simple lru cache implementation | lrucache,"[0, 0, 0, 0, 1]"
1368,LRUCache,scale,0,scale | lrucache,"[0, 0, 1, 0, 0]"
1369,LRUCache,but as long as it s only used as storage for templates this,0,but as long as it s only used as storage for templates this | lrucache,"[0, 0, 1, 0, 0]"
1370,LRUCache,won t do any harm,0,won t do any harm | lrucache,"[0, 0, 1, 0, 0]"
1371,Markup,a string that is ready to be safely inserted into an html or xml,0,a string that is ready to be safely inserted into an html or xml | markup,"[0, 0, 0, 0, 1]"
1372,Markup,document either because it was escaped or because it was marked,0,document either because it was escaped or because it was marked | markup,"[0, 0, 0, 0, 1]"
1373,Markup,safe,0,safe | markup,"[0, 0, 0, 0, 1]"
1374,Markup,passing an object to the constructor converts it to text and wraps,0,passing an object to the constructor converts it to text and wraps | markup,"[0, 1, 0, 1, 0]"
1376,Markup,to escape the text use the,0,to escape the text use the | markup,"[1, 1, 0, 1, 0]"
1390,Markup,this implements the html interface that some frameworks,0,this implements the html interface that some frameworks | markup,"[1, 0, 1, 0, 0]"
1393,Markup,passing an object that implements html will wrap the,0,passing an object that implements html will wrap the | markup,"[1, 0, 1, 0, 0]"
1411,Markup,all methods escape their arguments and return a markup instance,0,all methods escape their arguments and return a markup instance | markup,"[1, 0, 1, 0, 0]"
1413,Markup,markup em foo amp bar em,0,markup em foo amp bar em | markup,"[1, 0, 1, 0, 0]"
1415,Markup,markup em hello em lt foo gt,0,markup em hello em lt foo gt | markup,"[1, 0, 1, 0, 0]"
1416,MemcachedBytecodeCache,this class implements a bytecode cache that uses a memcache cache for,0,this class implements a bytecode cache that uses a memcache cache for | memcachedbytecodecache,"[0, 0, 0, 0, 1]"
1418,MemcachedBytecodeCache,it does not enforce a specific memcache library,0,it does not enforce a specific memcache library | memcachedbytecodecache,"[0, 0, 0, 1, 0]"
1420,MemcachedBytecodeCache,the minimal interface required,0,the minimal interface required | memcachedbytecodecache,"[0, 0, 0, 1, 0]"
1421,MemcachedBytecodeCache,the minimal interface for the client passed to the constructor is this,0,the minimal interface for the client passed to the constructor is this | memcachedbytecodecache,"[1, 0, 0, 0, 0]"
1423,MemcachedBytecodeCache,method set key value timeout,0,method set key value timeout | memcachedbytecodecache,"[1, 0, 0, 0, 0]"
1425,MemcachedBytecodeCache,value is a string and,0,value is a string and | memcachedbytecodecache,"[1, 0, 0, 0, 0]"
1429,MemcachedBytecodeCache,provided it s an integer with the number of seconds the cache,0,provided it s an integer with the number of seconds the cache | memcachedbytecodecache,"[1, 0, 0, 0, 0]"
1431,MemcachedBytecodeCache,method get key,0,method get key | memcachedbytecodecache,"[1, 0, 0, 0, 0]"
1433,MemcachedBytecodeCache,if the item does not,0,if the item does not | memcachedbytecodecache,"[1, 0, 0, 0, 0]"
1439,MemoizedZipManifests,memoized zipfile manifests,0,memoized zipfile manifests | memoizedzipmanifests,"[0, 0, 0, 0, 1]"
1440,MetadataMissingError,a required metadata is missing,0,a required metadata is missing | metadatamissingerror,"[0, 0, 0, 0, 1]"
1441,MethodDispatcher,dict with 2 special properties,0,dict with 2 special properties | methoddispatcher,"[0, 0, 0, 0, 1]"
1442,MethodDispatcher,on initiation keys that are lists sets or tuples are converted to,0,on initiation keys that are lists sets or tuples are converted to | methoddispatcher,"[0, 0, 0, 1, 0]"
1443,MethodDispatcher,multiple keys so accessing any one of the items in the original,0,multiple keys so accessing any one of the items in the original | methoddispatcher,"[0, 0, 0, 1, 0]"
1444,MethodDispatcher,list like object returns the matching value,0,list like object returns the matching value | methoddispatcher,"[0, 0, 0, 1, 0]"
1445,MethodDispatcher,a default value which can be set through the default attribute,0,a default value which can be set through the default attribute | methoddispatcher,"[1, 0, 0, 1, 0]"
1447,Module_six_moves_urllib_request,lazy loading of moved objects in six moves urllib request,0,lazy loading of moved objects in six moves urllib request | module six moves urllib request,"[0, 0, 0, 0, 1]"
1451,Node,represents an item in the tree,0,represents an item in the tree | node,"[0, 0, 0, 0, 1]"
1453,NotAny,lookahead to disallow matching with the given parse expression,0,lookahead to disallow matching with the given parse expression | notany,"[0, 0, 0, 0, 1]"
1454,NotAny,notany does not advance the parsing position within the,0,notany does not advance the parsing position within the | notany,"[0, 0, 0, 1, 0]"
1455,NotAny,input string it only verifies that the specified parse expression,0,input string it only verifies that the specified parse expression | notany,"[0, 0, 0, 1, 0]"
1456,NotAny,does not match at the current position,0,does not match at the current position | notany,"[0, 0, 0, 1, 0]"
1457,NotAny,also notany does,0,also notany does | notany,"[0, 0, 0, 1, 0]"
1460,NotAny,a null token list,0,a null token list | notany,"[1, 0, 0, 0, 0]"
1464,NotAny,take care not to mistake keywords for identifiers,0,take care not to mistake keywords for identifiers | notany,"[1, 0, 0, 0, 0]"
1466,NotAny,boolean term optional not ident,0,boolean term optional not ident | notany,"[1, 0, 0, 0, 0]"
1468,NotAny,operation hierarchy use infixnotation,0,operation hierarchy use infixnotation | notany,"[1, 0, 0, 0, 0]"
1470,NotAny,integers that are followed by,0,integers that are followed by | notany,"[1, 0, 0, 0, 0]"
1473,NotMyLock,raised when an attempt is made to unlock a file someone else locked,0,raised when an attempt is made to unlock a file someone else locked | notmylock,"[0, 0, 0, 0, 1]"
1478,omdict,ordered multivalue dictionary,0,ordered multivalue dictionary | omdict,"[0, 0, 0, 0, 1]"
1480,omdict,key,0,key | omdict,"[0, 0, 0, 1, 1]"
1482,omdict,retains the order of insertions and deletions,0,retains the order of insertions and deletions | omdict,"[0, 0, 0, 0, 1]"
1483,omdict,internally items are stored in a doubly linked list self,0,internally items are stored in a doubly linked list self | omdict,"[0, 0, 0, 1, 0]"
1484,omdict,items,0,items | omdict,"[0, 0, 0, 1, 0]"
1486,omdict,dictionary self,0,dictionary self | omdict,"[0, 0, 0, 1, 0]"
1487,omdict,map is also maintained and stores an ordered list of,0,map is also maintained and stores an ordered list of | omdict,"[0, 0, 0, 1, 0]"
1488,omdict,linked list node references one for each value associated with that key,0,linked list node references one for each value associated with that key | omdict,"[0, 0, 0, 1, 1]"
1489,omdict,standard dict methods interact with the first value associated with a given,0,standard dict methods interact with the first value associated with a given | omdict,"[0, 0, 0, 1, 0]"
1490,omdict,key,0,key | omdict,"[0, 0, 0, 1, 1]"
1491,omdict,this means that omdict retains method parity with dict and a dict,0,this means that omdict retains method parity with dict and a dict | omdict,"[0, 0, 0, 1, 0]"
1492,omdict,object can be replaced with an omdict object and all interaction will,0,object can be replaced with an omdict object and all interaction will | omdict,"[0, 0, 0, 1, 0]"
1500,omdict,added parameters are optional existing use remains unaffected,0,added parameters are optional existing use remains unaffected | omdict,"[1, 0, 0, 0, 0]"
1504,omdict,new methods have also been added to omdict,0,new methods have also been added to omdict | omdict,"[1, 0, 0, 0, 0]"
1507,omdict,interact with all items in the dictionary including multiple items with,0,interact with all items in the dictionary including multiple items with | omdict,"[1, 0, 0, 0, 0]"
1508,omdict,the same key,0,the same key | omdict,"[1, 0, 0, 1, 1]"
1509,omdict,the new omdict methods are,0,the new omdict methods are | omdict,"[1, 0, 0, 0, 0]"
1510,omdict,load size reverse,0,load size reverse | omdict,"[1, 0, 0, 0, 0]"
1512,omdict,poplist popvalue popvalues popitem poplistitem,0,poplist popvalue popvalues popitem poplistitem | omdict,"[1, 0, 0, 0, 0]"
1513,omdict,allitems allkeys allvalues lists listitems,0,allitems allkeys allvalues lists listitems | omdict,"[1, 0, 0, 0, 0]"
1514,omdict,iterallitems iterallkeys iterallvalues iterlists,0,iterallitems iterallkeys iterallvalues iterlists | omdict,"[1, 0, 0, 0, 0]"
1515,omdict,iterlistitems,0,iterlistitems | omdict,"[1, 0, 0, 0, 0]"
1516,Option,options are usually optional values on the command line and,0,options are usually optional values on the command line and | option,"[0, 0, 0, 0, 1]"
1517,Option,have some extra features that arguments don t have,0,have some extra features that arguments don t have | option,"[0, 0, 0, 0, 1]"
1518,Option,all other parameters are passed onwards to the parameter constructor,0,all other parameters are passed onwards to the parameter constructor | option,"[1, 0, 0, 0, 0]"
1519,Option,param show default controls if the default value should be shown on the,0,param show default controls if the default value should be shown on the | option,"[0, 1, 0, 0, 0]"
1520,Option,help page,0,help page | option,"[0, 1, 0, 0, 0]"
1521,Option,normally defaults are not shown,0,normally defaults are not shown | option,"[0, 1, 0, 0, 0]"
1522,Option,if this,0,if this | option,"[0, 1, 0, 0, 0]"
1523,Option,value is a string it shows the string instead of the,0,value is a string it shows the string instead of the | option,"[0, 1, 0, 0, 0]"
1524,Option,value,0,value | option,"[0, 1, 0, 0, 0]"
1525,Option,this is particularly useful for dynamic options,0,this is particularly useful for dynamic options | option,"[0, 1, 0, 0, 0]"
1529,Option,param prompt if set to true or a non empty string then the user will be,0,param prompt if set to true or a non empty string then the user will be | option,"[0, 1, 0, 0, 0]"
1530,Option,prompted for input,0,prompted for input | option,"[0, 1, 0, 0, 0]"
1531,Option,if set to true the prompt will be the,0,if set to true the prompt will be the | option,"[0, 1, 0, 0, 0]"
1532,Option,option name capitalized,0,option name capitalized | option,"[0, 1, 0, 0, 0]"
1533,Option,param confirmation prompt if set then the value will need to be confirmed,0,param confirmation prompt if set then the value will need to be confirmed | option,"[0, 1, 0, 0, 0]"
1534,Option,if it was prompted for,0,if it was prompted for | option,"[0, 1, 0, 0, 0]"
1535,Option,hidden from the user,0,hidden from the user | option,"[0, 1, 0, 0, 0]"
1536,Option,this is useful for password,0,this is useful for password | option,"[0, 1, 0, 0, 0]"
1537,Option,input,0,input | option,"[0, 1, 0, 0, 0]"
1538,Option,param is flag forces this option to act as a flag,0,param is flag forces this option to act as a flag | option,"[0, 1, 0, 0, 0]"
1539,Option,the default is,0,the default is | option,"[0, 1, 0, 0, 0]"
1540,Option,auto detection,0,auto detection | option,"[0, 1, 0, 0, 0]"
1543,Option,this is set to a boolean automatically if,0,this is set to a boolean automatically if | option,"[0, 1, 0, 0, 0]"
1544,Option,the option string contains a slash to mark two options,0,the option string contains a slash to mark two options | option,"[0, 1, 0, 0, 0]"
1545,Option,param multiple if this is set to true then the argument is accepted,0,param multiple if this is set to true then the argument is accepted | option,"[0, 1, 0, 0, 0]"
1546,Option,multiple times and recorded,0,multiple times and recorded | option,"[0, 1, 0, 0, 0]"
1548,Option,in how it works but supports arbitrary number of,0,in how it works but supports arbitrary number of | option,"[0, 1, 0, 0, 0]"
1550,Option,param count this flag makes an option increment an integer,0,param count this flag makes an option increment an integer | option,"[0, 1, 0, 0, 0]"
1552,Option,parameter will be pulled from an environment,0,parameter will be pulled from an environment | option,"[0, 1, 0, 0, 0]"
1554,Option,context,0,context | option,"[0, 1, 0, 0, 0]"
1555,Option,param help the help string,0,param help the help string | option,"[0, 1, 0, 0, 0]"
1557,PacifyFlushWrapper,this wrapper is used to catch and suppress brokenpipeerrors resulting,0,this wrapper is used to catch and suppress brokenpipeerrors resulting | pacifyflushwrapper,"[0, 0, 0, 1, 1]"
1566,PacifyFlushWrapper,pipe all calls and attributes are proxied,0,pipe all calls and attributes are proxied | pacifyflushwrapper,"[0, 0, 0, 1, 0]"
1567,PackageIndex,represents a package index and provides easier access to endpoints,0,represents a package index and provides easier access to endpoints | packageindex,"[0, 0, 0, 0, 1]"
1568,ParseError,this error occurs when the parser encounters a syntax error,0,this error occurs when the parser encounters a syntax error | parseerror,"[0, 0, 0, 0, 1]"
1569,ParseError,in the toml being parsed,0,in the toml being parsed | parseerror,"[0, 0, 0, 0, 1]"
1572,ParserElement,abstract base level parser element class,0,abstract base level parser element class | parserelement,"[0, 0, 0, 0, 1]"
1574,ParseResults,structured parse results to provide multiple means of access to,0,structured parse results to provide multiple means of access to | parseresults,"[0, 0, 0, 0, 1]"
1575,ParseResults,the parsed data,0,the parsed data | parseresults,"[1, 0, 0, 0, 1]"
1576,ParseResults,as a list len results,0,as a list len results | parseresults,"[1, 0, 0, 0, 0]"
1578,ParseResults,by attribute results,0,by attribute results | parseresults,"[1, 0, 0, 0, 0]"
1579,ParseResults,resultsname see class parserelement setresultsname,0,resultsname see class parserelement setresultsname | parseresults,"[1, 0, 0, 0, 0]"
1582,ParseResults,date str integer setresultsname year,0,date str integer setresultsname year | parseresults,"[1, 0, 1, 0, 0]"
1583,ParseResults,integer setresultsname month,0,integer setresultsname month | parseresults,"[1, 0, 1, 0, 0]"
1584,ParseResults,integer setresultsname day,0,integer setresultsname day | parseresults,"[1, 0, 1, 0, 0]"
1585,ParseResults,equivalent form,0,equivalent form | parseresults,"[1, 0, 1, 0, 0]"
1586,ParseResults,date str integer year integer month integer day,0,date str integer year integer month integer day | parseresults,"[1, 0, 1, 0, 0]"
1587,ParseResults,parsestring returns a parseresults object,0,parsestring returns a parseresults object | parseresults,"[1, 0, 1, 0, 0]"
1588,ParseResults,result date str parsestring 1999 12 31,0,result date str parsestring 1999 12 31 | parseresults,"[1, 0, 1, 0, 0]"
1589,ParseResults,def test s fn repr,0,def test s fn repr | parseresults,"[1, 0, 1, 0, 0]"
1590,ParseResults,print s s s fn eval s,0,print s s s fn eval s | parseresults,"[1, 0, 1, 0, 0]"
1591,ParseResults,test list result,0,test list result | parseresults,"[1, 0, 1, 0, 0]"
1592,ParseResults,test result 0,0,test result 0 | parseresults,"[1, 0, 1, 0, 0]"
1593,ParseResults,test result month,0,test result month | parseresults,"[1, 0, 1, 0, 0]"
1594,ParseResults,test result day,0,test result day | parseresults,"[1, 0, 1, 0, 0]"
1595,ParseResults,test month in result,0,test month in result | parseresults,"[1, 0, 1, 0, 0]"
1596,ParseResults,test minutes in result,0,test minutes in result | parseresults,"[1, 0, 1, 0, 0]"
1597,ParseResults,test result dump str,0,test result dump str | parseresults,"[1, 0, 1, 0, 0]"
1599,ParseResults,list result 1999 12 31,0,list result 1999 12 31 | parseresults,"[1, 0, 0, 0, 0]"
1600,ParseResults,result 0 1999,0,result 0 1999 | parseresults,"[1, 0, 0, 0, 0]"
1602,ParseResults,result day 31,0,result day 31 | parseresults,"[1, 0, 0, 0, 0]"
1603,ParseResults,month in result true,0,month in result true | parseresults,"[1, 0, 0, 0, 0]"
1605,ParseResults,result dump 1999 12 31,0,result dump 1999 12 31 | parseresults,"[1, 0, 0, 0, 0]"
1606,ParseResults,day 31,0,day 31 | parseresults,"[1, 0, 0, 0, 0]"
1607,ParseResults,month 12,0,month 12 | parseresults,"[1, 0, 0, 0, 0]"
1608,ParseResults,year 1999,0,year 1999 | parseresults,"[1, 0, 0, 0, 0]"
1610,Path,different checks,0,different checks | path,"[0, 0, 0, 0, 1]"
1611,Path,first of all instead of returning an open file,0,first of all instead of returning an open file | path,"[0, 0, 1, 0, 0]"
1615,Path,param exists if set to true the file or directory needs to exist for,0,param exists if set to true the file or directory needs to exist for | path,"[0, 1, 0, 0, 0]"
1616,Path,this value to be valid,0,this value to be valid | path,"[0, 1, 0, 0, 0]"
1619,Path,silently skipped,0,silently skipped | path,"[0, 1, 0, 0, 0]"
1626,Path,it,0,it | path,"[0, 1, 0, 0, 0]"
1627,Path,will not expand a tilde prefix as this is,0,will not expand a tilde prefix as this is | path,"[0, 1, 0, 0, 0]"
1629,Path,param allow dash if this is set to true a single dash to indicate,0,param allow dash if this is set to true a single dash to indicate | path,"[0, 1, 0, 0, 0]"
1635,PoolManager,allows for arbitrary requests while transparently keeping track of,0,allows for arbitrary requests while transparently keeping track of | poolmanager,"[0, 0, 0, 0, 1]"
1642,PoolManager,explicitly,0,explicitly | poolmanager,"[0, 1, 0, 0, 0]"
1645,PoolManager,class urllib3 connectionpool connectionpool instances,0,class urllib3 connectionpool connectionpool instances | poolmanager,"[0, 1, 0, 0, 0]"
1647,PoolManager,manager poolmanager num pools 2,0,manager poolmanager num pools 2 | poolmanager,"[1, 0, 0, 0, 0]"
1649,PoolManager,r manager request get http yahoo com,0,r manager request get http yahoo com | poolmanager,"[1, 0, 0, 0, 0]"
1652,PrefixLoader,to a prefix,0,to a prefix | prefixloader,"[0, 0, 0, 0, 1]"
1653,PrefixLoader,the prefix is delimited from the template by a slash per,0,the prefix is delimited from the template by a slash per | prefixloader,"[1, 0, 0, 1, 0]"
1654,PrefixLoader,default which can be changed by setting the delimiter argument to,0,default which can be changed by setting the delimiter argument to | prefixloader,"[1, 0, 0, 1, 0]"
1655,PrefixLoader,something else,0,something else | prefixloader,"[1, 0, 0, 1, 0]"
1656,PrefixLoader,loader prefixloader,0,loader prefixloader | prefixloader,"[1, 0, 0, 0, 0]"
1659,PrefixLoader,by loading app1 index html the file from the app1 package is loaded,0,by loading app1 index html the file from the app1 package is loaded | prefixloader,"[1, 0, 0, 0, 0]"
1661,ProcessedTraceback,holds a jinja preprocessed traceback for printing or reraising,0,holds a jinja preprocessed traceback for printing or reraising | processedtraceback,"[0, 0, 0, 0, 1]"
1664,Request,a user created class request request object,0,a user created class request request object | request,"[0, 0, 0, 0, 1]"
1668,Request,param headers dictionary of headers to send,0,param headers dictionary of headers to send | request,"[0, 1, 0, 0, 0]"
1669,Request,param files dictionary of filename fileobject files to multipart upload,0,param files dictionary of filename fileobject files to multipart upload | request,"[0, 1, 0, 0, 0]"
1670,Request,param data the body to attach to the request,0,param data the body to attach to the request | request,"[0, 1, 0, 0, 0]"
1671,Request,if a dictionary or,0,if a dictionary or | request,"[0, 1, 0, 0, 0]"
1672,Request,list of tuples key value is provided form encoding will,0,list of tuples key value is provided form encoding will | request,"[0, 1, 0, 0, 0]"
1673,Request,take place,0,take place | request,"[0, 1, 0, 0, 0]"
1674,Request,param json json for the body to attach to the request if files or data is not specified,0,param json json for the body to attach to the request if files or data is not specified | request,"[0, 1, 0, 0, 0]"
1676,Request,if a dictionary or,0,if a dictionary or | request,"[0, 1, 0, 0, 0]"
1679,Request,param auth auth handler or user pass tuple,0,param auth auth handler or user pass tuple | request,"[0, 1, 0, 0, 0]"
1680,Request,param cookies dictionary or cookiejar of cookies to attach to this request,0,param cookies dictionary or cookiejar of cookies to attach to this request | request,"[0, 1, 0, 0, 0]"
1685,Request,req requests request get https httpbin org get,0,req requests request get https httpbin org get | request,"[1, 0, 0, 0, 0]"
1687,Request,preparedrequest get,0,preparedrequest get | request,"[1, 0, 0, 0, 0]"
1689,RequirementUninstaller,a context manager to remove a package for the inner block,0,a context manager to remove a package for the inner block | requirementuninstaller,"[0, 0, 0, 0, 1]"
1690,RequirementUninstaller,this uses uninstallpathset to control the workflow,0,this uses uninstallpathset to control the workflow | requirementuninstaller,"[0, 0, 0, 1, 0]"
1691,RequirementUninstaller,if the inner block,0,if the inner block | requirementuninstaller,"[0, 0, 0, 1, 0]"
1692,RequirementUninstaller,exits correctly the uninstallation is committed otherwise rolled back,0,exits correctly the uninstallation is committed otherwise rolled back | requirementuninstaller,"[0, 0, 0, 1, 0]"
1693,RequiresPythonCache,cache a candidate s requires python information,0,cache a candidate s requires python information | requirespythoncache,"[0, 0, 0, 0, 1]"
1696,Resource,not normally instantiated by user code but rather by a,0,not normally instantiated by user code but rather by a | resource,"[0, 0, 1, 0, 0]"
1697,Resource,class resourcefinder which manages the resource,0,class resourcefinder which manages the resource | resource,"[0, 0, 1, 0, 0]"
1698,ResourceFinder,resource finder for file system resources,0,resource finder for file system resources | resourcefinder,"[0, 0, 0, 0, 1]"
1699,ResourceManager,manage resource extraction and packages,0,manage resource extraction and packages | resourcemanager,"[0, 0, 0, 0, 1]"
1702,Retry,retry configuration,0,retry configuration | retry,"[0, 0, 0, 0, 1]"
1704,Retry,they can be safely reused,0,they can be safely reused | retry,"[0, 0, 0, 1, 0]"
1705,Retry,retries can be defined as a default for a pool,0,retries can be defined as a default for a pool | retry,"[1, 0, 0, 0, 0]"
1706,Retry,retries retry connect 5 read 2 redirect 5,0,retries retry connect 5 read 2 redirect 5 | retry,"[1, 0, 0, 0, 0]"
1708,Retry,response http request get http example com,0,response http request get http example com | retry,"[1, 0, 0, 0, 0]"
1711,Retry,param int total,0,param int total | retry,"[0, 1, 0, 0, 0]"
1712,Retry,total number of retries to allow,0,total number of retries to allow | retry,"[0, 1, 0, 0, 0]"
1716,Retry,it s a good idea to set this to some sensibly high value to,0,it s a good idea to set this to some sensibly high value to | retry,"[0, 1, 0, 0, 0]"
1718,Retry,set to 0 to fail on the first retry,0,set to 0 to fail on the first retry | retry,"[0, 1, 0, 0, 0]"
1719,Retry,set to false to disable and imply raise on redirect false,0,set to false to disable and imply raise on redirect false | retry,"[0, 1, 0, 0, 0]"
1722,Retry,these are errors raised before the request is sent to the remote server,0,these are errors raised before the request is sent to the remote server | retry,"[0, 1, 0, 0, 0]"
1723,Retry,set to 0 to fail on the first retry of this type,0,set to 0 to fail on the first retry of this type | retry,"[0, 1, 0, 0, 0]"
1725,Retry,how many times to retry on read errors,0,how many times to retry on read errors | retry,"[0, 1, 0, 0, 0]"
1726,Retry,these errors are raised after the request was sent to the server so the,0,these errors are raised after the request was sent to the server so the | retry,"[0, 1, 0, 0, 0]"
1727,Retry,request may have side effects,0,request may have side effects | retry,"[0, 1, 0, 0, 0]"
1728,Retry,set to 0 to fail on the first retry of this type,0,set to 0 to fail on the first retry of this type | retry,"[0, 1, 0, 0, 0]"
1729,Retry,param int redirect,0,param int redirect | retry,"[0, 1, 0, 0, 0]"
1731,Retry,limit this to avoid infinite redirect,0,limit this to avoid infinite redirect | retry,"[0, 1, 0, 0, 0]"
1732,Retry,loops,0,loops | retry,"[0, 1, 0, 0, 0]"
1733,Retry,a redirect is a http response with a status code 301 302 303 307 or,0,a redirect is a http response with a status code 301 302 303 307 or | retry,"[0, 1, 0, 0, 0]"
1734,Retry,308,0,308 | retry,"[0, 1, 0, 0, 0]"
1736,Retry,set to false to disable and imply raise on redirect false,0,set to false to disable and imply raise on redirect false | retry,"[0, 1, 0, 0, 0]"
1737,Retry,param int status,0,param int status | retry,"[0, 1, 0, 0, 0]"
1738,Retry,how many times to retry on bad status codes,0,how many times to retry on bad status codes | retry,"[0, 1, 0, 0, 0]"
1739,Retry,these are retries made on responses where status code matches,0,these are retries made on responses where status code matches | retry,"[0, 1, 0, 0, 0]"
1740,Retry,status forcelist,0,status forcelist | retry,"[0, 1, 0, 0, 0]"
1743,Retry,set of uppercased http method verbs that we should retry on,0,set of uppercased http method verbs that we should retry on | retry,"[0, 1, 0, 0, 0]"
1744,Retry,by default we only retry on methods which are considered to be,0,by default we only retry on methods which are considered to be | retry,"[0, 1, 0, 0, 0]"
1745,Retry,idempotent multiple requests with the same parameters end with the,0,idempotent multiple requests with the same parameters end with the | retry,"[0, 1, 0, 0, 0]"
1749,Retry,param iterable status forcelist,0,param iterable status forcelist | retry,"[0, 1, 0, 0, 0]"
1750,Retry,a set of integer http status codes that we should force a retry on,0,a set of integer http status codes that we should force a retry on | retry,"[0, 1, 0, 0, 0]"
1752,Retry,by default this is disabled with none,0,by default this is disabled with none | retry,"[0, 1, 0, 0, 0]"
1753,Retry,param float backoff factor,0,param float backoff factor | retry,"[0, 1, 0, 0, 0]"
1755,Retry,most errors are resolved immediately by a second try without a,0,most errors are resolved immediately by a second try without a | retry,"[0, 1, 0, 0, 0]"
1756,Retry,delay,0,delay | retry,"[0, 1, 0, 0, 0]"
1757,Retry,urllib3 will sleep for,0,urllib3 will sleep for | retry,"[0, 1, 0, 0, 0]"
1758,Retry,backoff factor 2 number of total retries 1,0,backoff factor 2 number of total retries 1 | retry,"[0, 1, 0, 0, 0]"
1759,Retry,seconds,0,seconds | retry,"[0, 1, 0, 0, 0]"
1760,Retry,if the backoff factor is 01 then func sleep will sleep,0,if the backoff factor is 01 then func sleep will sleep | retry,"[0, 1, 0, 0, 0]"
1761,Retry,for 00s 02s 04s,0,for 00s 02s 04s | retry,"[0, 1, 0, 0, 0]"
1765,Retry,by default backoff is disabled set to 0,0,by default backoff is disabled set to 0 | retry,"[0, 1, 0, 0, 0]"
1766,Retry,param bool raise on redirect whether if the number of redirects is,0,param bool raise on redirect whether if the number of redirects is | retry,"[0, 1, 0, 0, 0]"
1768,Retry,response code in the 3xx range,0,response code in the 3xx range | retry,"[0, 1, 0, 0, 0]"
1769,Retry,param bool raise on status similar meaning to raise on redirect,0,param bool raise on status similar meaning to raise on redirect | retry,"[0, 1, 0, 0, 0]"
1770,Retry,whether we should raise an exception or return a response,0,whether we should raise an exception or return a response | retry,"[0, 1, 0, 0, 0]"
1771,Retry,if status falls in status forcelist range and retries have,0,if status falls in status forcelist range and retries have | retry,"[0, 1, 0, 0, 0]"
1772,Retry,been exhausted,0,been exhausted | retry,"[0, 1, 0, 0, 0]"
1773,Retry,param tuple history the history of the request encountered during,0,param tuple history the history of the request encountered during | retry,"[0, 1, 0, 0, 0]"
1774,Retry,each call to meth retry increment,0,each call to meth retry increment | retry,"[0, 1, 0, 0, 0]"
1775,Retry,the list is in the order,0,the list is in the order | retry,"[0, 1, 0, 0, 0]"
1777,Retry,each list item is of class class requesthistory,0,each list item is of class class requesthistory | retry,"[0, 1, 0, 0, 0]"
1778,Retry,param bool respect retry after header,0,param bool respect retry after header | retry,"[0, 1, 0, 0, 0]"
1779,Retry,whether to respect retry after header on status codes defined as,0,whether to respect retry after header on status codes defined as | retry,"[0, 1, 0, 0, 0]"
1780,Retry,attr retry retry after status codes or not,0,attr retry retry after status codes or not | retry,"[0, 1, 0, 0, 0]"
1782,Retry,sequence of headers to remove from the request when a response,0,sequence of headers to remove from the request when a response | retry,"[0, 1, 0, 0, 0]"
1783,Retry,indicating a redirect is returned before firing off the redirected,0,indicating a redirect is returned before firing off the redirected | retry,"[0, 1, 0, 0, 0]"
1784,Retry,request,0,request | retry,"[0, 1, 0, 0, 0]"
1785,SafeFileCache,a file based cache which is safe to use even when the target directory may,0,a file based cache which is safe to use even when the target directory may | safefilecache,"[0, 0, 0, 0, 1]"
1786,SafeFileCache,not be accessible or writable,0,not be accessible or writable | safefilecache,"[0, 0, 0, 0, 1]"
1788,SchemaValidatorMixin,validator,0,validator | schemavalidatormixin,"[0, 0, 0, 0, 1]"
1789,Session,a requests session,0,a requests session | session,"[0, 0, 0, 0, 1]"
1790,Session,provides cookie persistence connection pooling and configuration,0,provides cookie persistence connection pooling and configuration | session,"[0, 0, 0, 0, 1]"
1793,Session,s requests session,0,s requests session | session,"[1, 0, 0, 0, 0]"
1794,Session,s get https httpbin org get,0,s get https httpbin org get | session,"[1, 0, 0, 0, 0]"
1795,Session,response 200,0,response 200 | session,"[1, 0, 0, 0, 0]"
1796,Session,or as a context manager,0,or as a context manager | session,"[1, 0, 0, 0, 0]"
1797,Session,with requests session as s,0,with requests session as s | session,"[1, 0, 0, 0, 0]"
1798,Session,s get https httpbin org get,0,s get https httpbin org get | session,"[1, 0, 0, 0, 0]"
1799,Session,response 200,0,response 200 | session,"[1, 0, 0, 0, 0]"
1800,SkipTo,token for skipping over all undefined text until the matched,0,token for skipping over all undefined text until the matched | skipto,"[0, 0, 0, 0, 1]"
1801,SkipTo,expression is found,0,expression is found | skipto,"[0, 0, 0, 0, 1]"
1803,SkipTo,expr target expression marking the end of the data to be skipped,0,expr target expression marking the end of the data to be skipped | skipto,"[0, 1, 0, 0, 0]"
1804,SkipTo,include default false if true the target expression is also parsed,0,include default false if true the target expression is also parsed | skipto,"[0, 1, 0, 0, 0]"
1806,SkipTo,ignore default none used to define grammars typically quoted strings and,0,ignore default none used to define grammars typically quoted strings and | skipto,"[0, 1, 0, 0, 0]"
1808,SkipTo,failon default none define expressions that are not allowed to be,0,failon default none define expressions that are not allowed to be | skipto,"[0, 1, 0, 0, 0]"
1810,SkipTo,the skipto is not a match,0,the skipto is not a match | skipto,"[0, 1, 0, 0, 0]"
1813,SkipTo,severity description days open,0,severity description days open | skipto,"[1, 0, 0, 0, 0]"
1814,SkipTo,101 critical intermittent system crash 6,0,101 critical intermittent system crash 6 | skipto,"[1, 0, 0, 0, 0]"
1817,SkipTo,sep suppress,0,sep suppress | skipto,"[1, 0, 0, 0, 0]"
1818,SkipTo,use skipto to simply match everything up until the next sep,0,use skipto to simply match everything up until the next sep | skipto,"[1, 0, 0, 0, 0]"
1819,SkipTo,ignore quoted strings so that a character inside a quoted string does not match,0,ignore quoted strings so that a character inside a quoted string does not match | skipto,"[1, 0, 0, 0, 0]"
1820,SkipTo,parse action will call token strip for each matched token ie the description body,0,parse action will call token strip for each matched token ie the description body | skipto,"[1, 0, 0, 0, 0]"
1821,SkipTo,string data skipto sep ignore quotedstring,0,string data skipto sep ignore quotedstring | skipto,"[1, 0, 0, 0, 0]"
1823,SkipTo,ticket expr integer issue num sep,0,ticket expr integer issue num sep | skipto,"[1, 0, 0, 0, 0]"
1824,SkipTo,string data sev sep,0,string data sev sep | skipto,"[1, 0, 0, 0, 0]"
1827,SkipTo,print tkt dump,0,print tkt dump | skipto,"[1, 0, 0, 0, 0]"
1828,SkipTo,prints,0,prints | skipto,"[1, 0, 0, 0, 0]"
1829,SkipTo,101 critical intermittent system crash 6,0,101 critical intermittent system crash 6 | skipto,"[1, 0, 0, 0, 0]"
1830,SkipTo,days open 6,0,days open 6 | skipto,"[1, 0, 0, 0, 0]"
1832,SkipTo,issue num 101,0,issue num 101 | skipto,"[1, 0, 0, 0, 0]"
1834,SkipTo,94 cosmetic spelling error on login log n 14,0,94 cosmetic spelling error on login log n 14 | skipto,"[1, 0, 0, 0, 0]"
1835,SkipTo,days open 14,0,days open 14 | skipto,"[1, 0, 0, 0, 0]"
1836,SkipTo,desc spelling error on login log n,0,desc spelling error on login log n | skipto,"[1, 0, 0, 0, 0]"
1838,SkipTo,sev cosmetic,0,sev cosmetic | skipto,"[1, 0, 0, 0, 0]"
1839,SkipTo,days open 47,0,days open 47 | skipto,"[1, 0, 0, 0, 0]"
1840,SkipTo,issue num 79,0,issue num 79 | skipto,"[1, 0, 0, 0, 0]"
1843,Token,token class,0,token class | token,"[0, 0, 0, 0, 1]"
1845,TokenStreamIterator,iterate over the stream,0,iterate over the stream | tokenstreamiterator,"[0, 0, 0, 1, 0]"
1848,TreeBuilder,documentclass the class to use for the bottommost node of a document,0,documentclass the class to use for the bottommost node of a document | treebuilder,"[1, 0, 0, 0, 0]"
1849,TreeBuilder,elementclass the class to use for html elements,0,elementclass the class to use for html elements | treebuilder,"[1, 0, 0, 0, 0]"
1850,TreeBuilder,commentclass the class to use for comments,0,commentclass the class to use for comments | treebuilder,"[1, 0, 0, 0, 0]"
1851,TreeBuilder,doctypeclass the class to use for doctypes,0,doctypeclass the class to use for doctypes | treebuilder,"[1, 0, 0, 0, 0]"
1852,Trie,abstract base class for tries,0,abstract base class for tries | trie,"[0, 0, 0, 0, 1]"
1855,UnlockError,base class for errors arising from attempts to release the lock,0,base class for errors arising from attempts to release the lock | unlockerror,"[0, 0, 0, 0, 1]"
1857,UnlockError,raise unlockerror,0,raise unlockerror | unlockerror,"[1, 0, 0, 0, 0]"
1861,_OpNamespace,an op namespace to dynamically bind operators into python,0,an op namespace to dynamically bind operators into python | opnamespace,"[1, 0, 1, 0, 1]"
1863,_OpNamespace,to,0,to | opnamespace,"[1, 0, 1, 0, 0]"
1868,_OpNamespace,instead the,0,instead the | opnamespace,"[1, 0, 1, 0, 0]"
1873,_OpNamespace,on the torch ops object which will create a new opnamespace,0,on the torch ops object which will create a new opnamespace | opnamespace,"[0, 0, 1, 0, 0]"
1879,_OpNamespace,torch ops my namespace my op will then invoke getattr on,0,torch ops my namespace my op will then invoke getattr on | opnamespace,"[0, 0, 1, 0, 0]"
1882,_OpNamespace,torch get operation a function bound from c and then in a similar,0,torch get operation a function bound from c and then in a similar | opnamespace,"[0, 0, 1, 0, 0]"
1888,_OpNamespace,operation will already exist,0,operation will already exist | opnamespace,"[1, 0, 1, 0, 0]"
1889,Adadelta,implements adadelta algorithm,0,implements adadelta algorithm | adadelta,"[0, 0, 0, 0, 1]"
1890,Adadelta,it has been proposed in adadelta an adaptive learning rate method,0,it has been proposed in adadelta an adaptive learning rate method | adadelta,"[0, 0, 0, 0, 1]"
1891,Adadelta,arguments,0,arguments | adadelta,"[0, 1, 0, 0, 0]"
1895,Adadelta,of squared gradients default 09,0,of squared gradients default 09 | adadelta,"[0, 1, 0, 0, 0]"
1897,Adadelta,numerical stability default 1e 6,0,numerical stability default 1e 6 | adadelta,"[0, 1, 0, 0, 0]"
1899,Adadelta,to the parameters default 10,0,to the parameters default 10 | adadelta,"[0, 1, 0, 0, 0]"
1903,Adam,arguments,0,arguments | adam,"[0, 1, 0, 0, 0]"
1906,Adam,lr float optional learning rate default 1e 3,0,lr float optional learning rate default 1e 3 | adam,"[0, 1, 0, 0, 0]"
1908,Adam,running averages of gradient and its square default 09 0999,0,running averages of gradient and its square default 09 0999 | adam,"[0, 1, 0, 0, 0]"
1916,Adam,adam a method for stochastic optimization,0,adam a method for stochastic optimization | adam,"[0, 0, 1, 0, 0]"
1918,Adam,on the convergence of adam and beyond,0,on the convergence of adam and beyond | adam,"[0, 0, 1, 0, 0]"
1919,Adam,https openreview net forum id ryqu7f rz,0,https openreview net forum id ryqu7f rz | adam,"[0, 0, 1, 0, 0]"
1922,Adamax,arguments,0,arguments | adamax,"[0, 1, 0, 0, 0]"
1925,Adamax,lr float optional learning rate default 2e 3,0,lr float optional learning rate default 2e 3 | adamax,"[0, 1, 0, 0, 0]"
1927,Adamax,running averages of gradient and its square,0,running averages of gradient and its square | adamax,"[0, 1, 0, 0, 0]"
1932,AdaptiveMaxPool3d,the output is of size d x h x w for any input size,0,the output is of size d x h x w for any input size | adaptivemaxpool3d,"[0, 0, 0, 1, 0]"
1933,AdaptiveMaxPool3d,the number of output features is equal to the number of input planes,0,the number of output features is equal to the number of input planes | adaptivemaxpool3d,"[0, 0, 0, 1, 0]"
1935,AdaptiveMaxPool3d,output size the target output size of the image of the form d x h x w,0,output size the target output size of the image of the form d x h x w | adaptivemaxpool3d,"[0, 1, 0, 0, 0]"
1936,AdaptiveMaxPool3d,can be a tuple d h w or a single d for a cube d x d x d,0,can be a tuple d h w or a single d for a cube d x d x d | adaptivemaxpool3d,"[0, 1, 0, 0, 0]"
1938,AdaptiveMaxPool3d,be the same as that of the input,0,be the same as that of the input | adaptivemaxpool3d,"[0, 1, 0, 0, 0]"
1939,AdaptiveMaxPool3d,return indices if true will return the indices along with the outputs,0,return indices if true will return the indices along with the outputs | adaptivemaxpool3d,"[0, 1, 0, 0, 0]"
1940,AdaptiveMaxPool3d,useful to pass to nn maxunpool3d,0,useful to pass to nn maxunpool3d | adaptivemaxpool3d,"[0, 1, 0, 0, 0]"
1943,AdaptiveMaxPool3d,target output size of 5x7x9,0,target output size of 5x7x9 | adaptivemaxpool3d,"[1, 0, 0, 0, 0]"
1944,AdaptiveMaxPool3d,m nn adaptivemaxpool3d 5 7 9,0,m nn adaptivemaxpool3d 5 7 9 | adaptivemaxpool3d,"[1, 0, 0, 0, 0]"
1945,AdaptiveMaxPool3d,input torch randn 1 64 8 9 10,0,input torch randn 1 64 8 9 10 | adaptivemaxpool3d,"[1, 0, 0, 0, 0]"
1946,AdaptiveMaxPool3d,output m input,0,output m input | adaptivemaxpool3d,"[1, 0, 0, 0, 0]"
1947,AdaptiveMaxPool3d,target output size of 7x7x7 cube,0,target output size of 7x7x7 cube | adaptivemaxpool3d,"[1, 0, 0, 0, 0]"
1948,AdaptiveMaxPool3d,m nn adaptivemaxpool3d 7,0,m nn adaptivemaxpool3d 7 | adaptivemaxpool3d,"[1, 0, 0, 0, 0]"
1949,AdaptiveMaxPool3d,input torch randn 1 64 10 9 8,0,input torch randn 1 64 10 9 8 | adaptivemaxpool3d,"[1, 0, 0, 0, 0]"
1950,AdaptiveMaxPool3d,output m input,0,output m input | adaptivemaxpool3d,"[1, 0, 0, 0, 0]"
1951,AdaptiveMaxPool3d,target output size of 7x9x8,0,target output size of 7x9x8 | adaptivemaxpool3d,"[1, 0, 0, 0, 0]"
1953,AdaptiveMaxPool3d,output m input,0,output m input | adaptivemaxpool3d,"[1, 0, 0, 0, 0]"
1955,BatchNorm1d,applies batch normalization over a 2d or 3d input a mini batch of 1d,0,applies batch normalization over a 2d or 3d input a mini batch of 1d | batchnorm1d,"[0, 0, 0, 0, 1]"
1956,BatchNorm1d,inputs with optional additional channel dimension as described in the paper,0,inputs with optional additional channel dimension as described in the paper | batchnorm1d,"[0, 0, 0, 0, 1]"
1957,BatchNorm1d,batch normalization accelerating deep network training by reducing internal covariate shift,0,batch normalization accelerating deep network training by reducing internal covariate shift | batchnorm1d,"[0, 0, 0, 0, 1]"
1959,BatchNorm1d,the mean and standard deviation are calculated per dimension over,0,the mean and standard deviation are calculated per dimension over | batchnorm1d,"[0, 0, 0, 1, 0]"
1964,BatchNorm1d,the running estimates are kept with a default attr momentum,0,the running estimates are kept with a default attr momentum | batchnorm1d,"[0, 0, 0, 1, 0]"
1968,BatchNorm1d,evaluation time as well,0,evaluation time as well | batchnorm1d,"[0, 0, 0, 1, 0]"
1978,BatchNorm1d,because the batch normalization is done over the c dimension computing statistics,0,because the batch normalization is done over the c dimension computing statistics | batchnorm1d,"[0, 0, 1, 0, 0]"
1981,BatchNorm1d,num features math c from an expected input of size,0,num features math c from an expected input of size | batchnorm1d,"[0, 1, 0, 1, 0]"
1984,BatchNorm1d,eps a value added to the denominator for numerical stability,0,eps a value added to the denominator for numerical stability | batchnorm1d,"[0, 1, 0, 0, 0]"
1985,BatchNorm1d,default 1e 5,0,default 1e 5 | batchnorm1d,"[0, 1, 0, 0, 0]"
1986,BatchNorm1d,momentum the value used for the running mean and running var,0,momentum the value used for the running mean and running var | batchnorm1d,"[0, 1, 0, 0, 0]"
1987,BatchNorm1d,computation,0,computation | batchnorm1d,"[0, 1, 0, 0, 0]"
1988,BatchNorm1d,can be set to none for cumulative moving average,0,can be set to none for cumulative moving average | batchnorm1d,"[0, 1, 0, 0, 0]"
1989,BatchNorm1d,ie simple average,0,ie simple average | batchnorm1d,"[0, 1, 0, 0, 0]"
1990,BatchNorm1d,default 01,0,default 01 | batchnorm1d,"[0, 1, 0, 0, 0]"
1992,BatchNorm1d,learnable affine parameters,0,learnable affine parameters | batchnorm1d,"[0, 1, 0, 0, 0]"
1993,BatchNorm1d,default true,0,default true | batchnorm1d,"[0, 1, 0, 0, 0]"
1996,BatchNorm1d,this module does not track such statistics and always uses batch,0,this module does not track such statistics and always uses batch | batchnorm1d,"[0, 1, 0, 0, 0]"
1997,BatchNorm1d,statistics in both training and eval modes,0,statistics in both training and eval modes | batchnorm1d,"[0, 1, 0, 0, 0]"
1998,BatchNorm1d,default true,0,default true | batchnorm1d,"[0, 1, 0, 0, 0]"
2000,BatchNorm1d,input math n c or math n c l,0,input math n c or math n c l | batchnorm1d,"[0, 0, 0, 1, 0]"
2003,BatchNorm1d,with learnable parameters,0,with learnable parameters | batchnorm1d,"[1, 0, 0, 0, 0]"
2004,BatchNorm1d,m nn batchnorm1d 100,0,m nn batchnorm1d 100 | batchnorm1d,"[1, 0, 0, 0, 0]"
2005,BatchNorm1d,without learnable parameters,0,without learnable parameters | batchnorm1d,"[1, 0, 0, 0, 0]"
2007,BatchNorm1d,output m input,0,output m input | batchnorm1d,"[1, 0, 0, 0, 0]"
2008,BCEWithLogitsLoss,this loss combines a sigmoid layer and the bceloss in one single,0,this loss combines a sigmoid layer and the bceloss in one single | bcewithlogitsloss,"[0, 0, 0, 0, 1]"
2009,BCEWithLogitsLoss,class,0,class | bcewithlogitsloss,"[0, 0, 0, 0, 1]"
2010,BCEWithLogitsLoss,this version is more numerically stable than using a plain sigmoid,0,this version is more numerically stable than using a plain sigmoid | bcewithlogitsloss,"[0, 0, 0, 0, 1]"
2013,BCEWithLogitsLoss,the unreduced ie with attr reduction set to none loss can be described as,0,the unreduced ie with attr reduction set to none loss can be described as | bcewithlogitsloss,"[0, 0, 0, 1, 0]"
2020,BCEWithLogitsLoss,default mean then,0,default mean then | bcewithlogitsloss,"[0, 1, 0, 1, 0]"
2024,BCEWithLogitsLoss,operatorname sum l text if reduction text sum,0,operatorname sum l text if reduction text sum | bcewithlogitsloss,"[0, 0, 0, 1, 0]"
2025,BCEWithLogitsLoss,end cases,0,end cases | bcewithlogitsloss,"[0, 0, 0, 1, 0]"
2026,BCEWithLogitsLoss,this is used for measuring the error of a reconstruction in for example,0,this is used for measuring the error of a reconstruction in for example | bcewithlogitsloss,"[0, 0, 0, 1, 0]"
2027,BCEWithLogitsLoss,an auto encoder,0,an auto encoder | bcewithlogitsloss,"[0, 0, 0, 1, 0]"
2028,BCEWithLogitsLoss,note that the targets t i should be numbers,0,note that the targets t i should be numbers | bcewithlogitsloss,"[0, 0, 1, 1, 0]"
2029,BCEWithLogitsLoss,between 0 and 1,0,between 0 and 1 | bcewithlogitsloss,"[0, 0, 1, 1, 0]"
2030,BCEWithLogitsLoss,it s possible to trade off recall and precision by adding weights to positive examples,0,it s possible to trade off recall and precision by adding weights to positive examples | bcewithlogitsloss,"[1, 0, 0, 1, 0]"
2031,BCEWithLogitsLoss,in the case of multi label classification the loss can be described as,0,in the case of multi label classification the loss can be described as | bcewithlogitsloss,"[0, 0, 0, 1, 0]"
2033,BCEWithLogitsLoss,ell c x y l c l 1 c dots l n c top quad,0,ell c x y l c l 1 c dots l n c top quad | bcewithlogitsloss,"[0, 0, 0, 1, 0]"
2035,BCEWithLogitsLoss,1 y n c cdot log 1 sigma x n c right,0,1 y n c cdot log 1 sigma x n c right | bcewithlogitsloss,"[0, 0, 0, 1, 0]"
2036,BCEWithLogitsLoss,for example if a dataset contains 100 positive and 300 negative examples of a single class,0,for example if a dataset contains 100 positive and 300 negative examples of a single class | bcewithlogitsloss,"[1, 0, 0, 0, 0]"
2038,BCEWithLogitsLoss,the loss would act as if the dataset contains math 3 times 100 300 positive examples,0,the loss would act as if the dataset contains math 3 times 100 300 positive examples | bcewithlogitsloss,"[1, 0, 0, 1, 0]"
2040,BCEWithLogitsLoss,target torch ones 10 64 dtype torch float32 64 classes batch size 10,0,target torch ones 10 64 dtype torch float32 64 classes batch size 10 | bcewithlogitsloss,"[1, 0, 0, 0, 0]"
2041,BCEWithLogitsLoss,output torch full 10 64 0999 a prediction logit,0,output torch full 10 64 0999 a prediction logit | bcewithlogitsloss,"[1, 0, 0, 0, 0]"
2044,BCEWithLogitsLoss,criterion output target log sigmoid 0999,0,criterion output target log sigmoid 0999 | bcewithlogitsloss,"[1, 0, 0, 0, 0]"
2047,BCEWithLogitsLoss,weight tensor optional a manual rescaling weight given to the loss,0,weight tensor optional a manual rescaling weight given to the loss | bcewithlogitsloss,"[0, 1, 0, 0, 0]"
2048,BCEWithLogitsLoss,of each batch element,0,of each batch element | bcewithlogitsloss,"[0, 1, 0, 0, 0]"
2049,BCEWithLogitsLoss,if given has to be a tensor of size nbatch,0,if given has to be a tensor of size nbatch | bcewithlogitsloss,"[0, 1, 0, 0, 0]"
2050,BCEWithLogitsLoss,size average bool optional deprecated see attr reduction,0,size average bool optional deprecated see attr reduction | bcewithlogitsloss,"[0, 1, 0, 0, 0]"
2051,BCEWithLogitsLoss,by default,0,by default | bcewithlogitsloss,"[0, 1, 0, 0, 0]"
2052,BCEWithLogitsLoss,the losses are averaged over each loss element in the batch,0,the losses are averaged over each loss element in the batch | bcewithlogitsloss,"[0, 1, 0, 0, 0]"
2054,BCEWithLogitsLoss,some losses there are multiple elements per sample,0,some losses there are multiple elements per sample | bcewithlogitsloss,"[0, 1, 0, 0, 0]"
2055,BCEWithLogitsLoss,if the field attr size average,0,if the field attr size average | bcewithlogitsloss,"[0, 1, 0, 0, 0]"
2060,BCEWithLogitsLoss,reduce bool optional deprecated see attr reduction,0,reduce bool optional deprecated see attr reduction | bcewithlogitsloss,"[0, 1, 0, 0, 0]"
2061,BCEWithLogitsLoss,losses are averaged or summed over observations for each minibatch depending,0,losses are averaged or summed over observations for each minibatch depending | bcewithlogitsloss,"[0, 1, 0, 0, 0]"
2062,BCEWithLogitsLoss,on attr size average,0,on attr size average | bcewithlogitsloss,"[0, 1, 0, 0, 0]"
2063,BCEWithLogitsLoss,when attr reduce is false returns a loss per,0,when attr reduce is false returns a loss per | bcewithlogitsloss,"[0, 1, 0, 0, 0]"
2064,BCEWithLogitsLoss,batch element instead and ignores attr size average,0,batch element instead and ignores attr size average | bcewithlogitsloss,"[0, 1, 0, 0, 0]"
2065,BCEWithLogitsLoss,default true,0,default true | bcewithlogitsloss,"[0, 1, 0, 0, 0]"
2066,BCEWithLogitsLoss,reduction string optional specifies the reduction to apply to the output,0,reduction string optional specifies the reduction to apply to the output | bcewithlogitsloss,"[0, 1, 0, 0, 0]"
2067,BCEWithLogitsLoss,none mean sum,0,none mean sum | bcewithlogitsloss,"[0, 1, 0, 0, 0]"
2072,BCEWithLogitsLoss,and attr reduce are in the process of being deprecated and in the meantime,0,and attr reduce are in the process of being deprecated and in the meantime | bcewithlogitsloss,"[0, 1, 0, 0, 0]"
2073,BCEWithLogitsLoss,default mean,0,default mean | bcewithlogitsloss,"[0, 1, 0, 0, 0]"
2074,BCEWithLogitsLoss,pos weight tensor optional a weight of positive examples,0,pos weight tensor optional a weight of positive examples | bcewithlogitsloss,"[1, 1, 0, 0, 0]"
2075,BCEWithLogitsLoss,must be a vector with length equal to the number of classes,0,must be a vector with length equal to the number of classes | bcewithlogitsloss,"[0, 1, 0, 0, 0]"
2077,BCEWithLogitsLoss,input math n where math means any number of additional dimensions,0,input math n where math means any number of additional dimensions | bcewithlogitsloss,"[0, 1, 0, 1, 0]"
2078,BCEWithLogitsLoss,target math n same shape as the input,0,target math n same shape as the input | bcewithlogitsloss,"[0, 0, 0, 1, 0]"
2079,BCEWithLogitsLoss,output scalar,0,output scalar | bcewithlogitsloss,"[0, 1, 0, 0, 0]"
2080,BCEWithLogitsLoss,if attr reduction is none then math n same,0,if attr reduction is none then math n same | bcewithlogitsloss,"[0, 1, 0, 1, 0]"
2082,BCEWithLogitsLoss,loss nn bcewithlogitsloss,0,loss nn bcewithlogitsloss | bcewithlogitsloss,"[1, 0, 0, 0, 0]"
2083,BCEWithLogitsLoss,input torch randn 3 requires grad true,0,input torch randn 3 requires grad true | bcewithlogitsloss,"[1, 0, 0, 0, 0]"
2085,BCEWithLogitsLoss,output loss input target,0,output loss input target | bcewithlogitsloss,"[1, 0, 0, 0, 0]"
2086,BCEWithLogitsLoss,output backward,0,output backward | bcewithlogitsloss,"[1, 0, 0, 0, 0]"
2089,BuildType,if attr cmake build type env,0,if attr cmake build type env | buildtype,"[1, 0, 0, 0, 0]"
2091,BuildType,if cmakecache txt does not exist,0,if cmakecache txt does not exist | buildtype,"[1, 0, 0, 0, 0]"
2093,BuildType,arguments,0,arguments | buildtype,"[0, 1, 0, 0, 0]"
2095,Caffe2OperatorTestCase,this class includes all the information needed to benchmark an operator,0,this class includes all the information needed to benchmark an operator | caffe2operatortestcase,"[0, 0, 0, 0, 1]"
2096,Caffe2OperatorTestCase,op bench it s a user defined class child of caffe2benchmarkbase,0,op bench it s a user defined class child of caffe2benchmarkbase | caffe2operatortestcase,"[0, 0, 0, 1, 0]"
2101,ConstantPad3d,pads the input tensor boundaries with a constant value,0,pads the input tensor boundaries with a constant value | constantpad3d,"[0, 0, 0, 0, 1]"
2102,ConstantPad3d,for n dimensional padding use func torch nn functional pad,0,for n dimensional padding use func torch nn functional pad | constantpad3d,"[1, 0, 0, 0, 0]"
2104,ConstantPad3d,padding int tuple the size of the padding,0,padding int tuple the size of the padding | constantpad3d,"[0, 1, 0, 0, 0]"
2106,ConstantPad3d,padding in all boundaries,0,padding in all boundaries | constantpad3d,"[0, 1, 0, 0, 0]"
2108,ConstantPad3d,math text padding left math text padding right,0,math text padding left math text padding right | constantpad3d,"[0, 1, 0, 0, 0]"
2112,ConstantPad3d,m nn constantpad3d 3 35,0,m nn constantpad3d 3 35 | constantpad3d,"[1, 0, 0, 0, 0]"
2114,ConstantPad3d,output m input,0,output m input | constantpad3d,"[1, 0, 0, 0, 0]"
2115,ConstantPad3d,using different paddings for different sides,0,using different paddings for different sides | constantpad3d,"[1, 0, 0, 0, 0]"
2117,ConstantPad3d,output m input,0,output m input | constantpad3d,"[1, 0, 0, 0, 0]"
2119,Conv3d,planes,0,planes | conv3d,"[0, 0, 0, 0, 1]"
2121,Conv3d,and output math n c out d out h out w out can be precisely described as,0,and output math n c out d out h out w out can be precisely described as | conv3d,"[0, 0, 0, 1, 0]"
2123,Conv3d,out n i c out j bias c out j,0,out n i c out j bias c out j | conv3d,"[0, 0, 0, 1, 0]"
2125,Conv3d,attr stride controls the stride for the cross correlation,0,attr stride controls the stride for the cross correlation | conv3d,"[0, 1, 0, 0, 0]"
2127,Conv3d,sides for attr padding number of points for each dimension,0,sides for attr padding number of points for each dimension | conv3d,"[0, 1, 0, 0, 0]"
2129,Conv3d,it is harder to describe but this link has a nice visualization of what attr dilation does,0,it is harder to describe but this link has a nice visualization of what attr dilation does | conv3d,"[0, 1, 0, 0, 0]"
2131,Conv3d,attr in channels and attr out channels must both be divisible by,0,attr in channels and attr out channels must both be divisible by | conv3d,"[0, 1, 0, 0, 0]"
2134,Conv3d,at groups 2 the operation becomes equivalent to having two conv,0,at groups 2 the operation becomes equivalent to having two conv | conv3d,"[0, 0, 0, 0, 1]"
2135,Conv3d,layers side by side each seeing half the input channels,0,layers side by side each seeing half the input channels | conv3d,"[0, 0, 0, 0, 1]"
2137,Conv3d,concatenated,0,concatenated | conv3d,"[0, 0, 0, 0, 1]"
2138,Conv3d,at groups attr in channels each input channel is convolved with,0,at groups attr in channels each input channel is convolved with | conv3d,"[0, 0, 0, 0, 1]"
2139,Conv3d,its own set of filters of size,0,its own set of filters of size | conv3d,"[0, 0, 0, 0, 1]"
2140,Conv3d,math left lfloor frac out channels in channels right rfloor,0,math left lfloor frac out channels in channels right rfloor | conv3d,"[0, 0, 0, 1, 1]"
2145,Conv3d,a tuple of three ints in which case the first int is used for the depth dimension,0,a tuple of three ints in which case the first int is used for the depth dimension | conv3d,"[0, 1, 0, 0, 1]"
2153,Conv3d,kernel size int or tuple size of the convolving kernel,0,kernel size int or tuple size of the convolving kernel | conv3d,"[0, 1, 0, 0, 0]"
2157,Conv3d,default 0,0,default 0 | conv3d,"[0, 1, 0, 0, 0]"
2159,Conv3d,accepted values zeros and circular default zeros,0,accepted values zeros and circular default zeros | conv3d,"[0, 1, 0, 0, 0]"
2162,Conv3d,groups int optional number of blocked connections from input channels to output channels,0,groups int optional number of blocked connections from input channels to output channels | conv3d,"[0, 1, 0, 0, 0]"
2165,Conv3d,default true,0,default true | conv3d,"[0, 1, 0, 0, 0]"
2166,Conv3d,input math n c in d in h in w in,0,input math n c in d in h in w in | conv3d,"[0, 0, 0, 1, 0]"
2167,Conv3d,output math n c out d out h out w out where,0,output math n c out d out h out w out where | conv3d,"[0, 0, 0, 1, 0]"
2172,Conv3d,weight tensor the learnable weights of the module of shape,0,weight tensor the learnable weights of the module of shape | conv3d,"[0, 0, 0, 1, 0]"
2173,Conv3d,the values of these weights are sampled from,0,the values of these weights are sampled from | conv3d,"[0, 0, 0, 1, 0]"
2174,Conv3d,math k frac 1 c text in prod i 0 2 text kernel size i,0,math k frac 1 c text in prod i 0 2 text kernel size i | conv3d,"[0, 0, 0, 1, 0]"
2175,Conv3d,bias tensor the learnable bias of the module of shape out channels,0,bias tensor the learnable bias of the module of shape out channels | conv3d,"[0, 0, 0, 1, 0]"
2178,Conv3d,sampled from math mathcal u sqrt k sqrt k where,0,sampled from math mathcal u sqrt k sqrt k where | conv3d,"[0, 0, 0, 1, 0]"
2179,Conv3d,math k frac 1 c text in prod i 0 2 text kernel size i,0,math k frac 1 c text in prod i 0 2 text kernel size i | conv3d,"[0, 0, 0, 1, 0]"
2181,Conv3d,with square kernels and equal stride,0,with square kernels and equal stride | conv3d,"[1, 0, 0, 0, 0]"
2182,Conv3d,m nn conv3d 16 33 3 stride 2,0,m nn conv3d 16 33 3 stride 2 | conv3d,"[1, 0, 0, 0, 0]"
2183,Conv3d,non square kernels and unequal stride and with padding,0,non square kernels and unequal stride and with padding | conv3d,"[1, 0, 0, 0, 0]"
2184,Conv3d,m nn conv3d 16 33 3 5 2 stride 2 1 1 padding 4 2 0,0,m nn conv3d 16 33 3 5 2 stride 2 1 1 padding 4 2 0 | conv3d,"[1, 0, 0, 0, 0]"
2185,Conv3d,input torch randn 20 16 10 50 100,0,input torch randn 20 16 10 50 100 | conv3d,"[1, 0, 0, 0, 0]"
2186,Conv3d,output m input,0,output m input | conv3d,"[1, 0, 0, 0, 0]"
2194,CyclicLR,the policy cycles the learning,0,the policy cycles the learning | cycliclr,"[0, 0, 0, 0, 1]"
2196,CyclicLR,the paper cyclical learning rates for training neural networks,0,the paper cyclical learning rates for training neural networks | cycliclr,"[0, 0, 0, 0, 1]"
2198,CyclicLR,or per cycle basis,0,or per cycle basis | cycliclr,"[0, 0, 0, 0, 1]"
2199,CyclicLR,cyclical learning rate policy changes the learning rate after every batch,0,cyclical learning rate policy changes the learning rate after every batch | cycliclr,"[0, 0, 0, 1, 0]"
2202,CyclicLR,triangular2 a basic triangular cycle that scales initial amplitude by half each cycle,0,triangular2 a basic triangular cycle that scales initial amplitude by half each cycle | cycliclr,"[0, 1, 0, 1, 0]"
2205,CyclicLR,at each cycle iteration,0,at each cycle iteration | cycliclr,"[0, 1, 0, 1, 0]"
2207,CyclicLR,optimizer torch optim sgd model parameters lr 01 momentum 09,0,optimizer torch optim sgd model parameters lr 01 momentum 09 | cycliclr,"[1, 0, 0, 0, 0]"
2208,CyclicLR,scheduler torch optim lr scheduler cycliclr optimizer base lr 001 max lr 01,0,scheduler torch optim lr scheduler cycliclr optimizer base lr 001 max lr 01 | cycliclr,"[1, 0, 0, 0, 0]"
2209,CyclicLR,data loader torch utils data dataloader,0,data loader torch utils data dataloader | cycliclr,"[1, 0, 0, 0, 0]"
2210,CyclicLR,for epoch in range 10,0,for epoch in range 10 | cycliclr,"[1, 0, 0, 0, 0]"
2211,CyclicLR,for batch in data loader,0,for batch in data loader | cycliclr,"[1, 0, 0, 0, 0]"
2212,CyclicLR,train batch,0,train batch | cycliclr,"[1, 0, 0, 0, 0]"
2216,DeQuantStub,this will be swapped as nnq dequantize in convert,0,this will be swapped as nnq dequantize in convert | dequantstub,"[0, 0, 0, 1, 1]"
2217,DiagonalTensor,a class with torch function and a specific diagonal representation,0,a class with torch function and a specific diagonal representation | diagonaltensor,"[0, 0, 0, 0, 1]"
2218,DiagonalTensor,this class has limited utility and is mostly useful for verifying that the,0,this class has limited utility and is mostly useful for verifying that the | diagonaltensor,"[1, 0, 0, 1, 0]"
2219,DiagonalTensor,dispatch mechanism works as expected,0,dispatch mechanism works as expected | diagonaltensor,"[1, 0, 0, 0, 0]"
2220,DiagonalTensor,it is based on the diagonalarray,0,it is based on the diagonalarray | diagonaltensor,"[1, 0, 0, 1, 0]"
2221,DiagonalTensor,example in the numpy documentation,0,example in the numpy documentation | diagonaltensor,"[1, 0, 0, 1, 0]"
2223,DiagonalTensor,diagonaltensor represents a 2d tensor with n rows and columns that has,0,diagonaltensor represents a 2d tensor with n rows and columns that has | diagonaltensor,"[0, 0, 0, 1, 0]"
2225,DiagonalTensor,the,0,the | diagonaltensor,"[0, 0, 0, 1, 0]"
2226,DiagonalTensor,main functionality of diagonaltensor is to provide a more compact,0,main functionality of diagonaltensor is to provide a more compact | diagonaltensor,"[0, 0, 0, 1, 0]"
2228,EmbeddingBag,intermediate embeddings,0,intermediate embeddings | embeddingbag,"[0, 0, 0, 0, 1]"
2229,EmbeddingBag,for bags of constant length and no attr per sample weights this class,0,for bags of constant length and no attr per sample weights this class | embeddingbag,"[0, 0, 1, 0, 0]"
2230,EmbeddingBag,with mode sum is equivalent to class torch nn embedding followed by torch sum dim 0,0,with mode sum is equivalent to class torch nn embedding followed by torch sum dim 0 | embeddingbag,"[0, 0, 1, 0, 0]"
2231,EmbeddingBag,with mode mean is equivalent to class torch nn embedding followed by torch mean dim 0,0,with mode mean is equivalent to class torch nn embedding followed by torch mean dim 0 | embeddingbag,"[0, 0, 1, 0, 0]"
2233,EmbeddingBag,however class torch nn embeddingbag is much more time and memory efficient than using a chain of these,0,however class torch nn embeddingbag is much more time and memory efficient than using a chain of these | embeddingbag,"[0, 0, 1, 0, 0]"
2234,EmbeddingBag,operations,0,operations | embeddingbag,"[0, 0, 1, 0, 0]"
2235,EmbeddingBag,embeddingbag also supports per sample weights as an argument to the forward,0,embeddingbag also supports per sample weights as an argument to the forward | embeddingbag,"[0, 0, 1, 0, 0]"
2238,EmbeddingBag,reduction as specified by mode,0,reduction as specified by mode | embeddingbag,"[0, 0, 1, 0, 0]"
2239,EmbeddingBag,if attr per sample weights is passed the,0,if attr per sample weights is passed the | embeddingbag,"[0, 0, 1, 0, 0]"
2240,EmbeddingBag,only supported mode is sum which computes a weighted sum according to,0,only supported mode is sum which computes a weighted sum according to | embeddingbag,"[0, 0, 1, 0, 0]"
2246,EmbeddingBag,is renormalized to have norm attr max norm,0,is renormalized to have norm attr max norm | embeddingbag,"[0, 1, 0, 0, 0]"
2247,EmbeddingBag,norm type float optional the p of the p norm to compute for the attr max norm option,0,norm type float optional the p of the p norm to compute for the attr max norm option | embeddingbag,"[0, 1, 0, 0, 0]"
2248,EmbeddingBag,default 2,0,default 2 | embeddingbag,"[0, 1, 0, 0, 0]"
2249,EmbeddingBag,scale grad by freq boolean optional if given this will scale gradients by the inverse of frequency of,0,scale grad by freq boolean optional if given this will scale gradients by the inverse of frequency of | embeddingbag,"[0, 1, 0, 0, 0]"
2252,EmbeddingBag,mode string optional sum mean or max,0,mode string optional sum mean or max | embeddingbag,"[0, 1, 0, 0, 0]"
2254,EmbeddingBag,sum computes the weighted sum taking attr per sample weights,0,sum computes the weighted sum taking attr per sample weights | embeddingbag,"[0, 1, 0, 0, 0]"
2255,EmbeddingBag,into consideration,0,into consideration | embeddingbag,"[0, 1, 0, 0, 0]"
2256,EmbeddingBag,mean computes the average of the values,0,mean computes the average of the values | embeddingbag,"[0, 1, 0, 0, 0]"
2258,EmbeddingBag,default mean,0,default mean | embeddingbag,"[0, 1, 0, 0, 0]"
2259,EmbeddingBag,sparse bool optional if true gradient w r t attr weight matrix will be a sparse tensor,0,sparse bool optional if true gradient w r t attr weight matrix will be a sparse tensor | embeddingbag,"[0, 1, 0, 0, 0]"
2261,EmbeddingBag,notes for more details regarding sparse gradients,0,notes for more details regarding sparse gradients | embeddingbag,"[0, 1, 0, 0, 0]"
2263,EmbeddingBag,supported when mode max,0,supported when mode max | embeddingbag,"[0, 1, 0, 0, 0]"
2265,EmbeddingBag,weight tensor the learnable weights of the module of shape num embeddings embedding dim,0,weight tensor the learnable weights of the module of shape num embeddings embedding dim | embeddingbag,"[0, 0, 0, 1, 0]"
2266,EmbeddingBag,initialized from math mathcal n 0 1,0,initialized from math mathcal n 0 1 | embeddingbag,"[0, 0, 0, 1, 0]"
2268,EmbeddingBag,attr per index weights tensor optional,0,attr per index weights tensor optional | embeddingbag,"[0, 0, 0, 1, 0]"
2269,EmbeddingBag,if attr input is 2d of shape b n,0,if attr input is 2d of shape b n | embeddingbag,"[0, 0, 0, 1, 0]"
2270,EmbeddingBag,it will be treated as b bags sequences each of fixed length n and,0,it will be treated as b bags sequences each of fixed length n and | embeddingbag,"[0, 0, 0, 1, 0]"
2271,EmbeddingBag,this will return b values aggregated in a way depending on the attr mode,0,this will return b values aggregated in a way depending on the attr mode | embeddingbag,"[0, 0, 0, 1, 0]"
2272,EmbeddingBag,attr offsets is ignored and required to be none in this case,0,attr offsets is ignored and required to be none in this case | embeddingbag,"[0, 0, 0, 1, 0]"
2274,EmbeddingBag,it will be treated as a concatenation of multiple bags sequences,0,it will be treated as a concatenation of multiple bags sequences | embeddingbag,"[0, 0, 0, 1, 0]"
2276,EmbeddingBag,starting index positions of each bag in attr input,0,starting index positions of each bag in attr input | embeddingbag,"[0, 0, 0, 1, 0]"
2277,EmbeddingBag,therefore,0,therefore | embeddingbag,"[0, 0, 0, 1, 0]"
2280,EmbeddingBag,empty bags ie having 0 length will have,0,empty bags ie having 0 length will have | embeddingbag,"[0, 0, 0, 1, 0]"
2281,EmbeddingBag,returned vectors filled by zeros,0,returned vectors filled by zeros | embeddingbag,"[0, 0, 0, 1, 0]"
2282,EmbeddingBag,per sample weights tensor optional a tensor of float double weights or none,0,per sample weights tensor optional a tensor of float double weights or none | embeddingbag,"[0, 0, 0, 1, 0]"
2283,EmbeddingBag,to indicate all weights should be taken to be 1,0,to indicate all weights should be taken to be 1 | embeddingbag,"[0, 0, 0, 1, 0]"
2287,EmbeddingBag,only supported for mode sum,0,only supported for mode sum | embeddingbag,"[0, 0, 0, 1, 0]"
2290,EmbeddingBag,embedding sum nn embeddingbag 10 3 mode sum,0,embedding sum nn embeddingbag 10 3 mode sum | embeddingbag,"[1, 0, 0, 0, 0]"
2291,EmbeddingBag,a batch of 2 samples of 4 indices each,0,a batch of 2 samples of 4 indices each | embeddingbag,"[1, 0, 0, 0, 0]"
2294,EmbeddingBag,embedding sum input offsets,0,embedding sum input offsets | embeddingbag,"[1, 0, 0, 0, 0]"
2296,EmbeddingBag,11306 25798 10044,0,11306 25798 10044 | embeddingbag,"[1, 0, 0, 0, 0]"
2297,EnforceUnique,raises an error if a key is seen more than once,0,raises an error if a key is seen more than once | enforceunique,"[0, 0, 0, 0, 1]"
2298,Error,each error is a section in the output of cuda memcheck,0,each error is a section in the output of cuda memcheck | error,"[0, 0, 0, 0, 1]"
2299,Error,each error in the report has an error message and a backtrace,0,each error in the report has an error message and a backtrace | error,"[0, 0, 0, 1, 0]"
2303,ExternalInitializer,executed,0,executed | externalinitializer,"[1, 0, 0, 0, 0]"
2304,ExternalInitializer,current version is not doing any real sanity checks to the parameter,0,current version is not doing any real sanity checks to the parameter | externalinitializer,"[0, 0, 1, 0, 0]"
2305,FisherSnedecor,creates a fisher snedecor distribution parameterized by attr df1 and attr df2,0,creates a fisher snedecor distribution parameterized by attr df1 and attr df2 | fishersnedecor,"[0, 0, 0, 0, 1]"
2307,FisherSnedecor,m fishersnedecor torch tensor 10 torch tensor 20,0,m fishersnedecor torch tensor 10 torch tensor 20 | fishersnedecor,"[1, 0, 0, 0, 0]"
2309,FisherSnedecor,tensor 02453,0,tensor 02453 | fishersnedecor,"[1, 0, 0, 0, 0]"
2311,FisherSnedecor,df1 float or tensor degrees of freedom parameter 1,0,df1 float or tensor degrees of freedom parameter 1 | fishersnedecor,"[0, 1, 0, 0, 0]"
2313,LastNWindowCollector,collect last n samples from input record,0,collect last n samples from input record | lastnwindowcollector,"[0, 0, 0, 0, 1]"
2320,LBFGS,param bytes history size 1 bytes,0,param bytes history size 1 bytes | lbfgs,"[0, 0, 1, 0, 0]"
2321,LBFGS,if it doesn t fit in memory,0,if it doesn t fit in memory | lbfgs,"[0, 0, 1, 0, 0]"
2323,LBFGS,arguments,0,arguments | lbfgs,"[0, 1, 0, 0, 0]"
2330,LBFGS,default 1e 5,0,default 1e 5 | lbfgs,"[0, 1, 0, 0, 0]"
2332,LBFGS,value parameter changes default 1e 9,0,value parameter changes default 1e 9 | lbfgs,"[0, 1, 0, 0, 0]"
2334,LBFGS,line search fn str either strong wolfe or none default none,0,line search fn str either strong wolfe or none default none | lbfgs,"[0, 1, 0, 0, 0]"
2337,Module,a tree structure,0,a tree structure | module,"[0, 0, 0, 1, 0]"
2340,Module,import torch nn functional as f,0,import torch nn functional as f | module,"[1, 0, 0, 0, 0]"
2343,Module,super model self,0,super model self | module,"[1, 0, 0, 0, 0]"
2344,Module,init,0,init | module,"[1, 0, 0, 0, 0]"
2345,Module,self conv1 nn conv2d 1 20 5,0,self conv1 nn conv2d 1 20 5 | module,"[1, 0, 0, 0, 0]"
2346,Module,self conv2 nn conv2d 20 20 5,0,self conv2 nn conv2d 20 20 5 | module,"[1, 0, 0, 0, 0]"
2347,Module,def forward self x,0,def forward self x | module,"[1, 0, 0, 0, 0]"
2349,Module,return f relu self conv2 x,0,return f relu self conv2 x | module,"[1, 0, 0, 0, 0]"
2350,Module,submodules assigned in this way will be registered and will have their,0,submodules assigned in this way will be registered and will have their | module,"[0, 0, 0, 1, 0]"
2351,Module,parameters converted too when you call meth to etc,0,parameters converted too when you call meth to etc | module,"[0, 0, 0, 1, 0]"
2352,MultiLabelMarginLoss,creates a criterion that optimizes a multi class multi classification,0,creates a criterion that optimizes a multi class multi classification | multilabelmarginloss,"[0, 0, 0, 0, 1]"
2353,MultiLabelMarginLoss,hinge loss margin based loss between input math x a 2d mini batch tensor,0,hinge loss margin based loss between input math x a 2d mini batch tensor | multilabelmarginloss,"[0, 0, 0, 1, 1]"
2354,MultiLabelMarginLoss,and output math y which is a 2d tensor of target class indices,0,and output math y which is a 2d tensor of target class indices | multilabelmarginloss,"[0, 0, 0, 1, 1]"
2355,MultiLabelMarginLoss,for each sample in the mini batch,0,for each sample in the mini batch | multilabelmarginloss,"[0, 0, 0, 1, 0]"
2357,MultiLabelMarginLoss,text loss x y sum ij frac max 0 1 x y j x i text x size 0,0,text loss x y sum ij frac max 0 1 x y j x i text x size 0 | multilabelmarginloss,"[1, 0, 0, 1, 0]"
2358,MultiLabelMarginLoss,the criterion only considers a contiguous block of non negative targets that,0,the criterion only considers a contiguous block of non negative targets that | multilabelmarginloss,"[0, 0, 0, 1, 0]"
2359,MultiLabelMarginLoss,starts at the front,0,starts at the front | multilabelmarginloss,"[0, 0, 0, 1, 0]"
2360,MultiLabelMarginLoss,this allows for different samples to have variable amounts of target classes,0,this allows for different samples to have variable amounts of target classes | multilabelmarginloss,"[0, 0, 0, 1, 0]"
2364,MultiLabelMarginLoss,the losses are averaged over each loss element in the batch,0,the losses are averaged over each loss element in the batch | multilabelmarginloss,"[0, 1, 0, 0, 0]"
2369,MultiLabelMarginLoss,ignored,0,ignored | multilabelmarginloss,"[0, 1, 0, 0, 0]"
2370,MultiLabelMarginLoss,when reduce is false,0,when reduce is false | multilabelmarginloss,"[0, 1, 0, 0, 0]"
2371,MultiLabelMarginLoss,default true,0,default true | multilabelmarginloss,"[0, 1, 0, 0, 0]"
2372,MultiLabelMarginLoss,reduce bool optional deprecated see attr reduction,0,reduce bool optional deprecated see attr reduction | multilabelmarginloss,"[0, 1, 0, 0, 0]"
2373,MultiLabelMarginLoss,losses are averaged or summed over observations for each minibatch depending,0,losses are averaged or summed over observations for each minibatch depending | multilabelmarginloss,"[0, 1, 0, 0, 0]"
2375,MultiLabelMarginLoss,when attr reduce is false returns a loss per,0,when attr reduce is false returns a loss per | multilabelmarginloss,"[0, 1, 0, 0, 0]"
2379,MultiLabelMarginLoss,none mean sum,0,none mean sum | multilabelmarginloss,"[0, 1, 0, 0, 0]"
2380,MultiLabelMarginLoss,none no reduction will be applied,0,none no reduction will be applied | multilabelmarginloss,"[0, 1, 0, 0, 0]"
2383,MultiLabelMarginLoss,note attr size average,0,note attr size average | multilabelmarginloss,"[0, 1, 0, 0, 0]"
2387,MultiLabelMarginLoss,target math c or math n c label targets padded by 1 ensuring same shape as the input,0,target math c or math n c label targets padded by 1 ensuring same shape as the input | multilabelmarginloss,"[0, 0, 0, 1, 0]"
2388,MultiLabelMarginLoss,if attr reduction is none then math n,0,if attr reduction is none then math n | multilabelmarginloss,"[0, 0, 0, 1, 0]"
2393,MultiLabelMarginLoss,y torch longtensor 3 0 1 1,0,y torch longtensor 3 0 1 1 | multilabelmarginloss,"[1, 0, 0, 0, 0]"
2394,MultiLabelMarginLoss,loss x y,0,loss x y | multilabelmarginloss,"[1, 0, 0, 0, 0]"
2396,MultiLabelMarginLoss,tensor 08500,0,tensor 08500 | multilabelmarginloss,"[1, 0, 0, 0, 0]"
2398,NetModifier,inherited classes should implement the modify net method where,0,inherited classes should implement the modify net method where | netmodifier,"[0, 0, 0, 1, 0]"
2400,NetModifier,example usage,0,example usage | netmodifier,"[1, 0, 0, 0, 0]"
2401,NetModifier,modifier somenetmodifier opts,0,modifier somenetmodifier opts | netmodifier,"[1, 0, 0, 0, 0]"
2402,NetModifier,modifier net,0,modifier net | netmodifier,"[1, 0, 0, 0, 0]"
2404,OneHotCategorical,attr logits,0,attr logits | onehotcategorical,"[0, 0, 0, 0, 1]"
2405,OneHotCategorical,samples are one hot coded vectors of size probs size 1,0,samples are one hot coded vectors of size probs size 1 | onehotcategorical,"[0, 0, 0, 1, 0]"
2408,OneHotCategorical,attr probs and attr logits,0,attr probs and attr logits | onehotcategorical,"[0, 0, 0, 0, 1]"
2410,OneHotCategorical,m onehotcategorical torch tensor 025 025 025 025,0,m onehotcategorical torch tensor 025 025 025 025 | onehotcategorical,"[1, 0, 0, 0, 0]"
2411,OneHotCategorical,m sample equal probability of 0 1 2 3,0,m sample equal probability of 0 1 2 3 | onehotcategorical,"[1, 0, 0, 0, 0]"
2414,OneHotCategorical,probs tensor event probabilities,0,probs tensor event probabilities | onehotcategorical,"[0, 1, 0, 0, 0]"
2417,Poisson,samples are nonnegative integers with a pmf given by,0,samples are nonnegative integers with a pmf given by | poisson,"[1, 0, 0, 1, 0]"
2422,Poisson,m sample,0,m sample | poisson,"[1, 0, 0, 0, 0]"
2423,Poisson,tensor 3,0,tensor 3 | poisson,"[1, 0, 0, 0, 0]"
2425,Poisson,rate number tensor the rate parameter,0,rate number tensor the rate parameter | poisson,"[0, 1, 0, 0, 0]"
2426,QuantWrapper,a wrapper class that wraps the input module adds quantstub and,0,a wrapper class that wraps the input module adds quantstub and | quantwrapper,"[0, 0, 0, 0, 1]"
2427,QuantWrapper,dequantstub and surround the call to module with call to quant and dequant,0,dequantstub and surround the call to module with call to quant and dequant | quantwrapper,"[0, 0, 0, 0, 1]"
2428,QuantWrapper,modules,0,modules | quantwrapper,"[0, 0, 0, 0, 1]"
2429,QuantWrapper,this is used by the quantization utility functions to add the quant and,0,this is used by the quantization utility functions to add the quant and | quantwrapper,"[0, 0, 0, 1, 0]"
2431,QuantWrapper,it observes the input tensor after convert quantstub,0,it observes the input tensor after convert quantstub | quantwrapper,"[0, 0, 0, 1, 0]"
2432,QuantWrapper,will be swapped to nnq quantize which does actual quantization,0,will be swapped to nnq quantize which does actual quantization | quantwrapper,"[0, 0, 0, 1, 0]"
2433,QuantWrapper,similarly,0,similarly | quantwrapper,"[0, 0, 0, 1, 0]"
2434,QuantWrapper,for dequantstub,0,for dequantstub | quantwrapper,"[0, 0, 0, 1, 0]"
2436,SGD,implements stochastic gradient descent optionally with momentum,0,implements stochastic gradient descent optionally with momentum | sgd,"[0, 0, 0, 0, 1]"
2437,SGD,nesterov momentum is based on the formula from,0,nesterov momentum is based on the formula from | sgd,"[0, 0, 1, 1, 0]"
2438,SGD,on the importance of initialization and momentum in deep learning,0,on the importance of initialization and momentum in deep learning | sgd,"[0, 0, 1, 1, 0]"
2442,SGD,lr float learning rate,0,lr float learning rate | sgd,"[0, 1, 0, 0, 0]"
2443,SGD,momentum float optional momentum factor default 0,0,momentum float optional momentum factor default 0 | sgd,"[0, 1, 0, 0, 0]"
2445,SGD,dampening float optional dampening for momentum default 0,0,dampening float optional dampening for momentum default 0 | sgd,"[0, 1, 0, 0, 0]"
2448,SGD,optimizer torch optim sgd model parameters lr 01 momentum 09,0,optimizer torch optim sgd model parameters lr 01 momentum 09 | sgd,"[1, 0, 0, 0, 0]"
2449,SGD,optimizer zero grad,0,optimizer zero grad | sgd,"[1, 0, 0, 0, 0]"
2452,SharedCache,dictionary from multiprocessing handles to storageweakref,0,dictionary from multiprocessing handles to storageweakref | sharedcache,"[0, 0, 0, 0, 1]"
2454,StackTransform,transform functor that applies a sequence of transforms tseq,0,transform functor that applies a sequence of transforms tseq | stacktransform,"[0, 0, 0, 0, 1]"
2456,StackTransform,in a way compatible with func torch stack,0,in a way compatible with func torch stack | stacktransform,"[0, 0, 0, 0, 1]"
2459,StackTransform,t stacktransform exptransform identity transform dim 1,0,t stacktransform exptransform identity transform dim 1 | stacktransform,"[1, 0, 0, 0, 0]"
2463,Subset,dataset dataset the whole dataset,0,dataset dataset the whole dataset | subset,"[0, 1, 0, 0, 0]"
2464,Subset,indices sequence indices in the whole set selected for subset,0,indices sequence indices in the whole set selected for subset | subset,"[0, 1, 0, 0, 0]"
2465,Task,a task is composed of an execution step and zero or more outputs,0,a task is composed of an execution step and zero or more outputs | task,"[0, 0, 0, 0, 1]"
2466,Task,tasks are executed in the context of a taskgroup which in turn can,0,tasks are executed in the context of a taskgroup which in turn can | task,"[0, 0, 0, 1, 0]"
2467,Task,be run by a session,0,be run by a session | task,"[0, 0, 0, 1, 0]"
2471,Task,with node trainer task name my task num instances 2,0,with node trainer task name my task num instances 2 | task,"[1, 0, 0, 0, 0]"
2472,Task,with ops task init,0,with ops task init | task,"[1, 0, 0, 0, 0]"
2474,Task,with ops task instance init,0,with ops task instance init | task,"[1, 0, 0, 0, 0]"
2476,Task,with ops loop 100,0,with ops loop 100 | task,"[1, 0, 0, 0, 0]"
2477,Task,ops copy globl local,0,ops copy globl local | task,"[1, 0, 0, 0, 0]"
2478,Task,with ops task instance exit,0,with ops task instance exit | task,"[1, 0, 0, 0, 0]"
2479,Task,ops add globl local globl,0,ops add globl local globl | task,"[1, 0, 0, 0, 0]"
2480,Task,with ops task exit,0,with ops task exit | task,"[1, 0, 0, 0, 0]"
2481,Task,ops mul globl globl globl,0,ops mul globl globl globl | task,"[1, 0, 0, 0, 0]"
2482,Task,the task above will create 2 instances that will run in parallel,0,the task above will create 2 instances that will run in parallel | task,"[1, 0, 0, 0, 0]"
2484,Task,to globl once,0,to globl once | task,"[1, 0, 0, 0, 0]"
2485,Task,the mul will only execute once after all the instances,0,the mul will only execute once after all the instances | task,"[1, 0, 0, 0, 0]"
2486,Task,of the task have finished,0,of the task have finished | task,"[1, 0, 0, 0, 0]"
2487,TaskOutput,represents the output of a task,0,represents the output of a task | taskoutput,"[0, 0, 0, 0, 1]"
2491,TransformerEncoderLayer,ashish vaswani noam shazeer niki parmar jakob uszkoreit llion jones aidan n gomez,0,ashish vaswani noam shazeer niki parmar jakob uszkoreit llion jones aidan n gomez | transformerencoderlayer,"[0, 0, 1, 0, 0]"
2492,TransformerEncoderLayer,lukasz kaiser and illia polosukhin,0,lukasz kaiser and illia polosukhin | transformerencoderlayer,"[0, 0, 1, 0, 0]"
2497,TransformerEncoderLayer,users may modify or implement,0,users may modify or implement | transformerencoderlayer,"[0, 0, 1, 0, 0]"
2498,TransformerEncoderLayer,in a different way during application,0,in a different way during application | transformerencoderlayer,"[0, 0, 1, 0, 0]"
2501,TransformerEncoderLayer,nhead the number of heads in the multiheadattention models required,0,nhead the number of heads in the multiheadattention models required | transformerencoderlayer,"[0, 1, 0, 0, 0]"
2506,TransformerEncoderLayer,encoder layer nn transformerencoderlayer d model 512 nhead 8,0,encoder layer nn transformerencoderlayer d model 512 nhead 8 | transformerencoderlayer,"[1, 0, 0, 0, 0]"
2508,TransformerEncoderLayer,out encoder layer src,0,out encoder layer src | transformerencoderlayer,"[1, 0, 0, 0, 0]"
2511,Unfold,where math n is the batch dimension math c is the channel dimension,0,where math n is the batch dimension math c is the channel dimension | unfold,"[1, 0, 0, 1, 0]"
2512,Unfold,and math represent arbitrary spatial dimensions,0,and math represent arbitrary spatial dimensions | unfold,"[1, 1, 0, 0, 0]"
2532,Unfold,of attr input math above and math d is over all spatial,0,of attr input math above and math d is over all spatial | unfold,"[0, 0, 0, 1, 0]"
2534,Unfold,therefore indexing attr output at the last dimension column dimension,0,therefore indexing attr output at the last dimension column dimension | unfold,"[1, 0, 0, 0, 0]"
2535,Unfold,gives all values within a certain block,0,gives all values within a certain block | unfold,"[1, 0, 0, 0, 0]"
2536,Unfold,the attr padding attr stride and attr dilation arguments specify,0,the attr padding attr stride and attr dilation arguments specify | unfold,"[0, 1, 0, 0, 0]"
2537,Unfold,how the sliding blocks are retrieved,0,how the sliding blocks are retrieved | unfold,"[0, 1, 0, 0, 0]"
2541,Unfold,reshaping,0,reshaping | unfold,"[0, 1, 0, 0, 0]"
2545,Unfold,kernel size int or tuple the size of the sliding blocks,0,kernel size int or tuple the size of the sliding blocks | unfold,"[0, 1, 0, 0, 0]"
2550,Unfold,padding int or tuple optional implicit zero padding to be added on,0,padding int or tuple optional implicit zero padding to be added on | unfold,"[0, 1, 0, 0, 0]"
2552,Unfold,default 0,0,default 0 | unfold,"[0, 1, 0, 0, 0]"
2554,Unfold,stride of elements within the,0,stride of elements within the | unfold,"[0, 1, 0, 0, 0]"
2559,Unfold,replicated across all spatial dimensions,0,replicated across all spatial dimensions | unfold,"[1, 0, 0, 1, 0]"
2561,Unfold,called im2col,0,called im2col | unfold,"[0, 1, 0, 0, 0]"
2563,Unfold,class torch nn fold calculates each combined value in the resulting,0,class torch nn fold calculates each combined value in the resulting | unfold,"[0, 0, 1, 0, 0]"
2564,Unfold,large tensor by summing all values from all containing blocks,0,large tensor by summing all values from all containing blocks | unfold,"[0, 0, 1, 0, 0]"
2567,Unfold,so if the blocks overlap they are not,0,so if the blocks overlap they are not | unfold,"[0, 0, 1, 0, 0]"
2569,Unfold,in general folding and unfolding operations are related as,0,in general folding and unfolding operations are related as | unfold,"[0, 0, 1, 0, 0]"
2570,Unfold,follows,0,follows | unfold,"[0, 0, 1, 0, 0]"
2571,Unfold,consider class torch nn fold and,0,consider class torch nn fold and | unfold,"[0, 0, 1, 0, 0]"
2575,Unfold,dilation,0,dilation | unfold,"[0, 0, 1, 0, 0]"
2576,Unfold,padding,0,padding | unfold,"[0, 0, 1, 0, 0]"
2577,Unfold,stride,0,stride | unfold,"[0, 0, 1, 0, 0]"
2578,Unfold,fold nn fold output size,0,fold nn fold output size | unfold,"[0, 0, 1, 0, 0]"
2579,Unfold,fold params,0,fold params | unfold,"[0, 0, 1, 0, 0]"
2581,Unfold,then for any supported input tensor the following,0,then for any supported input tensor the following | unfold,"[0, 0, 1, 0, 0]"
2582,Unfold,equality holds,0,equality holds | unfold,"[0, 0, 1, 0, 0]"
2583,Unfold,fold unfold input divisor input,0,fold unfold input divisor input | unfold,"[0, 0, 1, 0, 0]"
2584,Unfold,where divisor is a tensor that depends only on the shape,0,where divisor is a tensor that depends only on the shape | unfold,"[0, 0, 1, 0, 0]"
2585,Unfold,and dtype of the input,0,and dtype of the input | unfold,"[0, 0, 1, 0, 0]"
2588,Unfold,when the divisor tensor contains no zero elements then,0,when the divisor tensor contains no zero elements then | unfold,"[0, 0, 1, 0, 0]"
2589,Unfold,fold and unfold operations are inverses of each,0,fold and unfold operations are inverses of each | unfold,"[0, 0, 1, 0, 0]"
2590,Unfold,other up to constant divisor,0,other up to constant divisor | unfold,"[0, 0, 1, 0, 0]"
2593,Unfold,output math n c times prod text kernel size l as described above,0,output math n c times prod text kernel size l as described above | unfold,"[1, 0, 0, 1, 0]"
2595,Unfold,unfold nn unfold kernel size 2 3,0,unfold nn unfold kernel size 2 3 | unfold,"[1, 0, 0, 0, 0]"
2597,Unfold,output unfold input,0,output unfold input | unfold,"[1, 0, 0, 0, 0]"
2599,Unfold,4 blocks 2x3 kernels in total in the 3x4 input,0,4 blocks 2x3 kernels in total in the 3x4 input | unfold,"[1, 0, 0, 0, 0]"
2601,Unfold,torch size 2 30 4,0,torch size 2 30 4 | unfold,"[1, 0, 0, 0, 0]"
2603,Unfold,inp torch randn 1 3 10 12,0,inp torch randn 1 3 10 12 | unfold,"[1, 0, 0, 0, 0]"
2607,Unfold,out torch nn functional fold out unf 7 8 1 1,0,out torch nn functional fold out unf 7 8 1 1 | unfold,"[1, 0, 0, 0, 0]"
2613,UseOptimizer,context class to allow setting the current context,0,context class to allow setting the current context | useoptimizer,"[0, 0, 0, 0, 1]"
2614,UseOptimizer,example usage with brew,0,example usage with brew | useoptimizer,"[1, 0, 0, 0, 0]"
2615,UseOptimizer,with useoptimizer optim,0,with useoptimizer optim | useoptimizer,"[1, 0, 0, 0, 0]"
2616,UseOptimizer,brew func,0,brew func | useoptimizer,"[1, 0, 0, 0, 0]"
2617,UseOptimizer,with useoptimizer weight weight optim,0,with useoptimizer weight weight optim | useoptimizer,"[1, 0, 0, 0, 0]"
2619,UseOptimizer,with useoptimizer default optim bias bias optim,0,with useoptimizer default optim bias bias optim | useoptimizer,"[1, 0, 0, 0, 0]"
2620,UseOptimizer,weight weight optim,0,weight weight optim | useoptimizer,"[1, 0, 0, 0, 0]"
2622,UseOptimizer,brew func,0,brew func | useoptimizer,"[1, 0, 0, 0, 0]"
2624,UseOptimizer,brew func,0,brew func | useoptimizer,"[1, 0, 0, 0, 0]"
2626,AuthBase,base class that all auth implementations derive from,0,base class that all auth implementations derive from | authbase,"[0, 0, 0, 0, 1]"
2628,PreparedRequest,the fully mutable class preparedrequest preparedrequest object,0,the fully mutable class preparedrequest preparedrequest object | preparedrequest,"[0, 0, 0, 0, 1]"
2629,PreparedRequest,containing the exact bytes that will be sent to the server,0,containing the exact bytes that will be sent to the server | preparedrequest,"[0, 0, 0, 0, 1]"
2630,PreparedRequest,generated from either a class request request object or manually,0,generated from either a class request request object or manually | preparedrequest,"[0, 0, 1, 0, 0]"
2631,PreparedRequest,usage,0,usage | preparedrequest,"[1, 0, 0, 0, 0]"
2633,PreparedRequest,req requests request get https httpbin org get,0,req requests request get https httpbin org get | preparedrequest,"[1, 0, 0, 0, 0]"
2636,PreparedRequest,preparedrequest get,0,preparedrequest get | preparedrequest,"[1, 0, 0, 0, 0]"
2639,PreparedRequest,response 200,0,response 200 | preparedrequest,"[1, 0, 0, 0, 0]"
1,AccessMixin,functionality.,0,functionality. | AccessMixin,"[0, 0, 0, 0, 1]"
8,Atomic,"when it s used as a decorator, call wraps the execution of the",0,"when it s used as a decorator, call wraps the execution of the | Atomic","[1, 0, 0, 0, 0]"
12,Atomic,"exit commits the transaction or releases the savepoint on normal exit,",0,"exit commits the transaction or releases the savepoint on normal exit, | Atomic","[1, 0, 0, 0, 0]"
14,Atomic,it s possible to disable the creation of savepoints if the goal is to,0,it s possible to disable the creation of savepoints if the goal is to | Atomic,"[1, 0, 0, 0, 0]"
16,Atomic,a stack of savepoints identifiers is maintained as an attribute of the,0,a stack of savepoints identifiers is maintained as an attribute of the | Atomic,"[1, 0, 0, 0, 0]"
18,Atomic,none denotes the absence of a savepoint.,0,none denotes the absence of a savepoint. | Atomic,"[1, 0, 0, 0, 0]"
24,AtomicTests,"implementation , there are only a few basic tests with the decorator",0,"implementation , there are only a few basic tests with the decorator | AtomicTests","[0, 0, 0, 1, 0]"
27,AutoFieldMeta,it is intended that autofieldmixin become public api when it is possible to,0,it is intended that autofieldmixin become public api when it is possible to | AutoFieldMeta,"[0, 0, 0, 1, 0]"
29,AutoFieldMeta,stored in the database.,0,stored in the database. | AutoFieldMeta,"[0, 0, 0, 1, 0]"
31,AutoFieldMeta,automatically generated field as a subclass of autofield.,0,automatically generated field as a subclass of autofield. | AutoFieldMeta,"[1, 0, 0, 0, 0]"
33,AutoFieldMeta,to be implemented on field to be used instead.,0,to be implemented on field to be used instead. | AutoFieldMeta,"[1, 0, 0, 0, 0]"
34,AutoFieldMeta,"when these issues have been addressed, this metaclass could be used to",0,"when these issues have been addressed, this metaclass could be used to | AutoFieldMeta","[0, 0, 1, 0, 0]"
38,BarAccount,a service specific account of type bar.,0,a service specific account of type bar. | BarAccount,"[0, 0, 0, 0, 1]"
40,BaseCommand,derive.,0,derive. | BaseCommand,"[0, 0, 0, 0, 1]"
41,BaseCommand,use this class if you want access to all of the mechanisms which,0,use this class if you want access to all of the mechanisms which | BaseCommand,"[0, 0, 1, 0, 0]"
42,BaseCommand,parse the command line arguments and work out what code to call in,0,parse the command line arguments and work out what code to call in | BaseCommand,"[0, 0, 1, 0, 0]"
43,BaseCommand,"response if you don t need to change any of that behavior,",0,"response if you don t need to change any of that behavior, | BaseCommand","[0, 0, 1, 0, 0]"
46,BaseCommand,"the command parsing and execution behavior, the normal flow works",0,"the command parsing and execution behavior, the normal flow works | BaseCommand","[1, 0, 0, 0, 0]"
49,BaseCommand,django admin or manage^py loads the command class,0,django admin or manage^py loads the command class | BaseCommand,"[1, 0, 0, 0, 0]"
52,BaseCommand,the run from argv method calls create parser to get,0,the run from argv method calls create parser to get | BaseCommand,"[1, 0, 0, 0, 0]"
54,BaseCommand,any environment changes requested by options like,0,any environment changes requested by options like | BaseCommand,"[1, 0, 0, 0, 0]"
55,BaseCommand,"pythonpath , and then calls the execute method,",0,"pythonpath , and then calls the execute method, | BaseCommand","[1, 0, 0, 0, 0]"
56,BaseCommand,passing the parsed arguments.,0,passing the parsed arguments. | BaseCommand,"[1, 0, 0, 0, 0]"
59,BaseCommand,calling the handle method with the parsed arguments any,0,calling the handle method with the parsed arguments any | BaseCommand,"[1, 0, 0, 0, 0]"
61,BaseCommand,"output and, if the command is intended to produce a block of",0,"output and, if the command is intended to produce a block of | BaseCommand","[1, 0, 0, 0, 0]"
62,BaseCommand,"sql statements, will be wrapped in begin and commit .",0,"sql statements, will be wrapped in begin and commit . | BaseCommand","[1, 0, 0, 0, 0]"
63,BaseCommand,4,0,4 | BaseCommand,"[1, 0, 0, 0, 0]"
64,BaseCommand,if handle or execute raised any exception eg,0,if handle or execute raised any exception eg | BaseCommand,"[1, 0, 0, 0, 0]"
65,BaseCommand,"commanderror , run from argv will instead print an error",0,"commanderror , run from argv will instead print an error | BaseCommand","[1, 0, 0, 0, 0]"
66,BaseCommand,message to stderr .,0,message to stderr . | BaseCommand,"[1, 0, 0, 0, 0]"
68,BaseCommand,subclasses many built in commands and command types either place,0,subclasses many built in commands and command types either place | BaseCommand,"[0, 0, 1, 0, 0]"
69,BaseCommand,"all of their logic in handle , or perform some additional",0,"all of their logic in handle , or perform some additional | BaseCommand","[0, 0, 1, 0, 0]"
70,BaseCommand,parsing work in handle and then delegate from it to more,0,parsing work in handle and then delegate from it to more | BaseCommand,"[0, 0, 1, 0, 0]"
71,BaseCommand,specialized methods as needed.,0,specialized methods as needed. | BaseCommand,"[0, 0, 1, 0, 0]"
74,BaseCommand,"a short description of the command, which will be printed in",0,"a short description of the command, which will be printed in | BaseCommand","[0, 1, 0, 0, 0]"
75,BaseCommand,output transaction,0,output transaction | BaseCommand,"[0, 1, 0, 0, 0]"
76,BaseCommand,a boolean indicating whether the command outputs sql,0,a boolean indicating whether the command outputs sql | BaseCommand,"[0, 1, 0, 0, 0]"
78,BaseCommand,wrapped with begin and commit .,0,wrapped with begin and commit . | BaseCommand,"[0, 1, 0, 0, 0]"
83,BaseCommand,migrations on disk don t match the migrations in the database.,0,migrations on disk don t match the migrations in the database. | BaseCommand,"[0, 1, 0, 0, 0]"
85,BaseCommand,"a boolean if true , entire django project will be checked for errors",0,"a boolean if true , entire django project will be checked for errors | BaseCommand","[0, 1, 0, 0, 0]"
86,BaseCommand,prior to executing the command.,0,prior to executing the command. | BaseCommand,"[0, 1, 0, 0, 0]"
87,BaseCommand,to validate an individual application s models,0,to validate an individual application s models | BaseCommand,"[0, 1, 0, 0, 0]"
91,BaseCommand,app registry.,0,app registry. | BaseCommand,"[0, 1, 0, 0, 0]"
92,BaseDatabaseSchemaEditor,this class and its subclasses are responsible for emitting schema changing,0,this class and its subclasses are responsible for emitting schema changing | BaseDatabaseSchemaEditor,"[0, 0, 1, 0, 1]"
93,BaseDatabaseSchemaEditor,"statements to the databases model creation removal alteration, field",0,"statements to the databases model creation removal alteration, field | BaseDatabaseSchemaEditor","[0, 0, 1, 0, 1]"
94,BaseDatabaseSchemaEditor,"renaming, index fiddling, and so on.",0,"renaming, index fiddling, and so on. | BaseDatabaseSchemaEditor","[0, 0, 1, 0, 1]"
95,BaseExpression,base class for all query expressions.,0,base class for all query expressions. | BaseExpression,"[0, 0, 0, 0, 1]"
97,BaseUpdateView,using this base class requires subclassing to provide a response mixin.,0,using this base class requires subclassing to provide a response mixin. | BaseUpdateView,"[0, 0, 1, 0, 0]"
98,BaseYearArchiveView,list of objects published in a given year.,0,list of objects published in a given year. | BaseYearArchiveView,"[0, 0, 0, 0, 1]"
99,BCryptSHA256PasswordHasher,secure password hashing using the bcrypt algorithm recommended,0,secure password hashing using the bcrypt algorithm recommended | BCryptSHA256PasswordHasher,"[0, 0, 0, 0, 1]"
101,BCryptSHA256PasswordHasher,must first install the bcrypt library.,0,must first install the bcrypt library. | BCryptSHA256PasswordHasher,"[1, 0, 0, 0, 0]"
103,BoundWidget,this is useful for,0,this is useful for | BoundWidget,"[0, 0, 1, 0, 0]"
105,BoundWidget,"for example, the following can be used in a",0,"for example, the following can be used in a | BoundWidget","[1, 0, 0, 0, 0]"
109,BoundWidget,radio^choice label,0,radio^choice label | BoundWidget,"[1, 0, 0, 0, 0]"
111,BoundWidget,label,0,label | BoundWidget,"[1, 0, 0, 0, 0]"
112,BoundWidget,% endfor %,0,% endfor % | BoundWidget,"[1, 0, 0, 0, 0]"
114,CacheHandler,ensure only one instance of each alias exists per thread.,0,ensure only one instance of each alias exists per thread. | CacheHandler,"[0, 0, 0, 1, 0]"
115,Choices,class for creating enumerated choices.,0,class for creating enumerated choices. | Choices,"[0, 1, 0, 0, 1]"
117,ChunkIter,given a file like object as the,0,given a file like object as the | ChunkIter,"[0, 0, 0, 1, 0]"
119,Client,a class that can act as a client for testing purposes.,0,a class that can act as a client for testing purposes. | Client,"[0, 0, 0, 0, 1]"
120,Client,"it allows the user to compose get and post requests, and",0,"it allows the user to compose get and post requests, and | Client","[0, 0, 0, 1, 0]"
122,Client,the server response objects are annotated with the details,0,the server response objects are annotated with the details | Client,"[0, 0, 0, 1, 0]"
124,Client,process of serving the request.,0,process of serving the request. | Client,"[0, 0, 0, 1, 0]"
126,Client,thus session details for the lifetime of the client instance.,0,thus session details for the lifetime of the client instance. | Client,"[0, 0, 0, 1, 0]"
127,Client,this is not intended as a replacement for twill selenium or,0,this is not intended as a replacement for twill selenium or | Client,"[0, 0, 1, 0, 0]"
129,Client,"contexts and templates produced by a view, rather than the",0,"contexts and templates produced by a view, rather than the | Client","[0, 0, 1, 0, 0]"
130,Client,html rendered to the end user.,0,html rendered to the end user. | Client,"[0, 0, 1, 0, 0]"
131,Combinable,provide the ability to combine one or two objects with,0,provide the ability to combine one or two objects with | Combinable,"[0, 0, 0, 0, 1]"
132,Combinable,some connector.,0,some connector. | Combinable,"[0, 0, 0, 0, 1]"
133,Combinable,for example f foo f bar .,0,for example f foo f bar . | Combinable,"[1, 0, 0, 0, 0]"
140,CustomArticleAdmin,tests various hooks for using custom templates and contexts.,0,tests various hooks for using custom templates and contexts. | CustomArticleAdmin,"[0, 0, 0, 0, 1]"
141,CustomCacheKeyValidationTests,tests for the ability to mixin a custom validate key method to,0,tests for the ability to mixin a custom validate key method to | CustomCacheKeyValidationTests,"[0, 0, 0, 0, 1]"
144,CustomCacheKeyValidationTests,"backend, and override the default key validation.",0,"backend, and override the default key validation. | CustomCacheKeyValidationTests","[0, 0, 0, 1, 0]"
145,CustomHeaderRemoteUserTest,tests a custom remoteusermiddleware subclass with custom http auth user,0,tests a custom remoteusermiddleware subclass with custom http auth user | CustomHeaderRemoteUserTest,"[0, 1, 0, 0, 1]"
146,DatabaseReceiver,used in the tests for the database argument in signals #13552,0,used in the tests for the database argument in signals #13552 | DatabaseReceiver,"[0, 0, 0, 0, 1]"
148,DisallowedModelAdminToField,invalid to field was passed to admin view via url query string,0,invalid to field was passed to admin view via url query string | DisallowedModelAdminToField,"[0, 0, 0, 0, 1]"
149,DjangoHTMLTranslator,django specific rest to html tweaks.,0,django specific rest to html tweaks. | DjangoHTMLTranslator,"[0, 0, 0, 0, 1]"
154,ExceptionThatFailsUnpickling,"after pickling, this class fails unpickling with an error about incorrect",0,"after pickling, this class fails unpickling with an error about incorrect | ExceptionThatFailsUnpickling","[0, 0, 0, 0, 1]"
155,ExceptionThatFailsUnpickling,arguments passed to init .,0,arguments passed to init . | ExceptionThatFailsUnpickling,"[0, 0, 0, 0, 1]"
156,FakePayload,a wrapper around bytesio that restricts what can be read since data from,0,a wrapper around bytesio that restricts what can be read since data from | FakePayload,"[0, 0, 0, 0, 1]"
157,FakePayload,the network can t be sought and cannot be read outside of its content,0,the network can t be sought and cannot be read outside of its content | FakePayload,"[0, 0, 0, 0, 1]"
158,FakePayload,length.,0,length. | FakePayload,"[0, 0, 0, 0, 1]"
159,FakePayload,this makes sure that views can t do anything under the test client,0,this makes sure that views can t do anything under the test client | FakePayload,"[0, 0, 0, 1, 0]"
161,FallbackStorage,try to store all messages in the first backend.,0,try to store all messages in the first backend. | FallbackStorage,"[0, 0, 0, 1, 0]"
162,FallbackStorage,store any unstored,0,store any unstored | FallbackStorage,"[0, 0, 0, 1, 0]"
164,FootNote,model added for ticket 19838,0,model added for ticket 19838 | FootNote,"[0, 0, 1, 0, 0]"
166,Group,table column fields,0,table column fields | Group,"[0, 0, 0, 0, 1]"
167,GZipMiddleware,on the accept encoding header.,0,on the accept encoding header. | GZipMiddleware,"[0, 0, 0, 0, 1]"
168,HiddenRangeWidget,a widget that splits input into two input type hidden inputs.,0,a widget that splits input into two input type hidden inputs. | HiddenRangeWidget,"[0, 0, 0, 0, 1]"
170,ImageFileDescriptor,the only difference is,0,the only difference is | ImageFileDescriptor,"[0, 0, 0, 1, 0]"
171,ImageFileDescriptor,"assigning the width height to the width field height field, if appropriate.",0,"assigning the width height to the width field height field, if appropriate. | ImageFileDescriptor","[0, 0, 0, 1, 0]"
172,IncompleteCategoryFormWithExclude,a form that replaces the model s url field with a custom one.,0,a form that replaces the model s url field with a custom one. | IncompleteCategoryFormWithExclude,"[0, 0, 0, 0, 1]"
173,Individual,a model with a fk to itself.,0,a model with a fk to itself. | Individual,"[0, 0, 0, 0, 1]"
178,Individual,related instances rendering will be called programmatically in this case .,0,related instances rendering will be called programmatically in this case . | Individual,"[1, 0, 1, 0, 0]"
179,InputStreamExhausted,no more reads are allowed from this device.,0,no more reads are allowed from this device. | InputStreamExhausted,"[0, 0, 0, 1, 1]"
183,ListMixin,a base class which provides complete list interface.,0,a base class which provides complete list interface. | ListMixin,"[0, 0, 0, 0, 1]"
186,ListMixin,"function get single external self, i",0,"function get single external self, i | ListMixin","[0, 0, 0, 1, 0]"
187,ListMixin,return single item with index i for general use.,0,return single item with index i for general use. | ListMixin,"[0, 0, 0, 1, 0]"
188,ListMixin,the index i will always satisfy 0 i len self .,0,the index i will always satisfy 0 i len self . | ListMixin,"[0, 0, 0, 1, 0]"
190,ListMixin,"same as above, but for use within the class optional",0,"same as above, but for use within the class optional | ListMixin","[0, 0, 0, 1, 0]"
191,ListMixin,note that if get single internal and get single internal return,0,note that if get single internal and get single internal return | ListMixin,"[0, 0, 0, 1, 0]"
192,ListMixin,"different types of objects, set list must distinguish",0,"different types of objects, set list must distinguish | ListMixin","[0, 0, 0, 1, 0]"
193,ListMixin,between the two and handle each appropriately.,0,between the two and handle each appropriately. | ListMixin,"[0, 0, 0, 1, 0]"
194,ListMixin,"function set list self, length, items",0,"function set list self, length, items | ListMixin","[0, 0, 0, 1, 0]"
195,ListMixin,recreate the entire object.,0,recreate the entire object. | ListMixin,"[0, 0, 0, 1, 0]"
197,ListMixin,"therefore, it is necessary to cache the values in a temporary",0,"therefore, it is necessary to cache the values in a temporary | ListMixin","[0, 0, 0, 1, 0]"
198,ListMixin,temp list items,0,temp list items | ListMixin,"[0, 0, 0, 1, 0]"
199,ListMixin,before clobbering the original storage.,0,before clobbering the original storage. | ListMixin,"[0, 0, 0, 1, 0]"
200,ListMixin,"function set single self, i, value",0,"function set single self, i, value | ListMixin","[0, 0, 0, 1, 0]"
201,ListMixin,set the single item at index i to value optional,0,set the single item at index i to value optional | ListMixin,"[0, 0, 0, 1, 0]"
203,ListMixin,the object using set list.,0,the object using set list. | ListMixin,"[0, 0, 0, 1, 0]"
204,ListMixin,function len self,0,function len self | ListMixin,"[0, 0, 0, 1, 0]"
205,ListMixin,return the length,0,return the length | ListMixin,"[0, 0, 0, 1, 0]"
206,ListMixin,int minlength,0,int minlength | ListMixin,"[0, 0, 0, 1, 0]"
207,ListMixin,the minimum legal length optional,0,the minimum legal length optional | ListMixin,"[0, 0, 0, 1, 0]"
208,ListMixin,int maxlength,0,int maxlength | ListMixin,"[0, 0, 0, 1, 0]"
209,ListMixin,the maximum legal length optional,0,the maximum legal length optional | ListMixin,"[0, 0, 0, 1, 0]"
210,ListMixin,type or tuple allowed,0,type or tuple allowed | ListMixin,"[0, 0, 0, 1, 0]"
211,ListMixin,a type or tuple of allowed item types optional,0,a type or tuple of allowed item types optional | ListMixin,"[0, 0, 0, 1, 0]"
212,LogoutThenLoginTests,tests for the logout then login view,0,tests for the logout then login view | LogoutThenLoginTests,"[0, 0, 0, 0, 1]"
213,MakeListTests,"the make list filter can destroy existing escaping, so the results are",0,"the make list filter can destroy existing escaping, so the results are | MakeListTests","[0, 0, 0, 1, 0]"
214,MakeListTests,escaped.,0,escaped. | MakeListTests,"[0, 0, 0, 1, 0]"
215,ManagementForm,keep track of how many form instances are displayed on the page.,0,keep track of how many form instances are displayed on the page. | ManagementForm,"[0, 0, 0, 0, 1]"
216,MemcachedCache,an implementation of a cache binding using python memcached,0,an implementation of a cache binding using python memcached | MemcachedCache,"[0, 0, 0, 0, 1]"
217,MemoryFileUploadHandler,file upload handler to stream uploads into memory used for small files .,0,file upload handler to stream uploads into memory used for small files . | MemoryFileUploadHandler,"[0, 0, 0, 0, 1]"
218,Migration,the base class for all migrations.,0,the base class for all migrations. | Migration,"[0, 0, 0, 0, 1]"
219,Migration,it will have one or more,0,it will have one or more | Migration,"[1, 1, 0, 0, 0]"
220,Migration,of the following attributes,0,of the following attributes | Migration,"[1, 1, 0, 0, 0]"
221,Migration,"operations a list of operation instances, probably from django^db.migrations^operations",0,"operations a list of operation instances, probably from django^db.migrations^operations | Migration","[1, 1, 0, 0, 0]"
222,Migration,"dependencies a list of tuples of app path, migration name",0,"dependencies a list of tuples of app path, migration name | Migration","[1, 1, 0, 0, 0]"
223,Migration,"run before a list of tuples of app path, migration name",0,"run before a list of tuples of app path, migration name | Migration","[1, 1, 0, 0, 0]"
224,Migration,replaces a list of migration names,0,replaces a list of migration names | Migration,"[1, 1, 0, 0, 0]"
225,MigrationGraph,represent the digraph of all migrations in a project.,0,represent the digraph of all migrations in a project. | MigrationGraph,"[0, 0, 0, 0, 1]"
226,MigrationGraph,"each migration is a node, and each dependency is an edge.",0,"each migration is a node, and each dependency is an edge. | MigrationGraph","[0, 0, 1, 0, 0]"
227,MigrationGraph,there are,0,there are | MigrationGraph,"[0, 0, 1, 0, 0]"
228,MigrationGraph,no implicit dependencies between numbered migrations the numbering is,0,no implicit dependencies between numbered migrations the numbering is | MigrationGraph,"[0, 0, 1, 0, 0]"
232,MigrationGraph,the graph handler isn t responsible,0,the graph handler isn t responsible | MigrationGraph,"[1, 0, 0, 0, 0]"
234,MigrationGraph,migration files and if the replaced migrations are all either unapplied,0,migration files and if the replaced migrations are all either unapplied | MigrationGraph,"[1, 0, 0, 0, 0]"
236,MigrationGraph,"replacing migration, and repoint any dependencies that pointed to the",0,"replacing migration, and repoint any dependencies that pointed to the | MigrationGraph","[1, 0, 0, 0, 0]"
240,MigrationLoader,"on initialization, this class will scan those directories, and open and",0,"on initialization, this class will scan those directories, and open and | MigrationLoader","[0, 0, 0, 1, 0]"
244,MigrationLoader,django^db.migrations^migration for what that looks like.,0,django^db.migrations^migration for what that looks like. | MigrationLoader,"[0, 0, 0, 1, 0]"
248,MigrationLoader,"disk, then they are injected into the main set, replacing the named migrations.",0,"disk, then they are injected into the main set, replacing the named migrations. | MigrationLoader","[0, 0, 0, 1, 0]"
250,MigrationLoader,new migration.,0,new migration. | MigrationLoader,"[0, 0, 0, 1, 0]"
254,MigrationLoader,in memory.,0,in memory. | MigrationLoader,"[1, 0, 0, 0, 0]"
266,MultiPartParser,multivaluedict^parse reads the input stream in chunk size chunks,0,multivaluedict^parse reads the input stream in chunk size chunks | MultiPartParser,"[0, 0, 1, 0, 0]"
267,MultiPartParser,"and returns a tuple of multivaluedict post , multivaluedict files .",0,"and returns a tuple of multivaluedict post , multivaluedict files . | MultiPartParser","[0, 0, 1, 0, 0]"
268,MultiValueDict,a subclass of dictionary customized to handle multiple values for the,0,a subclass of dictionary customized to handle multiple values for the | MultiValueDict,"[0, 0, 0, 0, 1]"
269,MultiValueDict,same key.,0,same key. | MultiValueDict,"[0, 0, 0, 0, 1]"
270,MultiValueDict,"d multivaluedict name adrian , simon , position developer",0,"d multivaluedict name adrian , simon , position developer | MultiValueDict","[1, 0, 0, 0, 0]"
272,MultiValueDict,simon,0,simon | MultiValueDict,"[1, 0, 0, 0, 0]"
275,MultiValueDict,"d^get lastname , nonexistent",0,"d^get lastname , nonexistent | MultiValueDict","[1, 0, 0, 0, 0]"
284,MultiValueField,aggregate the logic of multiple fields.,0,aggregate the logic of multiple fields. | MultiValueField,"[0, 0, 0, 0, 1]"
285,MultiValueField,"its clean method takes a decompressed list of values, which are then",0,"its clean method takes a decompressed list of values, which are then | MultiValueField","[0, 0, 0, 1, 0]"
287,MultiValueField,each value in,0,each value in | MultiValueField,"[0, 0, 0, 1, 0]"
288,MultiValueField,this list is cleaned by the corresponding field the first value is,0,this list is cleaned by the corresponding field the first value is | MultiValueField,"[0, 0, 0, 1, 0]"
289,MultiValueField,"cleaned by the first field, the second value is cleaned by the second",0,"cleaned by the first field, the second value is cleaned by the second | MultiValueField","[0, 0, 0, 1, 0]"
291,MultiValueField,compressed into a single value.,0,compressed into a single value. | MultiValueField,"[0, 0, 0, 1, 0]"
293,MultiWidget,"in addition to the values added by widget^get context , this widget",0,"in addition to the values added by widget^get context , this widget | MultiWidget","[0, 0, 0, 1, 0]"
295,MultiWidget,these can be looped over and rendered like normal widgets.,0,these can be looped over and rendered like normal widgets. | MultiWidget,"[0, 0, 0, 1, 0]"
297,NestedObjectsTests,tests for nestedobject utility collection.,0,tests for nestedobject utility collection. | NestedObjectsTests,"[0, 0, 0, 0, 1]"
298,Operation,base class for migration operations.,0,base class for migration operations. | Operation,"[0, 0, 0, 0, 1]"
299,Operation,it s responsible for both mutating the in memory model state,0,it s responsible for both mutating the in memory model state | Operation,"[0, 0, 0, 1, 0]"
300,Operation,"see db migrations state^py to represent what it performs, as well",0,"see db migrations state^py to represent what it performs, as well | Operation","[0, 0, 0, 1, 0]"
302,OverwritingStorage,overwrite existing files instead of appending a suffix to generate an,0,overwrite existing files instead of appending a suffix to generate an | OverwritingStorage,"[0, 0, 0, 0, 1]"
304,ParentWithDependentChildren,model where the validation of child foreign key relationships depends,0,model where the validation of child foreign key relationships depends | ParentWithDependentChildren,"[0, 0, 0, 0, 1]"
305,ParentWithDependentChildren,on validation of the parent,0,on validation of the parent | ParentWithDependentChildren,"[0, 0, 0, 0, 1]"
306,Permission,the permissions system provides a way to assign permissions to specific,0,the permissions system provides a way to assign permissions to specific | Permission,"[0, 0, 0, 0, 1]"
307,Permission,users and groups of users.,0,users and groups of users. | Permission,"[0, 0, 0, 0, 1]"
311,Permission,the add permission limits the user s ability to view the add form,0,the add permission limits the user s ability to view the add form | Permission,"[1, 0, 0, 0, 0]"
312,Permission,and add an object.,0,and add an object. | Permission,"[1, 0, 0, 0, 0]"
313,Permission,the change permission limits a user s ability to view the change,0,the change permission limits a user s ability to view the change | Permission,"[1, 0, 0, 0, 0]"
314,Permission,"list, view the change form and change an object.",0,"list, view the change form and change an object. | Permission","[1, 0, 0, 0, 0]"
315,Permission,the delete permission limits the ability to delete an object.,0,the delete permission limits the ability to delete an object. | Permission,"[1, 0, 0, 0, 0]"
317,Permission,the permissions listed above are automatically created for each model.,0,the permissions listed above are automatically created for each model. | Permission,"[0, 0, 0, 1, 0]"
319,ProxyModelInheritanceTests,for the proxied model as described in #12286 .,0,for the proxied model as described in #12286 . | ProxyModelInheritanceTests,"[0, 0, 0, 0, 1]"
321,ProxyModelInheritanceTests,"apps and calls migrate, then verifies that the table has been created.",0,"apps and calls migrate, then verifies that the table has been created. | ProxyModelInheritanceTests","[0, 0, 0, 1, 0]"
322,RawPostDataException,you cannot access raw post data from a request that has,0,you cannot access raw post data from a request that has | RawPostDataException,"[0, 0, 0, 0, 1]"
323,RawPostDataException,"multipart post data if it has been accessed via post,",0,"multipart post data if it has been accessed via post, | RawPostDataException","[0, 0, 0, 1, 1]"
324,RawPostDataException,"files, etc.",0,"files, etc. | RawPostDataException","[0, 0, 0, 1, 1]"
326,RemoteTestRunner,run tests and record everything but don t display anything.,0,run tests and record everything but don t display anything. | RemoteTestRunner,"[0, 0, 0, 0, 1]"
327,RequestFactoryEnvironmentTests,regression tests for #8551 and #17067 ensure that environment variables,0,regression tests for #8551 and #17067 ensure that environment variables | RequestFactoryEnvironmentTests,"[0, 0, 0, 1, 1]"
328,RequestFactoryEnvironmentTests,are set correctly in requestfactory.,0,are set correctly in requestfactory. | RequestFactoryEnvironmentTests,"[0, 0, 0, 1, 1]"
329,ReverseGenericManyToOneDescriptor,accessor to the related objects manager on the one to many relation created,0,accessor to the related objects manager on the one to many relation created | ReverseGenericManyToOneDescriptor,"[0, 0, 0, 0, 1]"
330,ReverseGenericManyToOneDescriptor,by genericrelation.,0,by genericrelation. | ReverseGenericManyToOneDescriptor,"[0, 0, 0, 0, 1]"
331,ReverseGenericManyToOneDescriptor,in the example,0,in the example | ReverseGenericManyToOneDescriptor,"[1, 0, 0, 0, 0]"
332,ReverseGenericManyToOneDescriptor,class post model,0,class post model | ReverseGenericManyToOneDescriptor,"[1, 0, 0, 0, 0]"
333,ReverseGenericManyToOneDescriptor,comments genericrelation comment,0,comments genericrelation comment | ReverseGenericManyToOneDescriptor,"[1, 0, 0, 0, 0]"
335,SameAsLookup,the operator is the same as operator.,0,the operator is the same as operator. | SameAsLookup,"[0, 0, 0, 1, 1]"
336,SameAsLookup,it tests actual geometric,0,it tests actual geometric | SameAsLookup,"[0, 0, 0, 1, 1]"
337,SameAsLookup,equality of two features.,0,equality of two features. | SameAsLookup,"[0, 0, 0, 1, 1]"
338,SameAsLookup,"so if a and b are the same feature,",0,"so if a and b are the same feature, | SameAsLookup","[0, 0, 0, 1, 1]"
339,SameAsLookup,"vertex by vertex, the operator returns true.",0,"vertex by vertex, the operator returns true. | SameAsLookup","[0, 0, 0, 1, 1]"
340,Serializer,convert a queryset to json.,0,convert a queryset to json. | Serializer,"[0, 0, 0, 0, 1]"
344,SessionStore,inside the custom session model.,0,inside the custom session model. | SessionStore,"[0, 0, 0, 1, 0]"
345,SimpleView,a simple view with a docstring.,0,a simple view with a docstring. | SimpleView,"[0, 0, 0, 0, 1]"
347,SpatialRefSysMixin,spatialrefsys objects to reduce redundant code.,0,spatialrefsys objects to reduce redundant code. | SpatialRefSysMixin,"[0, 0, 1, 0, 1]"
348,SplitHiddenDateTimeWidget,a widget that splits datetime input into two input type hidden inputs.,0,a widget that splits datetime input into two input type hidden inputs. | SplitHiddenDateTimeWidget,"[0, 0, 0, 0, 1]"
353,TemplateDoesNotExist,the exception used when a template does not exist.,0,the exception used when a template does not exist. | TemplateDoesNotExist,"[0, 0, 0, 0, 1]"
356,TemplateDoesNotExist,tried,0,tried | TemplateDoesNotExist,"[0, 1, 0, 0, 0]"
357,TemplateDoesNotExist,this,0,this | TemplateDoesNotExist,"[0, 1, 0, 0, 0]"
358,TemplateDoesNotExist,"is formatted as a list of tuples containing origin, status , where",0,"is formatted as a list of tuples containing origin, status , where | TemplateDoesNotExist","[0, 1, 0, 0, 0]"
360,TemplateDoesNotExist,reason the template wasn t found.,0,reason the template wasn t found. | TemplateDoesNotExist,"[0, 1, 0, 0, 0]"
361,TemplateDoesNotExist,chain,0,chain | TemplateDoesNotExist,"[0, 1, 0, 0, 0]"
363,TemplateDoesNotExist,this is used to,0,this is used to | TemplateDoesNotExist,"[0, 1, 0, 0, 0]"
364,TemplateDoesNotExist,encapsulate multiple exceptions when loading templates from multiple,0,encapsulate multiple exceptions when loading templates from multiple | TemplateDoesNotExist,"[0, 1, 0, 0, 0]"
367,TestImageFieldFile,was opened.,0,was opened. | TestImageFieldFile,"[0, 0, 0, 0, 1]"
369,TestUtils,this doc output is required for testing.,0,this doc output is required for testing. | TestUtils,"[0, 0, 1, 0, 0]"
371,UniqueAnchor,something for other models to point at,0,something for other models to point at | UniqueAnchor,"[0, 0, 0, 0, 1]"
373,UserCreationForm,"a form that creates a user, with no privileges, from the given username and",0,"a form that creates a user, with no privileges, from the given username and | UserCreationForm","[0, 1, 0, 0, 1]"
374,UserCreationForm,password.,0,password. | UserCreationForm,"[0, 1, 0, 0, 1]"
375,VariableWrapper,an adapter class for cursor variables that prevents the wrapped object,0,an adapter class for cursor variables that prevents the wrapped object | VariableWrapper,"[0, 0, 0, 0, 1]"
376,VariableWrapper,from being converted into a string when used to instantiate an oracleparam.,0,from being converted into a string when used to instantiate an oracleparam. | VariableWrapper,"[0, 0, 0, 0, 1]"
378,VariableWrapper,cursor^execute as is.,0,cursor^execute as is. | VariableWrapper,"[1, 0, 0, 0, 0]"
380,WindowFrame,there are two types of frame,0,there are two types of frame | WindowFrame,"[0, 0, 0, 1, 0]"
381,WindowFrame,"clauses which are subclasses, however, all processing and validation by no",0,"clauses which are subclasses, however, all processing and validation by no | WindowFrame","[0, 0, 0, 1, 0]"
382,WindowFrame,means intended to be complete is done here.,0,means intended to be complete is done here. | WindowFrame,"[0, 0, 0, 1, 0]"
385,XFrameOptionsMiddleware,a xframe options exempt value set to true.,0,a xframe options exempt value set to true. | XFrameOptionsMiddleware,"[0, 0, 1, 0, 0]"
386,XFrameOptionsMiddleware,"by default, set the x frame options header to sameorigin , meaning the",0,"by default, set the x frame options header to sameorigin , meaning the | XFrameOptionsMiddleware","[1, 0, 1, 0, 0]"
387,XFrameOptionsMiddleware,response can only be loaded on a frame within the same site.,0,response can only be loaded on a frame within the same site. | XFrameOptionsMiddleware,"[1, 0, 1, 0, 0]"
390,XFrameOptionsMiddleware,"response from being loaded in a frame in any site, set x frame options in",0,"response from being loaded in a frame in any site, set x frame options in | XFrameOptionsMiddleware","[1, 0, 1, 0, 0]"
391,XFrameOptionsMiddleware,your project s django settings to deny .,0,your project s django settings to deny . | XFrameOptionsMiddleware,"[1, 0, 1, 0, 0]"
393,Audio,when this object is returned by an input cell or passed to the,0,when this object is returned by an input cell or passed to the | Audio,"[0, 0, 0, 1, 0]"
395,Audio,in the frontend only works in the notebook .,0,in the frontend only works in the notebook . | Audio,"[0, 0, 0, 1, 0]"
406,Audio,bytestring containing raw pcm data or,0,bytestring containing raw pcm data or | Audio,"[0, 1, 0, 0, 0]"
410,Audio,dependent.,0,dependent. | Audio,"[0, 1, 0, 0, 0]"
412,Audio,a url to download the data from.,0,a url to download the data from. | Audio,"[0, 1, 0, 0, 0]"
414,Audio,path to a local file to load the data from.,0,path to a local file to load the data from. | Audio,"[0, 1, 0, 0, 0]"
415,Audio,embed boolean,0,embed boolean | Audio,"[0, 1, 0, 0, 0]"
416,Audio,should the audio data be embedded using a data uri true or should,0,should the audio data be embedded using a data uri true or should | Audio,"[0, 1, 0, 0, 0]"
418,Audio,set this to true if you want the,0,set this to true if you want the | Audio,"[0, 1, 0, 0, 0]"
419,Audio,audio to playable later with no internet connection in the notebook.,0,audio to playable later with no internet connection in the notebook. | Audio,"[0, 1, 0, 0, 0]"
420,Audio,"default is true , unless the keyword argument url is set, then",0,"default is true , unless the keyword argument url is set, then | Audio","[0, 1, 0, 0, 0]"
421,Audio,default value is false .,0,default value is false . | Audio,"[0, 1, 0, 0, 0]"
422,Audio,rate integer,0,rate integer | Audio,"[0, 1, 0, 0, 0]"
423,Audio,the sampling rate of the raw data.,0,the sampling rate of the raw data. | Audio,"[0, 1, 0, 0, 0]"
424,Audio,only required when data parameter is being used as an array,0,only required when data parameter is being used as an array | Audio,"[0, 1, 0, 0, 0]"
427,Audio,default is false .,0,default is false . | Audio,"[0, 1, 0, 0, 0]"
429,Audio,whether audio should be normalized rescaled to the maximum possible,0,whether audio should be normalized rescaled to the maximum possible | Audio,"[0, 1, 0, 0, 0]"
432,Audio,"when set to false , data must be between",0,"when set to false , data must be between | Audio","[0, 1, 0, 0, 0]"
433,Audio,"1 and 1 inclusive , otherwise an error is raised.",0,"1 and 1 inclusive , otherwise an error is raised. | Audio","[0, 1, 0, 0, 0]"
439,Audio,framerate 44100,0,framerate 44100 | Audio,"[1, 0, 0, 0, 0]"
440,Audio,"t np^linspace 0,5,framerate 5",0,"t np^linspace 0,5,framerate 5 | Audio","[1, 0, 0, 0, 0]"
444,Audio,dataleft np^sin 2 np^pi 220 t,0,dataleft np^sin 2 np^pi 220 t | Audio,"[1, 0, 0, 0, 0]"
454,Audio,audio data b raw wav data.,0,audio data b raw wav data. | Audio,"[1, 0, 0, 0, 0]"
456,capture_output,context manager for capturing stdout err,0,context manager for capturing stdout err | capture_output,"[0, 0, 0, 0, 1]"
459,DisplayHook,the custom ipython displayhook to replace sys^displayhook.,0,the custom ipython displayhook to replace sys^displayhook. | DisplayHook,"[0, 0, 0, 0, 1]"
460,DisplayHook,"this class does many things, but the basic idea is that it is a callable",0,"this class does many things, but the basic idea is that it is a callable | DisplayHook","[0, 0, 0, 1, 0]"
461,DisplayHook,that gets called anytime user code returns a value.,0,that gets called anytime user code returns a value. | DisplayHook,"[0, 0, 0, 1, 0]"
462,DummyMod,a dummy module used for ipython s interactive module when,0,a dummy module used for ipython s interactive module when | DummyMod,"[0, 0, 0, 0, 1]"
467,HelpEnd,transformer for help syntax obj?,0,transformer for help syntax obj? | HelpEnd,"[0, 0, 0, 0, 1]"
469,HistoryAccessor,access the history database without adding to it.,0,access the history database without adding to it. | HistoryAccessor,"[0, 0, 0, 0, 1]"
470,HistoryAccessor,this is intended for use by standalone history tools.,0,this is intended for use by standalone history tools. | HistoryAccessor,"[1, 0, 0, 0, 0]"
473,InteractiveShellApp,as part of configuring a shell environment.,0,as part of configuring a shell environment. | InteractiveShellApp,"[0, 0, 0, 0, 1]"
476,InteractiveShellApp,meth init path,0,meth init path | InteractiveShellApp,"[0, 0, 0, 1, 0]"
477,InteractiveShellApp,meth init shell to be implemented by the subclass,0,meth init shell to be implemented by the subclass | InteractiveShellApp,"[0, 0, 0, 1, 0]"
478,InteractiveShellApp,meth init gui pylab,0,meth init gui pylab | InteractiveShellApp,"[0, 0, 0, 1, 0]"
479,InteractiveShellApp,meth init extensions,0,meth init extensions | InteractiveShellApp,"[0, 0, 0, 1, 0]"
480,InteractiveShellApp,meth init code,0,meth init code | InteractiveShellApp,"[0, 0, 0, 1, 0]"
482,LazyEvaluate,this is used for formatting strings with values that need to be updated,0,this is used for formatting strings with values that need to be updated | LazyEvaluate,"[0, 0, 1, 0, 0]"
486,Magics,"this can make some functions easier to type, eg%cd .",0,"this can make some functions easier to type, eg%cd . | Magics","[0, 0, 1, 0, 0]"
491,Magics,must,0,must | Magics,"[1, 0, 0, 0, 0]"
492,Magics,use the method decorators @line magic and @cell magic to decorate,0,use the method decorators @line magic and @cell magic to decorate | Magics,"[1, 0, 0, 0, 0]"
493,Magics,"individual methods as magic functions, and",0,"individual methods as magic functions, and | Magics","[1, 0, 0, 0, 0]"
494,Magics,use the class decorator @magics class to ensure that the magic,0,use the class decorator @magics class to ensure that the magic | Magics,"[1, 0, 0, 0, 0]"
496,Magics,initialization.,0,initialization. | Magics,"[1, 0, 0, 0, 0]"
497,MyFrame,this is myframe.,0,this is myframe. | MyFrame,"[0, 0, 0, 0, 1]"
501,RichPromptDisplayHook,subclass of base display hook using coloured prompt,0,subclass of base display hook using coloured prompt | RichPromptDisplayHook,"[0, 0, 0, 0, 1]"
505,Struct,attribute style access.,0,attribute style access. | Struct,"[0, 0, 0, 1, 0]"
506,Struct,"protection of class members like keys, items when using attribute",0,"protection of class members like keys, items when using attribute | Struct","[0, 0, 0, 1, 0]"
507,Struct,style access.,0,style access. | Struct,"[0, 0, 0, 1, 0]"
508,Struct,the ability to restrict assignment to only existing keys.,0,the ability to restrict assignment to only existing keys. | Struct,"[0, 0, 0, 1, 0]"
516,TermColors,"string, suitable for defining dummy color schemes in terminals which get",0,"string, suitable for defining dummy color schemes in terminals which get | TermColors","[0, 0, 0, 0, 1]"
517,TermColors,confused by color escapes.,0,confused by color escapes. | TermColors,"[0, 0, 0, 0, 1]"
519,UserMagics,placeholder for user defined magics to be added at runtime.,0,placeholder for user defined magics to be added at runtime. | UserMagics,"[0, 0, 0, 0, 1]"
520,UserMagics,"all magics are eventually merged into a single namespace at runtime, but we",0,"all magics are eventually merged into a single namespace at runtime, but we | UserMagics","[0, 0, 1, 1, 0]"
523,UserMagics,their own class.,0,their own class. | UserMagics,"[0, 0, 1, 1, 0]"
524,YouTubeVideo,"class for embedding a youtube video in an ipython session, based on its video id.",0,"class for embedding a youtube video in an ipython session, based on its video id. | YouTubeVideo","[0, 0, 0, 0, 1]"
525,YouTubeVideo,"eg to embed the video from https www^youtube.com watch?v foo , you would",0,"eg to embed the video from https www^youtube.com watch?v foo , you would | YouTubeVideo","[1, 0, 0, 0, 0]"
526,YouTubeVideo,do,0,do | YouTubeVideo,"[1, 0, 0, 0, 0]"
528,YouTubeVideo,display vid,0,display vid | YouTubeVideo,"[1, 0, 0, 0, 0]"
529,YouTubeVideo,to start from 30 seconds,0,to start from 30 seconds | YouTubeVideo,"[1, 0, 0, 0, 0]"
530,YouTubeVideo,"vid youtubevideo abc , start 30",0,"vid youtubevideo abc , start 30 | YouTubeVideo","[1, 0, 0, 0, 0]"
535,YouTubeVideo,other parameters can be provided as documented at,0,other parameters can be provided as documented at | YouTubeVideo,"[1, 1, 0, 0, 0]"
536,YouTubeVideo,https developers^google.com youtube player parameters#parameters,0,https developers^google.com youtube player parameters#parameters | YouTubeVideo,"[0, 1, 0, 0, 0]"
537,YouTubeVideo,"when converting the notebook using nbconvert, a jpeg representation of the video",0,"when converting the notebook using nbconvert, a jpeg representation of the video | YouTubeVideo","[1, 0, 0, 0, 0]"
539,_MockPOP3,base mock that pretends to be a poplib pop3 connection.,0,base mock that pretends to be a poplib pop3 connection. | _MockPOP3,"[0, 0, 0, 0, 1]"
540,_MockPOP3,"pm pop3mailbox localhost , user bad , conn cls mockpop3",0,"pm pop3mailbox localhost , user bad , conn cls mockpop3 | _MockPOP3","[1, 0, 0, 0, 0]"
542,_MockPOP3,accesserror,0,accesserror | _MockPOP3,"[1, 0, 0, 0, 0]"
544,_MockPOP3,conn cls mockpop3,0,conn cls mockpop3 | _MockPOP3,"[1, 0, 0, 0, 0]"
545,_MockPOP3,pm^stat,0,pm^stat | _MockPOP3,"[1, 0, 0, 0, 0]"
546,_MockPOP3,"2, 123456",0,"2, 123456 | _MockPOP3","[1, 0, 0, 0, 0]"
547,_MockPOP3,pm^iterkeys,0,pm^iterkeys | _MockPOP3,"[1, 0, 0, 0, 0]"
551,_MockPOP3,msg subject for msg in pm,0,msg subject for msg in pm | _MockPOP3,"[1, 0, 0, 0, 0]"
552,_MockPOP3,"msg 1 , msg 2",0,"msg 1 , msg 2 | _MockPOP3","[1, 0, 0, 0, 0]"
553,_MockPOP3,"pm^get msg size evil , pm^get msg size good",0,"pm^get msg size evil , pm^get msg size good | _MockPOP3","[1, 0, 0, 0, 0]"
555,_MockPOP3,pm^get bytes evil,0,pm^get bytes evil | _MockPOP3,"[1, 0, 0, 0, 0]"
556,_MockPOP3,"from test@mailpile^is nsubject msg 1 n noh, hi!",0,"from test@mailpile^is nsubject msg 1 n noh, hi! | _MockPOP3","[1, 0, 0, 0, 0]"
557,_MockPOP3,n,0,n | _MockPOP3,"[1, 0, 0, 0, 0]"
558,_MockPOP3,from,0,from | _MockPOP3,"[1, 0, 0, 0, 0]"
559,_MockPOP3,pm invalid key,0,pm invalid key | _MockPOP3,"[1, 0, 0, 0, 0]"
562,AutocryptSearch,search for the autocrypt database.,0,search for the autocrypt database. | AutocryptSearch,"[0, 0, 0, 0, 1]"
563,AutoTlsConnBroker,"this broker tries to auto upgrade connections to use tls, or at",0,"this broker tries to auto upgrade connections to use tls, or at | AutoTlsConnBroker","[0, 0, 0, 0, 1]"
564,AutoTlsConnBroker,least do the ssl handshake here so we can record info about it.,0,least do the ssl handshake here so we can record info about it. | AutoTlsConnBroker,"[0, 0, 0, 0, 1]"
566,ConfigDict,the object must be initialized with a dictionary which describes in,0,the object must be initialized with a dictionary which describes in | ConfigDict,"[0, 0, 0, 1, 0]"
567,ConfigDict,"a structured way what variables exist, what their legal values are,",0,"a structured way what variables exist, what their legal values are, | ConfigDict","[0, 0, 0, 1, 0]"
568,ConfigDict,and what their defaults are and what they are for.,0,and what their defaults are and what they are for. | ConfigDict,"[0, 0, 0, 1, 0]"
575,ConfigDict,a data type sanity check,0,a data type sanity check | ConfigDict,"[0, 1, 0, 1, 0]"
576,ConfigDict,3,0,3 | ConfigDict,"[0, 1, 0, 1, 0]"
577,ConfigDict,a default value,0,a default value | ConfigDict,"[0, 1, 0, 1, 0]"
578,ConfigDict,"if the sanity check is itself a dictionary of rules, values are expected",0,"if the sanity check is itself a dictionary of rules, values are expected | ConfigDict","[0, 0, 0, 1, 0]"
580,ConfigDict,this,0,this | ConfigDict,"[0, 0, 0, 1, 0]"
581,ConfigDict,should be used with an empty list or dictionary as a default value.,0,should be used with an empty list or dictionary as a default value. | ConfigDict,"[0, 1, 0, 0, 0]"
583,ConfigDict,rules in place of the default value.,0,rules in place of the default value. | ConfigDict,"[0, 0, 0, 1, 0]"
584,ConfigDict,"if the default value is an empty list, it is assumed to be a list of",0,"if the default value is an empty list, it is assumed to be a list of | ConfigDict","[0, 0, 1, 1, 0]"
585,ConfigDict,values of the type specified.,0,values of the type specified. | ConfigDict,"[0, 0, 1, 1, 0]"
588,ConfigDict,", int , 0 ,",0,", int , 0 , | ConfigDict","[1, 0, 0, 0, 0]"
590,ConfigDict,", int, 99 ,",0,", int, 99 , | ConfigDict","[1, 0, 0, 0, 0]"
596,ConfigDict,"x x , str, , ,",0,"x x , str, , , | ConfigDict","[1, 0, 0, 0, 0]"
600,ConfigDict,pot potatoes pot liquids vodka 123,0,pot potatoes pot liquids vodka 123 | ConfigDict,"[1, 0, 0, 0, 0]"
610,ConfigDict,", vodka",0,", vodka | ConfigDict","[1, 0, 0, 0, 0]"
612,ConfigDict,0,0,0 | ConfigDict,"[1, 0, 0, 0, 0]"
614,ConfigDict,pot colors,0,pot colors | ConfigDict,"[1, 0, 0, 0, 0]"
618,ConfigDict,123,0,123 | ConfigDict,"[1, 0, 0, 0, 0]"
622,ConfigDict,traceback most recent call last,0,traceback most recent call last | ConfigDict,"[1, 0, 0, 0, 0]"
624,ConfigDict,traceback most recent call last,0,traceback most recent call last | ConfigDict,"[1, 0, 0, 0, 0]"
629,ConfigDict,configvalueerror invalid value for config colors 4 green,0,configvalueerror invalid value for config colors 4 green | ConfigDict,"[1, 0, 0, 0, 0]"
631,ConfigDict,how many potatoes?,0,how many potatoes? | ConfigDict,"[1, 0, 0, 0, 0]"
632,ConfigDict,", type int , 0",0,", type int , 0 | ConfigDict","[1, 0, 0, 0, 0]"
635,ConfigureMailboxes,add one or more mailboxes.,0,add one or more mailboxes. | ConfigureMailboxes,"[0, 0, 0, 0, 1]"
636,ConfigureMailboxes,"if not account is specified, the mailbox is only assigned an id for use",0,"if not account is specified, the mailbox is only assigned an id for use | ConfigureMailboxes","[0, 0, 1, 0, 0]"
640,ConnectToGuiOMatic,connect to a waiting gui o matic gui,0,connect to a waiting gui o matic gui | ConnectToGuiOMatic,"[0, 0, 0, 0, 1]"
644,EncryptedUnicodeDict,encrypteddict which only deals in unicode values.,0,encrypteddict which only deals in unicode values. | EncryptedUnicodeDict,"[0, 0, 0, 0, 1]"
645,Event,this is a single event in the event log.,0,this is a single event in the event log. | Event,"[0, 0, 0, 0, 1]"
648,Forward,create forwarding drafts of one or more messages,0,create forwarding drafts of one or more messages | Forward,"[0, 0, 0, 0, 1]"
649,Group_,view groups,0,view groups | Group_,"[0, 0, 0, 0, 1]"
651,ListTags,list tags,0,list tags | ListTags,"[0, 0, 0, 0, 1]"
653,MailpileJinjaLoader,and plugin system to find template files.,0,and plugin system to find template files. | MailpileJinjaLoader,"[0, 0, 0, 0, 1]"
654,MailpileMailbox,a maildir class for windows using !,0,a maildir class for windows using ! | MailpileMailbox,"[0, 0, 0, 0, 1]"
656,MailpileVFS,"this is a router object that implements the vfs interface but,",0,"this is a router object that implements the vfs interface but, | MailpileVFS","[0, 0, 0, 0, 1]"
657,MailpileVFS,delegating calls to individual implementations.,0,delegating calls to individual implementations. | MailpileVFS,"[0, 0, 0, 0, 1]"
659,OldPostingList,a posting list is a map of search terms to message ids.,0,a posting list is a map of search terms to message ids. | OldPostingList,"[0, 0, 0, 0, 1]"
661,StorageBackedLongs,this combines storagebackeddata with pack unpacklonglist to pack,0,this combines storagebackeddata with pack unpacklonglist to pack | StorageBackedLongs,"[0, 0, 0, 0, 1]"
663,StorageBackedLongs,storage sbl x01 x00 x00 x00 x00 x00 x00 x00,0,storage sbl x01 x00 x00 x00 x00 x00 x00 x00 | StorageBackedLongs,"[1, 0, 0, 0, 0]"
664,StorageBackedLongs,"sbl storagebackedlongs storage, sbl",0,"sbl storagebackedlongs storage, sbl | StorageBackedLongs","[1, 0, 0, 0, 0]"
666,StorageBackedLongs,TRUE,0,TRUE | StorageBackedLongs,"[1, 0, 0, 0, 0]"
667,StorageBackedLongs,sbl^append 2,0,sbl^append 2 | StorageBackedLongs,"[1, 0, 0, 0, 0]"
668,StorageBackedLongs,sbl^save,0,sbl^save | StorageBackedLongs,"[1, 0, 0, 0, 0]"
670,StorageBackedLongs,TRUE,0,TRUE | StorageBackedLongs,"[1, 0, 0, 0, 0]"
676,VCardStore,this will,0,this will | VCardStore,"[1, 0, 0, 0, 0]"
677,VCardStore,"# create a file for the card on disk, using a random name.",0,"# create a file for the card on disk, using a random name. | VCardStore","[1, 0, 0, 0, 0]"
678,VCardStore,"vcs^add vcards mailpilevcard vcardline fn dude ,",0,"vcs^add vcards mailpilevcard vcardline fn dude , | VCardStore","[1, 0, 0, 0, 0]"
679,VCardStore,"vcardline email d@evil^com ,",0,"vcardline email d@evil^com , | VCardStore","[1, 0, 0, 0, 0]"
680,VCardStore,mailpilevcard vcardline fn guy,0,mailpilevcard vcardline fn guy | VCardStore,"[1, 0, 0, 0, 0]"
681,VCardStore,vcards can be looked up directly by e mail.,0,vcards can be looked up directly by e mail. | VCardStore,"[1, 0, 0, 0, 0]"
683,VCardStore,u dude,0,u dude | VCardStore,"[1, 0, 0, 0, 0]"
684,VCardStore,vcs^get vcard nosuch@email^address is none,0,vcs^get vcard nosuch@email^address is none | VCardStore,"[1, 0, 0, 0, 0]"
685,VCardStore,TRUE,0,TRUE | VCardStore,"[1, 0, 0, 0, 0]"
686,VCardStore,or they can be found using searches.,0,or they can be found using searches. | VCardStore,"[1, 0, 0, 0, 0]"
687,VCardStore,vcs^find vcards guy 0 ^fn,0,vcs^find vcards guy 0 ^fn | VCardStore,"[1, 0, 0, 0, 0]"
688,VCardStore,u guy,0,u guy | VCardStore,"[1, 0, 0, 0, 0]"
692,VCardStore,TRUE,0,TRUE | VCardStore,"[1, 0, 0, 0, 0]"
695,AbstractEngine,object serving as a base class for all engines.,0,object serving as a base class for all engines. | AbstractEngine,"[0, 0, 0, 0, 1]"
702,Base,input data,0,input data | Base,"[0, 0, 1, 0, 0]"
703,Base,"to be supplied in breaks format, then converted by the subclass method",0,"to be supplied in breaks format, then converted by the subclass method | Base","[0, 0, 1, 0, 0]"
704,Base,get kwargs from breaks to the expected format.,0,get kwargs from breaks to the expected format. | Base,"[0, 0, 1, 0, 0]"
706,BaseInterfaceTests,interface,0,interface | BaseInterfaceTests,"[0, 0, 0, 0, 1]"
707,BooleanArray,array of boolean true false data with missing values.,0,array of boolean true false data with missing values. | BooleanArray,"[0, 0, 0, 0, 1]"
709,BooleanArray,represented by 2 numpy arrays a boolean array with the data and,0,represented by 2 numpy arrays a boolean array with the data and | BooleanArray,"[0, 0, 0, 1, 0]"
710,BooleanArray,a boolean array with the mask true indicating missing .,0,a boolean array with the mask true indicating missing . | BooleanArray,"[0, 0, 0, 1, 0]"
725,BooleanArray,indicates missing .,0,indicates missing . | BooleanArray,"[0, 1, 0, 0, 0]"
727,BooleanArray,whether to copy the values and mask arrays.,0,whether to copy the values and mask arrays. | BooleanArray,"[0, 1, 0, 0, 0]"
742,BooleanArray,"length 3, dtype boolean",0,"length 3, dtype boolean | BooleanArray","[1, 0, 0, 0, 0]"
743,BusinessHour,dateoffset subclass representing possibly n business hours.,0,dateoffset subclass representing possibly n business hours. | BusinessHour,"[0, 0, 0, 0, 1]"
744,BusinessMixin,mixin to business types to provide related functions.,0,mixin to business types to provide related functions. | BusinessMixin,"[0, 0, 0, 0, 1]"
745,BYearBegin,dateoffset increments between business year begin dates.,0,dateoffset increments between business year begin dates. | BYearBegin,"[0, 0, 0, 0, 1]"
749,CategoricalDtype,"categories sequence, optional",0,"categories sequence, optional | CategoricalDtype","[0, 1, 0, 1, 0]"
751,CategoricalDtype,"ordered bool or none, default false",0,"ordered bool or none, default false | CategoricalDtype","[0, 1, 0, 0, 0]"
753,CategoricalDtype,none can be used to maintain the ordered value of existing categoricals when,0,none can be used to maintain the ordered value of existing categoricals when | CategoricalDtype,"[0, 1, 0, 0, 0]"
755,CategoricalDtype,false if there is no existing ordered to maintain.,0,false if there is no existing ordered to maintain. | CategoricalDtype,"[0, 1, 0, 1, 0]"
757,CategoricalDtype,categories,0,categories | CategoricalDtype,"[0, 0, 0, 1, 0]"
758,CategoricalDtype,ordered,0,ordered | CategoricalDtype,"[0, 0, 0, 1, 0]"
761,CategoricalDtype,notes,0,notes | CategoricalDtype,"[0, 0, 1, 0, 0]"
764,CategoricalDtype,see ref categorical^categoricaldtype,0,see ref categorical^categoricaldtype | CategoricalDtype,"[0, 0, 1, 0, 0]"
769,CategoricalDtype,"pd^series a , b , a , c , dtype t",0,"pd^series a , b , a , c , dtype t | CategoricalDtype","[1, 0, 0, 0, 0]"
771,CategoricalDtype,1 b,0,1 b | CategoricalDtype,"[1, 0, 0, 0, 0]"
773,CategoricalDtype,3 nan,0,3 nan | CategoricalDtype,"[1, 0, 0, 0, 0]"
775,CategoricalDtype,"categories 2, object b a",0,"categories 2, object b a | CategoricalDtype","[1, 0, 0, 1, 0]"
776,CategoricalIndex,index based on an underlying class categorical .,0,index based on an underlying class categorical . | CategoricalIndex,"[0, 0, 0, 0, 1]"
778,CategoricalIndex,"also,",0,"also, | CategoricalIndex","[0, 0, 0, 1, 0]"
779,CategoricalIndex,"like categorical, it might have an order, but numerical operations",0,"like categorical, it might have an order, but numerical operations | CategoricalIndex","[0, 0, 0, 1, 0]"
780,CategoricalIndex,"additions, divisions, .",0,"additions, divisions, . | CategoricalIndex","[0, 0, 0, 1, 0]"
784,CategoricalIndex,the values of the categorical.,0,the values of the categorical. | CategoricalIndex,"[0, 1, 0, 0, 0]"
785,CategoricalIndex,"if categories are given, values not in",0,"if categories are given, values not in | CategoricalIndex","[0, 1, 0, 1, 0]"
786,CategoricalIndex,categories will be replaced with nan.,0,categories will be replaced with nan. | CategoricalIndex,"[0, 1, 0, 1, 0]"
787,CategoricalIndex,"categories index like, optional",0,"categories index like, optional | CategoricalIndex","[0, 1, 0, 1, 0]"
788,CategoricalIndex,the categories for the categorical.,0,the categories for the categorical. | CategoricalIndex,"[0, 1, 0, 1, 0]"
789,CategoricalIndex,items need to be unique.,0,items need to be unique. | CategoricalIndex,"[0, 1, 0, 0, 0]"
790,CategoricalIndex,"if the categories are not given here and also not in dtype , they",0,"if the categories are not given here and also not in dtype , they | CategoricalIndex","[0, 1, 0, 1, 0]"
791,CategoricalIndex,will be inferred from the data .,0,will be inferred from the data . | CategoricalIndex,"[0, 1, 0, 0, 0]"
792,CategoricalIndex,"ordered bool, optional",0,"ordered bool, optional | CategoricalIndex","[0, 1, 0, 1, 0]"
793,CategoricalIndex,whether or not this categorical is treated as an ordered,0,whether or not this categorical is treated as an ordered | CategoricalIndex,"[0, 1, 0, 1, 0]"
794,CategoricalIndex,categorical.,0,categorical. | CategoricalIndex,"[0, 1, 0, 0, 0]"
795,CategoricalIndex,"if not given here or in dtype , the resulting",0,"if not given here or in dtype , the resulting | CategoricalIndex","[0, 1, 0, 0, 0]"
796,CategoricalIndex,categorical will be unordered.,0,categorical will be unordered. | CategoricalIndex,"[0, 1, 0, 1, 0]"
797,CategoricalIndex,"dtype categoricaldtype or category , optional",0,"dtype categoricaldtype or category , optional | CategoricalIndex","[0, 1, 0, 0, 0]"
799,CategoricalIndex,categories or ordered .,0,categories or ordered . | CategoricalIndex,"[0, 1, 0, 1, 0]"
802,CategoricalIndex,make a copy of input ndarray.,0,make a copy of input ndarray. | CategoricalIndex,"[0, 1, 0, 0, 0]"
806,CategoricalIndex,codes,0,codes | CategoricalIndex,"[0, 0, 0, 1, 0]"
808,CategoricalIndex,ordered,0,ordered | CategoricalIndex,"[0, 0, 0, 1, 0]"
812,CategoricalIndex,as ordered,0,as ordered | CategoricalIndex,"[0, 0, 0, 1, 0]"
813,CategoricalIndex,as unordered,0,as unordered | CategoricalIndex,"[0, 0, 0, 1, 0]"
815,CategoricalIndex,if the categories do not validate.,0,if the categories do not validate. | CategoricalIndex,"[0, 0, 0, 1, 0]"
816,CategoricalIndex,if an explicit ordered true is given but no categories and the,0,if an explicit ordered true is given but no categories and the | CategoricalIndex,"[1, 0, 0, 1, 0]"
817,CategoricalIndex,notes,0,notes | CategoricalIndex,"[0, 0, 1, 0, 0]"
818,CategoricalIndex,see the user guide,0,see the user guide | CategoricalIndex,"[0, 0, 1, 0, 0]"
819,CategoricalIndex,http pandas^pydata.org pandas docs stable user guide advanced^html#categoricalindex,0,http pandas^pydata.org pandas docs stable user guide advanced^html#categoricalindex | CategoricalIndex,"[0, 0, 1, 0, 0]"
823,CategoricalIndex,"categoricalindex a , b , c , a , b , c , categories a , b , c , ordered false, dtype category # noqa",0,"categoricalindex a , b , c , a , b , c , categories a , b , c , ordered false, dtype category # noqa | CategoricalIndex","[1, 0, 0, 1, 0]"
825,CategoricalIndex,"c pd^categorical a , b , c , a , b , c",0,"c pd^categorical a , b , c , a , b , c | CategoricalIndex","[1, 0, 0, 0, 0]"
826,CategoricalIndex,pd^categoricalindex c,0,pd^categoricalindex c | CategoricalIndex,"[1, 0, 0, 0, 0]"
827,CategoricalIndex,"categoricalindex a , b , c , a , b , c , categories a , b , c , ordered false, dtype category # noqa",0,"categoricalindex a , b , c , a , b , c , categories a , b , c , ordered false, dtype category # noqa | CategoricalIndex","[1, 0, 0, 1, 0]"
828,CategoricalIndex,ordered categoricalindex can have a min and max value.,0,ordered categoricalindex can have a min and max value. | CategoricalIndex,"[1, 0, 0, 1, 0]"
829,CategoricalIndex,"ci pd^categoricalindex a , b , c , a , b , c , ordered true,",0,"ci pd^categoricalindex a , b , c , a , b , c , ordered true, | CategoricalIndex","[0, 0, 0, 1, 0]"
830,CategoricalIndex,"categories c , b , a",0,"categories c , b , a | CategoricalIndex","[1, 0, 0, 1, 0]"
832,CategoricalIndex,"categoricalindex a , b , c , a , b , c , categories c , b , a , ordered true, dtype category # noqa",0,"categoricalindex a , b , c , a , b , c , categories c , b , a , ordered true, dtype category # noqa | CategoricalIndex","[0, 0, 0, 1, 0]"
833,CategoricalIndex,c,0,c | CategoricalIndex,"[1, 0, 0, 0, 0]"
834,CythonCommand,custom distutils command subclassed from cython^distutils.build ext,0,custom distutils command subclassed from cython^distutils.build ext | CythonCommand,"[0, 0, 0, 0, 1]"
836,DataIndexableCol,represent a data column that can be indexed,0,represent a data column that can be indexed | DataIndexableCol,"[0, 0, 0, 0, 1]"
839,ExcelFile,see read excel for more documentation,0,see read excel for more documentation | ExcelFile,"[0, 0, 1, 0, 0]"
843,ExcelFile,"a file like object, xlrd workbook or openpypl workbook.",0,"a file like object, xlrd workbook or openpypl workbook. | ExcelFile","[0, 1, 0, 0, 0]"
845,ExcelFile,"engine str, default none",0,"engine str, default none | ExcelFile","[0, 1, 0, 0, 0]"
847,ExcelFile,"acceptable values are none, xlrd , openpyxl or odf .",0,"acceptable values are none, xlrd , openpyxl or odf . | ExcelFile","[0, 1, 0, 0, 0]"
849,Holiday,class that defines a holiday with start end dates and rules,0,class that defines a holiday with start end dates and rules | Holiday,"[0, 0, 0, 0, 1]"
852,IntegerArray,"integerarray is currently experimental, and its api or internal",0,"integerarray is currently experimental, and its api or internal | IntegerArray","[1, 0, 0, 1, 0]"
853,IntegerArray,we represent an integerarray with 2 numpy arrays,0,we represent an integerarray with 2 numpy arrays | IntegerArray,"[1, 0, 1, 0, 0]"
862,IntegerArray,a 1 d integer dtype array.,0,a 1 d integer dtype array. | IntegerArray,"[0, 1, 0, 0, 0]"
864,IntegerArray,a 1 d boolean dtype array indicating missing values.,0,a 1 d boolean dtype array indicating missing values. | IntegerArray,"[0, 1, 0, 0, 0]"
875,IntegerArray,create an integerarray with func pandas^array .,0,create an integerarray with func pandas^array . | IntegerArray,"[0, 0, 0, 1, 0]"
876,IntegerArray,"int array pd^array 1, none, 3 , dtype pd^int32dtype",0,"int array pd^array 1, none, 3 , dtype pd^int32dtype | IntegerArray","[1, 0, 0, 1, 0]"
877,IntegerArray,int array,0,int array | IntegerArray,"[1, 0, 0, 0, 0]"
881,IntegerArray,"length 3, dtype int32",0,"length 3, dtype int32 | IntegerArray","[1, 0, 0, 0, 0]"
882,IntegerArray,string aliases for the dtypes are also available.,0,string aliases for the dtypes are also available. | IntegerArray,"[1, 0, 0, 0, 0]"
883,IntegerArray,they are capitalized.,0,they are capitalized. | IntegerArray,"[1, 0, 0, 0, 0]"
884,IntegerArray,"pd^array 1, none, 3 , dtype int32",0,"pd^array 1, none, 3 , dtype int32 | IntegerArray","[1, 0, 0, 1, 0]"
888,IntegerArray,"pd^array 1, none, 3 , dtype uint16",0,"pd^array 1, none, 3 , dtype uint16 | IntegerArray","[1, 0, 0, 1, 0]"
890,IntegerArray,"1, nan, 3",0,"1, nan, 3 | IntegerArray","[1, 0, 0, 0, 0]"
891,IntegerArray,"length 3, dtype uint16",0,"length 3, dtype uint16 | IntegerArray","[1, 0, 0, 0, 0]"
892,IntervalDtype,an extensiondtype for interval data.,0,an extensiondtype for interval data. | IntervalDtype,"[0, 0, 0, 0, 1]"
895,IntervalDtype,"subtype str, np^dtype",0,"subtype str, np^dtype | IntervalDtype","[0, 1, 0, 1, 0]"
896,IntervalDtype,the dtype of the interval bounds.,0,the dtype of the interval bounds. | IntervalDtype,"[0, 1, 0, 0, 0]"
898,IntervalDtype,subtype,0,subtype | IntervalDtype,"[0, 0, 0, 1, 0]"
902,IntervalDtype,pd^intervaldtype subtype int64,0,pd^intervaldtype subtype int64 | IntervalDtype,"[1, 0, 0, 1, 0]"
904,NonConsolidatableMixIn,hold methods for the nonconsolidatable blocks,0,hold methods for the nonconsolidatable blocks | NonConsolidatableMixIn,"[0, 0, 0, 0, 1]"
905,PlotAccessor,make plots of series or dataframe.,0,make plots of series or dataframe. | PlotAccessor,"[0, 1, 0, 0, 1]"
906,PlotAccessor,uses the backend specified by the,0,uses the backend specified by the | PlotAccessor,"[1, 0, 1, 0, 0]"
909,PlotAccessor,"by default, matplotlib is used.",0,"by default, matplotlib is used. | PlotAccessor","[1, 0, 1, 0, 0]"
916,PlotAccessor,allows plotting of one column versus another.,0,allows plotting of one column versus another. | PlotAccessor,"[0, 1, 0, 0, 0]"
917,PlotAccessor,only used if data is a,0,only used if data is a | PlotAccessor,"[0, 1, 0, 0, 0]"
919,PlotAccessor,kind str,0,kind str | PlotAccessor,"[0, 1, 0, 0, 0]"
921,PlotAccessor,line line plot default,0,line line plot default | PlotAccessor,"[0, 1, 0, 0, 0]"
922,PlotAccessor,bar vertical bar plot,0,bar vertical bar plot | PlotAccessor,"[0, 1, 0, 0, 0]"
924,PlotAccessor,hist histogram,0,hist histogram | PlotAccessor,"[0, 1, 0, 0, 0]"
925,PlotAccessor,box boxplot,0,box boxplot | PlotAccessor,"[0, 1, 0, 0, 0]"
927,PlotAccessor,density same as kde,0,density same as kde | PlotAccessor,"[0, 1, 0, 0, 0]"
928,PlotAccessor,area area plot,0,area area plot | PlotAccessor,"[0, 1, 0, 0, 0]"
930,PlotAccessor,scatter scatter plot,0,scatter scatter plot | PlotAccessor,"[0, 1, 0, 0, 0]"
931,PlotAccessor,hexbin hexbin plot.,0,hexbin hexbin plot. | PlotAccessor,"[0, 1, 0, 0, 0]"
933,PlotAccessor,"use index bool, default true",0,"use index bool, default true | PlotAccessor","[0, 1, 0, 0, 0]"
934,PlotAccessor,use index as ticks for x axis.,0,use index as ticks for x axis. | PlotAccessor,"[0, 1, 0, 0, 0]"
936,PlotAccessor,title to use for the plot.,0,title to use for the plot. | PlotAccessor,"[0, 1, 0, 0, 0]"
938,PlotAccessor,at the top of the figure.,0,at the top of the figure. | PlotAccessor,"[0, 1, 0, 0, 0]"
939,PlotAccessor,if a list is passed and subplots is,0,if a list is passed and subplots is | PlotAccessor,"[0, 1, 0, 0, 0]"
942,PlotAccessor,axis grid lines.,0,axis grid lines. | PlotAccessor,"[0, 1, 0, 0, 0]"
945,PlotAccessor,style list or dict,0,style list or dict | PlotAccessor,"[0, 1, 0, 0, 0]"
946,PlotAccessor,the matplotlib line style per column.,0,the matplotlib line style per column. | PlotAccessor,"[0, 1, 0, 0, 0]"
951,PlotAccessor,use log scaling or symlog scaling on y axis.,0,use log scaling or symlog scaling on y axis. | PlotAccessor,"[0, 1, 0, 0, 0]"
952,PlotAccessor,versionchanged 025.0,0,versionchanged 025.0 | PlotAccessor,"[0, 1, 0, 0, 0]"
953,PlotAccessor,"loglog bool or sym , default false",0,"loglog bool or sym , default false | PlotAccessor","[0, 1, 0, 0, 0]"
954,PlotAccessor,use log scaling or symlog scaling on both x and y axes.,0,use log scaling or symlog scaling on both x and y axes. | PlotAccessor,"[0, 1, 0, 0, 0]"
955,PlotAccessor,versionchanged 025.0,0,versionchanged 025.0 | PlotAccessor,"[0, 1, 0, 0, 0]"
956,PlotAccessor,xticks sequence,0,xticks sequence | PlotAccessor,"[0, 1, 0, 0, 0]"
957,PlotAccessor,values to use for the xticks.,0,values to use for the xticks. | PlotAccessor,"[0, 1, 0, 0, 0]"
958,PlotAccessor,yticks sequence,0,yticks sequence | PlotAccessor,"[0, 1, 0, 0, 0]"
959,PlotAccessor,values to use for the yticks.,0,values to use for the yticks. | PlotAccessor,"[0, 1, 0, 0, 0]"
961,PlotAccessor,ylim 2 tuple list,0,ylim 2 tuple list | PlotAccessor,"[0, 1, 0, 0, 0]"
962,PlotAccessor,"rot int, default none",0,"rot int, default none | PlotAccessor","[0, 1, 0, 0, 0]"
963,PlotAccessor,"rotation for ticks xticks for vertical, yticks for horizontal",0,"rotation for ticks xticks for vertical, yticks for horizontal | PlotAccessor","[0, 1, 0, 0, 0]"
965,PlotAccessor,"fontsize int, default none",0,"fontsize int, default none | PlotAccessor","[0, 1, 0, 0, 0]"
966,PlotAccessor,font size for xticks and yticks.,0,font size for xticks and yticks. | PlotAccessor,"[0, 1, 0, 0, 0]"
969,PlotAccessor,"if string, load colormap with that",0,"if string, load colormap with that | PlotAccessor","[0, 1, 0, 0, 0]"
970,PlotAccessor,name from matplotlib.,0,name from matplotlib. | PlotAccessor,"[0, 1, 0, 0, 0]"
972,PlotAccessor,"if true, plot colorbar only relevant for scatter and hexbin",0,"if true, plot colorbar only relevant for scatter and hexbin | PlotAccessor","[0, 1, 0, 0, 0]"
974,PlotAccessor,position float,0,position float | PlotAccessor,"[0, 1, 0, 0, 0]"
983,PlotAccessor,"if true, draw a table using the data in the dataframe and the data",0,"if true, draw a table using the data in the dataframe and the data | PlotAccessor","[0, 1, 0, 0, 0]"
985,PlotAccessor,"if a series or dataframe is passed, use passed data to draw a",0,"if a series or dataframe is passed, use passed data to draw a | PlotAccessor","[0, 1, 0, 0, 0]"
987,PlotAccessor,"yerr dataframe, series, array like, dict and str",0,"yerr dataframe, series, array like, dict and str | PlotAccessor","[0, 1, 0, 0, 0]"
989,PlotAccessor,detail.,0,detail. | PlotAccessor,"[0, 1, 0, 0, 0]"
991,PlotAccessor,equivalent to yerr.,0,equivalent to yerr. | PlotAccessor,"[0, 1, 0, 0, 0]"
993,PlotAccessor,"when using a secondary y axis, automatically mark the column",0,"when using a secondary y axis, automatically mark the column | PlotAccessor","[0, 1, 0, 0, 0]"
995,PlotAccessor,"include bool bool, default is false",0,"include bool bool, default is false | PlotAccessor","[0, 1, 0, 0, 0]"
1003,PlotAccessor,versionadded 10.0,0,versionadded 10.0 | PlotAccessor,"[0, 1, 0, 0, 0]"
1005,PlotAccessor,options to pass to matplotlib plotting method.,0,options to pass to matplotlib plotting method. | PlotAccessor,"[0, 1, 0, 0, 0]"
1009,PlotAccessor,will be the object returned by the backend.,0,will be the object returned by the backend. | PlotAccessor,"[0, 1, 0, 0, 0]"
1010,PlotAccessor,notes,0,notes | PlotAccessor,"[0, 0, 1, 0, 0]"
1011,PlotAccessor,see matplotlib documentation online for more on this subject,0,see matplotlib documentation online for more on this subject | PlotAccessor,"[0, 0, 1, 0, 0]"
1019,PlotAccessor,center,0,center | PlotAccessor,"[0, 0, 1, 1, 0]"
1020,SelectNSeries,implement n largest smallest for series,0,implement n largest smallest for series | SelectNSeries,"[0, 0, 0, 0, 1]"
1022,SelectNSeries,obj series,0,obj series | SelectNSeries,"[0, 1, 0, 0, 0]"
1023,SelectNSeries,n int,0,n int | SelectNSeries,"[0, 1, 0, 0, 0]"
1024,SelectNSeries,"keep first , last , default first",0,"keep first , last , default first | SelectNSeries","[0, 1, 0, 0, 0]"
1026,SelectNSeries,nordered series,0,nordered series | SelectNSeries,"[0, 1, 0, 0, 0]"
1027,SetopCheck,this is called to decorate the set operations of intervalindex,0,this is called to decorate the set operations of intervalindex | SetopCheck,"[0, 0, 1, 0, 1]"
1028,SetopCheck,to perform the type check in advance.,0,to perform the type check in advance. | SetopCheck,"[0, 0, 1, 0, 1]"
1029,SQLiteTable,patch the sqltable for fallback support.,0,patch the sqltable for fallback support. | SQLiteTable,"[0, 0, 0, 0, 1]"
1030,SQLiteTable,instead of a table variable just use the create table statement.,0,instead of a table variable just use the create table statement. | SQLiteTable,"[0, 0, 1, 0, 0]"
1031,SQLTable,for mapping pandas tables to sql tables.,0,for mapping pandas tables to sql tables. | SQLTable,"[0, 0, 0, 0, 1]"
1032,SQLTable,uses fact that table is reflected by sqlalchemy to,0,uses fact that table is reflected by sqlalchemy to | SQLTable,"[0, 0, 0, 1, 0]"
1033,SQLTable,do better type conversions.,0,do better type conversions. | SQLTable,"[0, 0, 0, 1, 0]"
1035,SQLTable,pass them between functions all the time.,0,pass them between functions all the time. | SQLTable,"[0, 0, 0, 1, 0]"
1037,StringArray,warning,0,warning | StringArray,"[0, 1, 0, 0, 0]"
1039,StringArray,parts of the api may change without warning.,0,parts of the api may change without warning. | StringArray,"[0, 1, 0, 0, 0]"
1041,StringArray,values array like,0,values array like | StringArray,"[0, 1, 0, 0, 0]"
1042,StringArray,the array of data.,0,the array of data. | StringArray,"[0, 1, 0, 0, 0]"
1044,StringArray,"currently, this expects an object dtype ndarray",0,"currently, this expects an object dtype ndarray | StringArray","[0, 1, 0, 0, 0]"
1045,StringArray,where the elements are python strings.,0,where the elements are python strings. | StringArray,"[0, 1, 0, 0, 0]"
1046,StringArray,this may,0,this may | StringArray,"[0, 1, 0, 0, 0]"
1055,StringArray,stringarray returns a booleanarray for comparison methods.,0,stringarray returns a booleanarray for comparison methods. | StringArray,"[0, 0, 1, 1, 0]"
1057,StringArray,"pd^array this is , some text , none, data.",0,"pd^array this is , some text , none, data. | StringArray","[1, 0, 0, 1, 0]"
1058,StringArray,", dtype string",0,", dtype string | StringArray","[1, 0, 0, 0, 0]"
1059,StringArray,stringarray,0,stringarray | StringArray,"[1, 0, 0, 0, 0]"
1060,StringArray,"this is , some text , na, data.",0,"this is , some text , na, data. | StringArray","[1, 0, 0, 0, 0]"
1061,StringArray,values.,0,values. | StringArray,"[1, 0, 0, 0, 0]"
1062,StringArray,traceback most recent call last,0,traceback most recent call last | StringArray,"[1, 0, 0, 0, 0]"
1063,StringArray,"for comparison methods, this returns a class pandas^booleanarray",0,"for comparison methods, this returns a class pandas^booleanarray | StringArray","[1, 0, 0, 1, 0]"
1066,StringArray,"true, na, false",0,"true, na, false | StringArray","[1, 0, 0, 0, 0]"
1067,StringMethods,vectorized string functions for series and index.,0,vectorized string functions for series and index. | StringMethods,"[0, 0, 0, 0, 1]"
1068,StringMethods,nas stay na unless,0,nas stay na unless | StringMethods,"[0, 0, 1, 0, 0]"
1070,StringMethods,patterned after python s string,0,patterned after python s string | StringMethods,"[0, 0, 1, 0, 0]"
1073,StringMethods,s^str.split,0,s^str.split | StringMethods,"[1, 0, 0, 0, 0]"
1076,TestDatetimelikeSubtype,tests specific to intervalindex with datetime like subtype,0,tests specific to intervalindex with datetime like subtype | TestDatetimelikeSubtype,"[0, 0, 0, 0, 1]"
1079,TestPeriodIndexSeriesComparisonConsistency,test periodindex and period series ops consistency,0,test periodindex and period series ops consistency | TestPeriodIndexSeriesComparisonConsistency,"[0, 0, 0, 0, 1]"
1080,TestSorted,everything you wanted to test about sorting,0,everything you wanted to test about sorting | TestSorted,"[0, 0, 0, 0, 1]"
1081,UnsortedIndexError,"error raised when attempting to get a slice of a multiindex,",0,"error raised when attempting to get a slice of a multiindex, | UnsortedIndexError","[0, 0, 0, 0, 1]"
1082,UnsortedIndexError,and the index has not been lexsorted.,0,and the index has not been lexsorted. | UnsortedIndexError,"[0, 0, 0, 0, 1]"
1084,_BZ2Proxy,small proxy class that enables external file object,0,small proxy class that enables external file object | _BZ2Proxy,"[0, 0, 0, 0, 1]"
1087,_BZ2Proxy,a workaround for a limitation in bz2 module s bz2file,0,a workaround for a limitation in bz2 module s bz2file | _BZ2Proxy,"[0, 0, 1, 0, 0]"
1088,_BZ2Proxy,class which unlike gzip^gzipfile has no support for,0,class which unlike gzip^gzipfile has no support for | _BZ2Proxy,"[0, 0, 1, 0, 0]"
1089,_BZ2Proxy,a file object argument.,0,a file object argument. | _BZ2Proxy,"[0, 0, 1, 0, 0]"
1093,_MovedItems,lazy loading of moved objects,0,lazy loading of moved objects | _MovedItems,"[0, 0, 0, 0, 1]"
1094,_PathParents,this object provides sequence like access to the logical ancestors,0,this object provides sequence like access to the logical ancestors | _PathParents,"[0, 0, 0, 0, 1]"
1096,And,requires all given class parseexpression s to be found in the given order.,0,requires all given class parseexpression s to be found in the given order. | And,"[0, 0, 1, 0, 0]"
1097,And,expressions may be separated by whitespace.,0,expressions may be separated by whitespace. | And,"[0, 0, 1, 1, 0]"
1099,And,"may also be constructed using the operator, which will",0,"may also be constructed using the operator, which will | And","[0, 0, 1, 1, 0]"
1100,And,suppress backtracking.,0,suppress backtracking. | And,"[0, 0, 1, 1, 0]"
1103,And,name expr oneormore word alphas,0,name expr oneormore word alphas | And,"[1, 0, 0, 0, 0]"
1104,And,"expr and integer id ,name expr name ,integer age",0,"expr and integer id ,name expr name ,integer age | And","[1, 0, 0, 0, 0]"
1106,And,expr integer id name expr name integer age,0,expr integer id name expr name integer age | And,"[1, 0, 0, 0, 0]"
1108,Argument,they generally,0,they generally | Argument,"[1, 0, 0, 0, 0]"
1109,Argument,provide fewer features than options but can have infinite nargs,0,provide fewer features than options but can have infinite nargs | Argument,"[1, 0, 0, 0, 0]"
1111,Argument,all parameters are passed onwards to the parameter constructor.,0,all parameters are passed onwards to the parameter constructor. | Argument,"[0, 0, 0, 1, 0]"
1113,BrokenStdoutLoggingError,raised if brokenpipeerror occurs for the stdout stream while logging.,0,raised if brokenpipeerror occurs for the stdout stream while logging. | BrokenStdoutLoggingError,"[0, 0, 0, 0, 1]"
1114,Bucket,buckets are used to store the bytecode for one template.,0,buckets are used to store the bytecode for one template. | Bucket,"[0, 0, 0, 0, 1]"
1116,Bucket,and initialized by the bytecode cache and passed to the loading functions.,0,and initialized by the bytecode cache and passed to the loading functions. | Bucket,"[0, 0, 0, 0, 1]"
1118,Bucket,to automatically reject outdated cache material.,0,to automatically reject outdated cache material. | Bucket,"[0, 0, 0, 1, 0]"
1119,CallBlock,like a macro without a name but a call instead.,0,like a macro without a name but a call instead. | CallBlock,"[0, 0, 1, 0, 0]"
1120,CallBlock,call is called with,0,call is called with | CallBlock,"[0, 1, 0, 0, 0]"
1121,CallBlock,the unnamed macro as caller argument this node holds.,0,the unnamed macro as caller argument this node holds. | CallBlock,"[0, 1, 0, 0, 0]"
1122,CaseInsensitiveDict,a case insensitive dict like object.,0,a case insensitive dict like object. | CaseInsensitiveDict,"[0, 0, 0, 0, 1]"
1124,CaseInsensitiveDict,mutablemapping as well as dict s copy .,0,mutablemapping as well as dict s copy . | CaseInsensitiveDict,"[0, 0, 0, 0, 1]"
1125,CaseInsensitiveDict,also,0,also | CaseInsensitiveDict,"[0, 0, 0, 0, 1]"
1126,CaseInsensitiveDict,provides lower items .,0,provides lower items . | CaseInsensitiveDict,"[0, 0, 0, 0, 1]"
1133,CaseInsensitiveDict,will contain case sensitive keys.,0,will contain case sensitive keys. | CaseInsensitiveDict,"[0, 0, 1, 1, 0]"
1134,CaseInsensitiveDict,"however, querying and contains",0,"however, querying and contains | CaseInsensitiveDict","[1, 0, 0, 0, 0]"
1135,CaseInsensitiveDict,testing is case insensitive,0,testing is case insensitive | CaseInsensitiveDict,"[1, 0, 0, 0, 0]"
1136,CaseInsensitiveDict,cid caseinsensitivedict,0,cid caseinsensitivedict | CaseInsensitiveDict,"[1, 0, 0, 0, 0]"
1137,CaseInsensitiveDict,cid accept application json,0,cid accept application json | CaseInsensitiveDict,"[1, 0, 0, 0, 0]"
1138,CaseInsensitiveDict,list cid accept # true,0,list cid accept # true | CaseInsensitiveDict,"[1, 0, 0, 0, 0]"
1140,CaseInsensitiveDict,"value of a content encoding response header, regardless",0,"value of a content encoding response header, regardless | CaseInsensitiveDict","[1, 0, 0, 0, 0]"
1141,CaseInsensitiveDict,of how the header name was originally stored.,0,of how the header name was originally stored. | CaseInsensitiveDict,"[1, 0, 0, 0, 0]"
1142,CaseInsensitiveDict,"if the constructor, ^update , or equality comparison",0,"if the constructor, ^update , or equality comparison | CaseInsensitiveDict","[1, 0, 0, 0, 0]"
1143,CaseInsensitiveDict,"operations are given keys that have equal ^lower s, the",0,"operations are given keys that have equal ^lower s, the | CaseInsensitiveDict","[1, 0, 0, 0, 0]"
1144,CaseInsensitiveDict,behavior is undefined.,0,behavior is undefined. | CaseInsensitiveDict,"[1, 0, 0, 0, 0]"
1145,ColoredString,enhanced string for len operations on colored output.,0,enhanced string for len operations on colored output. | ColoredString,"[0, 0, 0, 0, 1]"
1148,CONSOLE_SCREEN_BUFFER_INFO,struct in wincon^h.,0,struct in wincon^h. | CONSOLE_SCREEN_BUFFER_INFO,"[0, 0, 0, 0, 1]"
1150,Context_,creating instances is neither supported nor useful as it s created,0,creating instances is neither supported nor useful as it s created | Context_,"[0, 0, 1, 0, 0]"
1151,Context_,automatically at various stages of the template evaluation and should not,0,automatically at various stages of the template evaluation and should not | Context_,"[0, 0, 1, 0, 0]"
1152,Context_,be created by hand.,0,be created by hand. | Context_,"[0, 0, 1, 0, 0]"
1153,Context_,the context is immutable.,0,the context is immutable. | Context_,"[0, 0, 1, 0, 0]"
1154,Context_,modifications on attr parent must not,0,modifications on attr parent must not | Context_,"[1, 1, 0, 0, 0]"
1155,Context_,happen and modifications on attr vars are allowed from generated,0,happen and modifications on attr vars are allowed from generated | Context_,"[1, 1, 0, 0, 0]"
1156,Context_,template code only.,0,template code only. | Context_,"[1, 1, 0, 0, 0]"
1157,Context_,template filters and global functions marked as,0,template filters and global functions marked as | Context_,"[1, 1, 0, 0, 0]"
1158,Context_,func contextfunction s get the active context passed as first argument,0,func contextfunction s get the active context passed as first argument | Context_,"[1, 1, 0, 0, 0]"
1159,Context_,and are allowed to access the context read only.,0,and are allowed to access the context read only. | Context_,"[1, 1, 0, 0, 0]"
1160,Context_,"the template context supports read only dict operations get ,",0,"the template context supports read only dict operations get , | Context_","[0, 1, 0, 0, 0]"
1162,Context_,"getitem , contains .",0,"getitem , contains . | Context_","[0, 1, 0, 0, 0]"
1163,Context_,additionally there is a meth resolve,0,additionally there is a meth resolve | Context_,"[0, 1, 0, 0, 0]"
1167,CookieConflictError,there are two cookies that meet the criteria specified in the cookie jar.,0,there are two cookies that meet the criteria specified in the cookie jar. | CookieConflictError,"[0, 0, 0, 0, 1]"
1168,CookieConflictError,use ^get and ^set and include domain and path args in order to be more specific.,0,use ^get and ^set and include domain and path args in order to be more specific. | CookieConflictError,"[0, 0, 1, 0, 0]"
1169,DataViewSequence,a sequence of data views.,0,a sequence of data views. | DataViewSequence,"[0, 0, 0, 0, 1]"
1170,DataViewSequence,each entry is an instance of item class .,0,each entry is an instance of item class . | DataViewSequence,"[0, 1, 0, 0, 0]"
1171,Date,a date literal.,0,a date literal. | Date,"[0, 0, 0, 0, 1]"
1172,DirectedGraph,a graph structure with directed edges.,0,a graph structure with directed edges. | DirectedGraph,"[0, 0, 0, 0, 1]"
1175,Distribution,for construction.,0,for construction. | Distribution,"[1, 0, 0, 0, 0]"
1180,Environment,globals and others.,0,globals and others. | Environment,"[0, 0, 0, 1, 1]"
1190,Environment,the string marking the beginning of a block.,0,the string marking the beginning of a block. | Environment,"[0, 1, 0, 0, 0]"
1191,Environment,defaults to % .,0,defaults to % . | Environment,"[0, 1, 0, 0, 0]"
1193,Environment,the string marking the end of a block.,0,the string marking the end of a block. | Environment,"[0, 1, 0, 0, 0]"
1197,Environment,defaults to .,0,defaults to . | Environment,"[0, 1, 0, 0, 0]"
1203,Environment,comment end string,0,comment end string | Environment,"[0, 1, 0, 0, 0]"
1204,Environment,the string marking the end of a comment.,0,the string marking the end of a comment. | Environment,"[0, 1, 0, 0, 0]"
1205,Environment,line statement prefix,0,line statement prefix | Environment,"[0, 1, 0, 0, 0]"
1207,Environment,statements.,0,statements. | Environment,"[0, 1, 0, 0, 0]"
1214,Environment,trim blocks,0,trim blocks | Environment,"[0, 1, 0, 0, 0]"
1215,Environment,if this is set to true the first newline after a block is,0,if this is set to true the first newline after a block is | Environment,"[0, 1, 0, 0, 0]"
1222,Environment,the sequence that starts a newline.,0,the sequence that starts a newline. | Environment,"[0, 1, 0, 0, 0]"
1224,Environment,n or r n .,0,n or r n . | Environment,"[0, 1, 0, 0, 0]"
1232,Environment,versionadded 27,0,versionadded 27 | Environment,"[0, 1, 0, 0, 0]"
1234,Environment,this can either be import paths,0,this can either be import paths | Environment,"[0, 1, 0, 0, 0]"
1236,Environment,for more information have a,0,for more information have a | Environment,"[0, 1, 0, 0, 0]"
1238,Environment,should the optimizer be enabled?,0,should the optimizer be enabled? | Environment,"[0, 1, 0, 0, 0]"
1242,Environment,a callable that can be used to process the result of a variable,0,a callable that can be used to process the result of a variable | Environment,"[0, 1, 0, 0, 0]"
1244,Environment,for example one can convert,0,for example one can convert | Environment,"[0, 1, 0, 0, 0]"
1246,Environment,autoescape,0,autoescape | Environment,"[0, 1, 0, 0, 0]"
1248,Environment,default.,0,default. | Environment,"[0, 1, 0, 0, 0]"
1249,Environment,for more details about autoescaping see,0,for more details about autoescaping see | Environment,"[0, 1, 0, 0, 0]"
1250,Environment,class jinja2^utils.markup .,0,class jinja2^utils.markup . | Environment,"[0, 1, 0, 0, 0]"
1251,Environment,as of jinja 24 this can also,0,as of jinja 24 this can also | Environment,"[0, 1, 0, 0, 0]"
1252,Environment,be a callable that is passed the template name and has to,0,be a callable that is passed the template name and has to | Environment,"[0, 1, 0, 0, 0]"
1253,Environment,versionchanged 24,0,versionchanged 24 | Environment,"[0, 1, 0, 0, 0]"
1255,Environment,cache size,0,cache size | Environment,"[0, 1, 0, 0, 0]"
1257,Environment,per default this is 400 which means,0,per default this is 400 which means | Environment,"[0, 1, 0, 0, 0]"
1259,Environment,1 the cache will not be cleaned.,0,1 the cache will not be cleaned. | Environment,"[0, 1, 0, 0, 0]"
1261,Environment,auto reload,0,auto reload | Environment,"[0, 1, 0, 0, 0]"
1266,Environment,disable that.,0,disable that. | Environment,"[0, 1, 0, 0, 0]"
1267,Environment,bytecode cache,0,bytecode cache | Environment,"[0, 1, 0, 0, 0]"
1269,Environment,enable async,0,enable async | Environment,"[0, 1, 0, 0, 0]"
1270,Environment,you to take advantage of newer python features.,0,you to take advantage of newer python features. | Environment,"[0, 1, 0, 0, 0]"
1271,Environment,this requires,0,this requires | Environment,"[0, 1, 0, 0, 0]"
1273,EOF,this usually means the child has exited.,0,this usually means the child has exited. | EOF,"[0, 0, 0, 0, 1]"
1275,ExtractError,general exception for extract errors.,0,general exception for extract errors. | ExtractError,"[0, 0, 0, 0, 1]"
1276,FakeFile,wrap a list of lines in an object with readline to make,0,wrap a list of lines in an object with readline to make | FakeFile,"[0, 0, 0, 0, 1]"
1279,fdspawn,"for example, you could use it to read through a file looking",0,"for example, you could use it to read through a file looking | fdspawn","[1, 0, 0, 0, 0]"
1280,fdspawn,"for patterns, or to control a modem or serial device.",0,"for patterns, or to control a modem or serial device. | fdspawn","[1, 0, 0, 0, 0]"
1283,FileMetadata,usage,0,usage | FileMetadata,"[1, 0, 0, 0, 0]"
1284,FileMetadata,metadata filemetadata path to pkg info,0,metadata filemetadata path to pkg info | FileMetadata,"[1, 0, 0, 0, 0]"
1285,FileMetadata,"this provider rejects all data and metadata requests except for pkg info,",0,"this provider rejects all data and metadata requests except for pkg info, | FileMetadata","[0, 0, 0, 1, 0]"
1287,FileMetadata,the provided location.,0,the provided location. | FileMetadata,"[0, 0, 0, 1, 0]"
1289,FileMetadata,usage,0,usage | FileMetadata,"[1, 0, 0, 0, 0]"
1290,FileMetadata,metadata filemetadata path to pkg info,0,metadata filemetadata path to pkg info | FileMetadata,"[1, 0, 0, 0, 0]"
1293,FileMetadata,the provided location.,0,the provided location. | FileMetadata,"[0, 0, 0, 1, 0]"
1294,FileSystemLoader,loads templates from the file system.,0,loads templates from the file system. | FileSystemLoader,"[0, 0, 0, 0, 1]"
1295,FileSystemLoader,this loader can find templates,0,this loader can find templates | FileSystemLoader,"[0, 0, 0, 0, 1]"
1297,FileSystemLoader,"the loader takes the path to the templates as string, or if multiple",0,"the loader takes the path to the templates as string, or if multiple | FileSystemLoader","[1, 0, 0, 0, 0]"
1299,FileSystemLoader,given order,0,given order | FileSystemLoader,"[1, 0, 0, 0, 0]"
1301,FileSystemLoader,per default the template encoding is utf 8 which can be changed,0,per default the template encoding is utf 8 which can be changed | FileSystemLoader,"[1, 0, 0, 0, 0]"
1302,FileSystemLoader,by setting the encoding parameter to something else.,0,by setting the encoding parameter to something else. | FileSystemLoader,"[1, 0, 0, 0, 0]"
1303,FileSystemLoader,"to follow symbolic links, set the followlinks parameter to true",0,"to follow symbolic links, set the followlinks parameter to true | FileSystemLoader","[1, 0, 0, 0, 0]"
1304,FileSystemLoader,"loader filesystemloader path to templates , followlinks true",0,"loader filesystemloader path to templates , followlinks true | FileSystemLoader","[1, 0, 0, 0, 0]"
1307,FollowedBy,lookahead matching of the given parse expression.,0,lookahead matching of the given parse expression. | FollowedBy,"[0, 0, 0, 0, 1]"
1308,FollowedBy,followedby does not advance the parsing position within,0,followedby does not advance the parsing position within | FollowedBy,"[1, 0, 1, 0, 0]"
1311,FollowedBy,expression matches at the current position.,0,expression matches at the current position. | FollowedBy,"[1, 0, 1, 0, 1]"
1312,FollowedBy,followedby,0,followedby | FollowedBy,"[1, 0, 1, 0, 1]"
1313,FollowedBy,always returns a null token list.,0,always returns a null token list. | FollowedBy,"[1, 0, 1, 0, 1]"
1314,FollowedBy,if any results names are defined,0,if any results names are defined | FollowedBy,"[1, 0, 1, 1, 0]"
1315,FollowedBy,"in the lookahead expression, those will be returned for access by",0,"in the lookahead expression, those will be returned for access by | FollowedBy","[1, 0, 1, 1, 0]"
1316,FollowedBy,name.,0,name. | FollowedBy,"[1, 0, 1, 1, 0]"
1320,FollowedBy,data word word alphas,0,data word word alphas | FollowedBy,"[1, 0, 0, 0, 0]"
1323,FollowedBy,"attr expr group label suppress oneormore data word, stopon label ^setparseaction ^join",0,"attr expr group label suppress oneormore data word, stopon label ^setparseaction ^join | FollowedBy","[1, 0, 0, 0, 0]"
1324,FollowedBy,oneormore attr expr ^parsestring shape square color black posn upper left ^pprint,0,oneormore attr expr ^parsestring shape square color black posn upper left ^pprint | FollowedBy,"[1, 0, 0, 0, 0]"
1326,FollowedBy,"shape , square , color , black , posn , upper left",0,"shape , square , color , black , posn , upper left | FollowedBy","[1, 0, 0, 0, 0]"
1327,Getattr,get an attribute or item from an expression that is a ascii only,0,get an attribute or item from an expression that is a ascii only | Getattr,"[1, 0, 0, 0, 0]"
1328,Getattr,bytestring and prefer the attribute.,0,bytestring and prefer the attribute. | Getattr,"[1, 0, 0, 0, 0]"
1331,HebrewProber,"fact some kind of hebrew, logical or visual.",0,"fact some kind of hebrew, logical or visual. | HebrewProber","[0, 0, 1, 0, 0]"
1332,HebrewProber,with the scores of the two sbcharsetprobers to produce a final answer.,0,with the scores of the two sbcharsetprobers to produce a final answer. | HebrewProber,"[1, 0, 0, 0, 0]"
1333,HebrewProber,it reduces any sequence of such characters to a single space.,0,it reduces any sequence of such characters to a single space. | HebrewProber,"[0, 0, 0, 0, 1]"
1334,HebrewProber,built.,0,built. | HebrewProber,"[1, 0, 0, 0, 0]"
1336,HebrewProber,"disjointed from the model probers, the results of the hebrewprober",0,"disjointed from the model probers, the results of the hebrewprober | HebrewProber","[0, 0, 1, 0, 0]"
1338,HTMLParser,html parser,0,html parser | HTMLParser,"[0, 0, 0, 0, 1]"
1341,InsecurePlatformWarning,warned when certain ssl configuration is not available on a platform.,0,warned when certain ssl configuration is not available on a platform. | InsecurePlatformWarning,"[0, 0, 0, 0, 1]"
1343,InstalledDistribution,it reads the metadata contained in pydist^json when it is,0,it reads the metadata contained in pydist^json when it is | InstalledDistribution,"[1, 0, 0, 0, 0]"
1345,InstalledDistribution,dry run mode is being used .,0,dry run mode is being used . | InstalledDistribution,"[1, 0, 0, 0, 0]"
1346,InternalName,an internal name in the compiler.,0,an internal name in the compiler. | InternalName,"[0, 0, 0, 0, 1]"
1347,InternalName,you cannot create these nodes,0,you cannot create these nodes | InternalName,"[0, 0, 1, 0, 0]"
1348,InternalName,yourself but the parser provides a,0,yourself but the parser provides a | InternalName,"[0, 0, 1, 0, 0]"
1349,InternalName,meth jinja2^parser.parser^free identifier method that creates,0,meth jinja2^parser.parser^free identifier method that creates | InternalName,"[0, 0, 1, 0, 0]"
1350,InternalName,a new identifier for you.,0,a new identifier for you. | InternalName,"[0, 0, 1, 0, 0]"
1351,InternalName,this identifier is not available from the,0,this identifier is not available from the | InternalName,"[0, 0, 1, 0, 0]"
1353,InvalidDateError,a date field was improperly specified.,0,a date field was improperly specified. | InvalidDateError,"[0, 0, 0, 0, 1]"
1354,InvalidHeaderError,exception for invalid headers.,0,exception for invalid headers. | InvalidHeaderError,"[0, 0, 0, 0, 1]"
1355,InvalidVersion,"an invalid version was found, users should refer to pep 440.",0,"an invalid version was found, users should refer to pep 440. | InvalidVersion","[1, 0, 0, 0, 1]"
1356,Kanji,unicode set for kanji unicode character range,0,unicode set for kanji unicode character range | Kanji,"[0, 0, 0, 0, 1]"
1359,KeyType,"keys can be bare unquoted , or quoted using basic , or literal",0,"keys can be bare unquoted , or quoted using basic , or literal | KeyType","[0, 1, 0, 1, 0]"
1360,KeyType,quotes following the same escaping rules as single line stringtype.,0,quotes following the same escaping rules as single line stringtype. | KeyType,"[0, 1, 0, 1, 0]"
1361,LockFailed,lock file creation failed for some other reason.,0,lock file creation failed for some other reason. | LockFailed,"[0, 0, 0, 0, 1]"
1363,LockFailed,raise lockfailed,0,raise lockfailed | LockFailed,"[1, 0, 0, 0, 0]"
1364,LockFailed,except lockerror,0,except lockerror | LockFailed,"[1, 0, 0, 0, 0]"
1366,LRUCache,a simple lru cache implementation.,0,a simple lru cache implementation. | LRUCache,"[0, 0, 0, 0, 1]"
1368,LRUCache,scale.,0,scale. | LRUCache,"[0, 0, 1, 0, 0]"
1369,LRUCache,but as long as it s only used as storage for templates this,0,but as long as it s only used as storage for templates this | LRUCache,"[0, 0, 1, 0, 0]"
1370,LRUCache,won t do any harm.,0,won t do any harm. | LRUCache,"[0, 0, 1, 0, 0]"
1371,Markup,a string that is ready to be safely inserted into an html or xml,0,a string that is ready to be safely inserted into an html or xml | Markup,"[0, 0, 0, 0, 1]"
1372,Markup,"document, either because it was escaped or because it was marked",0,"document, either because it was escaped or because it was marked | Markup","[0, 0, 0, 0, 1]"
1373,Markup,safe.,0,safe. | Markup,"[0, 0, 0, 0, 1]"
1374,Markup,passing an object to the constructor converts it to text and wraps,0,passing an object to the constructor converts it to text and wraps | Markup,"[0, 1, 0, 1, 0]"
1376,Markup,"to escape the text, use the",0,"to escape the text, use the | Markup","[1, 1, 0, 1, 0]"
1390,Markup,this implements the html interface that some frameworks,0,this implements the html interface that some frameworks | Markup,"[1, 0, 1, 0, 0]"
1393,Markup,passing an object that implements html will wrap the,0,passing an object that implements html will wrap the | Markup,"[1, 0, 1, 0, 0]"
1411,Markup,all methods escape their arguments and return a markup instance.,0,all methods escape their arguments and return a markup instance. | Markup,"[1, 0, 1, 0, 0]"
1413,Markup,markup em foo &amp bar em,0,markup em foo &amp bar em | Markup,"[1, 0, 1, 0, 0]"
1415,Markup,markup em hello em &lt foo&gt,0,markup em hello em &lt foo&gt | Markup,"[1, 0, 1, 0, 0]"
1416,MemcachedBytecodeCache,this class implements a bytecode cache that uses a memcache cache for,0,this class implements a bytecode cache that uses a memcache cache for | MemcachedBytecodeCache,"[0, 0, 0, 0, 1]"
1418,MemcachedBytecodeCache,it does not enforce a specific memcache library,0,it does not enforce a specific memcache library | MemcachedBytecodeCache,"[0, 0, 0, 1, 0]"
1420,MemcachedBytecodeCache,the minimal interface required.,0,the minimal interface required. | MemcachedBytecodeCache,"[0, 0, 0, 1, 0]"
1421,MemcachedBytecodeCache,the minimal interface for the client passed to the constructor is this,0,the minimal interface for the client passed to the constructor is this | MemcachedBytecodeCache,"[1, 0, 0, 0, 0]"
1423,MemcachedBytecodeCache,"method set key, value , timeout",0,"method set key, value , timeout | MemcachedBytecodeCache","[1, 0, 0, 0, 0]"
1425,MemcachedBytecodeCache,value is a string and,0,value is a string and | MemcachedBytecodeCache,"[1, 0, 0, 0, 0]"
1429,MemcachedBytecodeCache,provided it s an integer with the number of seconds the cache,0,provided it s an integer with the number of seconds the cache | MemcachedBytecodeCache,"[1, 0, 0, 0, 0]"
1431,MemcachedBytecodeCache,method get key,0,method get key | MemcachedBytecodeCache,"[1, 0, 0, 0, 0]"
1433,MemcachedBytecodeCache,if the item does not,0,if the item does not | MemcachedBytecodeCache,"[1, 0, 0, 0, 0]"
1439,MemoizedZipManifests,memoized zipfile manifests.,0,memoized zipfile manifests. | MemoizedZipManifests,"[0, 0, 0, 0, 1]"
1440,MetadataMissingError,a required metadata is missing,0,a required metadata is missing | MetadataMissingError,"[0, 0, 0, 0, 1]"
1441,MethodDispatcher,dict with 2 special properties,0,dict with 2 special properties | MethodDispatcher,"[0, 0, 0, 0, 1]"
1442,MethodDispatcher,"on initiation, keys that are lists, sets or tuples are converted to",0,"on initiation, keys that are lists, sets or tuples are converted to | MethodDispatcher","[0, 0, 0, 1, 0]"
1443,MethodDispatcher,multiple keys so accessing any one of the items in the original,0,multiple keys so accessing any one of the items in the original | MethodDispatcher,"[0, 0, 0, 1, 0]"
1444,MethodDispatcher,list like object returns the matching value,0,list like object returns the matching value | MethodDispatcher,"[0, 0, 0, 1, 0]"
1445,MethodDispatcher,a default value which can be set through the default attribute.,0,a default value which can be set through the default attribute. | MethodDispatcher,"[1, 0, 0, 1, 0]"
1447,Module_six_moves_urllib_request,lazy loading of moved objects in six^moves.urllib request,0,lazy loading of moved objects in six^moves.urllib request | Module_six_moves_urllib_request,"[0, 0, 0, 0, 1]"
1451,Node,represents an item in the tree,0,represents an item in the tree | Node,"[0, 0, 0, 0, 1]"
1453,NotAny,lookahead to disallow matching with the given parse expression.,0,lookahead to disallow matching with the given parse expression. | NotAny,"[0, 0, 0, 0, 1]"
1454,NotAny,notany does not advance the parsing position within the,0,notany does not advance the parsing position within the | NotAny,"[0, 0, 0, 1, 0]"
1455,NotAny,"input string, it only verifies that the specified parse expression",0,"input string, it only verifies that the specified parse expression | NotAny","[0, 0, 0, 1, 0]"
1456,NotAny,does not match at the current position.,0,does not match at the current position. | NotAny,"[0, 0, 0, 1, 0]"
1457,NotAny,"also, notany does",0,"also, notany does | NotAny","[0, 0, 0, 1, 0]"
1460,NotAny,a null token list.,0,a null token list. | NotAny,"[1, 0, 0, 0, 0]"
1464,NotAny,# take care not to mistake keywords for identifiers,0,# take care not to mistake keywords for identifiers | NotAny,"[1, 0, 0, 0, 0]"
1466,NotAny,boolean term optional not ident,0,boolean term optional not ident | NotAny,"[1, 0, 0, 0, 0]"
1468,NotAny,"# operation hierarchy, use infixnotation",0,"# operation hierarchy, use infixnotation | NotAny","[1, 0, 0, 0, 0]"
1470,NotAny,# integers that are followed by .,0,# integers that are followed by . | NotAny,"[1, 0, 0, 0, 0]"
1473,NotMyLock,raised when an attempt is made to unlock a file someone else locked.,0,raised when an attempt is made to unlock a file someone else locked. | NotMyLock,"[0, 0, 0, 0, 1]"
1478,omdict,ordered multivalue dictionary.,0,ordered multivalue dictionary. | omdict,"[0, 0, 0, 0, 1]"
1480,omdict,key.,0,key. | omdict,"[0, 0, 0, 1, 1]"
1482,omdict,retains the order of insertions and deletions.,0,retains the order of insertions and deletions. | omdict,"[0, 0, 0, 0, 1]"
1483,omdict,"internally, items are stored in a doubly linked list, self.",0,"internally, items are stored in a doubly linked list, self. | omdict","[0, 0, 0, 1, 0]"
1484,omdict,items.,0,items. | omdict,"[0, 0, 0, 1, 0]"
1485,omdict,a,0,a | omdict,"[0, 0, 0, 1, 0]"
1486,omdict,"dictionary, self.",0,"dictionary, self. | omdict","[0, 0, 0, 1, 0]"
1487,omdict,"map, is also maintained and stores an ordered list of",0,"map, is also maintained and stores an ordered list of | omdict","[0, 0, 0, 1, 0]"
1488,omdict,"linked list node references, one for each value associated with that key.",0,"linked list node references, one for each value associated with that key. | omdict","[0, 0, 0, 1, 1]"
1489,omdict,standard dict methods interact with the first value associated with a given,0,standard dict methods interact with the first value associated with a given | omdict,"[0, 0, 0, 1, 0]"
1490,omdict,key.,0,key. | omdict,"[0, 0, 0, 1, 1]"
1491,omdict,"this means that omdict retains method parity with dict, and a dict",0,"this means that omdict retains method parity with dict, and a dict | omdict","[0, 0, 0, 1, 0]"
1492,omdict,object can be replaced with an omdict object and all interaction will,0,object can be replaced with an omdict object and all interaction will | omdict,"[0, 0, 0, 1, 0]"
1500,omdict,"added parameters are optional, existing use remains unaffected.",0,"added parameters are optional, existing use remains unaffected. | omdict","[1, 0, 0, 0, 0]"
1504,omdict,new methods have also been added to omdict.,0,new methods have also been added to omdict. | omdict,"[1, 0, 0, 0, 0]"
1507,omdict,"interact with all items in the dictionary, including multiple items with",0,"interact with all items in the dictionary, including multiple items with | omdict","[1, 0, 0, 0, 0]"
1508,omdict,the same key.,0,the same key. | omdict,"[1, 0, 0, 1, 1]"
1509,omdict,the new omdict methods are,0,the new omdict methods are | omdict,"[1, 0, 0, 0, 0]"
1510,omdict,"load , size , reverse ,",0,"load , size , reverse , | omdict","[1, 0, 0, 0, 0]"
1512,omdict,"poplist , popvalue , popvalues , popitem , poplistitem ,",0,"poplist , popvalue , popvalues , popitem , poplistitem , | omdict","[1, 0, 0, 0, 0]"
1513,omdict,"allitems , allkeys , allvalues , lists , listitems ,",0,"allitems , allkeys , allvalues , lists , listitems , | omdict","[1, 0, 0, 0, 0]"
1514,omdict,"iterallitems , iterallkeys , iterallvalues , iterlists ,",0,"iterallitems , iterallkeys , iterallvalues , iterlists , | omdict","[1, 0, 0, 0, 0]"
1515,omdict,iterlistitems,0,iterlistitems | omdict,"[1, 0, 0, 0, 0]"
1516,Option,options are usually optional values on the command line and,0,options are usually optional values on the command line and | Option,"[0, 0, 0, 0, 1]"
1517,Option,have some extra features that arguments don t have.,0,have some extra features that arguments don t have. | Option,"[0, 0, 0, 0, 1]"
1518,Option,all other parameters are passed onwards to the parameter constructor.,0,all other parameters are passed onwards to the parameter constructor. | Option,"[1, 0, 0, 0, 0]"
1519,Option,param show default controls if the default value should be shown on the,0,param show default controls if the default value should be shown on the | Option,"[0, 1, 0, 0, 0]"
1520,Option,help page.,0,help page. | Option,"[0, 1, 0, 0, 0]"
1521,Option,"normally, defaults are not shown.",0,"normally, defaults are not shown. | Option","[0, 1, 0, 0, 0]"
1522,Option,if this,0,if this | Option,"[0, 1, 0, 0, 0]"
1523,Option,"value is a string, it shows the string instead of the",0,"value is a string, it shows the string instead of the | Option","[0, 1, 0, 0, 0]"
1524,Option,value.,0,value. | Option,"[0, 1, 0, 0, 0]"
1525,Option,this is particularly useful for dynamic options.,0,this is particularly useful for dynamic options. | Option,"[0, 1, 0, 0, 0]"
1529,Option,param prompt if set to true or a non empty string then the user will be,0,param prompt if set to true or a non empty string then the user will be | Option,"[0, 1, 0, 0, 0]"
1530,Option,prompted for input.,0,prompted for input. | Option,"[0, 1, 0, 0, 0]"
1531,Option,if set to true the prompt will be the,0,if set to true the prompt will be the | Option,"[0, 1, 0, 0, 0]"
1532,Option,option name capitalized.,0,option name capitalized. | Option,"[0, 1, 0, 0, 0]"
1533,Option,param confirmation prompt if set then the value will need to be confirmed,0,param confirmation prompt if set then the value will need to be confirmed | Option,"[0, 1, 0, 0, 0]"
1534,Option,if it was prompted for.,0,if it was prompted for. | Option,"[0, 1, 0, 0, 0]"
1535,Option,hidden from the user.,0,hidden from the user. | Option,"[0, 1, 0, 0, 0]"
1536,Option,this is useful for password,0,this is useful for password | Option,"[0, 1, 0, 0, 0]"
1537,Option,input.,0,input. | Option,"[0, 1, 0, 0, 0]"
1538,Option,param is flag forces this option to act as a flag.,0,param is flag forces this option to act as a flag. | Option,"[0, 1, 0, 0, 0]"
1539,Option,the default is,0,the default is | Option,"[0, 1, 0, 0, 0]"
1540,Option,auto detection.,0,auto detection. | Option,"[0, 1, 0, 0, 0]"
1543,Option,this is set to a boolean automatically if,0,this is set to a boolean automatically if | Option,"[0, 1, 0, 0, 0]"
1544,Option,the option string contains a slash to mark two options.,0,the option string contains a slash to mark two options. | Option,"[0, 1, 0, 0, 0]"
1545,Option,param multiple if this is set to true then the argument is accepted,0,param multiple if this is set to true then the argument is accepted | Option,"[0, 1, 0, 0, 0]"
1546,Option,multiple times and recorded.,0,multiple times and recorded. | Option,"[0, 1, 0, 0, 0]"
1548,Option,in how it works but supports arbitrary number of,0,in how it works but supports arbitrary number of | Option,"[0, 1, 0, 0, 0]"
1550,Option,param count this flag makes an option increment an integer.,0,param count this flag makes an option increment an integer. | Option,"[0, 1, 0, 0, 0]"
1552,Option,parameter will be pulled from an environment,0,parameter will be pulled from an environment | Option,"[0, 1, 0, 0, 0]"
1554,Option,context.,0,context. | Option,"[0, 1, 0, 0, 0]"
1555,Option,param help the help string.,0,param help the help string. | Option,"[0, 1, 0, 0, 0]"
1557,PacifyFlushWrapper,this wrapper is used to catch and suppress brokenpipeerrors resulting,0,this wrapper is used to catch and suppress brokenpipeerrors resulting | PacifyFlushWrapper,"[0, 0, 0, 1, 1]"
1566,PacifyFlushWrapper,"pipe, all calls and attributes are proxied.",0,"pipe, all calls and attributes are proxied. | PacifyFlushWrapper","[0, 0, 0, 1, 0]"
1567,PackageIndex,represents a package index and provides easier access to endpoints,0,represents a package index and provides easier access to endpoints | PackageIndex,"[0, 0, 0, 0, 1]"
1568,ParseError,this error occurs when the parser encounters a syntax error,0,this error occurs when the parser encounters a syntax error | ParseError,"[0, 0, 0, 0, 1]"
1569,ParseError,in the toml being parsed.,0,in the toml being parsed. | ParseError,"[0, 0, 0, 0, 1]"
1572,ParserElement,abstract base level parser element class.,0,abstract base level parser element class. | ParserElement,"[0, 0, 0, 0, 1]"
1574,ParseResults,"structured parse results, to provide multiple means of access to",0,"structured parse results, to provide multiple means of access to | ParseResults","[0, 0, 0, 0, 1]"
1575,ParseResults,the parsed data,0,the parsed data | ParseResults,"[1, 0, 0, 0, 1]"
1576,ParseResults,as a list len results,0,as a list len results | ParseResults,"[1, 0, 0, 0, 0]"
1578,ParseResults,by attribute results.,0,by attribute results. | ParseResults,"[1, 0, 0, 0, 0]"
1579,ParseResults,resultsname see class parserelement^setresultsname,0,resultsname see class parserelement^setresultsname | ParseResults,"[1, 0, 0, 0, 0]"
1581,ParseResults,integer word nums,0,integer word nums | ParseResults,"[1, 0, 1, 0, 0]"
1582,ParseResults,date str integer^setresultsname year,0,date str integer^setresultsname year | ParseResults,"[1, 0, 1, 0, 0]"
1583,ParseResults,integer^setresultsname month,0,integer^setresultsname month | ParseResults,"[1, 0, 1, 0, 0]"
1584,ParseResults,integer^setresultsname day,0,integer^setresultsname day | ParseResults,"[1, 0, 1, 0, 0]"
1585,ParseResults,# equivalent form,0,# equivalent form | ParseResults,"[1, 0, 1, 0, 0]"
1586,ParseResults,# date str integer year integer month integer day,0,# date str integer year integer month integer day | ParseResults,"[1, 0, 1, 0, 0]"
1587,ParseResults,# parsestring returns a parseresults object,0,# parsestring returns a parseresults object | ParseResults,"[1, 0, 1, 0, 0]"
1588,ParseResults,result date str^parsestring 1999 12 31,0,result date str^parsestring 1999 12 31 | ParseResults,"[1, 0, 1, 0, 0]"
1589,ParseResults,"def test s, fn repr",0,"def test s, fn repr | ParseResults","[1, 0, 1, 0, 0]"
1590,ParseResults,"print %s %s % s, fn eval s",0,"print %s %s % s, fn eval s | ParseResults","[1, 0, 1, 0, 0]"
1591,ParseResults,test list result,0,test list result | ParseResults,"[1, 0, 1, 0, 0]"
1592,ParseResults,test result 0,0,test result 0 | ParseResults,"[1, 0, 1, 0, 0]"
1593,ParseResults,test result month,0,test result month | ParseResults,"[1, 0, 1, 0, 0]"
1594,ParseResults,test result^day,0,test result^day | ParseResults,"[1, 0, 1, 0, 0]"
1595,ParseResults,test month in result,0,test month in result | ParseResults,"[1, 0, 1, 0, 0]"
1596,ParseResults,test minutes in result,0,test minutes in result | ParseResults,"[1, 0, 1, 0, 0]"
1597,ParseResults,"test result^dump , str",0,"test result^dump , str | ParseResults","[1, 0, 1, 0, 0]"
1599,ParseResults,"list result 1999 , , 12 , , 31",0,"list result 1999 , , 12 , , 31 | ParseResults","[1, 0, 0, 0, 0]"
1600,ParseResults,result 0 1999,0,result 0 1999 | ParseResults,"[1, 0, 0, 0, 0]"
1602,ParseResults,result^day 31,0,result^day 31 | ParseResults,"[1, 0, 0, 0, 0]"
1603,ParseResults,month in result true,0,month in result true | ParseResults,"[1, 0, 0, 0, 0]"
1605,ParseResults,"result^dump 1999 , , 12 , , 31",0,"result^dump 1999 , , 12 , , 31 | ParseResults","[1, 0, 0, 0, 0]"
1606,ParseResults,day 31,0,day 31 | ParseResults,"[1, 0, 0, 0, 0]"
1607,ParseResults,month 12,0,month 12 | ParseResults,"[1, 0, 0, 0, 0]"
1608,ParseResults,year 1999,0,year 1999 | ParseResults,"[1, 0, 0, 0, 0]"
1610,Path,different checks.,0,different checks. | Path,"[0, 0, 0, 0, 1]"
1611,Path,"first of all, instead of returning an open file",0,"first of all, instead of returning an open file | Path","[0, 0, 1, 0, 0]"
1615,Path,"param exists if set to true, the file or directory needs to exist for",0,"param exists if set to true, the file or directory needs to exist for | Path","[0, 1, 0, 0, 0]"
1616,Path,this value to be valid.,0,this value to be valid. | Path,"[0, 1, 0, 0, 0]"
1619,Path,silently skipped.,0,silently skipped. | Path,"[0, 1, 0, 0, 0]"
1626,Path,it,0,it | Path,"[0, 1, 0, 0, 0]"
1627,Path,"will not expand a tilde prefix, as this is",0,"will not expand a tilde prefix, as this is | Path","[0, 1, 0, 0, 0]"
1629,Path,"param allow dash if this is set to true , a single dash to indicate",0,"param allow dash if this is set to true , a single dash to indicate | Path","[0, 1, 0, 0, 0]"
1635,PoolManager,allows for arbitrary requests while transparently keeping track of,0,allows for arbitrary requests while transparently keeping track of | PoolManager,"[0, 0, 0, 0, 1]"
1642,PoolManager,explicitly.,0,explicitly. | PoolManager,"[0, 1, 0, 0, 0]"
1645,PoolManager,class urllib3^connectionpool.connectionpool instances.,0,class urllib3^connectionpool.connectionpool instances. | PoolManager,"[0, 1, 0, 0, 0]"
1647,PoolManager,manager poolmanager num pools 2,0,manager poolmanager num pools 2 | PoolManager,"[1, 0, 0, 0, 0]"
1649,PoolManager,"r manager^request get , http yahoo^com",0,"r manager^request get , http yahoo^com | PoolManager","[1, 0, 0, 0, 0]"
1652,PrefixLoader,to a prefix.,0,to a prefix. | PrefixLoader,"[0, 0, 0, 0, 1]"
1653,PrefixLoader,the prefix is delimited from the template by a slash per,0,the prefix is delimited from the template by a slash per | PrefixLoader,"[1, 0, 0, 1, 0]"
1654,PrefixLoader,"default, which can be changed by setting the delimiter argument to",0,"default, which can be changed by setting the delimiter argument to | PrefixLoader","[1, 0, 0, 1, 0]"
1655,PrefixLoader,something else,0,something else | PrefixLoader,"[1, 0, 0, 1, 0]"
1656,PrefixLoader,loader prefixloader,0,loader prefixloader | PrefixLoader,"[1, 0, 0, 0, 0]"
1659,PrefixLoader,"by loading app1 index^html the file from the app1 package is loaded,",0,"by loading app1 index^html the file from the app1 package is loaded, | PrefixLoader","[1, 0, 0, 0, 0]"
1661,ProcessedTraceback,holds a jinja preprocessed traceback for printing or reraising.,0,holds a jinja preprocessed traceback for printing or reraising. | ProcessedTraceback,"[0, 0, 0, 0, 1]"
1664,Request,a user created class request request object.,0,a user created class request request object. | Request,"[0, 0, 0, 0, 1]"
1668,Request,param headers dictionary of headers to send.,0,param headers dictionary of headers to send. | Request,"[0, 1, 0, 0, 0]"
1669,Request,param files dictionary of filename fileobject files to multipart upload.,0,param files dictionary of filename fileobject files to multipart upload. | Request,"[0, 1, 0, 0, 0]"
1670,Request,param data the body to attach to the request.,0,param data the body to attach to the request. | Request,"[0, 1, 0, 0, 0]"
1671,Request,if a dictionary or,0,if a dictionary or | Request,"[0, 1, 0, 0, 0]"
1672,Request,"list of tuples key, value is provided, form encoding will",0,"list of tuples key, value is provided, form encoding will | Request","[0, 1, 0, 0, 0]"
1673,Request,take place.,0,take place. | Request,"[0, 1, 0, 0, 0]"
1674,Request,param json json for the body to attach to the request if files or data is not specified .,0,param json json for the body to attach to the request if files or data is not specified . | Request,"[0, 1, 0, 0, 0]"
1676,Request,if a dictionary or,0,if a dictionary or | Request,"[0, 1, 0, 0, 0]"
1679,Request,"param auth auth handler or user, pass tuple.",0,"param auth auth handler or user, pass tuple. | Request","[0, 1, 0, 0, 0]"
1680,Request,param cookies dictionary or cookiejar of cookies to attach to this request.,0,param cookies dictionary or cookiejar of cookies to attach to this request. | Request,"[0, 1, 0, 0, 0]"
1685,Request,"req requests^request get , https httpbin^org get",0,"req requests^request get , https httpbin^org get | Request","[1, 0, 0, 0, 0]"
1687,Request,preparedrequest get,0,preparedrequest get | Request,"[1, 0, 0, 0, 0]"
1689,RequirementUninstaller,a context manager to remove a package for the inner block.,0,a context manager to remove a package for the inner block. | RequirementUninstaller,"[0, 0, 0, 0, 1]"
1690,RequirementUninstaller,this uses uninstallpathset to control the workflow.,0,this uses uninstallpathset to control the workflow. | RequirementUninstaller,"[0, 0, 0, 1, 0]"
1691,RequirementUninstaller,if the inner block,0,if the inner block | RequirementUninstaller,"[0, 0, 0, 1, 0]"
1692,RequirementUninstaller,"exits correctly, the uninstallation is committed, otherwise rolled back.",0,"exits correctly, the uninstallation is committed, otherwise rolled back. | RequirementUninstaller","[0, 0, 0, 1, 0]"
1693,RequiresPythonCache,cache a candidate s requires python information.,0,cache a candidate s requires python information. | RequiresPythonCache,"[0, 0, 0, 0, 1]"
1696,Resource,"not normally instantiated by user code, but rather by a",0,"not normally instantiated by user code, but rather by a | Resource","[0, 0, 1, 0, 0]"
1697,Resource,class resourcefinder which manages the resource.,0,class resourcefinder which manages the resource. | Resource,"[0, 0, 1, 0, 0]"
1698,ResourceFinder,resource finder for file system resources.,0,resource finder for file system resources. | ResourceFinder,"[0, 0, 0, 0, 1]"
1699,ResourceManager,manage resource extraction and packages,0,manage resource extraction and packages | ResourceManager,"[0, 0, 0, 0, 1]"
1702,Retry,retry configuration.,0,retry configuration. | Retry,"[0, 0, 0, 0, 1]"
1704,Retry,they can be safely reused.,0,they can be safely reused. | Retry,"[0, 0, 0, 1, 0]"
1705,Retry,retries can be defined as a default for a pool,0,retries can be defined as a default for a pool | Retry,"[1, 0, 0, 0, 0]"
1706,Retry,"retries retry connect 5, read 2, redirect 5",0,"retries retry connect 5, read 2, redirect 5 | Retry","[1, 0, 0, 0, 0]"
1708,Retry,"response http^request get , http example^com",0,"response http^request get , http example^com | Retry","[1, 0, 0, 0, 0]"
1711,Retry,param int total,0,param int total | Retry,"[0, 1, 0, 0, 0]"
1712,Retry,total number of retries to allow.,0,total number of retries to allow. | Retry,"[0, 1, 0, 0, 0]"
1716,Retry,it s a good idea to set this to some sensibly high value to,0,it s a good idea to set this to some sensibly high value to | Retry,"[0, 1, 0, 0, 0]"
1718,Retry,set to 0 to fail on the first retry.,0,set to 0 to fail on the first retry. | Retry,"[0, 1, 0, 0, 0]"
1719,Retry,set to false to disable and imply raise on redirect false .,0,set to false to disable and imply raise on redirect false . | Retry,"[0, 1, 0, 0, 0]"
1722,Retry,"these are errors raised before the request is sent to the remote server,",0,"these are errors raised before the request is sent to the remote server, | Retry","[0, 1, 0, 0, 0]"
1723,Retry,set to 0 to fail on the first retry of this type.,0,set to 0 to fail on the first retry of this type. | Retry,"[0, 1, 0, 0, 0]"
1725,Retry,how many times to retry on read errors.,0,how many times to retry on read errors. | Retry,"[0, 1, 0, 0, 0]"
1726,Retry,"these errors are raised after the request was sent to the server, so the",0,"these errors are raised after the request was sent to the server, so the | Retry","[0, 1, 0, 0, 0]"
1727,Retry,request may have side effects.,0,request may have side effects. | Retry,"[0, 1, 0, 0, 0]"
1728,Retry,set to 0 to fail on the first retry of this type.,0,set to 0 to fail on the first retry of this type. | Retry,"[0, 1, 0, 0, 0]"
1729,Retry,param int redirect,0,param int redirect | Retry,"[0, 1, 0, 0, 0]"
1731,Retry,limit this to avoid infinite redirect,0,limit this to avoid infinite redirect | Retry,"[0, 1, 0, 0, 0]"
1732,Retry,loops.,0,loops. | Retry,"[0, 1, 0, 0, 0]"
1733,Retry,"a redirect is a http response with a status code 301, 302, 303, 307 or",0,"a redirect is a http response with a status code 301, 302, 303, 307 or | Retry","[0, 1, 0, 0, 0]"
1734,Retry,308,0,308 | Retry,"[0, 1, 0, 0, 0]"
1736,Retry,set to false to disable and imply raise on redirect false .,0,set to false to disable and imply raise on redirect false . | Retry,"[0, 1, 0, 0, 0]"
1737,Retry,param int status,0,param int status | Retry,"[0, 1, 0, 0, 0]"
1738,Retry,how many times to retry on bad status codes.,0,how many times to retry on bad status codes. | Retry,"[0, 1, 0, 0, 0]"
1739,Retry,"these are retries made on responses, where status code matches",0,"these are retries made on responses, where status code matches | Retry","[0, 1, 0, 0, 0]"
1740,Retry,status forcelist .,0,status forcelist . | Retry,"[0, 1, 0, 0, 0]"
1743,Retry,set of uppercased http method verbs that we should retry on.,0,set of uppercased http method verbs that we should retry on. | Retry,"[0, 1, 0, 0, 0]"
1744,Retry,"by default, we only retry on methods which are considered to be",0,"by default, we only retry on methods which are considered to be | Retry","[0, 1, 0, 0, 0]"
1745,Retry,idempotent multiple requests with the same parameters end with the,0,idempotent multiple requests with the same parameters end with the | Retry,"[0, 1, 0, 0, 0]"
1749,Retry,param iterable status forcelist,0,param iterable status forcelist | Retry,"[0, 1, 0, 0, 0]"
1750,Retry,a set of integer http status codes that we should force a retry on.,0,a set of integer http status codes that we should force a retry on. | Retry,"[0, 1, 0, 0, 0]"
1752,Retry,"by default, this is disabled with none .",0,"by default, this is disabled with none . | Retry","[0, 1, 0, 0, 0]"
1753,Retry,param float backoff factor,0,param float backoff factor | Retry,"[0, 1, 0, 0, 0]"
1755,Retry,most errors are resolved immediately by a second try without a,0,most errors are resolved immediately by a second try without a | Retry,"[0, 1, 0, 0, 0]"
1756,Retry,delay .,0,delay . | Retry,"[0, 1, 0, 0, 0]"
1757,Retry,urllib3 will sleep for,0,urllib3 will sleep for | Retry,"[0, 1, 0, 0, 0]"
1758,Retry,backoff factor 2 number of total retries 1,0,backoff factor 2 number of total retries 1 | Retry,"[0, 1, 0, 0, 0]"
1759,Retry,seconds.,0,seconds. | Retry,"[0, 1, 0, 0, 0]"
1760,Retry,"if the backoff factor is 01, then func ^sleep will sleep",0,"if the backoff factor is 01, then func ^sleep will sleep | Retry","[0, 1, 0, 0, 0]"
1761,Retry,"for 00s, 02s, 04s, .",0,"for 00s, 02s, 04s, . | Retry","[0, 1, 0, 0, 0]"
1765,Retry,"by default, backoff is disabled set to 0 .",0,"by default, backoff is disabled set to 0 . | Retry","[0, 1, 0, 0, 0]"
1766,Retry,"param bool raise on redirect whether, if the number of redirects is",0,"param bool raise on redirect whether, if the number of redirects is | Retry","[0, 1, 0, 0, 0]"
1768,Retry,response code in the 3xx range.,0,response code in the 3xx range. | Retry,"[0, 1, 0, 0, 0]"
1769,Retry,param bool raise on status similar meaning to raise on redirect,0,param bool raise on status similar meaning to raise on redirect | Retry,"[0, 1, 0, 0, 0]"
1770,Retry,"whether we should raise an exception, or return a response,",0,"whether we should raise an exception, or return a response, | Retry","[0, 1, 0, 0, 0]"
1771,Retry,if status falls in status forcelist range and retries have,0,if status falls in status forcelist range and retries have | Retry,"[0, 1, 0, 0, 0]"
1772,Retry,been exhausted.,0,been exhausted. | Retry,"[0, 1, 0, 0, 0]"
1773,Retry,param tuple history the history of the request encountered during,0,param tuple history the history of the request encountered during | Retry,"[0, 1, 0, 0, 0]"
1774,Retry,each call to meth retry^increment .,0,each call to meth retry^increment . | Retry,"[0, 1, 0, 0, 0]"
1775,Retry,the list is in the order,0,the list is in the order | Retry,"[0, 1, 0, 0, 0]"
1777,Retry,each list item is of class class requesthistory .,0,each list item is of class class requesthistory . | Retry,"[0, 1, 0, 0, 0]"
1778,Retry,param bool respect retry after header,0,param bool respect retry after header | Retry,"[0, 1, 0, 0, 0]"
1779,Retry,whether to respect retry after header on status codes defined as,0,whether to respect retry after header on status codes defined as | Retry,"[0, 1, 0, 0, 0]"
1780,Retry,attr retry^retry after status codes or not.,0,attr retry^retry after status codes or not. | Retry,"[0, 1, 0, 0, 0]"
1782,Retry,sequence of headers to remove from the request when a response,0,sequence of headers to remove from the request when a response | Retry,"[0, 1, 0, 0, 0]"
1783,Retry,indicating a redirect is returned before firing off the redirected,0,indicating a redirect is returned before firing off the redirected | Retry,"[0, 1, 0, 0, 0]"
1784,Retry,request.,0,request. | Retry,"[0, 1, 0, 0, 0]"
1785,SafeFileCache,a file based cache which is safe to use even when the target directory may,0,a file based cache which is safe to use even when the target directory may | SafeFileCache,"[0, 0, 0, 0, 1]"
1786,SafeFileCache,not be accessible or writable.,0,not be accessible or writable. | SafeFileCache,"[0, 0, 0, 0, 1]"
1788,SchemaValidatorMixin,validator.,0,validator. | SchemaValidatorMixin,"[0, 0, 0, 0, 1]"
1789,Session,a requests session.,0,a requests session. | Session,"[0, 0, 0, 0, 1]"
1790,Session,"provides cookie persistence, connection pooling, and configuration.",0,"provides cookie persistence, connection pooling, and configuration. | Session","[0, 0, 0, 0, 1]"
1793,Session,s requests^session,0,s requests^session | Session,"[1, 0, 0, 0, 0]"
1794,Session,s^get https httpbin^org get,0,s^get https httpbin^org get | Session,"[1, 0, 0, 0, 0]"
1795,Session,response 200,0,response 200 | Session,"[1, 0, 0, 0, 0]"
1796,Session,or as a context manager,0,or as a context manager | Session,"[1, 0, 0, 0, 0]"
1797,Session,with requests^session as s,0,with requests^session as s | Session,"[1, 0, 0, 0, 0]"
1798,Session,s^get https httpbin^org get,0,s^get https httpbin^org get | Session,"[1, 0, 0, 0, 0]"
1799,Session,response 200,0,response 200 | Session,"[1, 0, 0, 0, 0]"
1800,SkipTo,token for skipping over all undefined text until the matched,0,token for skipping over all undefined text until the matched | SkipTo,"[0, 0, 0, 0, 1]"
1801,SkipTo,expression is found.,0,expression is found. | SkipTo,"[0, 0, 0, 0, 1]"
1803,SkipTo,expr target expression marking the end of the data to be skipped,0,expr target expression marking the end of the data to be skipped | SkipTo,"[0, 1, 0, 0, 0]"
1804,SkipTo,"include default false if true, the target expression is also parsed",0,"include default false if true, the target expression is also parsed | SkipTo","[0, 1, 0, 0, 0]"
1806,SkipTo,ignore default none used to define grammars typically quoted strings and,0,ignore default none used to define grammars typically quoted strings and | SkipTo,"[0, 1, 0, 0, 0]"
1808,SkipTo,failon default none define expressions that are not allowed to be,0,failon default none define expressions that are not allowed to be | SkipTo,"[0, 1, 0, 0, 0]"
1810,SkipTo,the skipto is not a match,0,the skipto is not a match | SkipTo,"[0, 1, 0, 0, 0]"
1813,SkipTo,# severity description days open,0,# severity description days open | SkipTo,"[1, 0, 0, 0, 0]"
1814,SkipTo,101 critical intermittent system crash 6,0,101 critical intermittent system crash 6 | SkipTo,"[1, 0, 0, 0, 0]"
1816,SkipTo,integer word nums,0,integer word nums | SkipTo,"[1, 0, 0, 0, 0]"
1817,SkipTo,sep suppress,0,sep suppress | SkipTo,"[1, 0, 0, 0, 0]"
1818,SkipTo,# use skipto to simply match everything up until the next sep,0,# use skipto to simply match everything up until the next sep | SkipTo,"[1, 0, 0, 0, 0]"
1819,SkipTo,"# ignore quoted strings, so that a character inside a quoted string does not match",0,"# ignore quoted strings, so that a character inside a quoted string does not match | SkipTo","[1, 0, 0, 0, 0]"
1820,SkipTo,"# parse action will call token^strip for each matched token, ie, the description body",0,"# parse action will call token^strip for each matched token, ie, the description body | SkipTo","[1, 0, 0, 0, 0]"
1821,SkipTo,"string data skipto sep, ignore quotedstring",0,"string data skipto sep, ignore quotedstring | SkipTo","[1, 0, 0, 0, 0]"
1823,SkipTo,ticket expr integer issue num sep,0,ticket expr integer issue num sep | SkipTo,"[1, 0, 0, 0, 0]"
1824,SkipTo,string data sev sep,0,string data sev sep | SkipTo,"[1, 0, 0, 0, 0]"
1827,SkipTo,print tkt^dump,0,print tkt^dump | SkipTo,"[1, 0, 0, 0, 0]"
1828,SkipTo,prints,0,prints | SkipTo,"[1, 0, 0, 0, 0]"
1829,SkipTo,"101 , critical , intermittent system crash , 6",0,"101 , critical , intermittent system crash , 6 | SkipTo","[1, 0, 0, 0, 0]"
1830,SkipTo,days open 6,0,days open 6 | SkipTo,"[1, 0, 0, 0, 0]"
1832,SkipTo,issue num 101,0,issue num 101 | SkipTo,"[1, 0, 0, 0, 0]"
1834,SkipTo,"94 , cosmetic , spelling error on login log n , 14",0,"94 , cosmetic , spelling error on login log n , 14 | SkipTo","[1, 0, 0, 0, 0]"
1835,SkipTo,days open 14,0,days open 14 | SkipTo,"[1, 0, 0, 0, 0]"
1836,SkipTo,desc spelling error on login log n,0,desc spelling error on login log n | SkipTo,"[1, 0, 0, 0, 0]"
1838,SkipTo,sev cosmetic,0,sev cosmetic | SkipTo,"[1, 0, 0, 0, 0]"
1839,SkipTo,days open 47,0,days open 47 | SkipTo,"[1, 0, 0, 0, 0]"
1840,SkipTo,issue num 79,0,issue num 79 | SkipTo,"[1, 0, 0, 0, 0]"
1843,Token,token class.,0,token class. | Token,"[0, 0, 0, 0, 1]"
1845,TokenStreamIterator,iterate over the stream,0,iterate over the stream | TokenStreamIterator,"[0, 0, 0, 1, 0]"
1848,TreeBuilder,documentclass the class to use for the bottommost node of a document,0,documentclass the class to use for the bottommost node of a document | TreeBuilder,"[1, 0, 0, 0, 0]"
1849,TreeBuilder,elementclass the class to use for html elements,0,elementclass the class to use for html elements | TreeBuilder,"[1, 0, 0, 0, 0]"
1850,TreeBuilder,commentclass the class to use for comments,0,commentclass the class to use for comments | TreeBuilder,"[1, 0, 0, 0, 0]"
1851,TreeBuilder,doctypeclass the class to use for doctypes,0,doctypeclass the class to use for doctypes | TreeBuilder,"[1, 0, 0, 0, 0]"
1852,Trie,abstract base class for tries,0,abstract base class for tries | Trie,"[0, 0, 0, 0, 1]"
1855,UnlockError,base class for errors arising from attempts to release the lock.,0,base class for errors arising from attempts to release the lock. | UnlockError,"[0, 0, 0, 0, 1]"
1857,UnlockError,raise unlockerror,0,raise unlockerror | UnlockError,"[1, 0, 0, 0, 0]"
1861,_OpNamespace,an op namespace to dynamically bind operators into python.,0,an op namespace to dynamically bind operators into python. | _OpNamespace,"[1, 0, 1, 0, 1]"
1863,_OpNamespace,to,0,to | _OpNamespace,"[1, 0, 1, 0, 0]"
1868,_OpNamespace,"instead, the",0,"instead, the | _OpNamespace","[1, 0, 1, 0, 0]"
1873,_OpNamespace,"on the torch^ops object, which will create a new opnamespace",0,"on the torch^ops object, which will create a new opnamespace | _OpNamespace","[0, 0, 1, 0, 0]"
1879,_OpNamespace,torch^ops.my namespace^my op will then invoke getattr on,0,torch^ops.my namespace^my op will then invoke getattr on | _OpNamespace,"[0, 0, 1, 0, 0]"
1882,_OpNamespace,"torch^get operation , a function bound from c , and then in a similar",0,"torch^get operation , a function bound from c , and then in a similar | _OpNamespace","[0, 0, 1, 0, 0]"
1883,_OpNamespace,3,0,3 | _OpNamespace,"[1, 0, 1, 0, 0]"
1888,_OpNamespace,operation will already exist .,0,operation will already exist . | _OpNamespace,"[1, 0, 1, 0, 0]"
1889,Adadelta,implements adadelta algorithm.,0,implements adadelta algorithm. | Adadelta,"[0, 0, 0, 0, 1]"
1890,Adadelta,it has been proposed in adadelta an adaptive learning rate method .,0,it has been proposed in adadelta an adaptive learning rate method . | Adadelta,"[0, 0, 0, 0, 1]"
1891,Adadelta,arguments,0,arguments | Adadelta,"[0, 1, 0, 0, 0]"
1895,Adadelta,of squared gradients default 09,0,of squared gradients default 09 | Adadelta,"[0, 1, 0, 0, 0]"
1897,Adadelta,numerical stability default 1e 6,0,numerical stability default 1e 6 | Adadelta,"[0, 1, 0, 0, 0]"
1899,Adadelta,to the parameters default 10,0,to the parameters default 10 | Adadelta,"[0, 1, 0, 0, 0]"
1902,Adam,it has been proposed in adam a method for stochastic optimization .,0,it has been proposed in adam a method for stochastic optimization . | Adam,"[0, 0, 1, 0, 0]"
1903,Adam,arguments,0,arguments | Adam,"[0, 1, 0, 0, 0]"
1906,Adam,"lr float, optional learning rate default 1e 3",0,"lr float, optional learning rate default 1e 3 | Adam","[0, 1, 0, 0, 0]"
1908,Adam,"running averages of gradient and its square default 09, 0999",0,"running averages of gradient and its square default 09, 0999 | Adam","[0, 1, 0, 0, 0]"
1916,Adam,adam a method for stochastic optimization,0,adam a method for stochastic optimization | Adam,"[0, 0, 1, 0, 0]"
1918,Adam,on the convergence of adam and beyond,0,on the convergence of adam and beyond | Adam,"[0, 0, 1, 0, 0]"
1919,Adam,https openreview^net forum?id ryqu7f rz,0,https openreview^net forum?id ryqu7f rz | Adam,"[0, 0, 1, 0, 0]"
1921,Adamax,it has been proposed in adam a method for stochastic optimization .,0,it has been proposed in adam a method for stochastic optimization . | Adamax,"[0, 0, 0, 0, 1]"
1922,Adamax,arguments,0,arguments | Adamax,"[0, 1, 0, 0, 0]"
1925,Adamax,"lr float, optional learning rate default 2e 3",0,"lr float, optional learning rate default 2e 3 | Adamax","[0, 1, 0, 0, 0]"
1927,Adamax,running averages of gradient and its square,0,running averages of gradient and its square | Adamax,"[0, 1, 0, 0, 0]"
1932,AdaptiveMaxPool3d,"the output is of size d x h x w, for any input size.",0,"the output is of size d x h x w, for any input size. | AdaptiveMaxPool3d","[0, 0, 0, 1, 0]"
1933,AdaptiveMaxPool3d,the number of output features is equal to the number of input planes.,0,the number of output features is equal to the number of input planes. | AdaptiveMaxPool3d,"[0, 0, 0, 1, 0]"
1935,AdaptiveMaxPool3d,output size the target output size of the image of the form d x h x w.,0,output size the target output size of the image of the form d x h x w. | AdaptiveMaxPool3d,"[0, 1, 0, 0, 0]"
1936,AdaptiveMaxPool3d,"can be a tuple d, h, w or a single d for a cube d x d x d.",0,"can be a tuple d, h, w or a single d for a cube d x d x d. | AdaptiveMaxPool3d","[0, 1, 0, 0, 0]"
1938,AdaptiveMaxPool3d,be the same as that of the input.,0,be the same as that of the input. | AdaptiveMaxPool3d,"[0, 1, 0, 0, 0]"
1939,AdaptiveMaxPool3d,"return indices if true , will return the indices along with the outputs.",0,"return indices if true , will return the indices along with the outputs. | AdaptiveMaxPool3d","[0, 1, 0, 0, 0]"
1940,AdaptiveMaxPool3d,useful to pass to nn^maxunpool3d.,0,useful to pass to nn^maxunpool3d. | AdaptiveMaxPool3d,"[0, 1, 0, 0, 0]"
1943,AdaptiveMaxPool3d,# target output size of 5x7x9,0,# target output size of 5x7x9 | AdaptiveMaxPool3d,"[1, 0, 0, 0, 0]"
1944,AdaptiveMaxPool3d,"m nn^adaptivemaxpool3d 5,7,9",0,"m nn^adaptivemaxpool3d 5,7,9 | AdaptiveMaxPool3d","[1, 0, 0, 0, 0]"
1945,AdaptiveMaxPool3d,"input torch^randn 1, 64, 8, 9, 10",0,"input torch^randn 1, 64, 8, 9, 10 | AdaptiveMaxPool3d","[1, 0, 0, 0, 0]"
1946,AdaptiveMaxPool3d,output m input,0,output m input | AdaptiveMaxPool3d,"[1, 0, 0, 0, 0]"
1947,AdaptiveMaxPool3d,# target output size of 7x7x7 cube,0,# target output size of 7x7x7 cube | AdaptiveMaxPool3d,"[1, 0, 0, 0, 0]"
1948,AdaptiveMaxPool3d,m nn^adaptivemaxpool3d 7,0,m nn^adaptivemaxpool3d 7 | AdaptiveMaxPool3d,"[1, 0, 0, 0, 0]"
1949,AdaptiveMaxPool3d,"input torch^randn 1, 64, 10, 9, 8",0,"input torch^randn 1, 64, 10, 9, 8 | AdaptiveMaxPool3d","[1, 0, 0, 0, 0]"
1950,AdaptiveMaxPool3d,output m input,0,output m input | AdaptiveMaxPool3d,"[1, 0, 0, 0, 0]"
1951,AdaptiveMaxPool3d,# target output size of 7x9x8,0,# target output size of 7x9x8 | AdaptiveMaxPool3d,"[1, 0, 0, 0, 0]"
1953,AdaptiveMaxPool3d,output m input,0,output m input | AdaptiveMaxPool3d,"[1, 0, 0, 0, 0]"
1955,BatchNorm1d,applies batch normalization over a 2d or 3d input a mini batch of 1d,0,applies batch normalization over a 2d or 3d input a mini batch of 1d | BatchNorm1d,"[0, 0, 0, 0, 1]"
1956,BatchNorm1d,inputs with optional additional channel dimension as described in the paper,0,inputs with optional additional channel dimension as described in the paper | BatchNorm1d,"[0, 0, 0, 0, 1]"
1957,BatchNorm1d,batch normalization accelerating deep network training by reducing internal covariate shift .,0,batch normalization accelerating deep network training by reducing internal covariate shift . | BatchNorm1d,"[0, 0, 0, 0, 1]"
1959,BatchNorm1d,the mean and standard deviation are calculated per dimension over,0,the mean and standard deviation are calculated per dimension over | BatchNorm1d,"[0, 0, 0, 1, 0]"
1964,BatchNorm1d,the running estimates are kept with a default attr momentum,0,the running estimates are kept with a default attr momentum | BatchNorm1d,"[0, 0, 0, 1, 0]"
1968,BatchNorm1d,evaluation time as well.,0,evaluation time as well. | BatchNorm1d,"[0, 0, 0, 1, 0]"
1978,BatchNorm1d,"because the batch normalization is done over the c dimension, computing statistics",0,"because the batch normalization is done over the c dimension, computing statistics | BatchNorm1d","[0, 0, 1, 0, 0]"
1981,BatchNorm1d,num features math c from an expected input of size,0,num features math c from an expected input of size | BatchNorm1d,"[0, 1, 0, 1, 0]"
1984,BatchNorm1d,eps a value added to the denominator for numerical stability.,0,eps a value added to the denominator for numerical stability. | BatchNorm1d,"[0, 1, 0, 0, 0]"
1985,BatchNorm1d,default 1e 5,0,default 1e 5 | BatchNorm1d,"[0, 1, 0, 0, 0]"
1986,BatchNorm1d,momentum the value used for the running mean and running var,0,momentum the value used for the running mean and running var | BatchNorm1d,"[0, 1, 0, 0, 0]"
1987,BatchNorm1d,computation.,0,computation. | BatchNorm1d,"[0, 1, 0, 0, 0]"
1988,BatchNorm1d,can be set to none for cumulative moving average,0,can be set to none for cumulative moving average | BatchNorm1d,"[0, 1, 0, 0, 0]"
1989,BatchNorm1d,ie simple average .,0,ie simple average . | BatchNorm1d,"[0, 1, 0, 0, 0]"
1990,BatchNorm1d,default 01,0,default 01 | BatchNorm1d,"[0, 1, 0, 0, 0]"
1992,BatchNorm1d,learnable affine parameters.,0,learnable affine parameters. | BatchNorm1d,"[0, 1, 0, 0, 0]"
1993,BatchNorm1d,default true,0,default true | BatchNorm1d,"[0, 1, 0, 0, 0]"
1996,BatchNorm1d,this module does not track such statistics and always uses batch,0,this module does not track such statistics and always uses batch | BatchNorm1d,"[0, 1, 0, 0, 0]"
1997,BatchNorm1d,statistics in both training and eval modes.,0,statistics in both training and eval modes. | BatchNorm1d,"[0, 1, 0, 0, 0]"
1998,BatchNorm1d,default true,0,default true | BatchNorm1d,"[0, 1, 0, 0, 0]"
2000,BatchNorm1d,"input math n, c or math n, c, l",0,"input math n, c or math n, c, l | BatchNorm1d","[0, 0, 0, 1, 0]"
2003,BatchNorm1d,# with learnable parameters,0,# with learnable parameters | BatchNorm1d,"[1, 0, 0, 0, 0]"
2004,BatchNorm1d,m nn^batchnorm1d 100,0,m nn^batchnorm1d 100 | BatchNorm1d,"[1, 0, 0, 0, 0]"
2005,BatchNorm1d,# without learnable parameters,0,# without learnable parameters | BatchNorm1d,"[1, 0, 0, 0, 0]"
2007,BatchNorm1d,output m input,0,output m input | BatchNorm1d,"[1, 0, 0, 0, 0]"
2008,BCEWithLogitsLoss,this loss combines a sigmoid layer and the bceloss in one single,0,this loss combines a sigmoid layer and the bceloss in one single | BCEWithLogitsLoss,"[0, 0, 0, 0, 1]"
2009,BCEWithLogitsLoss,class.,0,class. | BCEWithLogitsLoss,"[0, 0, 0, 0, 1]"
2010,BCEWithLogitsLoss,this version is more numerically stable than using a plain sigmoid,0,this version is more numerically stable than using a plain sigmoid | BCEWithLogitsLoss,"[0, 0, 0, 0, 1]"
2013,BCEWithLogitsLoss,the unreduced ie with attr reduction set to none loss can be described as,0,the unreduced ie with attr reduction set to none loss can be described as | BCEWithLogitsLoss,"[0, 0, 0, 1, 0]"
2020,BCEWithLogitsLoss,"default mean , then",0,"default mean , then | BCEWithLogitsLoss","[0, 1, 0, 1, 0]"
2024,BCEWithLogitsLoss,"operatorname sum l , & text if reduction text sum .",0,"operatorname sum l , & text if reduction text sum . | BCEWithLogitsLoss","[0, 0, 0, 1, 0]"
2025,BCEWithLogitsLoss,end cases,0,end cases | BCEWithLogitsLoss,"[0, 0, 0, 1, 0]"
2026,BCEWithLogitsLoss,this is used for measuring the error of a reconstruction in for example,0,this is used for measuring the error of a reconstruction in for example | BCEWithLogitsLoss,"[0, 0, 0, 1, 0]"
2027,BCEWithLogitsLoss,an auto encoder.,0,an auto encoder. | BCEWithLogitsLoss,"[0, 0, 0, 1, 0]"
2028,BCEWithLogitsLoss,note that the targets t i should be numbers,0,note that the targets t i should be numbers | BCEWithLogitsLoss,"[0, 0, 1, 1, 0]"
2029,BCEWithLogitsLoss,between 0 and 1.,0,between 0 and 1. | BCEWithLogitsLoss,"[0, 0, 1, 1, 0]"
2030,BCEWithLogitsLoss,it s possible to trade off recall and precision by adding weights to positive examples.,0,it s possible to trade off recall and precision by adding weights to positive examples. | BCEWithLogitsLoss,"[1, 0, 0, 1, 0]"
2031,BCEWithLogitsLoss,in the case of multi label classification the loss can be described as,0,in the case of multi label classification the loss can be described as | BCEWithLogitsLoss,"[0, 0, 0, 1, 0]"
2033,BCEWithLogitsLoss,"ell c x, y l c l 1,c , dots,l n,c ^ top, quad",0,"ell c x, y l c l 1,c , dots,l n,c ^ top, quad | BCEWithLogitsLoss","[0, 0, 0, 1, 0]"
2035,BCEWithLogitsLoss,"1 y n,c cdot log 1 sigma x n,c right ,",0,"1 y n,c cdot log 1 sigma x n,c right , | BCEWithLogitsLoss","[0, 0, 0, 1, 0]"
2036,BCEWithLogitsLoss,"for example, if a dataset contains 100 positive and 300 negative examples of a single class,",0,"for example, if a dataset contains 100 positive and 300 negative examples of a single class, | BCEWithLogitsLoss","[1, 0, 0, 0, 0]"
2038,BCEWithLogitsLoss,the loss would act as if the dataset contains math 3 times 100 300 positive examples.,0,the loss would act as if the dataset contains math 3 times 100 300 positive examples. | BCEWithLogitsLoss,"[1, 0, 0, 1, 0]"
2040,BCEWithLogitsLoss,"target torch^ones 10, 64 , dtype torch^float32 # 64 classes, batch size 10",0,"target torch^ones 10, 64 , dtype torch^float32 # 64 classes, batch size 10 | BCEWithLogitsLoss","[1, 0, 0, 0, 0]"
2041,BCEWithLogitsLoss,"output torch^full 10, 64 , 0999 # a prediction logit",0,"output torch^full 10, 64 , 0999 # a prediction logit | BCEWithLogitsLoss","[1, 0, 0, 0, 0]"
2044,BCEWithLogitsLoss,"criterion output, target # log sigmoid 0999",0,"criterion output, target # log sigmoid 0999 | BCEWithLogitsLoss","[1, 0, 0, 0, 0]"
2047,BCEWithLogitsLoss,"weight tensor, optional a manual rescaling weight given to the loss",0,"weight tensor, optional a manual rescaling weight given to the loss | BCEWithLogitsLoss","[0, 1, 0, 0, 0]"
2048,BCEWithLogitsLoss,of each batch element.,0,of each batch element. | BCEWithLogitsLoss,"[0, 1, 0, 0, 0]"
2049,BCEWithLogitsLoss,"if given, has to be a tensor of size nbatch .",0,"if given, has to be a tensor of size nbatch . | BCEWithLogitsLoss","[0, 1, 0, 0, 0]"
2050,BCEWithLogitsLoss,"size average bool, optional deprecated see attr reduction .",0,"size average bool, optional deprecated see attr reduction . | BCEWithLogitsLoss","[0, 1, 0, 0, 0]"
2051,BCEWithLogitsLoss,"by default,",0,"by default, | BCEWithLogitsLoss","[0, 1, 0, 0, 0]"
2052,BCEWithLogitsLoss,the losses are averaged over each loss element in the batch.,0,the losses are averaged over each loss element in the batch. | BCEWithLogitsLoss,"[0, 1, 0, 0, 0]"
2054,BCEWithLogitsLoss,"some losses, there are multiple elements per sample.",0,"some losses, there are multiple elements per sample. | BCEWithLogitsLoss","[0, 1, 0, 0, 0]"
2055,BCEWithLogitsLoss,if the field attr size average,0,if the field attr size average | BCEWithLogitsLoss,"[0, 1, 0, 0, 0]"
2060,BCEWithLogitsLoss,"reduce bool, optional deprecated see attr reduction .",0,"reduce bool, optional deprecated see attr reduction . | BCEWithLogitsLoss","[0, 1, 0, 0, 0]"
2061,BCEWithLogitsLoss,losses are averaged or summed over observations for each minibatch depending,0,losses are averaged or summed over observations for each minibatch depending | BCEWithLogitsLoss,"[0, 1, 0, 0, 0]"
2062,BCEWithLogitsLoss,on attr size average .,0,on attr size average . | BCEWithLogitsLoss,"[0, 1, 0, 0, 0]"
2063,BCEWithLogitsLoss,"when attr reduce is false , returns a loss per",0,"when attr reduce is false , returns a loss per | BCEWithLogitsLoss","[0, 1, 0, 0, 0]"
2064,BCEWithLogitsLoss,batch element instead and ignores attr size average .,0,batch element instead and ignores attr size average . | BCEWithLogitsLoss,"[0, 1, 0, 0, 0]"
2065,BCEWithLogitsLoss,default true,0,default true | BCEWithLogitsLoss,"[0, 1, 0, 0, 0]"
2066,BCEWithLogitsLoss,"reduction string, optional specifies the reduction to apply to the output",0,"reduction string, optional specifies the reduction to apply to the output | BCEWithLogitsLoss","[0, 1, 0, 0, 0]"
2067,BCEWithLogitsLoss,none mean sum .,0,none mean sum . | BCEWithLogitsLoss,"[0, 1, 0, 0, 0]"
2072,BCEWithLogitsLoss,"and attr reduce are in the process of being deprecated, and in the meantime,",0,"and attr reduce are in the process of being deprecated, and in the meantime, | BCEWithLogitsLoss","[0, 1, 0, 0, 0]"
2073,BCEWithLogitsLoss,default mean,0,default mean | BCEWithLogitsLoss,"[0, 1, 0, 0, 0]"
2074,BCEWithLogitsLoss,"pos weight tensor, optional a weight of positive examples.",0,"pos weight tensor, optional a weight of positive examples. | BCEWithLogitsLoss","[1, 1, 0, 0, 0]"
2075,BCEWithLogitsLoss,must be a vector with length equal to the number of classes.,0,must be a vector with length equal to the number of classes. | BCEWithLogitsLoss,"[0, 1, 0, 0, 0]"
2077,BCEWithLogitsLoss,"input math n, where math means, any number of additional dimensions",0,"input math n, where math means, any number of additional dimensions | BCEWithLogitsLoss","[0, 1, 0, 1, 0]"
2078,BCEWithLogitsLoss,"target math n, , same shape as the input",0,"target math n, , same shape as the input | BCEWithLogitsLoss","[0, 0, 0, 1, 0]"
2079,BCEWithLogitsLoss,output scalar.,0,output scalar. | BCEWithLogitsLoss,"[0, 1, 0, 0, 0]"
2080,BCEWithLogitsLoss,"if attr reduction is none , then math n, , same",0,"if attr reduction is none , then math n, , same | BCEWithLogitsLoss","[0, 1, 0, 1, 0]"
2082,BCEWithLogitsLoss,loss nn^bcewithlogitsloss,0,loss nn^bcewithlogitsloss | BCEWithLogitsLoss,"[1, 0, 0, 0, 0]"
2083,BCEWithLogitsLoss,"input torch^randn 3, requires grad true",0,"input torch^randn 3, requires grad true | BCEWithLogitsLoss","[1, 0, 0, 0, 0]"
2085,BCEWithLogitsLoss,"output loss input, target",0,"output loss input, target | BCEWithLogitsLoss","[1, 0, 0, 0, 0]"
2086,BCEWithLogitsLoss,output^backward,0,output^backward | BCEWithLogitsLoss,"[1, 0, 0, 0, 0]"
2089,BuildType,if attr cmake build type env,0,if attr cmake build type env | BuildType,"[1, 0, 0, 0, 0]"
2091,BuildType,"if cmakecache^txt does not exist,",0,"if cmakecache^txt does not exist, | BuildType","[1, 0, 0, 0, 0]"
2093,BuildType,arguments,0,arguments | BuildType,"[0, 1, 0, 0, 0]"
2095,Caffe2OperatorTestCase,this class includes all the information needed to benchmark an operator.,0,this class includes all the information needed to benchmark an operator. | Caffe2OperatorTestCase,"[0, 0, 0, 0, 1]"
2096,Caffe2OperatorTestCase,op bench it s a user defined class child of caffe2benchmarkbase,0,op bench it s a user defined class child of caffe2benchmarkbase | Caffe2OperatorTestCase,"[0, 0, 0, 1, 0]"
2101,ConstantPad3d,pads the input tensor boundaries with a constant value.,0,pads the input tensor boundaries with a constant value. | ConstantPad3d,"[0, 0, 0, 0, 1]"
2102,ConstantPad3d,"for n dimensional padding, use func torch^nn.functional^pad .",0,"for n dimensional padding, use func torch^nn.functional^pad . | ConstantPad3d","[1, 0, 0, 0, 0]"
2104,ConstantPad3d,"padding int, tuple the size of the padding.",0,"padding int, tuple the size of the padding. | ConstantPad3d","[0, 1, 0, 0, 0]"
2106,ConstantPad3d,padding in all boundaries.,0,padding in all boundaries. | ConstantPad3d,"[0, 1, 0, 0, 0]"
2108,ConstantPad3d,"math text padding left , math text padding right ,",0,"math text padding left , math text padding right , | ConstantPad3d","[0, 1, 0, 0, 0]"
2112,ConstantPad3d,"m nn^constantpad3d 3, 35",0,"m nn^constantpad3d 3, 35 | ConstantPad3d","[1, 0, 0, 0, 0]"
2114,ConstantPad3d,output m input,0,output m input | ConstantPad3d,"[1, 0, 0, 0, 0]"
2115,ConstantPad3d,# using different paddings for different sides,0,# using different paddings for different sides | ConstantPad3d,"[1, 0, 0, 0, 0]"
2117,ConstantPad3d,output m input,0,output m input | ConstantPad3d,"[1, 0, 0, 0, 0]"
2119,Conv3d,planes.,0,planes. | Conv3d,"[0, 0, 0, 0, 1]"
2121,Conv3d,"and output math n, c out , d out , h out , w out can be precisely described as",0,"and output math n, c out , d out , h out , w out can be precisely described as | Conv3d","[0, 0, 0, 1, 0]"
2123,Conv3d,"out n i, c out j bias c out j",0,"out n i, c out j bias c out j | Conv3d","[0, 0, 0, 1, 0]"
2125,Conv3d,attr stride controls the stride for the cross correlation.,0,attr stride controls the stride for the cross correlation. | Conv3d,"[0, 1, 0, 0, 0]"
2127,Conv3d,sides for attr padding number of points for each dimension.,0,sides for attr padding number of points for each dimension. | Conv3d,"[0, 1, 0, 0, 0]"
2129,Conv3d,"it is harder to describe, but this link has a nice visualization of what attr dilation does.",0,"it is harder to describe, but this link has a nice visualization of what attr dilation does. | Conv3d","[0, 1, 0, 0, 0]"
2131,Conv3d,attr in channels and attr out channels must both be divisible by,0,attr in channels and attr out channels must both be divisible by | Conv3d,"[0, 1, 0, 0, 0]"
2134,Conv3d,"at groups 2, the operation becomes equivalent to having two conv",0,"at groups 2, the operation becomes equivalent to having two conv | Conv3d","[0, 0, 0, 0, 1]"
2135,Conv3d,"layers side by side, each seeing half the input channels,",0,"layers side by side, each seeing half the input channels, | Conv3d","[0, 0, 0, 0, 1]"
2137,Conv3d,concatenated.,0,concatenated. | Conv3d,"[0, 0, 0, 0, 1]"
2138,Conv3d,"at groups attr in channels , each input channel is convolved with",0,"at groups attr in channels , each input channel is convolved with | Conv3d","[0, 0, 0, 0, 1]"
2139,Conv3d,"its own set of filters, of size",0,"its own set of filters, of size | Conv3d","[0, 0, 0, 0, 1]"
2140,Conv3d,math left lfloor frac out channels in channels right rfloor .,0,math left lfloor frac out channels in channels right rfloor . | Conv3d,"[0, 0, 0, 1, 1]"
2145,Conv3d,"a tuple of three ints in which case, the first int is used for the depth dimension,",0,"a tuple of three ints in which case, the first int is used for the depth dimension, | Conv3d","[0, 1, 0, 0, 1]"
2153,Conv3d,kernel size int or tuple size of the convolving kernel,0,kernel size int or tuple size of the convolving kernel | Conv3d,"[0, 1, 0, 0, 0]"
2157,Conv3d,default 0,0,default 0 | Conv3d,"[0, 1, 0, 0, 0]"
2159,Conv3d,accepted values zeros and circular default zeros,0,accepted values zeros and circular default zeros | Conv3d,"[0, 1, 0, 0, 0]"
2162,Conv3d,"groups int, optional number of blocked connections from input channels to output channels.",0,"groups int, optional number of blocked connections from input channels to output channels. | Conv3d","[0, 1, 0, 0, 0]"
2165,Conv3d,default true,0,default true | Conv3d,"[0, 1, 0, 0, 0]"
2166,Conv3d,"input math n, c in , d in , h in , w in",0,"input math n, c in , d in , h in , w in | Conv3d","[0, 0, 0, 1, 0]"
2167,Conv3d,"output math n, c out , d out , h out , w out where",0,"output math n, c out , d out , h out , w out where | Conv3d","[0, 0, 0, 1, 0]"
2172,Conv3d,weight tensor the learnable weights of the module of shape,0,weight tensor the learnable weights of the module of shape | Conv3d,"[0, 0, 0, 1, 0]"
2173,Conv3d,the values of these weights are sampled from,0,the values of these weights are sampled from | Conv3d,"[0, 0, 0, 1, 0]"
2174,Conv3d,math k frac 1 c text in prod i 0 ^ 2 text kernel size i,0,math k frac 1 c text in prod i 0 ^ 2 text kernel size i | Conv3d,"[0, 0, 0, 1, 0]"
2175,Conv3d,bias tensor the learnable bias of the module of shape out channels .,0,bias tensor the learnable bias of the module of shape out channels . | Conv3d,"[0, 0, 0, 1, 0]"
2178,Conv3d,"sampled from math mathcal u sqrt k , sqrt k where",0,"sampled from math mathcal u sqrt k , sqrt k where | Conv3d","[0, 0, 0, 1, 0]"
2179,Conv3d,math k frac 1 c text in prod i 0 ^ 2 text kernel size i,0,math k frac 1 c text in prod i 0 ^ 2 text kernel size i | Conv3d,"[0, 0, 0, 1, 0]"
2181,Conv3d,# with square kernels and equal stride,0,# with square kernels and equal stride | Conv3d,"[1, 0, 0, 0, 0]"
2182,Conv3d,"m nn^conv3d 16, 33, 3, stride 2",0,"m nn^conv3d 16, 33, 3, stride 2 | Conv3d","[1, 0, 0, 0, 0]"
2183,Conv3d,# non square kernels and unequal stride and with padding,0,# non square kernels and unequal stride and with padding | Conv3d,"[1, 0, 0, 0, 0]"
2184,Conv3d,"m nn^conv3d 16, 33, 3, 5, 2 , stride 2, 1, 1 , padding 4, 2, 0",0,"m nn^conv3d 16, 33, 3, 5, 2 , stride 2, 1, 1 , padding 4, 2, 0 | Conv3d","[1, 0, 0, 0, 0]"
2185,Conv3d,"input torch^randn 20, 16, 10, 50, 100",0,"input torch^randn 20, 16, 10, 50, 100 | Conv3d","[1, 0, 0, 0, 0]"
2186,Conv3d,output m input,0,output m input | Conv3d,"[1, 0, 0, 0, 0]"
2194,CyclicLR,the policy cycles the learning,0,the policy cycles the learning | CyclicLR,"[0, 0, 0, 0, 1]"
2196,CyclicLR,the paper cyclical learning rates for training neural networks .,0,the paper cyclical learning rates for training neural networks . | CyclicLR,"[0, 0, 0, 0, 1]"
2198,CyclicLR,or per cycle basis.,0,or per cycle basis. | CyclicLR,"[0, 0, 0, 0, 1]"
2199,CyclicLR,cyclical learning rate policy changes the learning rate after every batch.,0,cyclical learning rate policy changes the learning rate after every batch. | CyclicLR,"[0, 0, 0, 1, 0]"
2202,CyclicLR,triangular2 a basic triangular cycle that scales initial amplitude by half each cycle.,0,triangular2 a basic triangular cycle that scales initial amplitude by half each cycle. | CyclicLR,"[0, 1, 0, 1, 0]"
2205,CyclicLR,at each cycle iteration.,0,at each cycle iteration. | CyclicLR,"[0, 1, 0, 1, 0]"
2207,CyclicLR,"optimizer torch^optim.sgd model^parameters , lr 01, momentum 09",0,"optimizer torch^optim.sgd model^parameters , lr 01, momentum 09 | CyclicLR","[1, 0, 0, 0, 0]"
2208,CyclicLR,"scheduler torch^optim.lr scheduler^cycliclr optimizer, base lr 001, max lr 01",0,"scheduler torch^optim.lr scheduler^cycliclr optimizer, base lr 001, max lr 01 | CyclicLR","[1, 0, 0, 0, 0]"
2209,CyclicLR,data loader torch^utils.data^dataloader .,0,data loader torch^utils.data^dataloader . | CyclicLR,"[1, 0, 0, 0, 0]"
2210,CyclicLR,for epoch in range 10,0,for epoch in range 10 | CyclicLR,"[1, 0, 0, 0, 0]"
2211,CyclicLR,for batch in data loader,0,for batch in data loader | CyclicLR,"[1, 0, 0, 0, 0]"
2212,CyclicLR,train batch .,0,train batch . | CyclicLR,"[1, 0, 0, 0, 0]"
2216,DeQuantStub,this will be swapped as nnq^dequantize in convert .,0,this will be swapped as nnq^dequantize in convert . | DeQuantStub,"[0, 0, 0, 1, 1]"
2217,DiagonalTensor,a class with torch function and a specific diagonal representation,0,a class with torch function and a specific diagonal representation | DiagonalTensor,"[0, 0, 0, 0, 1]"
2218,DiagonalTensor,this class has limited utility and is mostly useful for verifying that the,0,this class has limited utility and is mostly useful for verifying that the | DiagonalTensor,"[1, 0, 0, 1, 0]"
2219,DiagonalTensor,dispatch mechanism works as expected.,0,dispatch mechanism works as expected. | DiagonalTensor,"[1, 0, 0, 0, 0]"
2220,DiagonalTensor,it is based on the diagonalarray,0,it is based on the diagonalarray | DiagonalTensor,"[1, 0, 0, 1, 0]"
2221,DiagonalTensor,example in the numpy documentation.,0,example in the numpy documentation. | DiagonalTensor,"[1, 0, 0, 1, 0]"
2223,DiagonalTensor,diagonaltensor represents a 2d tensor with n rows and columns that has,0,diagonaltensor represents a 2d tensor with n rows and columns that has | DiagonalTensor,"[0, 0, 0, 1, 0]"
2225,DiagonalTensor,the,0,the | DiagonalTensor,"[0, 0, 0, 1, 0]"
2226,DiagonalTensor,main functionality of diagonaltensor is to provide a more compact,0,main functionality of diagonaltensor is to provide a more compact | DiagonalTensor,"[0, 0, 0, 1, 0]"
2228,EmbeddingBag,intermediate embeddings.,0,intermediate embeddings. | EmbeddingBag,"[0, 0, 0, 0, 1]"
2229,EmbeddingBag,"for bags of constant length and no attr per sample weights , this class",0,"for bags of constant length and no attr per sample weights , this class | EmbeddingBag","[0, 0, 1, 0, 0]"
2230,EmbeddingBag,"with mode sum is equivalent to class torch^nn.embedding followed by torch^sum dim 0 ,",0,"with mode sum is equivalent to class torch^nn.embedding followed by torch^sum dim 0 , | EmbeddingBag","[0, 0, 1, 0, 0]"
2231,EmbeddingBag,"with mode mean is equivalent to class torch^nn.embedding followed by torch^mean dim 0 ,",0,"with mode mean is equivalent to class torch^nn.embedding followed by torch^mean dim 0 , | EmbeddingBag","[0, 0, 1, 0, 0]"
2233,EmbeddingBag,"however, class torch^nn.embeddingbag is much more time and memory efficient than using a chain of these",0,"however, class torch^nn.embeddingbag is much more time and memory efficient than using a chain of these | EmbeddingBag","[0, 0, 1, 0, 0]"
2234,EmbeddingBag,operations.,0,operations. | EmbeddingBag,"[0, 0, 1, 0, 0]"
2235,EmbeddingBag,embeddingbag also supports per sample weights as an argument to the forward,0,embeddingbag also supports per sample weights as an argument to the forward | EmbeddingBag,"[0, 0, 1, 0, 0]"
2238,EmbeddingBag,reduction as specified by mode .,0,reduction as specified by mode . | EmbeddingBag,"[0, 0, 1, 0, 0]"
2239,EmbeddingBag,"if attr per sample weights is passed, the",0,"if attr per sample weights is passed, the | EmbeddingBag","[0, 0, 1, 0, 0]"
2240,EmbeddingBag,"only supported mode is sum , which computes a weighted sum according to",0,"only supported mode is sum , which computes a weighted sum according to | EmbeddingBag","[0, 0, 1, 0, 0]"
2246,EmbeddingBag,is renormalized to have norm attr max norm .,0,is renormalized to have norm attr max norm . | EmbeddingBag,"[0, 1, 0, 0, 0]"
2247,EmbeddingBag,"norm type float, optional the p of the p norm to compute for the attr max norm option.",0,"norm type float, optional the p of the p norm to compute for the attr max norm option. | EmbeddingBag","[0, 1, 0, 0, 0]"
2248,EmbeddingBag,default 2 .,0,default 2 . | EmbeddingBag,"[0, 1, 0, 0, 0]"
2249,EmbeddingBag,"scale grad by freq boolean, optional if given, this will scale gradients by the inverse of frequency of",0,"scale grad by freq boolean, optional if given, this will scale gradients by the inverse of frequency of | EmbeddingBag","[0, 1, 0, 0, 0]"
2252,EmbeddingBag,"mode string, optional sum , mean or max .",0,"mode string, optional sum , mean or max . | EmbeddingBag","[0, 1, 0, 0, 0]"
2254,EmbeddingBag,"sum computes the weighted sum, taking attr per sample weights",0,"sum computes the weighted sum, taking attr per sample weights | EmbeddingBag","[0, 1, 0, 0, 0]"
2255,EmbeddingBag,into consideration.,0,into consideration. | EmbeddingBag,"[0, 1, 0, 0, 0]"
2256,EmbeddingBag,mean computes the average of the values,0,mean computes the average of the values | EmbeddingBag,"[0, 1, 0, 0, 0]"
2258,EmbeddingBag,default mean,0,default mean | EmbeddingBag,"[0, 1, 0, 0, 0]"
2259,EmbeddingBag,"sparse bool, optional if true , gradient w^r.t. attr weight matrix will be a sparse tensor.",0,"sparse bool, optional if true , gradient w^r.t. attr weight matrix will be a sparse tensor. | EmbeddingBag","[0, 1, 0, 0, 0]"
2261,EmbeddingBag,notes for more details regarding sparse gradients.,0,notes for more details regarding sparse gradients. | EmbeddingBag,"[0, 1, 0, 0, 0]"
2263,EmbeddingBag,supported when mode max .,0,supported when mode max . | EmbeddingBag,"[0, 1, 0, 0, 0]"
2265,EmbeddingBag,"weight tensor the learnable weights of the module of shape num embeddings, embedding dim",0,"weight tensor the learnable weights of the module of shape num embeddings, embedding dim | EmbeddingBag","[0, 0, 0, 1, 0]"
2266,EmbeddingBag,"initialized from math mathcal n 0, 1 .",0,"initialized from math mathcal n 0, 1 . | EmbeddingBag","[0, 0, 0, 1, 0]"
2268,EmbeddingBag,"attr per index weights tensor, optional",0,"attr per index weights tensor, optional | EmbeddingBag","[0, 0, 0, 1, 0]"
2269,EmbeddingBag,"if attr input is 2d of shape b, n ,",0,"if attr input is 2d of shape b, n , | EmbeddingBag","[0, 0, 0, 1, 0]"
2270,EmbeddingBag,"it will be treated as b bags sequences each of fixed length n , and",0,"it will be treated as b bags sequences each of fixed length n , and | EmbeddingBag","[0, 0, 0, 1, 0]"
2271,EmbeddingBag,this will return b values aggregated in a way depending on the attr mode .,0,this will return b values aggregated in a way depending on the attr mode . | EmbeddingBag,"[0, 0, 0, 1, 0]"
2272,EmbeddingBag,attr offsets is ignored and required to be none in this case.,0,attr offsets is ignored and required to be none in this case. | EmbeddingBag,"[0, 0, 0, 1, 0]"
2274,EmbeddingBag,it will be treated as a concatenation of multiple bags sequences .,0,it will be treated as a concatenation of multiple bags sequences . | EmbeddingBag,"[0, 0, 0, 1, 0]"
2276,EmbeddingBag,starting index positions of each bag in attr input .,0,starting index positions of each bag in attr input . | EmbeddingBag,"[0, 0, 0, 1, 0]"
2277,EmbeddingBag,"therefore,",0,"therefore, | EmbeddingBag","[0, 0, 0, 1, 0]"
2280,EmbeddingBag,"empty bags ie, having 0 length will have",0,"empty bags ie, having 0 length will have | EmbeddingBag","[0, 0, 0, 1, 0]"
2281,EmbeddingBag,returned vectors filled by zeros.,0,returned vectors filled by zeros. | EmbeddingBag,"[0, 0, 0, 1, 0]"
2282,EmbeddingBag,"per sample weights tensor, optional a tensor of float double weights, or none",0,"per sample weights tensor, optional a tensor of float double weights, or none | EmbeddingBag","[0, 0, 0, 1, 0]"
2283,EmbeddingBag,to indicate all weights should be taken to be 1 .,0,to indicate all weights should be taken to be 1 . | EmbeddingBag,"[0, 0, 0, 1, 0]"
2287,EmbeddingBag,only supported for mode sum .,0,only supported for mode sum . | EmbeddingBag,"[0, 0, 0, 1, 0]"
2290,EmbeddingBag,"embedding sum nn^embeddingbag 10, 3, mode sum",0,"embedding sum nn^embeddingbag 10, 3, mode sum | EmbeddingBag","[1, 0, 0, 0, 0]"
2291,EmbeddingBag,# a batch of 2 samples of 4 indices each,0,# a batch of 2 samples of 4 indices each | EmbeddingBag,"[1, 0, 0, 0, 0]"
2294,EmbeddingBag,"embedding sum input, offsets",0,"embedding sum input, offsets | EmbeddingBag","[1, 0, 0, 0, 0]"
2296,EmbeddingBag,"11306, 25798, 10044",0,"11306, 25798, 10044 | EmbeddingBag","[1, 0, 0, 0, 0]"
2297,EnforceUnique,raises an error if a key is seen more than once.,0,raises an error if a key is seen more than once. | EnforceUnique,"[0, 0, 0, 0, 1]"
2298,Error,each error is a section in the output of cuda memcheck.,0,each error is a section in the output of cuda memcheck. | Error,"[0, 0, 0, 0, 1]"
2299,Error,each error in the report has an error message and a backtrace.,0,each error in the report has an error message and a backtrace. | Error,"[0, 0, 0, 1, 0]"
2303,ExternalInitializer,executed.,0,executed. | ExternalInitializer,"[1, 0, 0, 0, 0]"
2304,ExternalInitializer,current version is not doing any real sanity checks to the parameter.,0,current version is not doing any real sanity checks to the parameter. | ExternalInitializer,"[0, 0, 1, 0, 0]"
2305,FisherSnedecor,creates a fisher snedecor distribution parameterized by attr df1 and attr df2 .,0,creates a fisher snedecor distribution parameterized by attr df1 and attr df2 . | FisherSnedecor,"[0, 0, 0, 0, 1]"
2307,FisherSnedecor,"m fishersnedecor torch^tensor 10 , torch^tensor 20",0,"m fishersnedecor torch^tensor 10 , torch^tensor 20 | FisherSnedecor","[1, 0, 0, 0, 0]"
2309,FisherSnedecor,tensor 02453,0,tensor 02453 | FisherSnedecor,"[1, 0, 0, 0, 0]"
2311,FisherSnedecor,df1 float or tensor degrees of freedom parameter 1,0,df1 float or tensor degrees of freedom parameter 1 | FisherSnedecor,"[0, 1, 0, 0, 0]"
2313,LastNWindowCollector,collect last n samples from input record.,0,collect last n samples from input record. | LastNWindowCollector,"[0, 0, 0, 0, 1]"
2320,LBFGS,param bytes history size 1 bytes .,0,param bytes history size 1 bytes . | LBFGS,"[0, 0, 1, 0, 0]"
2321,LBFGS,if it doesn t fit in memory,0,if it doesn t fit in memory | LBFGS,"[0, 0, 1, 0, 0]"
2323,LBFGS,arguments,0,arguments | LBFGS,"[0, 1, 0, 0, 0]"
2330,LBFGS,default 1e 5 .,0,default 1e 5 . | LBFGS,"[0, 1, 0, 0, 0]"
2332,LBFGS,value parameter changes default 1e 9 .,0,value parameter changes default 1e 9 . | LBFGS,"[0, 1, 0, 0, 0]"
2334,LBFGS,line search fn str either strong wolfe or none default none .,0,line search fn str either strong wolfe or none default none . | LBFGS,"[0, 1, 0, 0, 0]"
2337,Module,a tree structure.,0,a tree structure. | Module,"[0, 0, 0, 1, 0]"
2340,Module,import torch^nn.functional as f,0,import torch^nn.functional as f | Module,"[1, 0, 0, 0, 0]"
2343,Module,"super model, self .",0,"super model, self . | Module","[1, 0, 0, 0, 0]"
2344,Module,init,0,init | Module,"[1, 0, 0, 0, 0]"
2345,Module,"self^conv1 nn^conv2d 1, 20, 5",0,"self^conv1 nn^conv2d 1, 20, 5 | Module","[1, 0, 0, 0, 0]"
2346,Module,"self^conv2 nn^conv2d 20, 20, 5",0,"self^conv2 nn^conv2d 20, 20, 5 | Module","[1, 0, 0, 0, 0]"
2347,Module,"def forward self, x",0,"def forward self, x | Module","[1, 0, 0, 0, 0]"
2349,Module,return f^relu self^conv2 x,0,return f^relu self^conv2 x | Module,"[1, 0, 0, 0, 0]"
2350,Module,"submodules assigned in this way will be registered, and will have their",0,"submodules assigned in this way will be registered, and will have their | Module","[0, 0, 0, 1, 0]"
2351,Module,"parameters converted too when you call meth to , etc",0,"parameters converted too when you call meth to , etc | Module","[0, 0, 0, 1, 0]"
2352,MultiLabelMarginLoss,creates a criterion that optimizes a multi class multi classification,0,creates a criterion that optimizes a multi class multi classification | MultiLabelMarginLoss,"[0, 0, 0, 0, 1]"
2353,MultiLabelMarginLoss,hinge loss margin based loss between input math x a 2d mini batch tensor,0,hinge loss margin based loss between input math x a 2d mini batch tensor | MultiLabelMarginLoss,"[0, 0, 0, 1, 1]"
2354,MultiLabelMarginLoss,and output math y which is a 2d tensor of target class indices .,0,and output math y which is a 2d tensor of target class indices . | MultiLabelMarginLoss,"[0, 0, 0, 1, 1]"
2355,MultiLabelMarginLoss,for each sample in the mini batch,0,for each sample in the mini batch | MultiLabelMarginLoss,"[0, 0, 0, 1, 0]"
2357,MultiLabelMarginLoss,"text loss x, y sum ij frac max 0, 1 x y j x i text x^size 0",0,"text loss x, y sum ij frac max 0, 1 x y j x i text x^size 0 | MultiLabelMarginLoss","[1, 0, 0, 1, 0]"
2358,MultiLabelMarginLoss,the criterion only considers a contiguous block of non negative targets that,0,the criterion only considers a contiguous block of non negative targets that | MultiLabelMarginLoss,"[0, 0, 0, 1, 0]"
2359,MultiLabelMarginLoss,starts at the front.,0,starts at the front. | MultiLabelMarginLoss,"[0, 0, 0, 1, 0]"
2360,MultiLabelMarginLoss,this allows for different samples to have variable amounts of target classes.,0,this allows for different samples to have variable amounts of target classes. | MultiLabelMarginLoss,"[0, 0, 0, 1, 0]"
2364,MultiLabelMarginLoss,the losses are averaged over each loss element in the batch.,0,the losses are averaged over each loss element in the batch. | MultiLabelMarginLoss,"[0, 1, 0, 0, 0]"
2369,MultiLabelMarginLoss,ignored,0,ignored | MultiLabelMarginLoss,"[0, 1, 0, 0, 0]"
2370,MultiLabelMarginLoss,when reduce is false .,0,when reduce is false . | MultiLabelMarginLoss,"[0, 1, 0, 0, 0]"
2371,MultiLabelMarginLoss,default true,0,default true | MultiLabelMarginLoss,"[0, 1, 0, 0, 0]"
2372,MultiLabelMarginLoss,"reduce bool, optional deprecated see attr reduction .",0,"reduce bool, optional deprecated see attr reduction . | MultiLabelMarginLoss","[0, 1, 0, 0, 0]"
2373,MultiLabelMarginLoss,losses are averaged or summed over observations for each minibatch depending,0,losses are averaged or summed over observations for each minibatch depending | MultiLabelMarginLoss,"[0, 1, 0, 0, 0]"
2375,MultiLabelMarginLoss,"when attr reduce is false , returns a loss per",0,"when attr reduce is false , returns a loss per | MultiLabelMarginLoss","[0, 1, 0, 0, 0]"
2379,MultiLabelMarginLoss,none mean sum .,0,none mean sum . | MultiLabelMarginLoss,"[0, 1, 0, 0, 0]"
2380,MultiLabelMarginLoss,"none no reduction will be applied,",0,"none no reduction will be applied, | MultiLabelMarginLoss","[0, 1, 0, 0, 0]"
2383,MultiLabelMarginLoss,note attr size average,0,note attr size average | MultiLabelMarginLoss,"[0, 1, 0, 0, 0]"
2387,MultiLabelMarginLoss,"target math c or math n, c , label targets padded by 1 ensuring same shape as the input.",0,"target math c or math n, c , label targets padded by 1 ensuring same shape as the input. | MultiLabelMarginLoss","[0, 0, 0, 1, 0]"
2388,MultiLabelMarginLoss,"if attr reduction is none , then math n .",0,"if attr reduction is none , then math n . | MultiLabelMarginLoss","[0, 0, 0, 1, 0]"
2393,MultiLabelMarginLoss,"y torch^longtensor 3, 0, 1, 1",0,"y torch^longtensor 3, 0, 1, 1 | MultiLabelMarginLoss","[1, 0, 0, 0, 0]"
2394,MultiLabelMarginLoss,"loss x, y",0,"loss x, y | MultiLabelMarginLoss","[1, 0, 0, 0, 0]"
2396,MultiLabelMarginLoss,tensor 08500,0,tensor 08500 | MultiLabelMarginLoss,"[1, 0, 0, 0, 0]"
2398,NetModifier,inherited classes should implement the modify net method where,0,inherited classes should implement the modify net method where | NetModifier,"[0, 0, 0, 1, 0]"
2400,NetModifier,example usage,0,example usage | NetModifier,"[1, 0, 0, 0, 0]"
2401,NetModifier,modifier somenetmodifier opts,0,modifier somenetmodifier opts | NetModifier,"[1, 0, 0, 0, 0]"
2402,NetModifier,modifier net,0,modifier net | NetModifier,"[1, 0, 0, 0, 0]"
2404,OneHotCategorical,attr logits .,0,attr logits . | OneHotCategorical,"[0, 0, 0, 0, 1]"
2405,OneHotCategorical,samples are one hot coded vectors of size probs^size 1 .,0,samples are one hot coded vectors of size probs^size 1 . | OneHotCategorical,"[0, 0, 0, 1, 0]"
2408,OneHotCategorical,attr probs and attr logits .,0,attr probs and attr logits . | OneHotCategorical,"[0, 0, 0, 0, 1]"
2410,OneHotCategorical,"m onehotcategorical torch^tensor 025, 025, 025, 025",0,"m onehotcategorical torch^tensor 025, 025, 025, 025 | OneHotCategorical","[1, 0, 0, 0, 0]"
2411,OneHotCategorical,"m^sample # equal probability of 0, 1, 2, 3",0,"m^sample # equal probability of 0, 1, 2, 3 | OneHotCategorical","[1, 0, 0, 0, 0]"
2414,OneHotCategorical,probs tensor event probabilities,0,probs tensor event probabilities | OneHotCategorical,"[0, 1, 0, 0, 0]"
2417,Poisson,"samples are nonnegative integers, with a pmf given by",0,"samples are nonnegative integers, with a pmf given by | Poisson","[1, 0, 0, 1, 0]"
2422,Poisson,m^sample,0,m^sample | Poisson,"[1, 0, 0, 0, 0]"
2423,Poisson,tensor 3.,0,tensor 3. | Poisson,"[1, 0, 0, 0, 0]"
2425,Poisson,"rate number, tensor the rate parameter",0,"rate number, tensor the rate parameter | Poisson","[0, 1, 0, 0, 0]"
2426,QuantWrapper,"a wrapper class that wraps the input module, adds quantstub and",0,"a wrapper class that wraps the input module, adds quantstub and | QuantWrapper","[0, 0, 0, 0, 1]"
2427,QuantWrapper,dequantstub and surround the call to module with call to quant and dequant,0,dequantstub and surround the call to module with call to quant and dequant | QuantWrapper,"[0, 0, 0, 0, 1]"
2428,QuantWrapper,modules.,0,modules. | QuantWrapper,"[0, 0, 0, 0, 1]"
2429,QuantWrapper,this is used by the quantization utility functions to add the quant and,0,this is used by the quantization utility functions to add the quant and | QuantWrapper,"[0, 0, 0, 1, 0]"
2431,QuantWrapper,"it observes the input tensor, after convert , quantstub",0,"it observes the input tensor, after convert , quantstub | QuantWrapper","[0, 0, 0, 1, 0]"
2432,QuantWrapper,will be swapped to nnq^quantize which does actual quantization.,0,will be swapped to nnq^quantize which does actual quantization. | QuantWrapper,"[0, 0, 0, 1, 0]"
2433,QuantWrapper,similarly,0,similarly | QuantWrapper,"[0, 0, 0, 1, 0]"
2434,QuantWrapper,for dequantstub .,0,for dequantstub . | QuantWrapper,"[0, 0, 0, 1, 0]"
2436,SGD,implements stochastic gradient descent optionally with momentum .,0,implements stochastic gradient descent optionally with momentum . | SGD,"[0, 0, 0, 0, 1]"
2437,SGD,nesterov momentum is based on the formula from,0,nesterov momentum is based on the formula from | SGD,"[0, 0, 1, 1, 0]"
2438,SGD,on the importance of initialization and momentum in deep learning .,0,on the importance of initialization and momentum in deep learning . | SGD,"[0, 0, 1, 1, 0]"
2442,SGD,lr float learning rate,0,lr float learning rate | SGD,"[0, 1, 0, 0, 0]"
2443,SGD,"momentum float, optional momentum factor default 0",0,"momentum float, optional momentum factor default 0 | SGD","[0, 1, 0, 0, 0]"
2445,SGD,"dampening float, optional dampening for momentum default 0",0,"dampening float, optional dampening for momentum default 0 | SGD","[0, 1, 0, 0, 0]"
2448,SGD,"optimizer torch^optim.sgd model^parameters , lr 01, momentum 09",0,"optimizer torch^optim.sgd model^parameters , lr 01, momentum 09 | SGD","[1, 0, 0, 0, 0]"
2449,SGD,optimizer^zero grad,0,optimizer^zero grad | SGD,"[1, 0, 0, 0, 0]"
2452,SharedCache,dictionary from multiprocessing handles to storageweakref,0,dictionary from multiprocessing handles to storageweakref | SharedCache,"[0, 0, 0, 0, 1]"
2454,StackTransform,transform functor that applies a sequence of transforms tseq,0,transform functor that applies a sequence of transforms tseq | StackTransform,"[0, 0, 0, 0, 1]"
2456,StackTransform,in a way compatible with func torch^stack .,0,in a way compatible with func torch^stack . | StackTransform,"[0, 0, 0, 0, 1]"
2459,StackTransform,"t stacktransform exptransform , identity transform , dim 1",0,"t stacktransform exptransform , identity transform , dim 1 | StackTransform","[1, 0, 0, 0, 0]"
2463,Subset,dataset dataset the whole dataset,0,dataset dataset the whole dataset | Subset,"[0, 1, 0, 0, 0]"
2464,Subset,indices sequence indices in the whole set selected for subset,0,indices sequence indices in the whole set selected for subset | Subset,"[0, 1, 0, 0, 0]"
2465,Task,a task is composed of an execution step and zero or more outputs.,0,a task is composed of an execution step and zero or more outputs. | Task,"[0, 0, 0, 0, 1]"
2466,Task,"tasks are executed in the context of a taskgroup, which, in turn, can",0,"tasks are executed in the context of a taskgroup, which, in turn, can | Task","[0, 0, 0, 1, 0]"
2467,Task,be run by a session.,0,be run by a session. | Task,"[0, 0, 0, 1, 0]"
2471,Task,"with node trainer , task name my task , num instances 2",0,"with node trainer , task name my task , num instances 2 | Task","[1, 0, 0, 0, 0]"
2472,Task,with ops^task init,0,with ops^task init | Task,"[1, 0, 0, 0, 0]"
2474,Task,with ops^task instance init,0,with ops^task instance init | Task,"[1, 0, 0, 0, 0]"
2476,Task,with ops^loop 100,0,with ops^loop 100 | Task,"[1, 0, 0, 0, 0]"
2477,Task,"ops^copy globl, local",0,"ops^copy globl, local | Task","[1, 0, 0, 0, 0]"
2478,Task,with ops^task instance exit,0,with ops^task instance exit | Task,"[1, 0, 0, 0, 0]"
2479,Task,"ops^add globl, local , globl",0,"ops^add globl, local , globl | Task","[1, 0, 0, 0, 0]"
2480,Task,with ops^task exit,0,with ops^task exit | Task,"[1, 0, 0, 0, 0]"
2481,Task,"ops^mul globl, globl , globl",0,"ops^mul globl, globl , globl | Task","[1, 0, 0, 0, 0]"
2482,Task,the task above will create 2 instances that will run in parallel.,0,the task above will create 2 instances that will run in parallel. | Task,"[1, 0, 0, 0, 0]"
2484,Task,to globl once.,0,to globl once. | Task,"[1, 0, 0, 0, 0]"
2485,Task,"the mul will only execute once, after all the instances",0,"the mul will only execute once, after all the instances | Task","[1, 0, 0, 0, 0]"
2486,Task,of the task have finished.,0,of the task have finished. | Task,"[1, 0, 0, 0, 0]"
2487,TaskOutput,represents the output of a task.,0,represents the output of a task. | TaskOutput,"[0, 0, 0, 0, 1]"
2491,TransformerEncoderLayer,"ashish vaswani, noam shazeer, niki parmar, jakob uszkoreit, llion jones, aidan n gomez,",0,"ashish vaswani, noam shazeer, niki parmar, jakob uszkoreit, llion jones, aidan n gomez, | TransformerEncoderLayer","[0, 0, 1, 0, 0]"
2492,TransformerEncoderLayer,"lukasz kaiser, and illia polosukhin.",0,"lukasz kaiser, and illia polosukhin. | TransformerEncoderLayer","[0, 0, 1, 0, 0]"
2497,TransformerEncoderLayer,users may modify or implement,0,users may modify or implement | TransformerEncoderLayer,"[0, 0, 1, 0, 0]"
2498,TransformerEncoderLayer,in a different way during application.,0,in a different way during application. | TransformerEncoderLayer,"[0, 0, 1, 0, 0]"
2501,TransformerEncoderLayer,nhead the number of heads in the multiheadattention models required .,0,nhead the number of heads in the multiheadattention models required . | TransformerEncoderLayer,"[0, 1, 0, 0, 0]"
2506,TransformerEncoderLayer,"encoder layer nn^transformerencoderlayer d model 512, nhead 8",0,"encoder layer nn^transformerencoderlayer d model 512, nhead 8 | TransformerEncoderLayer","[1, 0, 0, 0, 0]"
2508,TransformerEncoderLayer,out encoder layer src,0,out encoder layer src | TransformerEncoderLayer,"[1, 0, 0, 0, 0]"
2511,Unfold,"where math n is the batch dimension, math c is the channel dimension,",0,"where math n is the batch dimension, math c is the channel dimension, | Unfold","[1, 0, 0, 1, 0]"
2512,Unfold,and math represent arbitrary spatial dimensions.,0,and math represent arbitrary spatial dimensions. | Unfold,"[1, 1, 0, 0, 0]"
2532,Unfold,"of attr input math above , and math d is over all spatial",0,"of attr input math above , and math d is over all spatial | Unfold","[0, 0, 0, 1, 0]"
2534,Unfold,"therefore, indexing attr output at the last dimension column dimension",0,"therefore, indexing attr output at the last dimension column dimension | Unfold","[1, 0, 0, 0, 0]"
2535,Unfold,gives all values within a certain block.,0,gives all values within a certain block. | Unfold,"[1, 0, 0, 0, 0]"
2536,Unfold,"the attr padding , attr stride and attr dilation arguments specify",0,"the attr padding , attr stride and attr dilation arguments specify | Unfold","[0, 1, 0, 0, 0]"
2537,Unfold,how the sliding blocks are retrieved.,0,how the sliding blocks are retrieved. | Unfold,"[0, 1, 0, 0, 0]"
2541,Unfold,reshaping.,0,reshaping. | Unfold,"[0, 1, 0, 0, 0]"
2545,Unfold,kernel size int or tuple the size of the sliding blocks,0,kernel size int or tuple the size of the sliding blocks | Unfold,"[0, 1, 0, 0, 0]"
2550,Unfold,"padding int or tuple, optional implicit zero padding to be added on",0,"padding int or tuple, optional implicit zero padding to be added on | Unfold","[0, 1, 0, 0, 0]"
2552,Unfold,default 0,0,default 0 | Unfold,"[0, 1, 0, 0, 0]"
2554,Unfold,stride of elements within the,0,stride of elements within the | Unfold,"[0, 1, 0, 0, 0]"
2559,Unfold,replicated across all spatial dimensions.,0,replicated across all spatial dimensions. | Unfold,"[1, 0, 0, 1, 0]"
2561,Unfold,called im2col .,0,called im2col . | Unfold,"[0, 1, 0, 0, 0]"
2563,Unfold,class torch^nn.fold calculates each combined value in the resulting,0,class torch^nn.fold calculates each combined value in the resulting | Unfold,"[0, 0, 1, 0, 0]"
2564,Unfold,large tensor by summing all values from all containing blocks.,0,large tensor by summing all values from all containing blocks. | Unfold,"[0, 0, 1, 0, 0]"
2567,Unfold,"so, if the blocks overlap, they are not",0,"so, if the blocks overlap, they are not | Unfold","[0, 0, 1, 0, 0]"
2569,Unfold,"in general, folding and unfolding operations are related as",0,"in general, folding and unfolding operations are related as | Unfold","[0, 0, 1, 0, 0]"
2570,Unfold,follows.,0,follows. | Unfold,"[0, 0, 1, 0, 0]"
2571,Unfold,consider class torch^nn.fold and,0,consider class torch^nn.fold and | Unfold,"[0, 0, 1, 0, 0]"
2575,Unfold,", dilation .",0,", dilation . | Unfold","[0, 0, 1, 0, 0]"
2576,Unfold,", padding .",0,", padding . | Unfold","[0, 0, 1, 0, 0]"
2577,Unfold,", stride .",0,", stride . | Unfold","[0, 0, 1, 0, 0]"
2578,Unfold,fold nn^fold output size .,0,fold nn^fold output size . | Unfold,"[0, 0, 1, 0, 0]"
2579,Unfold,", fold params",0,", fold params | Unfold","[0, 0, 1, 0, 0]"
2581,Unfold,then for any supported input tensor the following,0,then for any supported input tensor the following | Unfold,"[0, 0, 1, 0, 0]"
2582,Unfold,equality holds,0,equality holds | Unfold,"[0, 0, 1, 0, 0]"
2583,Unfold,fold unfold input divisor input,0,fold unfold input divisor input | Unfold,"[0, 0, 1, 0, 0]"
2584,Unfold,where divisor is a tensor that depends only on the shape,0,where divisor is a tensor that depends only on the shape | Unfold,"[0, 0, 1, 0, 0]"
2585,Unfold,and dtype of the input,0,and dtype of the input | Unfold,"[0, 0, 1, 0, 0]"
2588,Unfold,"when the divisor tensor contains no zero elements, then",0,"when the divisor tensor contains no zero elements, then | Unfold","[0, 0, 1, 0, 0]"
2589,Unfold,fold and unfold operations are inverses of each,0,fold and unfold operations are inverses of each | Unfold,"[0, 0, 1, 0, 0]"
2590,Unfold,other up to constant divisor .,0,other up to constant divisor . | Unfold,"[0, 0, 1, 0, 0]"
2593,Unfold,"output math n, c times prod text kernel size , l as described above",0,"output math n, c times prod text kernel size , l as described above | Unfold","[1, 0, 0, 1, 0]"
2595,Unfold,"unfold nn^unfold kernel size 2, 3",0,"unfold nn^unfold kernel size 2, 3 | Unfold","[1, 0, 0, 0, 0]"
2597,Unfold,output unfold input,0,output unfold input | Unfold,"[1, 0, 0, 0, 0]"
2599,Unfold,# 4 blocks 2x3 kernels in total in the 3x4 input,0,# 4 blocks 2x3 kernels in total in the 3x4 input | Unfold,"[1, 0, 0, 0, 0]"
2601,Unfold,"torch^size 2, 30, 4",0,"torch^size 2, 30, 4 | Unfold","[1, 0, 0, 0, 0]"
2603,Unfold,"inp torch^randn 1, 3, 10, 12",0,"inp torch^randn 1, 3, 10, 12 | Unfold","[1, 0, 0, 0, 0]"
2607,Unfold,"out torch^nn.functional^fold out unf, 7, 8 , 1, 1",0,"out torch^nn.functional^fold out unf, 7, 8 , 1, 1 | Unfold","[1, 0, 0, 0, 0]"
2613,UseOptimizer,context class to allow setting the current context.,0,context class to allow setting the current context. | UseOptimizer,"[0, 0, 0, 0, 1]"
2614,UseOptimizer,example usage with brew,0,example usage with brew | UseOptimizer,"[1, 0, 0, 0, 0]"
2615,UseOptimizer,with useoptimizer optim,0,with useoptimizer optim | UseOptimizer,"[1, 0, 0, 0, 0]"
2616,UseOptimizer,brew^func,0,brew^func | UseOptimizer,"[1, 0, 0, 0, 0]"
2617,UseOptimizer,with useoptimizer weight weight optim,0,with useoptimizer weight weight optim | UseOptimizer,"[1, 0, 0, 0, 0]"
2619,UseOptimizer,"with useoptimizer default optim, bias bias optim,",0,"with useoptimizer default optim, bias bias optim, | UseOptimizer","[1, 0, 0, 0, 0]"
2620,UseOptimizer,weight weight optim,0,weight weight optim | UseOptimizer,"[1, 0, 0, 0, 0]"
2622,UseOptimizer,brew^func,0,brew^func | UseOptimizer,"[1, 0, 0, 0, 0]"
2624,UseOptimizer,brew^func,0,brew^func | UseOptimizer,"[1, 0, 0, 0, 0]"
2626,AuthBase,base class that all auth implementations derive from,0,base class that all auth implementations derive from | AuthBase,"[0, 0, 0, 0, 1]"
2628,PreparedRequest,"the fully mutable class preparedrequest preparedrequest object,",0,"the fully mutable class preparedrequest preparedrequest object, | PreparedRequest","[0, 0, 0, 0, 1]"
2629,PreparedRequest,containing the exact bytes that will be sent to the server.,0,containing the exact bytes that will be sent to the server. | PreparedRequest,"[0, 0, 0, 0, 1]"
2630,PreparedRequest,generated from either a class request request object or manually.,0,generated from either a class request request object or manually. | PreparedRequest,"[0, 0, 1, 0, 0]"
2631,PreparedRequest,usage,0,usage | PreparedRequest,"[1, 0, 0, 0, 0]"
2633,PreparedRequest,"req requests^request get , https httpbin^org get",0,"req requests^request get , https httpbin^org get | PreparedRequest","[1, 0, 0, 0, 0]"
2635,PreparedRequest,r,0,r | PreparedRequest,"[1, 0, 0, 0, 0]"
2636,PreparedRequest,preparedrequest get,0,preparedrequest get | PreparedRequest,"[1, 0, 0, 0, 0]"
2639,PreparedRequest,response 200,0,response 200 | PreparedRequest,"[1, 0, 0, 0, 0]"
