original_text,augmented_text,label,reason
like a macro without a name but a call instead.,like a macro without a Name but a call instead.,[0 0 1 0 0],Class has 93 samples (Target 100)
torch^ops.my namespace^my op will then invoke getattr on,torch^ops.my namespace^my op testament then invoke getattr on,[0 0 1 0 0],Class has 93 samples (Target 100)
if it doesn t fit in memory,if it doesn t fit in retentivity,[0 0 1 0 0],Class has 93 samples (Target 100)
consider class torch^nn.fold and,consider class Torch^nn.fold and,[0 0 1 0 0],Class has 93 samples (Target 100)
this is used for formatting strings with values that need to be updated,this is used for Formatting strings with values that need to Be updated,[0 0 1 0 0],Class has 93 samples (Target 100)
"ashish vaswani, noam shazeer, niki parmar, jakob uszkoreit, llion jones, aidan n gomez,","ashish vaswani, noam shazeer, niki parmar, jakob uszkoreit, llion jones, aidan n Gomez,",[0 0 1 0 0],Class has 93 samples (Target 100)
if it doesn t fit in memory,if it doesn t fit in Memory,[0 0 1 0 0],Class has 93 samples (Target 100)
passing an object that implements html will wrap the,passing an object that implement Html will wrap the,[1 0 1 0 0],Class has 32 samples (Target 100)
followedby does not advance the parsing position within,followedby coif not advance the parse position within,[1 0 1 0 0],Class has 32 samples (Target 100)
followedby does not advance the parsing position within,followedby does Not advance the parse position within,[1 0 1 0 0],Class has 32 samples (Target 100)
followedby does not advance the parsing position within,followedby does not advance the parsing berth Within,[1 0 1 0 0],Class has 32 samples (Target 100)
"by default, set the x frame options header to sameorigin , meaning the","by default, set the x frame options heading To sameorigin , meaning the",[1 0 1 0 0],Class has 32 samples (Target 100)
passing an object that implements html will wrap the,evanesce an aim that implements html will enfold The,[1 0 1 0 0],Class has 32 samples (Target 100)
result date str^parsestring 1999 12 31,termination Date str^parsestring 1999 12 31,[1 0 1 0 0],Class has 32 samples (Target 100)
response can only be loaded on a frame within the same site.,response Can only be loaded on a shape within the same site.,[1 0 1 0 0],Class has 32 samples (Target 100)
related instances rendering will be called programmatically in this case .,colligate instances Rendering will be called programmatically in this case .,[1 0 1 0 0],Class has 32 samples (Target 100)
result date str^parsestring 1999 12 31,outcome engagement str^parsestring 1999 12 31,[1 0 1 0 0],Class has 32 samples (Target 100)
uses the backend specified by the,apply the backend specified by the,[1 0 1 0 0],Class has 32 samples (Target 100)
test result 0,test Result 0,[1 0 1 0 0],Class has 32 samples (Target 100)
date str integer^setresultsname year,engagement Str integer^setresultsname yr,[1 0 1 0 0],Class has 32 samples (Target 100)
test result month,test result Month,[1 0 1 0 0],Class has 32 samples (Target 100)
we represent an integerarray with 2 numpy arrays,we represent An integerarray with 2 numpy arrays,[1 0 1 0 0],Class has 32 samples (Target 100)
test result month,test issue Month,[1 0 1 0 0],Class has 32 samples (Target 100)
response can only be loaded on a frame within the same site.,response can Only be loaded on a frame Within the Lapplander Site.,[1 0 1 0 0],Class has 32 samples (Target 100)
"test result^dump , str","examine result^dump , str",[1 0 1 0 0],Class has 32 samples (Target 100)
"by default, set the x frame options header to sameorigin , meaning the","by default, set The x frame option header to sameorigin , meaning The",[1 0 1 0 0],Class has 32 samples (Target 100)
your project s django settings to deny .,Your project s django settings To refuse .,[1 0 1 0 0],Class has 32 samples (Target 100)
response can only be loaded on a frame within the same site.,reply can lonesome be Loaded on a framing within the Lapp site.,[1 0 1 0 0],Class has 32 samples (Target 100)
"print %s %s % s, fn eval s","publish %s %s % s, fn Eval s",[1 0 1 0 0],Class has 32 samples (Target 100)
test list result,Test list solution,[1 0 1 0 0],Class has 32 samples (Target 100)
your project s django settings to deny .,your undertaking s django settings to abnegate .,[1 0 1 0 0],Class has 32 samples (Target 100)
we represent an integerarray with 2 numpy arrays,We stage an integerarray with 2 numpy arrays,[1 0 1 0 0],Class has 32 samples (Target 100)
this implements the html interface that some frameworks,this Implements the html port that some model,[1 0 1 0 0],Class has 32 samples (Target 100)
your project s django settings to deny .,your envision s django settings to traverse .,[1 0 1 0 0],Class has 32 samples (Target 100)
"print %s %s % s, fn eval s","mark %s %s % s, fn Eval s",[1 0 1 0 0],Class has 32 samples (Target 100)
date str integer^setresultsname year,date str integer^setresultsname twelvemonth,[1 0 1 0 0],Class has 32 samples (Target 100)
test list result,try list result,[1 0 1 0 0],Class has 32 samples (Target 100)
related instances rendering will be called programmatically in this case .,related representative rendering will be called programmatically in this case .,[1 0 1 0 0],Class has 32 samples (Target 100)
test month in result,test month in solution,[1 0 1 0 0],Class has 32 samples (Target 100)
# parsestring returns a parseresults object,# parsestring Returns a parseresults object,[1 0 1 0 0],Class has 32 samples (Target 100)
date str integer^setresultsname year,date str integer^setresultsname yr,[1 0 1 0 0],Class has 32 samples (Target 100)
test minutes in result,test transactions in result,[1 0 1 0 0],Class has 32 samples (Target 100)
# date str integer year integer month integer day,# escort str integer yr integer month integer day,[1 0 1 0 0],Class has 32 samples (Target 100)
uses the backend specified by the,uses the backend specified by The,[1 0 1 0 0],Class has 32 samples (Target 100)
# equivalent form,# tantamount form,[1 0 1 0 0],Class has 32 samples (Target 100)
test result month,essay result month,[1 0 1 0 0],Class has 32 samples (Target 100)
"response from being loaded in a frame in any site, set x frame options in","reception from being loaded in a frame in any site, set x frame choice in",[1 0 1 0 0],Class has 32 samples (Target 100)
markup em foo &amp bar em,markup em Foo &amp bar em,[1 0 1 0 0],Class has 32 samples (Target 100)
test list result,screen list result,[1 0 1 0 0],Class has 32 samples (Target 100)
this implements the html interface that some frameworks,this implements the Html port that approximately frameworks,[1 0 1 0 0],Class has 32 samples (Target 100)
passing an object that implements html will wrap the,passing An object that implements html will wrap the,[1 0 1 0 0],Class has 32 samples (Target 100)
test list result,test inclination upshot,[1 0 1 0 0],Class has 32 samples (Target 100)
markup em hello em &lt foo&gt,markup Em Hello em &lt foo&gt,[1 0 1 0 0],Class has 32 samples (Target 100)
"response from being loaded in a frame in any site, set x frame options in","reception from personify loaded In a soma in any site, set x frame Options in",[1 0 1 0 0],Class has 32 samples (Target 100)
followedby does not advance the parsing position within,Followedby does not advance the parse berth within,[1 0 1 0 0],Class has 32 samples (Target 100)
we represent an integerarray with 2 numpy arrays,we interpret an integerarray with 2 numpy array,[1 0 1 0 0],Class has 32 samples (Target 100)
# date str integer year integer month integer day,# Date str integer year integer month integer day,[1 0 1 0 0],Class has 32 samples (Target 100)
we represent an integerarray with 2 numpy arrays,we play an integerarray With 2 numpy arrays,[1 0 1 0 0],Class has 32 samples (Target 100)
related instances rendering will be called programmatically in this case .,concern example give bequeath be called programmatically in this case .,[1 0 1 0 0],Class has 32 samples (Target 100)
all methods escape their arguments and return a markup instance.,all methods run their arguments and return a markup instance.,[1 0 1 0 0],Class has 32 samples (Target 100)
your project s django settings to deny .,your project s django settings to traverse .,[1 0 1 0 0],Class has 32 samples (Target 100)
test list result,tryout tilt effect,[1 0 1 0 0],Class has 32 samples (Target 100)
response can only be loaded on a frame within the same site.,response can only Be loaded on a frame within the Sami site.,[1 0 1 0 0],Class has 32 samples (Target 100)
test minutes in result,screen minutes in result,[1 0 1 0 0],Class has 32 samples (Target 100)
markup em foo &amp bar em,markup em foo &amp bar Em,[1 0 1 0 0],Class has 32 samples (Target 100)
integer^setresultsname month,integer^setresultsname Month,[1 0 1 0 0],Class has 32 samples (Target 100)
followedby does not advance the parsing position within,followedby does not advance the parsing berth inside,[1 0 1 0 0],Class has 32 samples (Target 100)
test list result,run inclination result,[1 0 1 0 0],Class has 32 samples (Target 100)
related instances rendering will be called programmatically in this case .,related illustration Rendering leave be cry programmatically in this case .,[1 0 1 0 0],Class has 32 samples (Target 100)
"response from being loaded in a frame in any site, set x frame options in","reply from being loaded in a frame in any site, set x frame options in",[1 0 1 0 0],Class has 32 samples (Target 100)
"response from being loaded in a frame in any site, set x frame options in","response From beingness Loaded in a skeleton in any site, set x frame options in",[1 0 1 0 0],Class has 32 samples (Target 100)
test month in result,test month in effect,[1 0 1 0 0],Class has 32 samples (Target 100)
uses the backend specified by the,USA The Backend specified by the,[1 0 1 0 0],Class has 32 samples (Target 100)
response can only be loaded on a frame within the same site.,response can solitary be loaded On a Frame inside the Saame Site.,[1 0 1 0 0],Class has 32 samples (Target 100)
markup em hello em &lt foo&gt,markup em Hello em &lt foo&gt,[1 0 1 0 0],Class has 32 samples (Target 100)
"int array pd^array 1, none, 3 , dtype pd^int32dtype","int array Pd^array 1, None, 3 , Dtype pd^int32dtype",[1 0 0 1 0],Class has 26 samples (Target 100)
"text loss x, y sum ij frac max 0, 1 x y j x i text x^size 0","text Loss X, y sum Ij Frac max 0, 1 x y j x i text x^size 0",[1 0 0 1 0],Class has 26 samples (Target 100)
"categoricalindex a , b , c , a , b , c , categories a , b , c , ordered false, dtype category # noqa","categoricalindex a , b , c , A , b , c , family a , b , c , ordered false, dtype Category # noqa",[1 0 0 1 0],Class has 26 samples (Target 100)
"pd^array this is , some text , none, data.","pd^array this is , some schoolbook , none, data.",[1 0 0 1 0],Class has 26 samples (Target 100)
replicated across all spatial dimensions.,replicated crosswise all spatial dimensions.,[1 0 0 1 0],Class has 26 samples (Target 100)
"samples are nonnegative integers, with a pmf given by","Samples are nonnegative integers, with a pmf feed by",[1 0 0 1 0],Class has 26 samples (Target 100)
replicated across all spatial dimensions.,replicated crosswise all spacial Dimensions.,[1 0 0 1 0],Class has 26 samples (Target 100)
replicated across all spatial dimensions.,double crossways all spatial dimensions.,[1 0 0 1 0],Class has 26 samples (Target 100)
"default, which can be changed by setting the delimiter argument to","default, Which can be changed by background the delimiter tilt to",[1 0 0 1 0],Class has 26 samples (Target 100)
a default value which can be set through the default attribute.,a nonpayment value which can be set done the default Attribute.,[1 0 0 1 0],Class has 26 samples (Target 100)
this class has limited utility and is mostly useful for verifying that the,this class has restrict utility and is Mostly utilitarian for verifying that the,[1 0 0 1 0],Class has 26 samples (Target 100)
the prefix is delimited from the template by a slash per,the prefix is delimited from the template by a slash Per,[1 0 0 1 0],Class has 26 samples (Target 100)
example in the numpy documentation.,lesson in the numpy documentation.,[1 0 0 1 0],Class has 26 samples (Target 100)
"default, which can be changed by setting the delimiter argument to","default, which can be changed by setting the delimiter Argument to",[1 0 0 1 0],Class has 26 samples (Target 100)
"pd^array this is , some text , none, data.","pd^array this Is , roughly Text , none, data.",[1 0 0 1 0],Class has 26 samples (Target 100)
the loss would act as if the dataset contains math 3 times 100 300 positive examples.,the loss would act as if the dataset contains math 3 clock 100 300 positivist Examples.,[1 0 0 1 0],Class has 26 samples (Target 100)
"samples are nonnegative integers, with a pmf given by","samples are nonnegative integers, with a pmf afford by",[1 0 0 1 0],Class has 26 samples (Target 100)
pd^intervaldtype subtype int64,Pd^intervaldtype subtype int64,[1 0 0 1 0],Class has 26 samples (Target 100)
the loss would act as if the dataset contains math 3 times 100 300 positive examples.,the passing would act as if the dataset contains math 3 times 100 300 prescribed examples.,[1 0 0 1 0],Class has 26 samples (Target 100)
the loss would act as if the dataset contains math 3 times 100 300 positive examples.,the loss Would act as if the dataset contains math 3 times 100 300 positive Examples.,[1 0 0 1 0],Class has 26 samples (Target 100)
"default, which can be changed by setting the delimiter argument to","default, which can be changed by circumstance the delimiter line to",[1 0 0 1 0],Class has 26 samples (Target 100)
"pd^array 1, none, 3 , dtype uint16","pd^array 1, none, 3 , Dtype uint16",[1 0 0 1 0],Class has 26 samples (Target 100)
something else,Something else,[1 0 0 1 0],Class has 26 samples (Target 100)
"for comparison methods, this returns a class pandas^booleanarray","for equivalence methods, this regaining a class pandas^booleanarray",[1 0 0 1 0],Class has 26 samples (Target 100)
"categoricalindex a , b , c , a , b , c , categories a , b , c , ordered false, dtype category # noqa","categoricalindex a , b , c , a , b , c , category a , b , c , ordered false, dtype family # noqa",[1 0 0 1 0],Class has 26 samples (Target 100)
"int array pd^array 1, none, 3 , dtype pd^int32dtype","Int array pd^array 1, none, 3 , dtype pd^int32dtype",[1 0 0 1 0],Class has 26 samples (Target 100)
a default value which can be set through the default attribute.,a nonremittal value which can be set through the nonremittal attribute.,[1 0 0 1 0],Class has 26 samples (Target 100)
if an explicit ordered true is given but no categories and the,if an explicit arrange true is given but no categories and the,[1 0 0 1 0],Class has 26 samples (Target 100)
ordered categoricalindex can have a min and max value.,rate categoricalindex can Have a min and max value.,[1 0 0 1 0],Class has 26 samples (Target 100)
"categories 2, object b a","categories 2, Object b a",[1 0 0 1 0],Class has 26 samples (Target 100)
"pd^array this is , some text , none, data.","pd^array this is , around text , none, Data.",[1 0 0 1 0],Class has 26 samples (Target 100)
"pd^array this is , some text , none, data.","pd^array this is , around text , none, data.",[1 0 0 1 0],Class has 26 samples (Target 100)
ordered categoricalindex can have a min and max value.,put categoricalindex can have a min And max value.,[1 0 0 1 0],Class has 26 samples (Target 100)
"text loss x, y sum ij frac max 0, 1 x y j x i text x^size 0","schoolbook loss X, y sum ij frac max 0, 1 x y j x I text x^size 0",[1 0 0 1 0],Class has 26 samples (Target 100)
"pd^array 1, none, 3 , dtype int32","pd^array 1, None, 3 , dtype int32",[1 0 0 1 0],Class has 26 samples (Target 100)
"output math n, c times prod text kernel size , l as described above","output maths n, c multiplication prodding text pith size , l as described supra",[1 0 0 1 0],Class has 26 samples (Target 100)
a default value which can be set through the default attribute.,a default value which Can be set through the default attribute.,[1 0 0 1 0],Class has 26 samples (Target 100)
example in the numpy documentation.,example In the numpy documentation.,[1 0 0 1 0],Class has 26 samples (Target 100)
"integerarray is currently experimental, and its api or internal","integerarray is currently experimental, And its api or internal",[1 0 0 1 0],Class has 26 samples (Target 100)
"int array pd^array 1, none, 3 , dtype pd^int32dtype","int range pd^array 1, none, 3 , dtype pd^int32dtype",[1 0 0 1 0],Class has 26 samples (Target 100)
example in the numpy documentation.,example in the Numpy documentation.,[1 0 0 1 0],Class has 26 samples (Target 100)
"integerarray is currently experimental, and its api or internal","integerarray is presently experimental, and Its api or internal",[1 0 0 1 0],Class has 26 samples (Target 100)
"categories 2, object b a","categories 2, aim b a",[1 0 0 1 0],Class has 26 samples (Target 100)
"where math n is the batch dimension, math c is the channel dimension,","where math n is the batch dimension, math c Is the channel dimension,",[1 0 0 1 0],Class has 26 samples (Target 100)
"default, which can be changed by setting the delimiter argument to","default, which can Be Changed by setting the Delimiter arguing to",[1 0 0 1 0],Class has 26 samples (Target 100)
it s possible to trade off recall and precision by adding weights to positive examples.,it s potential To trade off recall And precision by sum angle to positive examples.,[1 0 0 1 0],Class has 26 samples (Target 100)
"for comparison methods, this returns a class pandas^booleanarray","for comparison methods, this pass a class pandas^booleanarray",[1 0 0 1 0],Class has 26 samples (Target 100)
"text loss x, y sum ij frac max 0, 1 x y j x i text x^size 0","Text loss x, y sum ij Frac max 0, 1 x y j x i text x^size 0",[1 0 0 1 0],Class has 26 samples (Target 100)
"samples are nonnegative integers, with a pmf given by","taste are nonnegative integers, with a pmf Given by",[1 0 0 1 0],Class has 26 samples (Target 100)
"where math n is the batch dimension, math c is the channel dimension,","where Math n is The batch Dimension, math c is the Channel dimension,",[1 0 0 1 0],Class has 26 samples (Target 100)
replicated across all spatial dimensions.,replicated crossways all spatial dimensions.,[1 0 0 1 0],Class has 26 samples (Target 100)
"text loss x, y sum ij frac max 0, 1 x y j x i text x^size 0","schoolbook loss X, y sum ij frac max 0, 1 x y J x i Text x^size 0",[1 0 0 1 0],Class has 26 samples (Target 100)
a default value which can be set through the default attribute.,a default esteem which can be set through the default attribute.,[1 0 0 1 0],Class has 26 samples (Target 100)
the prefix is delimited from the template by a slash per,the prefix is delimitate from the Template by a separatrix per,[1 0 0 1 0],Class has 26 samples (Target 100)
"text loss x, y sum ij frac max 0, 1 x y j x i text x^size 0","textbook deprivation x, y sum ij frac max 0, 1 x y j x i text x^size 0",[1 0 0 1 0],Class has 26 samples (Target 100)
"where math n is the batch dimension, math c is the channel dimension,","where mathematics N is the sight dimension, math c is the channel dimension,",[1 0 0 1 0],Class has 26 samples (Target 100)
it s possible to trade off recall and precision by adding weights to positive examples.,it s possible to trade off echo and precision by adding burden to prescribed examples.,[1 0 0 1 0],Class has 26 samples (Target 100)
"text loss x, y sum ij frac max 0, 1 x y j x i text x^size 0","text loss x, y sum ij frac max 0, 1 X y j x i textbook x^size 0",[1 0 0 1 0],Class has 26 samples (Target 100)
"pd^array this is , some text , none, data.","pd^array this is , around textbook , none, data.",[1 0 0 1 0],Class has 26 samples (Target 100)
it s possible to trade off recall and precision by adding weights to positive examples.,it S possible to trade off recall and preciseness by adding Weights to positive examples.,[1 0 0 1 0],Class has 26 samples (Target 100)
"integerarray is currently experimental, and its api or internal","integerarray is presently experimental, and its api or Internal",[1 0 0 1 0],Class has 26 samples (Target 100)
"categories c , b , a","categories C , B , a",[1 0 0 1 0],Class has 26 samples (Target 100)
"categoricalindex a , b , c , a , b , c , categories a , b , c , ordered false, dtype category # noqa","Categoricalindex A , B , c , a , b , c , categories a , b , c , ordered false, Dtype Category # Noqa",[1 0 0 1 0],Class has 26 samples (Target 100)
"output math n, c times prod text kernel size , l as described above","output maths n, c Times Prod text kernel size , l as report above",[1 0 0 1 0],Class has 26 samples (Target 100)
the loss would act as if the dataset contains math 3 times 100 300 positive examples.,the loss would act as if the dataset contains math 3 Times 100 300 positive examples.,[1 0 0 1 0],Class has 26 samples (Target 100)
it is based on the diagonalarray,it is base on the Diagonalarray,[1 0 0 1 0],Class has 26 samples (Target 100)
"pd^array this is , some text , none, data.","pd^array This is , some schoolbook , none, data.",[1 0 0 1 0],Class has 26 samples (Target 100)
a default value which can be set through the default attribute.,A default Value which can be set through the nonremittal attribute.,[1 0 0 1 0],Class has 26 samples (Target 100)
if an explicit ordered true is given but no categories and the,if an explicit regularize true is given but no categories and the,[1 0 0 1 0],Class has 26 samples (Target 100)
replicated across all spatial dimensions.,replicated across All spatial dimensions.,[1 0 0 1 0],Class has 26 samples (Target 100)
a default value which can be set through the default attribute.,a Default value which can be set done the default attribute.,[1 0 0 1 0],Class has 26 samples (Target 100)
"samples are nonnegative integers, with a pmf given by","samples are Nonnegative integers, with A pmf yield by",[1 0 0 1 0],Class has 26 samples (Target 100)
"output math n, c times prod text kernel size , l as described above","output Math n, c times jab text kernel sizing , L as described above",[1 0 0 1 0],Class has 26 samples (Target 100)
"categoricalindex a , b , c , a , b , c , categories a , b , c , ordered false, dtype category # noqa","categoricalindex a , B , c , a , b , c , family a , b , c , arrange false, dtype category # noqa",[1 0 0 1 0],Class has 26 samples (Target 100)
passing an object to the constructor converts it to text and wraps,Passing an objective to The builder commute it to text and wraps,[0 1 0 1 0],Class has 21 samples (Target 100)
"input math n, where math means, any number of additional dimensions","Input math n, where maths means, any number of extra dimension",[0 1 0 1 0],Class has 21 samples (Target 100)
quotes following the same escaping rules as single line stringtype.,quotes following the same escaping rules as Single contrast stringtype.,[0 1 0 1 0],Class has 21 samples (Target 100)
"categories index like, optional","categories Index like, optional",[0 1 0 1 0],Class has 21 samples (Target 100)
false if there is no existing ordered to maintain.,false if thither is no subsist ordered to maintain.,[0 1 0 1 0],Class has 21 samples (Target 100)
a default value,a default treasure,[0 1 0 1 0],Class has 21 samples (Target 100)
"categories index like, optional","class index like, optional",[0 1 0 1 0],Class has 21 samples (Target 100)
quotes following the same escaping rules as single line stringtype.,quote be the same escaping rules as single line stringtype.,[0 1 0 1 0],Class has 21 samples (Target 100)
the categories for the categorical.,the family for The categorical.,[0 1 0 1 0],Class has 21 samples (Target 100)
false if there is no existing ordered to maintain.,false if There is no be ordered to maintain.,[0 1 0 1 0],Class has 21 samples (Target 100)
"categories index like, optional","family index like, optional",[0 1 0 1 0],Class has 21 samples (Target 100)
a data type sanity check,a information type sanity check,[0 1 0 1 0],Class has 21 samples (Target 100)
"categories index like, optional","categories indicant like, optional",[0 1 0 1 0],Class has 21 samples (Target 100)
"categories index like, optional","Categories exponent like, optional",[0 1 0 1 0],Class has 21 samples (Target 100)
a default value,a default prize,[0 1 0 1 0],Class has 21 samples (Target 100)
num features math c from an expected input of size,Num features math c from an await input of size,[0 1 0 1 0],Class has 21 samples (Target 100)
quotes following the same escaping rules as single line stringtype.,Quotes following the same bunk rules as single line stringtype.,[0 1 0 1 0],Class has 21 samples (Target 100)
"subtype str, np^dtype","Subtype Str, np^dtype",[0 1 0 1 0],Class has 21 samples (Target 100)
"input math n, where math means, any number of additional dimensions","Input mathematics n, Where math means, any number of additional Dimensions",[0 1 0 1 0],Class has 21 samples (Target 100)
"input math n, where math means, any number of additional dimensions","comment math n, where math means, any number of additional dimensions",[0 1 0 1 0],Class has 21 samples (Target 100)
"if categories are given, values not in","if categories are given, treasure not in",[0 1 0 1 0],Class has 21 samples (Target 100)
triangular2 a basic triangular cycle that scales initial amplitude by half each cycle.,triangular2 a Basic trilateral cps That scales initial amplitude by half each Cycle.,[0 1 0 1 0],Class has 21 samples (Target 100)
categories or ordered .,categories or Ordered .,[0 1 0 1 0],Class has 21 samples (Target 100)
"categories sequence, optional","Categories sequence, optional",[0 1 0 1 0],Class has 21 samples (Target 100)
a data type sanity check,a data type saneness check,[0 1 0 1 0],Class has 21 samples (Target 100)
false if there is no existing ordered to maintain.,false if thither is no existing order to maintain.,[0 1 0 1 0],Class has 21 samples (Target 100)
categories will be replaced with nan.,class Will be Replaced With nan.,[0 1 0 1 0],Class has 21 samples (Target 100)
passing an object to the constructor converts it to text and wraps,passing an target to the builder Converts it to text and envelop,[0 1 0 1 0],Class has 21 samples (Target 100)
num features math c from an expected input of size,num features Math c from an expected input of size,[0 1 0 1 0],Class has 21 samples (Target 100)
"categories index like, optional","category forefinger like, optional",[0 1 0 1 0],Class has 21 samples (Target 100)
"keys can be bare unquoted , or quoted using basic , or literal","keys can be Bare unquoted , or quoted Using canonic , or misprint",[0 1 0 1 0],Class has 21 samples (Target 100)
triangular2 a basic triangular cycle that scales initial amplitude by half each cycle.,triangular2 a basic Triangular Cycle that scales initial amplitude by half each Cycle.,[0 1 0 1 0],Class has 21 samples (Target 100)
categories or ordered .,family or Ordered .,[0 1 0 1 0],Class has 21 samples (Target 100)
categories will be replaced with nan.,Categories will be Replaced with nan.,[0 1 0 1 0],Class has 21 samples (Target 100)
triangular2 a basic triangular cycle that scales initial amplitude by half each cycle.,triangular2 a basic triangular cycle that scales initial bountifulness by half each cycle.,[0 1 0 1 0],Class has 21 samples (Target 100)
"categories index like, optional","family index Like, optional",[0 1 0 1 0],Class has 21 samples (Target 100)
categories will be replaced with nan.,categories bequeath be replaced with nan.,[0 1 0 1 0],Class has 21 samples (Target 100)
the categories for the categorical.,the category for the categorical.,[0 1 0 1 0],Class has 21 samples (Target 100)
"categories sequence, optional","categories Sequence, optional",[0 1 0 1 0],Class has 21 samples (Target 100)
false if there is no existing ordered to maintain.,false if there is no live ordain to maintain.,[0 1 0 1 0],Class has 21 samples (Target 100)
"input math n, where math means, any number of additional dimensions","input math n, where math Means, any bit of additional proportion",[0 1 0 1 0],Class has 21 samples (Target 100)
whether or not this categorical is treated as an ordered,whether or Not this unconditional is treated as an consecrate,[0 1 0 1 0],Class has 21 samples (Target 100)
"if the categories are not given here and also not in dtype , they","if the family are not given here And too Not in dtype , they",[0 1 0 1 0],Class has 21 samples (Target 100)
categorical will be unordered.,categorical bequeath be unordered.,[0 1 0 1 0],Class has 21 samples (Target 100)
the categories for the categorical.,the class for the categorical.,[0 1 0 1 0],Class has 21 samples (Target 100)
a data type sanity check,a data eccentric sanity learn,[0 1 0 1 0],Class has 21 samples (Target 100)
"categories index like, optional","Categories index like, optional",[0 1 0 1 0],Class has 21 samples (Target 100)
triangular2 a basic triangular cycle that scales initial amplitude by half each cycle.,triangular2 a basic trilateral cycle that scales initial amplitude by half apiece cycle.,[0 1 0 1 0],Class has 21 samples (Target 100)
"input math n, where math means, any number of additional dimensions","input math n, where math Means, any number of additional property",[0 1 0 1 0],Class has 21 samples (Target 100)
categorical will be unordered.,categoric will be unordered.,[0 1 0 1 0],Class has 21 samples (Target 100)
categories or ordered .,category or ordered .,[0 1 0 1 0],Class has 21 samples (Target 100)
at each cycle iteration.,at each rhythm iteration.,[0 1 0 1 0],Class has 21 samples (Target 100)
false if there is no existing ordered to maintain.,false if there is no existing prescribe to maintain.,[0 1 0 1 0],Class has 21 samples (Target 100)
the categories for the categorical.,the categories for the Categorical.,[0 1 0 1 0],Class has 21 samples (Target 100)
"if the categories are not given here and also not in dtype , they","if the Categories are not render hither and also not in dtype , they",[0 1 0 1 0],Class has 21 samples (Target 100)
categories or ordered .,categories or tell .,[0 1 0 1 0],Class has 21 samples (Target 100)
"if the categories are not given here and also not in dtype , they","if the categories are not pay Hera and also not in dtype , they",[0 1 0 1 0],Class has 21 samples (Target 100)
a data type sanity check,a information character sanity Check,[0 1 0 1 0],Class has 21 samples (Target 100)
a default value,a Default value,[0 1 0 1 0],Class has 21 samples (Target 100)
categorical will be unordered.,categorical volition be Unordered.,[0 1 0 1 0],Class has 21 samples (Target 100)
passing an object to the constructor converts it to text and wraps,passing An object to the constructor commute it to textbook and envelop,[0 1 0 1 0],Class has 21 samples (Target 100)
"if categories are given, values not in","if categories are given, value not in",[0 1 0 1 0],Class has 21 samples (Target 100)
the categories for the categorical.,The categories for The categorical.,[0 1 0 1 0],Class has 21 samples (Target 100)
"if the categories are not given here and also not in dtype , they","if the Categories are not given here and also not in dtype , they",[0 1 0 1 0],Class has 21 samples (Target 100)
"subtype str, np^dtype","subtype str, Np^dtype",[0 1 0 1 0],Class has 21 samples (Target 100)
quotes following the same escaping rules as single line stringtype.,cite following the same escaping rules as Single line stringtype.,[0 1 0 1 0],Class has 21 samples (Target 100)
passing an object to the constructor converts it to text and wraps,passing an Object to the constructor converts it to text and wraps,[0 1 0 1 0],Class has 21 samples (Target 100)
the categories for the categorical.,the Categories for the categorical.,[0 1 0 1 0],Class has 21 samples (Target 100)
quotes following the same escaping rules as single line stringtype.,quotes Following the same escaping rein as single line stringtype.,[0 1 0 1 0],Class has 21 samples (Target 100)
passing an object to the constructor converts it to text and wraps,perish an Object to the builder converts it to text and wraps,[0 1 0 1 0],Class has 21 samples (Target 100)
triangular2 a basic triangular cycle that scales initial amplitude by half each cycle.,triangular2 a Basic triangular motorbike that exfoliation initial amplitude by half each cycle.,[0 1 0 1 0],Class has 21 samples (Target 100)
quotes following the same escaping rules as single line stringtype.,quotes following the Same escaping rules as single occupation stringtype.,[0 1 0 1 0],Class has 21 samples (Target 100)
passing an object to the constructor converts it to text and wraps,surpass an objective to the constructor commute it to text and wraps,[0 1 0 1 0],Class has 21 samples (Target 100)
categories or ordered .,Categories or ordered .,[0 1 0 1 0],Class has 21 samples (Target 100)
"if the categories are not given here and also not in dtype , they","if the categories are not devote here and also not in Dtype , they",[0 1 0 1 0],Class has 21 samples (Target 100)
categories or ordered .,categories or grade .,[0 1 0 1 0],Class has 21 samples (Target 100)
"if categories are given, values not in","if categories are given, prise not in",[0 1 0 1 0],Class has 21 samples (Target 100)
"if the categories are not given here and also not in dtype , they","if the categories are not given Here and also not in dtype , they",[0 1 0 1 0],Class has 21 samples (Target 100)
num features math c from an expected input of size,Num features math c from an carry input of size,[0 1 0 1 0],Class has 21 samples (Target 100)
this will be swapped as nnq^dequantize in convert .,This leave be trade as nnq^dequantize In convert .,[0 0 0 1 1],Class has 17 samples (Target 100)
equality of two features.,equation of Two features.,[0 0 0 1 1],Class has 17 samples (Target 100)
"files, etc.","Files, Etc.",[0 0 0 1 1],Class has 17 samples (Target 100)
regression tests for #8551 and #17067 ensure that environment variables,reversion tests for #8551 and #17067 secure That environment variables,[0 0 0 1 1],Class has 17 samples (Target 100)
this wrapper is used to catch and suppress brokenpipeerrors resulting,this housecoat is used to catch and suppress brokenpipeerrors resulting,[0 0 0 1 1],Class has 17 samples (Target 100)
"linked list node references, one for each value associated with that key.","unite list knob references, one for Each value associated with That key.",[0 0 0 1 1],Class has 17 samples (Target 100)
"multipart post data if it has been accessed via post,","multipart send datum if it has been accessed via post,",[0 0 0 1 1],Class has 17 samples (Target 100)
it tests actual geometric,it tryout real geometric,[0 0 0 1 1],Class has 17 samples (Target 100)
"so if a and b are the same feature,","so if a and b are The same feature,",[0 0 0 1 1],Class has 17 samples (Target 100)
"so if a and b are the same feature,","so if a and b are the Lapplander feature,",[0 0 0 1 1],Class has 17 samples (Target 100)
this will be swapped as nnq^dequantize in convert .,this will be Swapped as nnq^dequantize in convince .,[0 0 0 1 1],Class has 17 samples (Target 100)
this wrapper is used to catch and suppress brokenpipeerrors resulting,this wrap is used to catch and Suppress Brokenpipeerrors resulting,[0 0 0 1 1],Class has 17 samples (Target 100)
and output math y which is a 2d tensor of target class indices .,and turnout math y which is a 2d Tensor of target class Indices .,[0 0 0 1 1],Class has 17 samples (Target 100)
regression tests for #8551 and #17067 ensure that environment variables,regression tests for #8551 And #17067 ensure that environment variables,[0 0 0 1 1],Class has 17 samples (Target 100)
regression tests for #8551 and #17067 ensure that environment variables,regression examine for #8551 and #17067 ensure that environs variables,[0 0 0 1 1],Class has 17 samples (Target 100)
"vertex by vertex, the operator returns true.","vertex by vertex, the operator regress true.",[0 0 0 1 1],Class has 17 samples (Target 100)
are set correctly in requestfactory.,are set Correctly in requestfactory.,[0 0 0 1 1],Class has 17 samples (Target 100)
"linked list node references, one for each value associated with that key.","linked List node references, one for each value associated with that key.",[0 0 0 1 1],Class has 17 samples (Target 100)
hinge loss margin based loss between input math x a 2d mini batch tensor,hinge loss margin found passing betwixt input math x a 2d mini batch tensor,[0 0 0 1 1],Class has 17 samples (Target 100)
no more reads are allowed from this device.,no more interpret are allowed from this device.,[0 0 0 1 1],Class has 17 samples (Target 100)
"so if a and b are the same feature,","so if A and b are the Lapp feature,",[0 0 0 1 1],Class has 17 samples (Target 100)
it tests actual geometric,it Tests actual geometric,[0 0 0 1 1],Class has 17 samples (Target 100)
hinge loss margin based loss between input math x a 2d mini batch tensor,hinge red margin establish loss betwixt Input math x a 2d mini heap tensor,[0 0 0 1 1],Class has 17 samples (Target 100)
"linked list node references, one for each value associated with that key.","linked list node references, one for each prise Associated With that key.",[0 0 0 1 1],Class has 17 samples (Target 100)
math left lfloor frac out channels in channels right rfloor .,math left lfloor frac out channels in Channels redress rfloor .,[0 0 0 1 1],Class has 17 samples (Target 100)
regression tests for #8551 and #17067 ensure that environment variables,reversion tests for #8551 and #17067 ensure that environment Variables,[0 0 0 1 1],Class has 17 samples (Target 100)
"multipart post data if it has been accessed via post,","multipart post datum if it Has live accessed via post,",[0 0 0 1 1],Class has 17 samples (Target 100)
hinge loss margin based loss between input math x a 2d mini batch tensor,hinge loss margin found going between input Math x a 2d mini batch tensor,[0 0 0 1 1],Class has 17 samples (Target 100)
this will be swapped as nnq^dequantize in convert .,this will Be swapped as nnq^dequantize in convert .,[0 0 0 1 1],Class has 17 samples (Target 100)
the operator is the same as operator.,the operator is the same as Operator.,[0 0 0 1 1],Class has 17 samples (Target 100)
"multipart post data if it has been accessed via post,","Multipart Post data if it has been accessed via post,",[0 0 0 1 1],Class has 17 samples (Target 100)
this will be swapped as nnq^dequantize in convert .,this will be swapped as nnq^dequantize in change .,[0 0 0 1 1],Class has 17 samples (Target 100)
"vertex by vertex, the operator returns true.","vertex by vertex, The operator returns True.",[0 0 0 1 1],Class has 17 samples (Target 100)
math left lfloor frac out channels in channels right rfloor .,math left lfloor Frac out channels In canalise right Rfloor .,[0 0 0 1 1],Class has 17 samples (Target 100)
"so if a and b are the same feature,","so if a and b Are the Same feature,",[0 0 0 1 1],Class has 17 samples (Target 100)
this will be swapped as nnq^dequantize in convert .,this will be Swapped as nnq^dequantize In convert .,[0 0 0 1 1],Class has 17 samples (Target 100)
the operator is the same as operator.,the hustler Is the Same as operator.,[0 0 0 1 1],Class has 17 samples (Target 100)
it tests actual geometric,it essay actual geometric,[0 0 0 1 1],Class has 17 samples (Target 100)
are set correctly in requestfactory.,are Set correctly in requestfactory.,[0 0 0 1 1],Class has 17 samples (Target 100)
this will be swapped as nnq^dequantize in convert .,this Will Be swapped as nnq^dequantize in convert .,[0 0 0 1 1],Class has 17 samples (Target 100)
are set correctly in requestfactory.,are set aright in requestfactory.,[0 0 0 1 1],Class has 17 samples (Target 100)
the operator is the same as operator.,the manipulator is the same As operator.,[0 0 0 1 1],Class has 17 samples (Target 100)
this wrapper is used to catch and suppress brokenpipeerrors resulting,This wrapper is used to catch and suppress brokenpipeerrors resulting,[0 0 0 1 1],Class has 17 samples (Target 100)
"linked list node references, one for each value associated with that key.","linked heel node references, one for each value link with that key.",[0 0 0 1 1],Class has 17 samples (Target 100)
"multipart post data if it has been accessed via post,","multipart post information if it has follow accessed via post,",[0 0 0 1 1],Class has 17 samples (Target 100)
this will be swapped as nnq^dequantize in convert .,this Will be swapped as nnq^dequantize in convert .,[0 0 0 1 1],Class has 17 samples (Target 100)
and output math y which is a 2d tensor of target class indices .,and output Math y which is a 2d tensor of target class indices .,[0 0 0 1 1],Class has 17 samples (Target 100)
"vertex by vertex, the operator returns true.","apex by vertex, the operator rejoinder true.",[0 0 0 1 1],Class has 17 samples (Target 100)
hinge loss margin based loss between input math x a 2d mini batch tensor,hinge going Margin based going between input Math x a 2d mini mountain tensor,[0 0 0 1 1],Class has 17 samples (Target 100)
"multipart post data if it has been accessed via post,","multipart post datum if it has been accessed Via post,",[0 0 0 1 1],Class has 17 samples (Target 100)
"linked list node references, one for each value associated with that key.","linked leaning node references, one for each value colligate with that key.",[0 0 0 1 1],Class has 17 samples (Target 100)
regression tests for #8551 and #17067 ensure that environment variables,retrogression tests for #8551 and #17067 ensure that surround variables,[0 0 0 1 1],Class has 17 samples (Target 100)
"linked list node references, one for each value associated with that key.","tie name Node references, one for each assess associated with That key.",[0 0 0 1 1],Class has 17 samples (Target 100)
"multipart post data if it has been accessed via post,","multipart post datum if it has live access via post,",[0 0 0 1 1],Class has 17 samples (Target 100)
"linked list node references, one for each value associated with that key.","Linked list node references, one for each value associated with That key.",[0 0 0 1 1],Class has 17 samples (Target 100)
"so if a and b are the same feature,","so if a and b are the same Feature,",[0 0 0 1 1],Class has 17 samples (Target 100)
and output math y which is a 2d tensor of target class indices .,And outturn math y which Is a 2d tensor of butt class exponent .,[0 0 0 1 1],Class has 17 samples (Target 100)
are set correctly in requestfactory.,are set right in requestfactory.,[0 0 0 1 1],Class has 17 samples (Target 100)
the operator is the same as operator.,the operator Is the same as operator.,[0 0 0 1 1],Class has 17 samples (Target 100)
"linked list node references, one for each value associated with that key.","linked list knob references, one for apiece value associated with that Key.",[0 0 0 1 1],Class has 17 samples (Target 100)
equality of two features.,Equality of two features.,[0 0 0 1 1],Class has 17 samples (Target 100)
this wrapper is used to catch and suppress brokenpipeerrors resulting,this wrapper is used to catch and oppress brokenpipeerrors resulting,[0 0 0 1 1],Class has 17 samples (Target 100)
hinge loss margin based loss between input math x a 2d mini batch tensor,hinge loss margin found loss betwixt stimulation Math X a 2d mini flock tensor,[0 0 0 1 1],Class has 17 samples (Target 100)
are set correctly in requestfactory.,are Set aright in requestfactory.,[0 0 0 1 1],Class has 17 samples (Target 100)
"multipart post data if it has been accessed via post,","multipart Post data if it has follow accessed via Post,",[0 0 0 1 1],Class has 17 samples (Target 100)
globals and others.,globals and Others.,[0 0 0 1 1],Class has 17 samples (Target 100)
math left lfloor frac out channels in channels right rfloor .,math depart lfloor frac out channelise in carry redress rfloor .,[0 0 0 1 1],Class has 17 samples (Target 100)
"multipart post data if it has been accessed via post,","multipart post information if it has comprise access via post,",[0 0 0 1 1],Class has 17 samples (Target 100)
math left lfloor frac out channels in channels right rfloor .,math left lfloor frac out Channels in channels right rfloor .,[0 0 0 1 1],Class has 17 samples (Target 100)
"linked list node references, one for each value associated with that key.","linked name node references, one for each value associated with that key.",[0 0 0 1 1],Class has 17 samples (Target 100)
are set correctly in requestfactory.,Are set correctly in requestfactory.,[0 0 0 1 1],Class has 17 samples (Target 100)
"linked list node references, one for each value associated with that key.","linked heel node references, one for each value Associated with that Key.",[0 0 0 1 1],Class has 17 samples (Target 100)
this wrapper is used to catch and suppress brokenpipeerrors resulting,this peignoir is secondhand to catch and crush brokenpipeerrors Resulting,[0 0 0 1 1],Class has 17 samples (Target 100)
regression tests for #8551 and #17067 ensure that environment variables,Regression try for #8551 and #17067 ensure that environment variables,[0 0 0 1 1],Class has 17 samples (Target 100)
"files, etc.","files, etcetera",[0 0 0 1 1],Class has 17 samples (Target 100)
"vertex by vertex, the operator returns true.","peak by vertex, the operator reappearance True.",[0 0 0 1 1],Class has 17 samples (Target 100)
this wrapper is used to catch and suppress brokenpipeerrors resulting,this wrap Is used to catch and curb brokenpipeerrors Resulting,[0 0 0 1 1],Class has 17 samples (Target 100)
and output math y which is a 2d tensor of target class indices .,and output mathematics y which is a 2d tensor of quarry class forefinger .,[0 0 0 1 1],Class has 17 samples (Target 100)
the operator is the same as operator.,the manipulator is the same as Operator.,[0 0 0 1 1],Class has 17 samples (Target 100)
it tests actual geometric,it tests Actual geometric,[0 0 0 1 1],Class has 17 samples (Target 100)
"multipart post data if it has been accessed via post,","multipart post datum if It has Been access via post,",[0 0 0 1 1],Class has 17 samples (Target 100)
"vertex by vertex, the operator returns true.","apex by vertex, The operator returns true.",[0 0 0 1 1],Class has 17 samples (Target 100)
no more reads are allowed from this device.,no more Reads are allowed from This device.,[0 0 0 1 1],Class has 17 samples (Target 100)
and are allowed to access the context read only.,and are admit to access the context Read only.,[1 1 0 0 0],Class has 15 samples (Target 100)
template filters and global functions marked as,template trickle and global map check as,[1 1 0 0 0],Class has 15 samples (Target 100)
replaces a list of migration names,replaces a list of migration call,[1 1 0 0 0],Class has 15 samples (Target 100)
"run before a list of tuples of app path, migration name","run before a listing of tuples Of app path, migration name",[1 1 0 0 0],Class has 15 samples (Target 100)
"run before a list of tuples of app path, migration name","run before a inclination of tuples of app path, migration name",[1 1 0 0 0],Class has 15 samples (Target 100)
of the following attributes,of the espouse impute,[1 1 0 0 0],Class has 15 samples (Target 100)
modifications on attr parent must not,modifications on attr rear must not,[1 1 0 0 0],Class has 15 samples (Target 100)
"run before a list of tuples of app path, migration name","run before a heel of tuples of app path, migration gens",[1 1 0 0 0],Class has 15 samples (Target 100)
func contextfunction s get the active context passed as first argument,func contextfunction s get the dynamic context passed as first argument,[1 1 0 0 0],Class has 15 samples (Target 100)
replaces a list of migration names,replace a List of migration mention,[1 1 0 0 0],Class has 15 samples (Target 100)
other parameters can be provided as documented at,former parameters can be provided as documented at,[1 1 0 0 0],Class has 15 samples (Target 100)
"run before a list of tuples of app path, migration name","Run before a list of Tuples of app path, migration name",[1 1 0 0 0],Class has 15 samples (Target 100)
modifications on attr parent must not,modifications on attr parent Must not,[1 1 0 0 0],Class has 15 samples (Target 100)
template code only.,templet Code only.,[1 1 0 0 0],Class has 15 samples (Target 100)
it will have one or more,It will have one or more,[1 1 0 0 0],Class has 15 samples (Target 100)
"dependencies a list of tuples of app path, migration name","dependencies a number of tuples of app Path, migration name",[1 1 0 0 0],Class has 15 samples (Target 100)
modifications on attr parent must not,alteration on attr nurture must not,[1 1 0 0 0],Class has 15 samples (Target 100)
"pos weight tensor, optional a weight of positive examples.","Pos burthen tensor, optional a weight of Positive examples.",[1 1 0 0 0],Class has 15 samples (Target 100)
it will have one or more,it Will take One or more,[1 1 0 0 0],Class has 15 samples (Target 100)
"operations a list of operation instances, probably from django^db.migrations^operations","operations a lean of procedure instances, probably from django^db.migrations^operations",[1 1 0 0 0],Class has 15 samples (Target 100)
and math represent arbitrary spatial dimensions.,and math be arbitrary spatial dimensions.,[1 1 0 0 0],Class has 15 samples (Target 100)
"dependencies a list of tuples of app path, migration name","colony a name of tuples of app path, migration name",[1 1 0 0 0],Class has 15 samples (Target 100)
func contextfunction s get the active context passed as first argument,func contextfunction s get the alive context Passed as showtime argument,[1 1 0 0 0],Class has 15 samples (Target 100)
replaces a list of migration names,replaces A tilt of migration names,[1 1 0 0 0],Class has 15 samples (Target 100)
it will have one or more,it will Have one or more,[1 1 0 0 0],Class has 15 samples (Target 100)
func contextfunction s get the active context passed as first argument,Func contextfunction S get the active context excrete as first argument,[1 1 0 0 0],Class has 15 samples (Target 100)
func contextfunction s get the active context passed as first argument,Func contextfunction s get the active circumstance passed as first controversy,[1 1 0 0 0],Class has 15 samples (Target 100)
it will have one or more,it will get one or More,[1 1 0 0 0],Class has 15 samples (Target 100)
template filters and global functions marked as,template filters and global occasion label as,[1 1 0 0 0],Class has 15 samples (Target 100)
"run before a list of tuples of app path, migration name","run ahead a list of tuples of app path, migration name",[1 1 0 0 0],Class has 15 samples (Target 100)
"dependencies a list of tuples of app path, migration name","addiction A list of tuples of app path, migration name",[1 1 0 0 0],Class has 15 samples (Target 100)
and are allowed to access the context read only.,and are allowed to Access the setting read Only.,[1 1 0 0 0],Class has 15 samples (Target 100)
other parameters can be provided as documented at,early argument can be allow as documented at,[1 1 0 0 0],Class has 15 samples (Target 100)
func contextfunction s get the active context passed as first argument,func contextfunction s get the alive context passed as first arguing,[1 1 0 0 0],Class has 15 samples (Target 100)
template filters and global functions marked as,template filter and spheric functions scar as,[1 1 0 0 0],Class has 15 samples (Target 100)
template code only.,guide encrypt only.,[1 1 0 0 0],Class has 15 samples (Target 100)
"dependencies a list of tuples of app path, migration name","dependencies a list of tuples of app path, Migration describe",[1 1 0 0 0],Class has 15 samples (Target 100)
template code only.,template Code only.,[1 1 0 0 0],Class has 15 samples (Target 100)
"pos weight tensor, optional a weight of positive examples.","pos weight tensor, Optional a weight of cocksure Examples.",[1 1 0 0 0],Class has 15 samples (Target 100)
"operations a list of operation instances, probably from django^db.migrations^operations","operation a list of operation Instances, probably from django^db.migrations^operations",[1 1 0 0 0],Class has 15 samples (Target 100)
"operations a list of operation instances, probably from django^db.migrations^operations","functioning a list of operation instances, probably from django^db.migrations^operations",[1 1 0 0 0],Class has 15 samples (Target 100)
happen and modifications on attr vars are allowed from generated,happen and Modifications on attr var are allowed from sire,[1 1 0 0 0],Class has 15 samples (Target 100)
happen and modifications on attr vars are allowed from generated,find and change on attr var are allowed From get,[1 1 0 0 0],Class has 15 samples (Target 100)
"run before a list of tuples of app path, migration name","run before a heel of tuples of app path, migration name",[1 1 0 0 0],Class has 15 samples (Target 100)
template filters and global functions marked as,Template filters and global functions marked as,[1 1 0 0 0],Class has 15 samples (Target 100)
of the following attributes,Of The trace impute,[1 1 0 0 0],Class has 15 samples (Target 100)
"run before a list of tuples of app path, migration name","run before a list of tuples of app path, migration describe",[1 1 0 0 0],Class has 15 samples (Target 100)
"dependencies a list of tuples of app path, migration name","dependencies a list Of tuples of App Path, migration nominate",[1 1 0 0 0],Class has 15 samples (Target 100)
and are allowed to access the context read only.,and are allowed to admittance the setting Read only.,[1 1 0 0 0],Class has 15 samples (Target 100)
template filters and global functions marked as,Template filters and globular functions marked As,[1 1 0 0 0],Class has 15 samples (Target 100)
template filters and global functions marked as,template Filters and global map marked as,[1 1 0 0 0],Class has 15 samples (Target 100)
modifications on attr parent must not,modifications on attr Parent must Not,[1 1 0 0 0],Class has 15 samples (Target 100)
"operations a list of operation instances, probably from django^db.migrations^operations","surgery A list of operation Instances, probably From django^db.migrations^operations",[1 1 0 0 0],Class has 15 samples (Target 100)
template filters and global functions marked as,guide percolate and global functions marked as,[1 1 0 0 0],Class has 15 samples (Target 100)
of the following attributes,of the next attributes,[1 1 0 0 0],Class has 15 samples (Target 100)
modifications on attr parent must not,Modifications on attr parent must not,[1 1 0 0 0],Class has 15 samples (Target 100)
func contextfunction s get the active context passed as first argument,Func contextfunction s get the active context passed as first tilt,[1 1 0 0 0],Class has 15 samples (Target 100)
and math represent arbitrary spatial dimensions.,and Math represent arbitrary spatial dimensions.,[1 1 0 0 0],Class has 15 samples (Target 100)
template filters and global functions marked as,template filters And Global affair marked As,[1 1 0 0 0],Class has 15 samples (Target 100)
func contextfunction s get the active context passed as first argument,func contextfunction s Get the active context go as first statement,[1 1 0 0 0],Class has 15 samples (Target 100)
happen and modifications on attr vars are allowed from generated,happen and modifications on attr var are tolerate from generated,[1 1 0 0 0],Class has 15 samples (Target 100)
"dependencies a list of tuples of app path, migration name","habituation a list of Tuples of app path, migration mention",[1 1 0 0 0],Class has 15 samples (Target 100)
func contextfunction s get the active context passed as first argument,func contextfunction s get the active setting passed as first arguing,[1 1 0 0 0],Class has 15 samples (Target 100)
and are allowed to access the context read only.,and are Allowed to Access the circumstance scan only.,[1 1 0 0 0],Class has 15 samples (Target 100)
happen and modifications on attr vars are allowed from generated,happen and alteration on attr Vars are allowed from return,[1 1 0 0 0],Class has 15 samples (Target 100)
"operations a list of operation instances, probably from django^db.migrations^operations","surgery a list of procedure instances, credibly from django^db.migrations^operations",[1 1 0 0 0],Class has 15 samples (Target 100)
"run before a list of tuples of app path, migration name","run before a number of tuples of app path, migration Name",[1 1 0 0 0],Class has 15 samples (Target 100)
of the following attributes,of the be attribute,[1 1 0 0 0],Class has 15 samples (Target 100)
modifications on attr parent must not,change on attr parent must not,[1 1 0 0 0],Class has 15 samples (Target 100)
func contextfunction s get the active context passed as first argument,func contextfunction S get the active setting passed as First controversy,[1 1 0 0 0],Class has 15 samples (Target 100)
and are allowed to access the context read only.,and Are tolerate to access the context register Only.,[1 1 0 0 0],Class has 15 samples (Target 100)
it will have one or more,it will have one or More,[1 1 0 0 0],Class has 15 samples (Target 100)
"operations a list of operation instances, probably from django^db.migrations^operations","operations a listing of functioning instances, Probably from django^db.migrations^operations",[1 1 0 0 0],Class has 15 samples (Target 100)
"dependencies a list of tuples of app path, migration name","Dependencies a listing of tuples Of app path, migration name",[1 1 0 0 0],Class has 15 samples (Target 100)
"operations a list of operation instances, probably from django^db.migrations^operations","operations a heel of operation instances, probably from Django^db.migrations^operations",[1 1 0 0 0],Class has 15 samples (Target 100)
and are allowed to access the context read only.,and are Allowed to access the context scan only.,[1 1 0 0 0],Class has 15 samples (Target 100)
replaces a list of migration names,interchange A tilt of migration names,[1 1 0 0 0],Class has 15 samples (Target 100)
"pos weight tensor, optional a weight of positive examples.","pos burthen tensor, optional a Weight of positive examples.",[1 1 0 0 0],Class has 15 samples (Target 100)
other parameters can be provided as documented at,former parameters Can be cater as document at,[1 1 0 0 0],Class has 15 samples (Target 100)
of the following attributes,of The undermentioned attributes,[1 1 0 0 0],Class has 15 samples (Target 100)
and are allowed to access the context read only.,and are allowed to access the context read Only.,[1 1 0 0 0],Class has 15 samples (Target 100)
"pos weight tensor, optional a weight of positive examples.","pos weight tensor, optional a weight of incontrovertible examples.",[1 1 0 0 0],Class has 15 samples (Target 100)
of the following attributes,of the pursual attributes,[1 1 0 0 0],Class has 15 samples (Target 100)
"dependencies a list of tuples of app path, migration name","dependance a listing of tuples of app path, migration name",[1 1 0 0 0],Class has 15 samples (Target 100)
"operations a list of operation instances, probably from django^db.migrations^operations","surgery a list of operation instances, plausibly From django^db.migrations^operations",[1 1 0 0 0],Class has 15 samples (Target 100)
"if the default value is an empty list, it is assumed to be a list of","if the nonpayment prise is an empty List, it is assumed to be a list of",[0 0 1 1 0],Class has 13 samples (Target 100)
stringarray returns a booleanarray for comparison methods.,stringarray returns A Booleanarray for Comparison methods.,[0 0 1 1 0],Class has 13 samples (Target 100)
stringarray returns a booleanarray for comparison methods.,stringarray revert a booleanarray for comparing methods.,[0 0 1 1 0],Class has 13 samples (Target 100)
on the importance of initialization and momentum in deep learning .,on the grandness of initialization and momentum In late learn .,[0 0 1 1 0],Class has 13 samples (Target 100)
their own class.,Their own Class.,[0 0 1 1 0],Class has 13 samples (Target 100)
their own class.,their Own class.,[0 0 1 1 0],Class has 13 samples (Target 100)
stringarray returns a booleanarray for comparison methods.,stringarray returns a booleanarray for comparability methods.,[0 0 1 1 0],Class has 13 samples (Target 100)
"if the default value is an empty list, it is assumed to be a list of","if the Default value is an empty list, it is accept to be a list Of",[0 0 1 1 0],Class has 13 samples (Target 100)
nesterov momentum is based on the formula from,nesterov impulse is based on the formula From,[0 0 1 1 0],Class has 13 samples (Target 100)
on the importance of initialization and momentum in deep learning .,on the importance Of initialisation and momentum in deep learning .,[0 0 1 1 0],Class has 13 samples (Target 100)
expressions may be separated by whitespace.,expressions may Be separated By whitespace.,[0 0 1 1 0],Class has 13 samples (Target 100)
between 0 and 1.,betwixt 0 and 1.,[0 0 1 1 0],Class has 13 samples (Target 100)
note that the targets t i should be numbers,Note that the targets T i should be Numbers,[0 0 1 1 0],Class has 13 samples (Target 100)
on the importance of initialization and momentum in deep learning .,on The grandness of initialisation and momentum in deep learning .,[0 0 1 1 0],Class has 13 samples (Target 100)
"if the default value is an empty list, it is assumed to be a list of","if the default assess is An empty list, it is assumed to be a heel of",[0 0 1 1 0],Class has 13 samples (Target 100)
"may also be constructed using the operator, which will","may Also be Constructed using The operator, which will",[0 0 1 1 0],Class has 13 samples (Target 100)
expressions may be separated by whitespace.,locution may be detached by whitespace.,[0 0 1 1 0],Class has 13 samples (Target 100)
suppress backtracking.,inhibit backtracking.,[0 0 1 1 0],Class has 13 samples (Target 100)
nesterov momentum is based on the formula from,nesterov momentum is ground on the formula from,[0 0 1 1 0],Class has 13 samples (Target 100)
stringarray returns a booleanarray for comparison methods.,stringarray returns a booleanarray for Comparison Methods.,[0 0 1 1 0],Class has 13 samples (Target 100)
"may also be constructed using the operator, which will","may also Be constructed victimisation the operator, which will",[0 0 1 1 0],Class has 13 samples (Target 100)
"if the default value is an empty list, it is assumed to be a list of","if the default value is an Empty list, it is simulate to be a list of",[0 0 1 1 0],Class has 13 samples (Target 100)
"may also be constructed using the operator, which will","may too be constructed using the operator, Which bequeath",[0 0 1 1 0],Class has 13 samples (Target 100)
"if the default value is an empty list, it is assumed to be a list of","if the default Value is an empty list, it Is assumed to be a list of",[0 0 1 1 0],Class has 13 samples (Target 100)
on the importance of initialization and momentum in deep learning .,on the importance of initialization and momentum in thick learning .,[0 0 1 1 0],Class has 13 samples (Target 100)
values of the type specified.,measure of the type specified.,[0 0 1 1 0],Class has 13 samples (Target 100)
will contain case sensitive keys.,will contain eccentric sensitive keys.,[0 0 1 1 0],Class has 13 samples (Target 100)
note that the targets t i should be numbers,Note that the point T i should be numbers,[0 0 1 1 0],Class has 13 samples (Target 100)
on the importance of initialization and momentum in deep learning .,on The importance of initialization and impulse in late teach .,[0 0 1 1 0],Class has 13 samples (Target 100)
nesterov momentum is based on the formula from,nesterov momentum is based On the formula from,[0 0 1 1 0],Class has 13 samples (Target 100)
stringarray returns a booleanarray for comparison methods.,stringarray returns a booleanarray for compare methods.,[0 0 1 1 0],Class has 13 samples (Target 100)
values of the type specified.,treasure of the case specified.,[0 0 1 1 0],Class has 13 samples (Target 100)
expressions may be separated by whitespace.,expression may be separated by whitespace.,[0 0 1 1 0],Class has 13 samples (Target 100)
suppress backtracking.,Suppress backtracking.,[0 0 1 1 0],Class has 13 samples (Target 100)
expressions may be separated by whitespace.,expressions May be separated by whitespace.,[0 0 1 1 0],Class has 13 samples (Target 100)
expressions may be separated by whitespace.,expressions may be fork by whitespace.,[0 0 1 1 0],Class has 13 samples (Target 100)
nesterov momentum is based on the formula from,nesterov momentum is found on the expression from,[0 0 1 1 0],Class has 13 samples (Target 100)
"all magics are eventually merged into a single namespace at runtime, but we","all magics are eventually merged into a Single namespace at runtime, but we",[0 0 1 1 0],Class has 13 samples (Target 100)
their own class.,their own Class.,[0 0 1 1 0],Class has 13 samples (Target 100)
expressions may be separated by whitespace.,expressions may be part by whitespace.,[0 0 1 1 0],Class has 13 samples (Target 100)
note that the targets t i should be numbers,note that the targets t i should be count,[0 0 1 1 0],Class has 13 samples (Target 100)
values of the type specified.,Values of the case specified.,[0 0 1 1 0],Class has 13 samples (Target 100)
on the importance of initialization and momentum in deep learning .,on the grandness Of initialization and momentum in deep Learning .,[0 0 1 1 0],Class has 13 samples (Target 100)
note that the targets t i should be numbers,note that the Targets t i should be numbers,[0 0 1 1 0],Class has 13 samples (Target 100)
stringarray returns a booleanarray for comparison methods.,stringarray payoff A booleanarray for comparison methods.,[0 0 1 1 0],Class has 13 samples (Target 100)
"may also be constructed using the operator, which will","may too be constructed using the operator, Which will",[0 0 1 1 0],Class has 13 samples (Target 100)
"all magics are eventually merged into a single namespace at runtime, but we","all legerdemain are eventually merged into a single Namespace at runtime, but we",[0 0 1 1 0],Class has 13 samples (Target 100)
"all magics are eventually merged into a single namespace at runtime, but we","all magics are eventually commingle Into a single namespace at runtime, but we",[0 0 1 1 0],Class has 13 samples (Target 100)
values of the type specified.,Values of The eccentric specified.,[0 0 1 1 0],Class has 13 samples (Target 100)
values of the type specified.,evaluate of the type specified.,[0 0 1 1 0],Class has 13 samples (Target 100)
on the importance of initialization and momentum in deep learning .,on the importance of initialisation and impulse in deep learning .,[0 0 1 1 0],Class has 13 samples (Target 100)
note that the targets t i should be numbers,note that the targets t i Should be come,[0 0 1 1 0],Class has 13 samples (Target 100)
will contain case sensitive keys.,will bear case sensitive keys.,[0 0 1 1 0],Class has 13 samples (Target 100)
nesterov momentum is based on the formula from,nesterov impulse is found On the formula from,[0 0 1 1 0],Class has 13 samples (Target 100)
expressions may be separated by whitespace.,Expressions May be ramify by whitespace.,[0 0 1 1 0],Class has 13 samples (Target 100)
"all magics are eventually merged into a single namespace at runtime, but we","all magics are eventually merged into a unity namespace at runtime, But we",[0 0 1 1 0],Class has 13 samples (Target 100)
"may also be constructed using the operator, which will","May besides be reconstruct employ the operator, which Will",[0 0 1 1 0],Class has 13 samples (Target 100)
between 0 and 1.,between 0 And 1.,[0 0 1 1 0],Class has 13 samples (Target 100)
"may also be constructed using the operator, which will","may also be build using the operator, which will",[0 0 1 1 0],Class has 13 samples (Target 100)
on the importance of initialization and momentum in deep learning .,on The importance of initialisation and impulse in deep learning .,[0 0 1 1 0],Class has 13 samples (Target 100)
suppress backtracking.,crush backtracking.,[0 0 1 1 0],Class has 13 samples (Target 100)
values of the type specified.,appraise of the type specified.,[0 0 1 1 0],Class has 13 samples (Target 100)
expressions may be separated by whitespace.,expressions may be separated By Whitespace.,[0 0 1 1 0],Class has 13 samples (Target 100)
between 0 and 1.,Between 0 and 1.,[0 0 1 1 0],Class has 13 samples (Target 100)
"may also be constructed using the operator, which will","may also be retrace utilise the operator, which will",[0 0 1 1 0],Class has 13 samples (Target 100)
"may also be constructed using the operator, which will","may also be make using the operator, which Will",[0 0 1 1 0],Class has 13 samples (Target 100)
"if the default value is an empty list, it is assumed to be a list of","if the nonpayment value is An empty list, it is assumed to be a list of",[0 0 1 1 0],Class has 13 samples (Target 100)
stringarray returns a booleanarray for comparison methods.,stringarray Returns a booleanarray for comparison methods.,[0 0 1 1 0],Class has 13 samples (Target 100)
expressions may be separated by whitespace.,expressions May be distinguish by whitespace.,[0 0 1 1 0],Class has 13 samples (Target 100)
note that the targets t i should be numbers,mark that the targets t i should be Numbers,[0 0 1 1 0],Class has 13 samples (Target 100)
note that the targets t i should be numbers,billet that the targets t i should be routine,[0 0 1 1 0],Class has 13 samples (Target 100)
will contain case sensitive keys.,will take Case sensitive keys.,[0 0 1 1 0],Class has 13 samples (Target 100)
"if the default value is an empty list, it is assumed to be a list of","if the default value is an empty list, it is assumed to Be a List of",[0 0 1 1 0],Class has 13 samples (Target 100)
note that the targets t i should be numbers,note that the objective t i should be routine,[0 0 1 1 0],Class has 13 samples (Target 100)
"may also be constructed using the operator, which will","may also be constructed using the operator, which bequeath",[0 0 1 1 0],Class has 13 samples (Target 100)
will contain case sensitive keys.,will contain vitrine sensitive keys.,[0 0 1 1 0],Class has 13 samples (Target 100)
expressions may be separated by whitespace.,expressions may be class by whitespace.,[0 0 1 1 0],Class has 13 samples (Target 100)
on the importance of initialization and momentum in deep learning .,on the importance of initialisation and momentum in mysterious ascertain .,[0 0 1 1 0],Class has 13 samples (Target 100)
"all magics are eventually merged into a single namespace at runtime, but we","all magics are eventually unify into a I namespace at runtime, but we",[0 0 1 1 0],Class has 13 samples (Target 100)
suppress backtracking.,curb backtracking.,[0 0 1 1 0],Class has 13 samples (Target 100)
values of the type specified.,values of the Type specified.,[0 0 1 1 0],Class has 13 samples (Target 100)
on the importance of initialization and momentum in deep learning .,on the Importance of initialization and momentum in deep Learning .,[0 0 1 1 0],Class has 13 samples (Target 100)
will contain case sensitive keys.,will Contain case spiritualist keys.,[0 0 1 1 0],Class has 13 samples (Target 100)
on the importance of initialization and momentum in deep learning .,on the Importance of initialization And momentum in late Learning .,[0 0 1 1 0],Class has 13 samples (Target 100)
will contain case sensitive keys.,will contain case sore keys.,[0 0 1 1 0],Class has 13 samples (Target 100)
"all magics are eventually merged into a single namespace at runtime, but we","all magics are finally merged into a individual Namespace at runtime, but we",[0 0 1 1 0],Class has 13 samples (Target 100)
values of the type specified.,values of the case specified.,[0 0 1 1 0],Class has 13 samples (Target 100)
"renaming, index fiddling, and so on.","Renaming, Index fiddling, and so on.",[0 0 1 0 1],Class has 6 samples (Target 100)
"renaming, index fiddling, and so on.","renaming, indicator fiddling, and so on.",[0 0 1 0 1],Class has 6 samples (Target 100)
"statements to the databases model creation removal alteration, field","statements to the databases mold creation removal Alteration, Field",[0 0 1 0 1],Class has 6 samples (Target 100)
"renaming, index fiddling, and so on.","renaming, indicator fiddling, and so On.",[0 0 1 0 1],Class has 6 samples (Target 100)
"renaming, index fiddling, and so on.","renaming, indicant fiddling, and so on.",[0 0 1 0 1],Class has 6 samples (Target 100)
this is called to decorate the set operations of intervalindex,this is predict To decorate the set operations of intervalindex,[0 0 1 0 1],Class has 6 samples (Target 100)
"statements to the databases model creation removal alteration, field","instruction To the databases model innovation removal alteration, field",[0 0 1 0 1],Class has 6 samples (Target 100)
to perform the type check in advance.,to do the typewrite check in advance.,[0 0 1 0 1],Class has 6 samples (Target 100)
to perform the type check in advance.,to execute The type discipline in advance.,[0 0 1 0 1],Class has 6 samples (Target 100)
this is called to decorate the set operations of intervalindex,this is called to decorate the Set performance of intervalindex,[0 0 1 0 1],Class has 6 samples (Target 100)
spatialrefsys objects to reduce redundant code.,spatialrefsys aim to reduce Redundant code.,[0 0 1 0 1],Class has 6 samples (Target 100)
"renaming, index fiddling, and so on.","renaming, index fiddling, And So on.",[0 0 1 0 1],Class has 6 samples (Target 100)
this is called to decorate the set operations of intervalindex,this is called to decorate the set performance of intervalindex,[0 0 1 0 1],Class has 6 samples (Target 100)
spatialrefsys objects to reduce redundant code.,spatialrefsys objects to repress redundant code.,[0 0 1 0 1],Class has 6 samples (Target 100)
"statements to the databases model creation removal alteration, field","statements To the databases model cosmos removal alteration, field",[0 0 1 0 1],Class has 6 samples (Target 100)
to perform the type check in advance.,to perform the Type check in Advance.,[0 0 1 0 1],Class has 6 samples (Target 100)
"statements to the databases model creation removal alteration, field","statements to the databases modeling creation remotion alteration, champaign",[0 0 1 0 1],Class has 6 samples (Target 100)
to perform the type check in advance.,To perform the typecast check in advance.,[0 0 1 0 1],Class has 6 samples (Target 100)
"renaming, index fiddling, and so on.","renaming, index fiddling, And so on.",[0 0 1 0 1],Class has 6 samples (Target 100)
spatialrefsys objects to reduce redundant code.,spatialrefsys target to Reduce redundant code.,[0 0 1 0 1],Class has 6 samples (Target 100)
"statements to the databases model creation removal alteration, field","statements to the Databases model founding Removal Alteration, Field",[0 0 1 0 1],Class has 6 samples (Target 100)
this class and its subclasses are responsible for emitting schema changing,This class And its subclasses are Responsible for utter Schema changing,[0 0 1 0 1],Class has 6 samples (Target 100)
"statements to the databases model creation removal alteration, field","command to the database model creation removal alteration, field",[0 0 1 0 1],Class has 6 samples (Target 100)
to perform the type check in advance.,to execute the type Check in advance.,[0 0 1 0 1],Class has 6 samples (Target 100)
"statements to the databases model creation removal alteration, field","Statements to the databases model conception removal alteration, field",[0 0 1 0 1],Class has 6 samples (Target 100)
this class and its subclasses are responsible for emitting schema changing,this class and its subclass are responsible for emitting schema changing,[0 0 1 0 1],Class has 6 samples (Target 100)
spatialrefsys objects to reduce redundant code.,spatialrefsys objects to shrink spare code.,[0 0 1 0 1],Class has 6 samples (Target 100)
this is called to decorate the set operations of intervalindex,this Is Called To decorate the Set operations of intervalindex,[0 0 1 0 1],Class has 6 samples (Target 100)
"statements to the databases model creation removal alteration, field","statements To the database model creation remotion alteration, Field",[0 0 1 0 1],Class has 6 samples (Target 100)
to perform the type check in advance.,to perform the Type check in advance.,[0 0 1 0 1],Class has 6 samples (Target 100)
"renaming, index fiddling, and so on.","Renaming, index fiddling, and so on.",[0 0 1 0 1],Class has 6 samples (Target 100)
"statements to the databases model creation removal alteration, field","statements to the Databases Model creation removal Alteration, bailiwick",[0 0 1 0 1],Class has 6 samples (Target 100)
"renaming, index fiddling, and so on.","renaming, power fiddling, and So on.",[0 0 1 0 1],Class has 6 samples (Target 100)
spatialrefsys objects to reduce redundant code.,spatialrefsys Objects to reduce tautologic Code.,[0 0 1 0 1],Class has 6 samples (Target 100)
spatialrefsys objects to reduce redundant code.,spatialrefsys objects to cut redundant code.,[0 0 1 0 1],Class has 6 samples (Target 100)
this is called to decorate the set operations of intervalindex,this is called to adorn the set operations of intervalindex,[0 0 1 0 1],Class has 6 samples (Target 100)
this is called to decorate the set operations of intervalindex,this is called to ornament the Set operations of intervalindex,[0 0 1 0 1],Class has 6 samples (Target 100)
"renaming, index fiddling, and so on.","renaming, index fiddling, and So on.",[0 0 1 0 1],Class has 6 samples (Target 100)
to perform the type check in advance.,to do the Type check in Advance.,[0 0 1 0 1],Class has 6 samples (Target 100)
this is called to decorate the set operations of intervalindex,this is called to decorate the set operations Of intervalindex,[0 0 1 0 1],Class has 6 samples (Target 100)
this is called to decorate the set operations of intervalindex,this is yell to embellish The set procedure of intervalindex,[0 0 1 0 1],Class has 6 samples (Target 100)
this class and its subclasses are responsible for emitting schema changing,This class and its subclasses are responsible for emitting schema changing,[0 0 1 0 1],Class has 6 samples (Target 100)
"renaming, index fiddling, and so on.","renaming, index Fiddling, and so on.",[0 0 1 0 1],Class has 6 samples (Target 100)
this class and its subclasses are responsible for emitting schema changing,this class and its subclasses Are responsible for emitting outline changing,[0 0 1 0 1],Class has 6 samples (Target 100)
spatialrefsys objects to reduce redundant code.,spatialrefsys objects to contract extra code.,[0 0 1 0 1],Class has 6 samples (Target 100)
"statements to the databases model creation removal alteration, field","statements to the databases model creation remotion alteration, field",[0 0 1 0 1],Class has 6 samples (Target 100)
this class and its subclasses are responsible for emitting schema changing,this class and its subclasses Are Responsible for emit scheme switch,[0 0 1 0 1],Class has 6 samples (Target 100)
this is called to decorate the set operations of intervalindex,this is Called to decorate the set procedure of intervalindex,[0 0 1 0 1],Class has 6 samples (Target 100)
spatialrefsys objects to reduce redundant code.,spatialrefsys Objects to reduce Redundant code.,[0 0 1 0 1],Class has 6 samples (Target 100)
"renaming, index fiddling, and so on.","renaming, exponent fiddling, and so on.",[0 0 1 0 1],Class has 6 samples (Target 100)
"statements to the databases model creation removal alteration, field","statements to The databases model introduction removal alteration, Field",[0 0 1 0 1],Class has 6 samples (Target 100)
this class and its subclasses are responsible for emitting schema changing,This class And its subclasses Are creditworthy for breathe schema commute,[0 0 1 0 1],Class has 6 samples (Target 100)
this class and its subclasses are responsible for emitting schema changing,this class and its Subclasses are responsible for emitting schema commute,[0 0 1 0 1],Class has 6 samples (Target 100)
spatialrefsys objects to reduce redundant code.,spatialrefsys objects To reduce Redundant code.,[0 0 1 0 1],Class has 6 samples (Target 100)
"statements to the databases model creation removal alteration, field","statements to the databases model creation removal alteration, Field",[0 0 1 0 1],Class has 6 samples (Target 100)
to perform the type check in advance.,to perform the type check In advance.,[0 0 1 0 1],Class has 6 samples (Target 100)
spatialrefsys objects to reduce redundant code.,spatialrefsys objects to Reduce redundant code.,[0 0 1 0 1],Class has 6 samples (Target 100)
spatialrefsys objects to reduce redundant code.,Spatialrefsys aim to reduce redundant code.,[0 0 1 0 1],Class has 6 samples (Target 100)
this class and its subclasses are responsible for emitting schema changing,this class and its subclass are responsible for breathe schema changing,[0 0 1 0 1],Class has 6 samples (Target 100)
to perform the type check in advance.,to do the Type check in advance.,[0 0 1 0 1],Class has 6 samples (Target 100)
spatialrefsys objects to reduce redundant code.,spatialrefsys objects to slenderize Redundant code.,[0 0 1 0 1],Class has 6 samples (Target 100)
"renaming, index fiddling, and so on.","renaming, forefinger fiddling, and so on.",[0 0 1 0 1],Class has 6 samples (Target 100)
this is called to decorate the set operations of intervalindex,this Is called to deck the set functioning of intervalindex,[0 0 1 0 1],Class has 6 samples (Target 100)
to perform the type check in advance.,To perform the eccentric check in advance.,[0 0 1 0 1],Class has 6 samples (Target 100)
this is called to decorate the set operations of intervalindex,this is called to beautify the set operations of intervalindex,[0 0 1 0 1],Class has 6 samples (Target 100)
spatialrefsys objects to reduce redundant code.,spatialrefsys target to reduce excess Code.,[0 0 1 0 1],Class has 6 samples (Target 100)
to perform the type check in advance.,to execute the type assay in advance.,[0 0 1 0 1],Class has 6 samples (Target 100)
this is called to decorate the set operations of intervalindex,this is called to decorate the set Operations of intervalindex,[0 0 1 0 1],Class has 6 samples (Target 100)
to perform the type check in advance.,to perform the case check In advance.,[0 0 1 0 1],Class has 6 samples (Target 100)
"statements to the databases model creation removal alteration, field","statements to the database model instauration remotion alteration, field",[0 0 1 0 1],Class has 6 samples (Target 100)
this is called to decorate the set operations of intervalindex,this is called To Decorate the set operations of intervalindex,[0 0 1 0 1],Class has 6 samples (Target 100)
this class and its subclasses are responsible for emitting schema changing,this class and Its subclass are responsible for emitting schema convert,[0 0 1 0 1],Class has 6 samples (Target 100)
spatialrefsys objects to reduce redundant code.,spatialrefsys objective to contract redundant code.,[0 0 1 0 1],Class has 6 samples (Target 100)
this class and its subclasses are responsible for emitting schema changing,this class And its subclasses are responsible for utter schema transfer,[0 0 1 0 1],Class has 6 samples (Target 100)
this is called to decorate the set operations of intervalindex,this is called to dress the set Operations of intervalindex,[0 0 1 0 1],Class has 6 samples (Target 100)
this class and its subclasses are responsible for emitting schema changing,this class and its subclasses are responsible for emit Schema changing,[0 0 1 0 1],Class has 6 samples (Target 100)
spatialrefsys objects to reduce redundant code.,spatialrefsys objective to reduce redundant code.,[0 0 1 0 1],Class has 6 samples (Target 100)
"statements to the databases model creation removal alteration, field","statements to the databases model cosmos remotion alteration, field",[0 0 1 0 1],Class has 6 samples (Target 100)
this class and its subclasses are responsible for emitting schema changing,this class and its Subclasses are responsible for emitting scheme changing,[0 0 1 0 1],Class has 6 samples (Target 100)
spatialrefsys objects to reduce redundant code.,spatialrefsys target to abridge superfluous code.,[0 0 1 0 1],Class has 6 samples (Target 100)
this class and its subclasses are responsible for emitting schema changing,this class and its subclasses are creditworthy for emitting schema changing,[0 0 1 0 1],Class has 6 samples (Target 100)
this class and its subclasses are responsible for emitting schema changing,this class And its subclass are creditworthy for emitting Schema change,[0 0 1 0 1],Class has 6 samples (Target 100)
to perform the type check in advance.,to perform the typecast check in advance.,[0 0 1 0 1],Class has 6 samples (Target 100)
"renaming, index fiddling, and so on.","renaming, index fiddling, and so On.",[0 0 1 0 1],Class has 6 samples (Target 100)
"renaming, index fiddling, and so on.","renaming, forefinger fiddling, and so On.",[0 0 1 0 1],Class has 6 samples (Target 100)
to perform the type check in advance.,to do the type substantiation in advance.,[0 0 1 0 1],Class has 6 samples (Target 100)
this is called to decorate the set operations of intervalindex,this is called to adorn The Set surgery of intervalindex,[0 0 1 0 1],Class has 6 samples (Target 100)
to perform the type check in advance.,to do The type check in advance.,[0 0 1 0 1],Class has 6 samples (Target 100)
this is called to decorate the set operations of intervalindex,this is called to decorate The set operations of intervalindex,[0 0 1 0 1],Class has 6 samples (Target 100)
spatialrefsys objects to reduce redundant code.,spatialrefsys objects To reduce redundant code.,[0 0 1 0 1],Class has 6 samples (Target 100)
this class and its subclasses are responsible for emitting schema changing,this class and its subclasses are responsible for emitting scheme shift,[0 0 1 0 1],Class has 6 samples (Target 100)
"statements to the databases model creation removal alteration, field","argument to the database mannikin universe remotion Alteration, field",[0 0 1 0 1],Class has 6 samples (Target 100)
"statements to the databases model creation removal alteration, field","statements to the database model creation remotion alteration, field",[0 0 1 0 1],Class has 6 samples (Target 100)
this class and its subclasses are responsible for emitting schema changing,this class and its subclasses are responsible for emitting Schema switch,[0 0 1 0 1],Class has 6 samples (Target 100)
"a tuple of three ints in which case, the first int is used for the depth dimension,","a tuple of three ints in which case, the first int is exploited for the Depth dimension,",[0 1 0 0 1],Class has 5 samples (Target 100)
make plots of series or dataframe.,make plots Of series or dataframe.,[0 1 0 0 1],Class has 5 samples (Target 100)
"a form that creates a user, with no privileges, from the given username and","a descriptor that creates a user, with no Privileges, from the given username and",[0 1 0 0 1],Class has 5 samples (Target 100)
"a tuple of three ints in which case, the first int is used for the depth dimension,","A tuple of three ints in which case, the first int is used for the depth Dimension,",[0 1 0 0 1],Class has 5 samples (Target 100)
class for creating enumerated choices.,class for creating number choices.,[0 1 0 0 1],Class has 5 samples (Target 100)
make plots of series or dataframe.,make diagram of series or Dataframe.,[0 1 0 0 1],Class has 5 samples (Target 100)
class for creating enumerated choices.,class for creating enumerated Choices.,[0 1 0 0 1],Class has 5 samples (Target 100)
tests a custom remoteusermiddleware subclass with custom http auth user,prove a usage remoteusermiddleware subclass with custom http auth user,[0 1 0 0 1],Class has 5 samples (Target 100)
class for creating enumerated choices.,class for make enumerated Choices.,[0 1 0 0 1],Class has 5 samples (Target 100)
make plots of series or dataframe.,constitute plots of serial or dataframe.,[0 1 0 0 1],Class has 5 samples (Target 100)
"a tuple of three ints in which case, the first int is used for the depth dimension,","a Tuple of three ints in Which case, The first int is utilise for the depth dimension,",[0 1 0 0 1],Class has 5 samples (Target 100)
make plots of series or dataframe.,make plots of Series Or dataframe.,[0 1 0 0 1],Class has 5 samples (Target 100)
"a form that creates a user, with no privileges, from the given username and","a kind that creates a user, with no privileges, from the precondition username and",[0 1 0 0 1],Class has 5 samples (Target 100)
tests a custom remoteusermiddleware subclass with custom http auth user,tests a usage remoteusermiddleware subclass with tradition http auth user,[0 1 0 0 1],Class has 5 samples (Target 100)
class for creating enumerated choices.,class for creating count choices.,[0 1 0 0 1],Class has 5 samples (Target 100)
class for creating enumerated choices.,class for Creating enumerated choices.,[0 1 0 0 1],Class has 5 samples (Target 100)
tests a custom remoteusermiddleware subclass with custom http auth user,tests a custom remoteusermiddleware subclass with customs http auth user,[0 1 0 0 1],Class has 5 samples (Target 100)
"a form that creates a user, with no privileges, from the given username and","a spring that produce a user, with no privileges, from the given Username and",[0 1 0 0 1],Class has 5 samples (Target 100)
"a tuple of three ints in which case, the first int is used for the depth dimension,","a tuple of three ints in which case, the First int is exploited for The depth dimension,",[0 1 0 0 1],Class has 5 samples (Target 100)
class for creating enumerated choices.,class for create recite choices.,[0 1 0 0 1],Class has 5 samples (Target 100)
"a tuple of three ints in which case, the first int is used for the depth dimension,","a tuple of three ints in which case, the first int is used for The profundity dimension,",[0 1 0 0 1],Class has 5 samples (Target 100)
tests a custom remoteusermiddleware subclass with custom http auth user,tests a custom Remoteusermiddleware subclass with custom http auth user,[0 1 0 0 1],Class has 5 samples (Target 100)
"a form that creates a user, with no privileges, from the given username and","a form that creates a user, with no privileges, from The founder Username and",[0 1 0 0 1],Class has 5 samples (Target 100)
class for creating enumerated choices.,class for creating numerate choices.,[0 1 0 0 1],Class has 5 samples (Target 100)
"a tuple of three ints in which case, the first int is used for the depth dimension,","a tuple of trinity ints In which case, the first int is utilize for the depth dimension,",[0 1 0 0 1],Class has 5 samples (Target 100)
"a form that creates a user, with no privileges, from the given username and","a form that creates a User, with no privileges, from the Given username And",[0 1 0 0 1],Class has 5 samples (Target 100)
"a tuple of three ints in which case, the first int is used for the depth dimension,","a Tuple of Three ints in which case, The First int is used for the profundity dimension,",[0 1 0 0 1],Class has 5 samples (Target 100)
"a tuple of three ints in which case, the first int is used for the depth dimension,","A tuple of Three ints in which case, the first int is used for the astuteness dimension,",[0 1 0 0 1],Class has 5 samples (Target 100)
"a form that creates a user, with no privileges, from the given username and","a physique that Creates a user, with no privileges, from the given username and",[0 1 0 0 1],Class has 5 samples (Target 100)
"a tuple of three ints in which case, the first int is used for the depth dimension,","a tuple of three Ints in Which Case, the first int is used for The deepness dimension,",[0 1 0 0 1],Class has 5 samples (Target 100)
"a form that creates a user, with no privileges, from the given username and","a variant that Creates a user, With no privileges, from the given username and",[0 1 0 0 1],Class has 5 samples (Target 100)
class for creating enumerated choices.,class for creating recite choices.,[0 1 0 0 1],Class has 5 samples (Target 100)
tests a custom remoteusermiddleware subclass with custom http auth user,tests a custom Remoteusermiddleware subclass with customs http auth exploiter,[0 1 0 0 1],Class has 5 samples (Target 100)
"a form that creates a user, with no privileges, from the given username and","a form that make a user, with no privileges, from the founder username And",[0 1 0 0 1],Class has 5 samples (Target 100)
"a form that creates a user, with no privileges, from the given username and","A Form that creates A user, with no privileges, from the Given username and",[0 1 0 0 1],Class has 5 samples (Target 100)
"a form that creates a user, with no privileges, from the given username and","a form that creates a user, with no privileges, from the given Username and",[0 1 0 0 1],Class has 5 samples (Target 100)
"a tuple of three ints in which case, the first int is used for the depth dimension,","a tuple of three Ints in which case, the first int is used for the astuteness dimension,",[0 1 0 0 1],Class has 5 samples (Target 100)
make plots of series or dataframe.,make plots of Series or dataframe.,[0 1 0 0 1],Class has 5 samples (Target 100)
"a form that creates a user, with no privileges, from the given username and","A form that creates a user, with no privileges, from The given username and",[0 1 0 0 1],Class has 5 samples (Target 100)
tests a custom remoteusermiddleware subclass with custom http auth user,exam a custom remoteusermiddleware Subclass with custom http auth exploiter,[0 1 0 0 1],Class has 5 samples (Target 100)
"a tuple of three ints in which case, the first int is used for the depth dimension,","a tuple of Three ints in which case, The first Int is used for the depth dimension,",[0 1 0 0 1],Class has 5 samples (Target 100)
"a tuple of three ints in which case, the first int is used for the depth dimension,","A tuple of three ints in which Case, the first int is Used for the depth dimension,",[0 1 0 0 1],Class has 5 samples (Target 100)
"a tuple of three ints in which case, the first int is used for the depth dimension,","a tuple of three ints in which case, The First Int Is exploited for the depth dimension,",[0 1 0 0 1],Class has 5 samples (Target 100)
"a tuple of three ints in which case, the first int is used for the depth dimension,","a tuple of three ints in which case, the initiative int Is used for the depth dimension,",[0 1 0 0 1],Class has 5 samples (Target 100)
"a tuple of three ints in which case, the first int is used for the depth dimension,","a Tuple of three ints in which case, the first int is used for the profundity dimension,",[0 1 0 0 1],Class has 5 samples (Target 100)
"a form that creates a user, with no privileges, from the given username and","a form that creates a user, with no Privileges, from the given username And",[0 1 0 0 1],Class has 5 samples (Target 100)
make plots of series or dataframe.,piss diagram of series or dataframe.,[0 1 0 0 1],Class has 5 samples (Target 100)
"a form that creates a user, with no privileges, from the given username and","A kind that creates a user, With No privileges, from the given username and",[0 1 0 0 1],Class has 5 samples (Target 100)
class for creating enumerated choices.,class for creating Enumerated choices.,[0 1 0 0 1],Class has 5 samples (Target 100)
"a tuple of three ints in which case, the first int is used for the depth dimension,","a tuple of three Ints in Which case, The First int is used for the depth dimension,",[0 1 0 0 1],Class has 5 samples (Target 100)
tests a custom remoteusermiddleware subclass with custom http auth user,tests a customs remoteusermiddleware subclass with custom Http auth user,[0 1 0 0 1],Class has 5 samples (Target 100)
tests a custom remoteusermiddleware subclass with custom http auth user,tests a custom remoteusermiddleware subclass with custom http auth exploiter,[0 1 0 0 1],Class has 5 samples (Target 100)
make plots of series or dataframe.,Make game of series or dataframe.,[0 1 0 0 1],Class has 5 samples (Target 100)
make plots of series or dataframe.,name plots of series or dataframe.,[0 1 0 0 1],Class has 5 samples (Target 100)
"a form that creates a user, with no privileges, from the given username and","a form that creates a user, With no privileges, from the given username and",[0 1 0 0 1],Class has 5 samples (Target 100)
"a tuple of three ints in which case, the first int is used for the depth dimension,","a Tuple Of three ints in which case, the offset int is used for the depth dimension,",[0 1 0 0 1],Class has 5 samples (Target 100)
"a form that creates a user, with no privileges, from the given username and","a form that make a User, with no privileges, from the pay username and",[0 1 0 0 1],Class has 5 samples (Target 100)
"a form that creates a user, with no privileges, from the given username and","a work that create a user, with no privileges, from the collapse username and",[0 1 0 0 1],Class has 5 samples (Target 100)
"a tuple of three ints in which case, the first int is used for the depth dimension,","a tuple of terzetto ints in Which case, the first int is Used for the depth dimension,",[0 1 0 0 1],Class has 5 samples (Target 100)
"a form that creates a user, with no privileges, from the given username and","a Form that creates a user, With no Privileges, from the given username and",[0 1 0 0 1],Class has 5 samples (Target 100)
"a form that creates a user, with no privileges, from the given username and","a form that create a user, with no privileges, From the given username and",[0 1 0 0 1],Class has 5 samples (Target 100)
"a form that creates a user, with no privileges, from the given username and","a configuration that make a user, with No Privileges, From the given username and",[0 1 0 0 1],Class has 5 samples (Target 100)
"a tuple of three ints in which case, the first int is used for the depth dimension,","a tuple of three ints in which case, the foremost int is used for the depth dimension,",[0 1 0 0 1],Class has 5 samples (Target 100)
"a tuple of three ints in which case, the first int is used for the depth dimension,","a tuple of three ints in which case, the showtime int is used for the astuteness dimension,",[0 1 0 0 1],Class has 5 samples (Target 100)
"a form that creates a user, with no privileges, from the given username and","a form that creates a user, with No privileges, from the given username And",[0 1 0 0 1],Class has 5 samples (Target 100)
"a tuple of three ints in which case, the first int is used for the depth dimension,","a tuple of three ints in which case, the First int is used for the depth dimension,",[0 1 0 0 1],Class has 5 samples (Target 100)
tests a custom remoteusermiddleware subclass with custom http auth user,Tests a impost remoteusermiddleware subclass with custom http auth exploiter,[0 1 0 0 1],Class has 5 samples (Target 100)
make plots of series or dataframe.,shuffling plots of series or dataframe.,[0 1 0 0 1],Class has 5 samples (Target 100)
tests a custom remoteusermiddleware subclass with custom http auth user,Tests a custom remoteusermiddleware subclass With custom http auth exploiter,[0 1 0 0 1],Class has 5 samples (Target 100)
"a form that creates a user, with no privileges, from the given username and","a form that create A user, with no privileges, from the given username and",[0 1 0 0 1],Class has 5 samples (Target 100)
"a tuple of three ints in which case, the first int is used for the depth dimension,","A tuple of three ints in which case, the first int is used for the depth dimension,",[0 1 0 0 1],Class has 5 samples (Target 100)
make plots of series or dataframe.,make plots of serial or dataframe.,[0 1 0 0 1],Class has 5 samples (Target 100)
tests a custom remoteusermiddleware subclass with custom http auth user,Tests a custom remoteusermiddleware subclass with tradition http auth User,[0 1 0 0 1],Class has 5 samples (Target 100)
make plots of series or dataframe.,make plat of serial or dataframe.,[0 1 0 0 1],Class has 5 samples (Target 100)
"a tuple of three ints in which case, the first int is used for the depth dimension,","a tuple of three ints in which case, the first int is Used for the depth dimension,",[0 1 0 0 1],Class has 5 samples (Target 100)
class for creating enumerated choices.,class for create enumerated choices.,[0 1 0 0 1],Class has 5 samples (Target 100)
class for creating enumerated choices.,class for produce enumerated choices.,[0 1 0 0 1],Class has 5 samples (Target 100)
"a tuple of three ints in which case, the first int is used for the depth dimension,","a tuple of three ints in which case, the kickoff Int is Used for the depth dimension,",[0 1 0 0 1],Class has 5 samples (Target 100)
"a form that creates a user, with no privileges, from the given username and","a form That creates a user, with no privileges, From the given username and",[0 1 0 0 1],Class has 5 samples (Target 100)
tests a custom remoteusermiddleware subclass with custom http auth user,essay a custom remoteusermiddleware Subclass with impost http auth exploiter,[0 1 0 0 1],Class has 5 samples (Target 100)
"a tuple of three ints in which case, the first int is used for the depth dimension,","a tuple of three ints In which case, the initiative int is used for the depth dimension,",[0 1 0 0 1],Class has 5 samples (Target 100)
"a form that creates a user, with no privileges, from the given username and","a form That creates A user, with no privileges, From the sacrifice username and",[0 1 0 0 1],Class has 5 samples (Target 100)
"a tuple of three ints in which case, the first int is used for the depth dimension,","a Tuple of three ints in which case, the foremost int is utilize for the depth dimension,",[0 1 0 0 1],Class has 5 samples (Target 100)
"a tuple of three ints in which case, the first int is used for the depth dimension,","a tuple of trey ints in which case, the first int is employ for the Depth dimension,",[0 1 0 0 1],Class has 5 samples (Target 100)
tests a custom remoteusermiddleware subclass with custom http auth user,examination a Custom remoteusermiddleware subclass with Custom http Auth exploiter,[0 1 0 0 1],Class has 5 samples (Target 100)
"a form that creates a user, with no privileges, from the given username and","a form that make a User, with No privileges, From the given username and",[0 1 0 0 1],Class has 5 samples (Target 100)
"a form that creates a user, with no privileges, from the given username and","A form that create A user, with no privileges, from the grant username And",[0 1 0 0 1],Class has 5 samples (Target 100)
make plots of series or dataframe.,make Plots of series or Dataframe.,[0 1 0 0 1],Class has 5 samples (Target 100)
"a form that creates a user, with no privileges, from the given username and","a form that creates A user, with no privileges, From the given username and",[0 1 0 0 1],Class has 5 samples (Target 100)
tests a custom remoteusermiddleware subclass with custom http auth user,tests a usance remoteusermiddleware subclass with customs Http auth user,[0 1 0 0 1],Class has 5 samples (Target 100)
"a form that creates a user, with no privileges, from the given username and","a grade that creates a user, with no privileges, from the given Username and",[0 1 0 0 1],Class has 5 samples (Target 100)
"a tuple of three ints in which case, the first int is used for the depth dimension,","a tuple of three ints in which case, the commencement int is expend for the astuteness dimension,",[0 1 0 0 1],Class has 5 samples (Target 100)
"a tuple of three ints in which case, the first int is used for the depth dimension,","a tuple of three ints in which Case, The first int is utilise for the Depth dimension,",[0 1 0 0 1],Class has 5 samples (Target 100)
"a tuple of three ints in which case, the first int is used for the depth dimension,","a tuple of three ints In which case, the first int is used for the depth dimension,",[0 1 0 0 1],Class has 5 samples (Target 100)
make plots of series or dataframe.,ready plots of series or dataframe.,[0 1 0 0 1],Class has 5 samples (Target 100)
expression matches at the current position.,construction matches At the current position.,[1 0 1 0 1],Class has 3 samples (Target 100)
always returns a null token list.,constantly returns a null token list.,[1 0 1 0 1],Class has 3 samples (Target 100)
an op namespace to dynamically bind operators into python.,an op namespace to dynamically Bind operators into python.,[1 0 1 0 1],Class has 3 samples (Target 100)
always returns a null token list.,always returns a null relic list.,[1 0 1 0 1],Class has 3 samples (Target 100)
an op namespace to dynamically bind operators into python.,an op namespace to dynamically obligate operators into python.,[1 0 1 0 1],Class has 3 samples (Target 100)
an op namespace to dynamically bind operators into python.,an Op namespace to dynamically truss operators into python.,[1 0 1 0 1],Class has 3 samples (Target 100)
always returns a null token list.,always replication a null token list.,[1 0 1 0 1],Class has 3 samples (Target 100)
an op namespace to dynamically bind operators into python.,an op namespace to dynamically constipate operators Into python.,[1 0 1 0 1],Class has 3 samples (Target 100)
an op namespace to dynamically bind operators into python.,an op Namespace to dynamically Bind Operators into python.,[1 0 1 0 1],Class has 3 samples (Target 100)
expression matches at the current position.,expression Matches at The stream Position.,[1 0 1 0 1],Class has 3 samples (Target 100)
expression matches at the current position.,expression tally At the current Position.,[1 0 1 0 1],Class has 3 samples (Target 100)
an op namespace to dynamically bind operators into python.,an op namespace to Dynamically bind Operators into python.,[1 0 1 0 1],Class has 3 samples (Target 100)
always returns a null token list.,always returns a null souvenir List.,[1 0 1 0 1],Class has 3 samples (Target 100)
always returns a null token list.,perpetually returns a null token list.,[1 0 1 0 1],Class has 3 samples (Target 100)
expression matches at the current position.,expression Matches at the current position.,[1 0 1 0 1],Class has 3 samples (Target 100)
expression matches at the current position.,aspect matches at the Current position.,[1 0 1 0 1],Class has 3 samples (Target 100)
an op namespace to dynamically bind operators into python.,an Op namespace to dynamically bind hustler into python.,[1 0 1 0 1],Class has 3 samples (Target 100)
expression matches at the current position.,Expression matches at the current position.,[1 0 1 0 1],Class has 3 samples (Target 100)
an op namespace to dynamically bind operators into python.,an op namespace to dynamically bind hustler into Python.,[1 0 1 0 1],Class has 3 samples (Target 100)
an op namespace to dynamically bind operators into python.,an op namespace to Dynamically attach operators into python.,[1 0 1 0 1],Class has 3 samples (Target 100)
an op namespace to dynamically bind operators into python.,an op namespace to dynamically bind operators into Python.,[1 0 1 0 1],Class has 3 samples (Target 100)
an op namespace to dynamically bind operators into python.,an op Namespace to dynamically adhere operators into python.,[1 0 1 0 1],Class has 3 samples (Target 100)
an op namespace to dynamically bind operators into python.,an Op namespace to dynamically stick operators into python.,[1 0 1 0 1],Class has 3 samples (Target 100)
an op namespace to dynamically bind operators into python.,an op namespace to dynamically hold operators into python.,[1 0 1 0 1],Class has 3 samples (Target 100)
always returns a null token list.,invariably returns a null souvenir list.,[1 0 1 0 1],Class has 3 samples (Target 100)
an op namespace to dynamically bind operators into python.,An Op namespace to dynamically bind operators into python.,[1 0 1 0 1],Class has 3 samples (Target 100)
an op namespace to dynamically bind operators into python.,an Op namespace To dynamically bind operator into python.,[1 0 1 0 1],Class has 3 samples (Target 100)
expression matches at the current position.,expression peer at The current Position.,[1 0 1 0 1],Class has 3 samples (Target 100)
expression matches at the current position.,locution Matches at The current position.,[1 0 1 0 1],Class has 3 samples (Target 100)
always returns a null token list.,incessantly returns a null token list.,[1 0 1 0 1],Class has 3 samples (Target 100)
always returns a null token list.,Always returns a null token list.,[1 0 1 0 1],Class has 3 samples (Target 100)
an op namespace to dynamically bind operators into python.,an op namespace to dynamically Bind Operators into Python.,[1 0 1 0 1],Class has 3 samples (Target 100)
an op namespace to dynamically bind operators into python.,an op Namespace to dynamically bind operators into python.,[1 0 1 0 1],Class has 3 samples (Target 100)
always returns a null token list.,always restoration a null token list.,[1 0 1 0 1],Class has 3 samples (Target 100)
expression matches at the current position.,expression match at The current position.,[1 0 1 0 1],Class has 3 samples (Target 100)
always returns a null token list.,always Returns a null souvenir list.,[1 0 1 0 1],Class has 3 samples (Target 100)
always returns a null token list.,forever returns a null keepsake list.,[1 0 1 0 1],Class has 3 samples (Target 100)
always returns a null token list.,Always returns a null keepsake List.,[1 0 1 0 1],Class has 3 samples (Target 100)
always returns a null token list.,always returns a null Token list.,[1 0 1 0 1],Class has 3 samples (Target 100)
expression matches at the current position.,Expression Matches at the current position.,[1 0 1 0 1],Class has 3 samples (Target 100)
an op namespace to dynamically bind operators into python.,an op namespace to dynamically bind manipulator into python.,[1 0 1 0 1],Class has 3 samples (Target 100)
expression matches at the current position.,formula agree at the current position.,[1 0 1 0 1],Class has 3 samples (Target 100)
always returns a null token list.,always Returns a null token list.,[1 0 1 0 1],Class has 3 samples (Target 100)
expression matches at the current position.,expression matches at the stream position.,[1 0 1 0 1],Class has 3 samples (Target 100)
an op namespace to dynamically bind operators into python.,an op namespace to dynamically stick operators into python.,[1 0 1 0 1],Class has 3 samples (Target 100)
always returns a null token list.,always refund a null token list.,[1 0 1 0 1],Class has 3 samples (Target 100)
expression matches at the current position.,expression matches at The stream position.,[1 0 1 0 1],Class has 3 samples (Target 100)
an op namespace to dynamically bind operators into python.,an op namespace to dynamically tie operators into python.,[1 0 1 0 1],Class has 3 samples (Target 100)
expression matches at the current position.,verbalism equalise At the current position.,[1 0 1 0 1],Class has 3 samples (Target 100)
expression matches at the current position.,locution match at the current position.,[1 0 1 0 1],Class has 3 samples (Target 100)
expression matches at the current position.,expression matches at the flow position.,[1 0 1 0 1],Class has 3 samples (Target 100)
expression matches at the current position.,expression matches At the current position.,[1 0 1 0 1],Class has 3 samples (Target 100)
expression matches at the current position.,expression mates at the current position.,[1 0 1 0 1],Class has 3 samples (Target 100)
an op namespace to dynamically bind operators into python.,an op namespace to dynamically Bind Operators into python.,[1 0 1 0 1],Class has 3 samples (Target 100)
expression matches at the current position.,formula matches at the current position.,[1 0 1 0 1],Class has 3 samples (Target 100)
expression matches at the current position.,expression Matches at the Current position.,[1 0 1 0 1],Class has 3 samples (Target 100)
expression matches at the current position.,expression oppose at the Current position.,[1 0 1 0 1],Class has 3 samples (Target 100)
an op namespace to dynamically bind operators into python.,An op namespace to Dynamically bind operators into python.,[1 0 1 0 1],Class has 3 samples (Target 100)
an op namespace to dynamically bind operators into python.,an op namespace to dynamically Bind operators into Python.,[1 0 1 0 1],Class has 3 samples (Target 100)
an op namespace to dynamically bind operators into python.,an op namespace to dynamically bind operator into python.,[1 0 1 0 1],Class has 3 samples (Target 100)
always returns a null token list.,always recall A null tokenish List.,[1 0 1 0 1],Class has 3 samples (Target 100)
always returns a null token list.,always proceeds a null nominal list.,[1 0 1 0 1],Class has 3 samples (Target 100)
always returns a null token list.,always revert a null token list.,[1 0 1 0 1],Class has 3 samples (Target 100)
always returns a null token list.,always give a null souvenir list.,[1 0 1 0 1],Class has 3 samples (Target 100)
always returns a null token list.,always returns a null token List.,[1 0 1 0 1],Class has 3 samples (Target 100)
expression matches at the current position.,expression gibe At the current Position.,[1 0 1 0 1],Class has 3 samples (Target 100)
always returns a null token list.,always returns a null nominal list.,[1 0 1 0 1],Class has 3 samples (Target 100)
expression matches at the current position.,expression compeer at the current position.,[1 0 1 0 1],Class has 3 samples (Target 100)
an op namespace to dynamically bind operators into python.,an op namespace To dynamically bind operators into python.,[1 0 1 0 1],Class has 3 samples (Target 100)
an op namespace to dynamically bind operators into python.,an op namespace To dynamically bind hustler into python.,[1 0 1 0 1],Class has 3 samples (Target 100)
an op namespace to dynamically bind operators into python.,an op namespace To dynamically bind manipulator into python.,[1 0 1 0 1],Class has 3 samples (Target 100)
an op namespace to dynamically bind operators into python.,an op namespace to dynamically Bind hustler into python.,[1 0 1 0 1],Class has 3 samples (Target 100)
always returns a null token list.,always returns a null keepsake list.,[1 0 1 0 1],Class has 3 samples (Target 100)
an op namespace to dynamically bind operators into python.,an op namespace to dynamically Bind manipulator into python.,[1 0 1 0 1],Class has 3 samples (Target 100)
always returns a null token list.,always devolve a null token List.,[1 0 1 0 1],Class has 3 samples (Target 100)
always returns a null token list.,always give a null token list.,[1 0 1 0 1],Class has 3 samples (Target 100)
an op namespace to dynamically bind operators into python.,an Op namespace To dynamically bond hustler into python.,[1 0 1 0 1],Class has 3 samples (Target 100)
expression matches at the current position.,locution matches at the current position.,[1 0 1 0 1],Class has 3 samples (Target 100)
always returns a null token list.,incessantly issue a null souvenir list.,[1 0 1 0 1],Class has 3 samples (Target 100)
expression matches at the current position.,expression matches at The current position.,[1 0 1 0 1],Class has 3 samples (Target 100)
always returns a null token list.,always regaining a null token list.,[1 0 1 0 1],Class has 3 samples (Target 100)
an op namespace to dynamically bind operators into python.,An op Namespace to dynamically stick operators Into python.,[1 0 1 0 1],Class has 3 samples (Target 100)
an op namespace to dynamically bind operators into python.,an op namespace to dynamically truss hustler into python.,[1 0 1 0 1],Class has 3 samples (Target 100)
expression matches at the current position.,expression agree at the Current position.,[1 0 1 0 1],Class has 3 samples (Target 100)
always returns a null token list.,always devolve A null token list.,[1 0 1 0 1],Class has 3 samples (Target 100)
an op namespace to dynamically bind operators into python.,an op namespace to dynamically tie operators into Python.,[1 0 1 0 1],Class has 3 samples (Target 100)
always returns a null token list.,always riposte a null token List.,[1 0 1 0 1],Class has 3 samples (Target 100)
an op namespace to dynamically bind operators into python.,an op namespace to Dynamically bind manipulator into python.,[1 0 1 0 1],Class has 3 samples (Target 100)
expression matches at the current position.,aspect matches at the flow position.,[1 0 1 0 1],Class has 3 samples (Target 100)
expression matches at the current position.,manifestation pit at the flow position.,[1 0 1 0 1],Class has 3 samples (Target 100)
an op namespace to dynamically bind operators into python.,an op namespace to Dynamically Bind operators into python.,[1 0 1 0 1],Class has 3 samples (Target 100)
an op namespace to dynamically bind operators into python.,an op namespace to dynamically bind hustler Into Python.,[1 0 1 0 1],Class has 3 samples (Target 100)
always returns a null token list.,incessantly render a null token list.,[1 0 1 0 1],Class has 3 samples (Target 100)
an op namespace to dynamically bind operators into python.,an op namespace to dynamically bind operators Into python.,[1 0 1 0 1],Class has 3 samples (Target 100)
an op namespace to dynamically bind operators into python.,An op namespace to dynamically bind Operators into python.,[1 0 1 0 1],Class has 3 samples (Target 100)
always returns a null token list.,always generate a null nominal list.,[1 0 1 0 1],Class has 3 samples (Target 100)
always returns a null token list.,forever Returns a null token list.,[1 0 1 0 1],Class has 3 samples (Target 100)
if any results names are defined,if any results names are Defined,[1 0 1 1 0],Class has 2 samples (Target 100)
if any results names are defined,if any Results names are fix,[1 0 1 1 0],Class has 2 samples (Target 100)
if any results names are defined,if any results Names are defined,[1 0 1 1 0],Class has 2 samples (Target 100)
if any results names are defined,if Any upshot names are defined,[1 0 1 1 0],Class has 2 samples (Target 100)
"in the lookahead expression, those will be returned for access by","in the lookahead expression, those will be returned for accession by",[1 0 1 1 0],Class has 2 samples (Target 100)
"in the lookahead expression, those will be returned for access by","In the lookahead expression, Those will be returned for access by",[1 0 1 1 0],Class has 2 samples (Target 100)
"in the lookahead expression, those will be returned for access by","in the lookahead expression, those will be returned for access By",[1 0 1 1 0],Class has 2 samples (Target 100)
"in the lookahead expression, those will be returned for access by","In the lookahead expression, those leave be revert for access by",[1 0 1 1 0],Class has 2 samples (Target 100)
"in the lookahead expression, those will be returned for access by","in the lookahead expression, those Will be retrovert for admittance by",[1 0 1 1 0],Class has 2 samples (Target 100)
if any results names are defined,if any effect names are defined,[1 0 1 1 0],Class has 2 samples (Target 100)
"in the lookahead expression, those will be returned for access by","in the lookahead expression, those will be returned for entree by",[1 0 1 1 0],Class has 2 samples (Target 100)
"in the lookahead expression, those will be returned for access by","in the lookahead expression, those leave be returned for access by",[1 0 1 1 0],Class has 2 samples (Target 100)
if any results names are defined,if any results key are defined,[1 0 1 1 0],Class has 2 samples (Target 100)
"in the lookahead expression, those will be returned for access by","in the lookahead expression, those volition be rejoin for admission By",[1 0 1 1 0],Class has 2 samples (Target 100)
if any results names are defined,if any results make are delimit,[1 0 1 1 0],Class has 2 samples (Target 100)
if any results names are defined,if any termination figure are defined,[1 0 1 1 0],Class has 2 samples (Target 100)
if any results names are defined,if Any Results figure are specify,[1 0 1 1 0],Class has 2 samples (Target 100)
"in the lookahead expression, those will be returned for access by","in the lookahead expression, Those will be returned for access by",[1 0 1 1 0],Class has 2 samples (Target 100)
"in the lookahead expression, those will be returned for access by","In The lookahead expression, those will be generate for approach by",[1 0 1 1 0],Class has 2 samples (Target 100)
if any results names are defined,if Any solvent names are defined,[1 0 1 1 0],Class has 2 samples (Target 100)
if any results names are defined,if Any Results distinguish are defined,[1 0 1 1 0],Class has 2 samples (Target 100)
"in the lookahead expression, those will be returned for access by","in the Lookahead expression, those will be Returned for access By",[1 0 1 1 0],Class has 2 samples (Target 100)
"in the lookahead expression, those will be returned for access by","in the lookahead expression, those will Be devolve for accession by",[1 0 1 1 0],Class has 2 samples (Target 100)
"in the lookahead expression, those will be returned for access by","in the lookahead expression, those testament be returned for access by",[1 0 1 1 0],Class has 2 samples (Target 100)
"in the lookahead expression, those will be returned for access by","in the Lookahead expression, those will be riposte for admittance by",[1 0 1 1 0],Class has 2 samples (Target 100)
if any results names are defined,if any results names are fix,[1 0 1 1 0],Class has 2 samples (Target 100)
"in the lookahead expression, those will be returned for access by","in The lookahead expression, those will Be return for access by",[1 0 1 1 0],Class has 2 samples (Target 100)
if any results names are defined,if any resolution names are defined,[1 0 1 1 0],Class has 2 samples (Target 100)
if any results names are defined,if any Results names are outlined,[1 0 1 1 0],Class has 2 samples (Target 100)
"in the lookahead expression, those will be returned for access by","in the lookahead expression, Those will Be devolve for access by",[1 0 1 1 0],Class has 2 samples (Target 100)
"in the lookahead expression, those will be returned for access by","in The lookahead expression, those will be returned for entree by",[1 0 1 1 0],Class has 2 samples (Target 100)
if any results names are defined,if any effect Names are defined,[1 0 1 1 0],Class has 2 samples (Target 100)
"in the lookahead expression, those will be returned for access by","in the lookahead Expression, those will be returned for access by",[1 0 1 1 0],Class has 2 samples (Target 100)
if any results names are defined,if any results refer are limit,[1 0 1 1 0],Class has 2 samples (Target 100)
"in the lookahead expression, those will be returned for access by","in The lookahead expression, those will be repay for access by",[1 0 1 1 0],Class has 2 samples (Target 100)
if any results names are defined,if any answer names are define,[1 0 1 1 0],Class has 2 samples (Target 100)
if any results names are defined,if any results names are set,[1 0 1 1 0],Class has 2 samples (Target 100)
"in the lookahead expression, those will be returned for access by","in the lookahead expression, those will be Returned for access by",[1 0 1 1 0],Class has 2 samples (Target 100)
"in the lookahead expression, those will be returned for access by","In the lookahead expression, those testament be returned for access by",[1 0 1 1 0],Class has 2 samples (Target 100)
if any results names are defined,if any Results name are outlined,[1 0 1 1 0],Class has 2 samples (Target 100)
"in the lookahead expression, those will be returned for access by","In the lookahead expression, those testament be retrovert for entree by",[1 0 1 1 0],Class has 2 samples (Target 100)
"in the lookahead expression, those will be returned for access by","in the lookahead expression, those volition be returned for access by",[1 0 1 1 0],Class has 2 samples (Target 100)
"in the lookahead expression, those will be returned for access by","in the Lookahead expression, those will be returned for access by",[1 0 1 1 0],Class has 2 samples (Target 100)
"in the lookahead expression, those will be returned for access by","in the lookahead expression, those testament be returned for access By",[1 0 1 1 0],Class has 2 samples (Target 100)
if any results names are defined,if Any results names are defined,[1 0 1 1 0],Class has 2 samples (Target 100)
"in the lookahead expression, those will be returned for access by","in the lookahead expression, those leave be returned for access By",[1 0 1 1 0],Class has 2 samples (Target 100)
"in the lookahead expression, those will be returned for access by","in the lookahead expression, those leave be returned for Access By",[1 0 1 1 0],Class has 2 samples (Target 100)
if any results names are defined,if any results diagnose Are delineate,[1 0 1 1 0],Class has 2 samples (Target 100)
"in the lookahead expression, those will be returned for access by","in the Lookahead expression, those Will be returned for access by",[1 0 1 1 0],Class has 2 samples (Target 100)
"in the lookahead expression, those will be returned for access by","in The lookahead expression, those will be returned for access by",[1 0 1 1 0],Class has 2 samples (Target 100)
if any results names are defined,if Any results names Are defined,[1 0 1 1 0],Class has 2 samples (Target 100)
"in the lookahead expression, those will be returned for access by","In the lookahead expression, Those will be Returned for entree by",[1 0 1 1 0],Class has 2 samples (Target 100)
"in the lookahead expression, those will be returned for access by","In the lookahead expression, those will be returned for access By",[1 0 1 1 0],Class has 2 samples (Target 100)
"in the lookahead expression, those will be returned for access by","in the lookahead expression, those bequeath be returned for access by",[1 0 1 1 0],Class has 2 samples (Target 100)
if any results names are defined,if any results Names are delimitate,[1 0 1 1 0],Class has 2 samples (Target 100)
"in the lookahead expression, those will be returned for access by","in the lookahead expression, those volition be returned for entree by",[1 0 1 1 0],Class has 2 samples (Target 100)
if any results names are defined,if any results names are limit,[1 0 1 1 0],Class has 2 samples (Target 100)
if any results names are defined,if any Results names are defined,[1 0 1 1 0],Class has 2 samples (Target 100)
"in the lookahead expression, those will be returned for access by","In the lookahead expression, those testament be repay for access by",[1 0 1 1 0],Class has 2 samples (Target 100)
"in the lookahead expression, those will be returned for access by","in the lookahead expression, those will be returned for admission by",[1 0 1 1 0],Class has 2 samples (Target 100)
"in the lookahead expression, those will be returned for access by","in the lookahead expression, those will be generate for admission by",[1 0 1 1 0],Class has 2 samples (Target 100)
"in the lookahead expression, those will be returned for access by","in The lookahead expression, those leave be returned for entree by",[1 0 1 1 0],Class has 2 samples (Target 100)
if any results names are defined,if any event nominate are determine,[1 0 1 1 0],Class has 2 samples (Target 100)
if any results names are defined,if Any Results names are defined,[1 0 1 1 0],Class has 2 samples (Target 100)
"in the lookahead expression, those will be returned for access by","in the Lookahead expression, Those will be returned for access by",[1 0 1 1 0],Class has 2 samples (Target 100)
"in the lookahead expression, those will be returned for access by","In the Lookahead expression, those will be returned for access by",[1 0 1 1 0],Class has 2 samples (Target 100)
if any results names are defined,if any results advert Are defined,[1 0 1 1 0],Class has 2 samples (Target 100)
"in the lookahead expression, those will be returned for access by","in the lookahead expression, Those will Be returned for access by",[1 0 1 1 0],Class has 2 samples (Target 100)
if any results names are defined,if any termination names are defined,[1 0 1 1 0],Class has 2 samples (Target 100)
"in the lookahead expression, those will be returned for access by","in the lookahead expression, Those will be Returned for access by",[1 0 1 1 0],Class has 2 samples (Target 100)
"in the lookahead expression, those will be returned for access by","in The lookahead expression, Those will be give for access by",[1 0 1 1 0],Class has 2 samples (Target 100)
"in the lookahead expression, those will be returned for access by","in the lookahead expression, those will be riposte for admission by",[1 0 1 1 0],Class has 2 samples (Target 100)
if any results names are defined,if any leave names are defined,[1 0 1 1 0],Class has 2 samples (Target 100)
"in the lookahead expression, those will be returned for access by","In the lookahead expression, those will be Returned for access by",[1 0 1 1 0],Class has 2 samples (Target 100)
if any results names are defined,if any solvent mention are defined,[1 0 1 1 0],Class has 2 samples (Target 100)
if any results names are defined,if any upshot names are defined,[1 0 1 1 0],Class has 2 samples (Target 100)
"in the lookahead expression, those will be returned for access by","in the Lookahead expression, those testament be returned for access by",[1 0 1 1 0],Class has 2 samples (Target 100)
"in the lookahead expression, those will be returned for access by","in the lookahead expression, those will be returned for approach by",[1 0 1 1 0],Class has 2 samples (Target 100)
"in the lookahead expression, those will be returned for access by","in The lookahead expression, those will be return for admission by",[1 0 1 1 0],Class has 2 samples (Target 100)
"in the lookahead expression, those will be returned for access by","in the lookahead expression, those Will be returned for entree by",[1 0 1 1 0],Class has 2 samples (Target 100)
if any results names are defined,if any consequence names are defined,[1 0 1 1 0],Class has 2 samples (Target 100)
if any results names are defined,if any results Names are delineate,[1 0 1 1 0],Class has 2 samples (Target 100)
"in the lookahead expression, those will be returned for access by","in The lookahead expression, those will be return for access by",[1 0 1 1 0],Class has 2 samples (Target 100)
if any results names are defined,if any resultant gens are fix,[1 0 1 1 0],Class has 2 samples (Target 100)
if any results names are defined,if Any leave Names are Defined,[1 0 1 1 0],Class has 2 samples (Target 100)
"in the lookahead expression, those will be returned for access by","In the lookahead expression, those leave be Returned for Access by",[1 0 1 1 0],Class has 2 samples (Target 100)
"in the lookahead expression, those will be returned for access by","in the lookahead expression, those will be returned for entree By",[1 0 1 1 0],Class has 2 samples (Target 100)
if any results names are defined,if any issue names are defined,[1 0 1 1 0],Class has 2 samples (Target 100)
if any results names are defined,if any Results gens are fix,[1 0 1 1 0],Class has 2 samples (Target 100)
if any results names are defined,if any results names Are defined,[1 0 1 1 0],Class has 2 samples (Target 100)
"in the lookahead expression, those will be returned for access by","in the lookahead expression, those will Be returned for access By",[1 0 1 1 0],Class has 2 samples (Target 100)
if any results names are defined,if any results names Are Defined,[1 0 1 1 0],Class has 2 samples (Target 100)
if any results names are defined,if any event names Are Defined,[1 0 1 1 0],Class has 2 samples (Target 100)
"in the lookahead expression, those will be returned for access by","in the lookahead expression, those will Be returned for access by",[1 0 1 1 0],Class has 2 samples (Target 100)
"in the lookahead expression, those will be returned for access by","in the lookahead Expression, Those will be returned for access By",[1 0 1 1 0],Class has 2 samples (Target 100)
if any results names are defined,if any results gens are determine,[1 0 1 1 0],Class has 2 samples (Target 100)
if any results names are defined,if any results nominate are defined,[1 0 1 1 0],Class has 2 samples (Target 100)
if any results names are defined,if any lead names are defined,[1 0 1 1 0],Class has 2 samples (Target 100)
"an invalid version was found, users should refer to pep 440.","an Invalid version was found, users should Refer to pep 440.",[1 0 0 0 1],Class has 2 samples (Target 100)
"an invalid version was found, users should refer to pep 440.","An invalid version was Found, users should refer to pep 440.",[1 0 0 0 1],Class has 2 samples (Target 100)
"an invalid version was found, users should refer to pep 440.","An invalid Version was found, users should cite to pep 440.",[1 0 0 0 1],Class has 2 samples (Target 100)
the parsed data,the parsed datum,[1 0 0 0 1],Class has 2 samples (Target 100)
the parsed data,the parse Data,[1 0 0 0 1],Class has 2 samples (Target 100)
"an invalid version was found, users should refer to pep 440.","an incapacitate version was found, exploiter should refer to pep 440.",[1 0 0 0 1],Class has 2 samples (Target 100)
the parsed data,the Parsed data,[1 0 0 0 1],Class has 2 samples (Target 100)
the parsed data,the parsed Data,[1 0 0 0 1],Class has 2 samples (Target 100)
"an invalid version was found, users should refer to pep 440.","an handicap version was Found, exploiter should refer to pep 440.",[1 0 0 0 1],Class has 2 samples (Target 100)
"an invalid version was found, users should refer to pep 440.","an incapacitate version was found, users should Refer to pep 440.",[1 0 0 0 1],Class has 2 samples (Target 100)
"an invalid version was found, users should refer to pep 440.","an invalid variant was found, users should refer to pep 440.",[1 0 0 0 1],Class has 2 samples (Target 100)
the parsed data,the parse data,[1 0 0 0 1],Class has 2 samples (Target 100)
the parsed data,the Parsed datum,[1 0 0 0 1],Class has 2 samples (Target 100)
the parsed data,The parsed data,[1 0 0 0 1],Class has 2 samples (Target 100)
"an invalid version was found, users should refer to pep 440.","an disable version was found, users should refer to pep 440.",[1 0 0 0 1],Class has 2 samples (Target 100)
"an invalid version was found, users should refer to pep 440.","an invalid version was found, users should consult to pep 440.",[1 0 0 0 1],Class has 2 samples (Target 100)
the parsed data,the parsed information,[1 0 0 0 1],Class has 2 samples (Target 100)
the parsed data,The parse Data,[1 0 0 0 1],Class has 2 samples (Target 100)
"an invalid version was found, users should refer to pep 440.","An invalid variant was found, users should refer to pep 440.",[1 0 0 0 1],Class has 2 samples (Target 100)
"an invalid version was found, users should refer to pep 440.","an invalid version was Found, exploiter should refer to pep 440.",[1 0 0 0 1],Class has 2 samples (Target 100)
"an invalid version was found, users should refer to pep 440.","an invalid reading was found, users should refer To pep 440.",[1 0 0 0 1],Class has 2 samples (Target 100)
"an invalid version was found, users should refer to pep 440.","an disable edition was found, users should Refer to pep 440.",[1 0 0 0 1],Class has 2 samples (Target 100)
the parsed data,The parse data,[1 0 0 0 1],Class has 2 samples (Target 100)
"an invalid version was found, users should refer to pep 440.","an Invalid version was found, users should refer To pep 440.",[1 0 0 0 1],Class has 2 samples (Target 100)
"an invalid version was found, users should refer to pep 440.","an invalid adaptation was found, users should refer to Pep 440.",[1 0 0 0 1],Class has 2 samples (Target 100)
"an invalid version was found, users should refer to pep 440.","an handicap version was Found, Users Should refer to pep 440.",[1 0 0 0 1],Class has 2 samples (Target 100)
"an invalid version was found, users should refer to pep 440.","an handicap version was found, users should refer to pep 440.",[1 0 0 0 1],Class has 2 samples (Target 100)
"an invalid version was found, users should refer to pep 440.","an disable translation was found, users Should concern to pep 440.",[1 0 0 0 1],Class has 2 samples (Target 100)
the parsed data,the Parsed Data,[1 0 0 0 1],Class has 2 samples (Target 100)
"an invalid version was found, users should refer to pep 440.","an invalid variation Was found, users should mention to pep 440.",[1 0 0 0 1],Class has 2 samples (Target 100)
"an invalid version was found, users should refer to pep 440.","an handicap Version was Found, users Should refer to pep 440.",[1 0 0 0 1],Class has 2 samples (Target 100)
"an invalid version was found, users should refer to pep 440.","an invalid Version was found, exploiter should Refer to pep 440.",[1 0 0 0 1],Class has 2 samples (Target 100)
"an invalid version was found, users should refer to pep 440.","an invalid interpretation Was found, exploiter should refer to pep 440.",[1 0 0 0 1],Class has 2 samples (Target 100)
"an invalid version was found, users should refer to pep 440.","an invalid version was found, users should pertain To pep 440.",[1 0 0 0 1],Class has 2 samples (Target 100)
"an invalid version was found, users should refer to pep 440.","an invalid edition was found, exploiter should refer to pep 440.",[1 0 0 0 1],Class has 2 samples (Target 100)
"an invalid version was found, users should refer to pep 440.","an incapacitate version was found, users should refer to pep 440.",[1 0 0 0 1],Class has 2 samples (Target 100)
"an invalid version was found, users should refer to pep 440.","an incapacitate version was found, Users should advert to pep 440.",[1 0 0 0 1],Class has 2 samples (Target 100)
"an invalid version was found, users should refer to pep 440.","an invalid version was found, user should refer to pep 440.",[1 0 0 0 1],Class has 2 samples (Target 100)
"an invalid version was found, users should refer to pep 440.","an invalid Version was Found, users Should pertain to pep 440.",[1 0 0 0 1],Class has 2 samples (Target 100)
"an invalid version was found, users should refer to pep 440.","an invalid translation was found, users should refer to pep 440.",[1 0 0 0 1],Class has 2 samples (Target 100)
"an invalid version was found, users should refer to pep 440.","an disable interpretation Was found, users should refer to pep 440.",[1 0 0 0 1],Class has 2 samples (Target 100)
"an invalid version was found, users should refer to pep 440.","an disable version Was found, users should refer to pep 440.",[1 0 0 0 1],Class has 2 samples (Target 100)
"an invalid version was found, users should refer to pep 440.","an invalid variant was found, users should consult to pep 440.",[1 0 0 0 1],Class has 2 samples (Target 100)
"an invalid version was found, users should refer to pep 440.","an invalid interpretation was found, user should refer to pep 440.",[1 0 0 0 1],Class has 2 samples (Target 100)
"an invalid version was found, users should refer to pep 440.","an invalid variant was found, users should refer To pep 440.",[1 0 0 0 1],Class has 2 samples (Target 100)
"an invalid version was found, users should refer to pep 440.","An invalid rendering was found, users should refer to pep 440.",[1 0 0 0 1],Class has 2 samples (Target 100)
"an invalid version was found, users should refer to pep 440.","an invalid version was found, users should pertain to pep 440.",[1 0 0 0 1],Class has 2 samples (Target 100)
"an invalid version was found, users should refer to pep 440.","an handicap rendering was found, Users should refer to pep 440.",[1 0 0 0 1],Class has 2 samples (Target 100)
"an invalid version was found, users should refer to pep 440.","an invalid interpretation was found, users should refer to pep 440.",[1 0 0 0 1],Class has 2 samples (Target 100)
"an invalid version was found, users should refer to pep 440.","an disable translation was found, users should Refer to pep 440.",[1 0 0 0 1],Class has 2 samples (Target 100)
"an invalid version was found, users should refer to pep 440.","an invalid version was found, exploiter Should refer To pep 440.",[1 0 0 0 1],Class has 2 samples (Target 100)
"an invalid version was found, users should refer to pep 440.","an incapacitate translation was found, users should refer to Pep 440.",[1 0 0 0 1],Class has 2 samples (Target 100)
"an invalid version was found, users should refer to pep 440.","an Invalid version was Found, users should Refer to pep 440.",[1 0 0 0 1],Class has 2 samples (Target 100)
"an invalid version was found, users should refer to pep 440.","an disable version was found, users should touch to pep 440.",[1 0 0 0 1],Class has 2 samples (Target 100)
"an invalid version was found, users should refer to pep 440.","an invalid version was found, exploiter should refer To pep 440.",[1 0 0 0 1],Class has 2 samples (Target 100)
"an invalid version was found, users should refer to pep 440.","an invalid version was Found, users should relate to pep 440.",[1 0 0 0 1],Class has 2 samples (Target 100)
"an invalid version was found, users should refer to pep 440.","an Invalid variation was found, user should refer to pep 440.",[1 0 0 0 1],Class has 2 samples (Target 100)
"an invalid version was found, users should refer to pep 440.","an invalid version was Found, users should name to pep 440.",[1 0 0 0 1],Class has 2 samples (Target 100)
"an invalid version was found, users should refer to pep 440.","an invalid Version Was found, Users Should cite to pep 440.",[1 0 0 0 1],Class has 2 samples (Target 100)
"an invalid version was found, users should refer to pep 440.","an invalid version was found, Users should relate to pep 440.",[1 0 0 0 1],Class has 2 samples (Target 100)
"an invalid version was found, users should refer to pep 440.","an invalid Version was found, users should refer to pep 440.",[1 0 0 0 1],Class has 2 samples (Target 100)
the parsed data,the Parsed information,[1 0 0 0 1],Class has 2 samples (Target 100)
"an invalid version was found, users should refer to pep 440.","an Invalid version was Found, users should refer to pep 440.",[1 0 0 0 1],Class has 2 samples (Target 100)
the parsed data,the parse datum,[1 0 0 0 1],Class has 2 samples (Target 100)
"an invalid version was found, users should refer to pep 440.","an incapacitate version was found, exploiter Should mention to pep 440.",[1 0 0 0 1],Class has 2 samples (Target 100)
"an invalid version was found, users should refer to pep 440.","an invalid version was found, users should refer to Pep 440.",[1 0 0 0 1],Class has 2 samples (Target 100)
"an invalid version was found, users should refer to pep 440.","an invalid version Was found, users should relate to pep 440.",[1 0 0 0 1],Class has 2 samples (Target 100)
"an invalid version was found, users should refer to pep 440.","An invalid variant was Found, users should name to pep 440.",[1 0 0 0 1],Class has 2 samples (Target 100)
"an invalid version was found, users should refer to pep 440.","an invalid version Was found, users should refer to pep 440.",[1 0 0 0 1],Class has 2 samples (Target 100)
"an invalid version was found, users should refer to pep 440.","an invalid version was found, user Should refer to pep 440.",[1 0 0 0 1],Class has 2 samples (Target 100)
"an invalid version was found, users should refer to pep 440.","an invalid Version was found, users Should refer To pep 440.",[1 0 0 0 1],Class has 2 samples (Target 100)
"an invalid version was found, users should refer to pep 440.","an handicap version was found, users should refer To pep 440.",[1 0 0 0 1],Class has 2 samples (Target 100)
"an invalid version was found, users should refer to pep 440.","An invalid version was found, users should consult to pep 440.",[1 0 0 0 1],Class has 2 samples (Target 100)
"an invalid version was found, users should refer to pep 440.","an invalid Version was found, users should Refer to pep 440.",[1 0 0 0 1],Class has 2 samples (Target 100)
"an invalid version was found, users should refer to pep 440.","an Invalid Version was found, Users should refer to Pep 440.",[1 0 0 0 1],Class has 2 samples (Target 100)
"an invalid version was found, users should refer to pep 440.","an invalid Version was Found, Users should cite to pep 440.",[1 0 0 0 1],Class has 2 samples (Target 100)
"an invalid version was found, users should refer to pep 440.","an invalid version was Found, users should Refer to pep 440.",[1 0 0 0 1],Class has 2 samples (Target 100)
"an invalid version was found, users should refer to pep 440.","an incapacitate version Was found, users should advert To pep 440.",[1 0 0 0 1],Class has 2 samples (Target 100)
"an invalid version was found, users should refer to pep 440.","an invalid edition was found, users should refer to pep 440.",[1 0 0 0 1],Class has 2 samples (Target 100)
"an invalid version was found, users should refer to pep 440.","an Invalid version was found, users should refer to pep 440.",[1 0 0 0 1],Class has 2 samples (Target 100)
"an invalid version was found, users should refer to pep 440.","an disable interpretation was found, exploiter should refer to pep 440.",[1 0 0 0 1],Class has 2 samples (Target 100)
"an invalid version was found, users should refer to pep 440.","an invalid version was found, users should touch to pep 440.",[1 0 0 0 1],Class has 2 samples (Target 100)
"an invalid version was found, users should refer to pep 440.","an disable version was found, users Should refer to pep 440.",[1 0 0 0 1],Class has 2 samples (Target 100)
"an invalid version was found, users should refer to pep 440.","an invalid version was found, Users should name To pep 440.",[1 0 0 0 1],Class has 2 samples (Target 100)
"an invalid version was found, users should refer to pep 440.","an handicap version was found, Users should refer to pep 440.",[1 0 0 0 1],Class has 2 samples (Target 100)
"an invalid version was found, users should refer to pep 440.","an incapacitate version was found, users should concern to pep 440.",[1 0 0 0 1],Class has 2 samples (Target 100)
"an invalid version was found, users should refer to pep 440.","An invalid variation was found, users should relate to pep 440.",[1 0 0 0 1],Class has 2 samples (Target 100)
"an invalid version was found, users should refer to pep 440.","an invalid version was found, users should refer To pep 440.",[1 0 0 0 1],Class has 2 samples (Target 100)
"an invalid version was found, users should refer to pep 440.","an disable version was found, user should refer to pep 440.",[1 0 0 0 1],Class has 2 samples (Target 100)
the parsed data,The parsed datum,[1 0 0 0 1],Class has 2 samples (Target 100)
"an invalid version was found, users should refer to pep 440.","An invalid Version Was found, exploiter should refer to pep 440.",[1 0 0 0 1],Class has 2 samples (Target 100)
"an invalid version was found, users should refer to pep 440.","an disable Version Was found, users should name to pep 440.",[1 0 0 0 1],Class has 2 samples (Target 100)
"an invalid version was found, users should refer to pep 440.","an handicap version was found, Users should Refer to pep 440.",[1 0 0 0 1],Class has 2 samples (Target 100)
"an invalid version was found, users should refer to pep 440.","an Invalid version was found, Users should refer to pep 440.",[1 0 0 0 1],Class has 2 samples (Target 100)
the parsed data,The parse information,[1 0 0 0 1],Class has 2 samples (Target 100)
"an invalid version was found, users should refer to pep 440.","an Invalid version was found, exploiter should refer to pep 440.",[1 0 0 0 1],Class has 2 samples (Target 100)
the parsed data,the parse information,[1 0 0 0 1],Class has 2 samples (Target 100)
"an invalid version was found, users should refer to pep 440.","an invalid Version Was found, user should refer to pep 440.",[1 0 0 0 1],Class has 2 samples (Target 100)
"to escape the text, use the","to bunk the text, use The",[1 1 0 1 0],Class has 1 samples (Target 100)
"to escape the text, use the","to escape the Text, use the",[1 1 0 1 0],Class has 1 samples (Target 100)
"to escape the text, use the","to escape the text, use The",[1 1 0 1 0],Class has 1 samples (Target 100)
"to escape the text, use the","to Escape the text, use the",[1 1 0 1 0],Class has 1 samples (Target 100)
"to escape the text, use the","to scat The text, use the",[1 1 0 1 0],Class has 1 samples (Target 100)
"to escape the text, use the","to bunk the text, use the",[1 1 0 1 0],Class has 1 samples (Target 100)
"to escape the text, use the","to escape The text, use the",[1 1 0 1 0],Class has 1 samples (Target 100)
"to escape the text, use the","to escape the text, Use The",[1 1 0 1 0],Class has 1 samples (Target 100)
"to escape the text, use the","to scat the Text, use the",[1 1 0 1 0],Class has 1 samples (Target 100)
"to escape the text, use the","To escape the text, use the",[1 1 0 1 0],Class has 1 samples (Target 100)
"to escape the text, use the","to flight the text, use The",[1 1 0 1 0],Class has 1 samples (Target 100)
"to escape the text, use the","To miss the text, use the",[1 1 0 1 0],Class has 1 samples (Target 100)
"to escape the text, use the","to escape the text, Use the",[1 1 0 1 0],Class has 1 samples (Target 100)
"to escape the text, use the","to run the text, use the",[1 1 0 1 0],Class has 1 samples (Target 100)
"to escape the text, use the","to elude the text, Use the",[1 1 0 1 0],Class has 1 samples (Target 100)
"to escape the text, use the","to leakage the text, use the",[1 1 0 1 0],Class has 1 samples (Target 100)
"to escape the text, use the","to Escape The text, use the",[1 1 0 1 0],Class has 1 samples (Target 100)
"to escape the text, use the","to escapism the text, use the",[1 1 0 1 0],Class has 1 samples (Target 100)
"to escape the text, use the","to run The text, use the",[1 1 0 1 0],Class has 1 samples (Target 100)
"to escape the text, use the","to outflow the text, use the",[1 1 0 1 0],Class has 1 samples (Target 100)
"to escape the text, use the","to lam the text, use the",[1 1 0 1 0],Class has 1 samples (Target 100)
"to escape the text, use the","to elude the Text, use the",[1 1 0 1 0],Class has 1 samples (Target 100)
"to escape the text, use the","to scat the text, use the",[1 1 0 1 0],Class has 1 samples (Target 100)
"to escape the text, use the","to run the Text, use the",[1 1 0 1 0],Class has 1 samples (Target 100)
"to escape the text, use the","to lam The text, Use the",[1 1 0 1 0],Class has 1 samples (Target 100)
"to escape the text, use the","to lam the text, use The",[1 1 0 1 0],Class has 1 samples (Target 100)
"to escape the text, use the","to scarper the text, use The",[1 1 0 1 0],Class has 1 samples (Target 100)
"to escape the text, use the","to dodging the text, use the",[1 1 0 1 0],Class has 1 samples (Target 100)
"to escape the text, use the","to evasion the text, use the",[1 1 0 1 0],Class has 1 samples (Target 100)
"to escape the text, use the","to evasion the Text, use the",[1 1 0 1 0],Class has 1 samples (Target 100)
"to escape the text, use the","To scat the text, Use the",[1 1 0 1 0],Class has 1 samples (Target 100)
"to escape the text, use the","to miss the text, Use the",[1 1 0 1 0],Class has 1 samples (Target 100)
"to escape the text, use the","to scat the text, Use the",[1 1 0 1 0],Class has 1 samples (Target 100)
"to escape the text, use the","to escapism the text, Use the",[1 1 0 1 0],Class has 1 samples (Target 100)
"to escape the text, use the","To scarper the text, Use the",[1 1 0 1 0],Class has 1 samples (Target 100)
"to escape the text, use the","to elude the text, use the",[1 1 0 1 0],Class has 1 samples (Target 100)
"to escape the text, use the","to miss The text, use the",[1 1 0 1 0],Class has 1 samples (Target 100)
"to escape the text, use the","to dodging the Text, use the",[1 1 0 1 0],Class has 1 samples (Target 100)
"to escape the text, use the","to scarper The text, use the",[1 1 0 1 0],Class has 1 samples (Target 100)
"to escape the text, use the","To escapism The text, use the",[1 1 0 1 0],Class has 1 samples (Target 100)
"to escape the text, use the","To leakage the text, use the",[1 1 0 1 0],Class has 1 samples (Target 100)
"to escape the text, use the","To leakage the Text, use the",[1 1 0 1 0],Class has 1 samples (Target 100)
"to escape the text, use the","to escape The text, use The",[1 1 0 1 0],Class has 1 samples (Target 100)
"to escape the text, use the","To escape the Text, use the",[1 1 0 1 0],Class has 1 samples (Target 100)
"to escape the text, use the","to lam the Text, use the",[1 1 0 1 0],Class has 1 samples (Target 100)
"to escape the text, use the","to flight the text, use the",[1 1 0 1 0],Class has 1 samples (Target 100)
"to escape the text, use the","to escapism the Text, use the",[1 1 0 1 0],Class has 1 samples (Target 100)
"to escape the text, use the","to leak the text, use the",[1 1 0 1 0],Class has 1 samples (Target 100)
"to escape the text, use the","to miss the text, use the",[1 1 0 1 0],Class has 1 samples (Target 100)
"to escape the text, use the","to escape the Text, use The",[1 1 0 1 0],Class has 1 samples (Target 100)
"to escape the text, use the","to leakage the text, Use The",[1 1 0 1 0],Class has 1 samples (Target 100)
"to escape the text, use the","to escapism The text, use the",[1 1 0 1 0],Class has 1 samples (Target 100)
"to escape the text, use the","to scarper the text, use the",[1 1 0 1 0],Class has 1 samples (Target 100)
"to escape the text, use the","to Escape the Text, use the",[1 1 0 1 0],Class has 1 samples (Target 100)
"to escape the text, use the","To Escape the text, use the",[1 1 0 1 0],Class has 1 samples (Target 100)
"to escape the text, use the","to escape The text, Use the",[1 1 0 1 0],Class has 1 samples (Target 100)
"to escape the text, use the","to flight the Text, use the",[1 1 0 1 0],Class has 1 samples (Target 100)
"to escape the text, use the","to Escape the text, use The",[1 1 0 1 0],Class has 1 samples (Target 100)
"to escape the text, use the","To dodging the text, use The",[1 1 0 1 0],Class has 1 samples (Target 100)
"to escape the text, use the","To escape the Text, use The",[1 1 0 1 0],Class has 1 samples (Target 100)
"to escape the text, use the","to elude The text, use the",[1 1 0 1 0],Class has 1 samples (Target 100)
"to escape the text, use the","To escape The text, use the",[1 1 0 1 0],Class has 1 samples (Target 100)
"to escape the text, use the","to escape the Text, Use the",[1 1 0 1 0],Class has 1 samples (Target 100)
"to escape the text, use the","To escape the text, use The",[1 1 0 1 0],Class has 1 samples (Target 100)
"to escape the text, use the","to scarper The Text, use the",[1 1 0 1 0],Class has 1 samples (Target 100)
"to escape the text, use the","To outflow the text, use the",[1 1 0 1 0],Class has 1 samples (Target 100)
"to escape the text, use the","To leak the text, use the",[1 1 0 1 0],Class has 1 samples (Target 100)
"to escape the text, use the","to miss the Text, use the",[1 1 0 1 0],Class has 1 samples (Target 100)
"to escape the text, use the","to escape The Text, use the",[1 1 0 1 0],Class has 1 samples (Target 100)
"to escape the text, use the","to leak The text, use the",[1 1 0 1 0],Class has 1 samples (Target 100)
"to escape the text, use the","To bunk the text, Use The",[1 1 0 1 0],Class has 1 samples (Target 100)
"to escape the text, use the","to Escape the Text, use The",[1 1 0 1 0],Class has 1 samples (Target 100)
"to escape the text, use the","to flight the text, Use the",[1 1 0 1 0],Class has 1 samples (Target 100)
"to escape the text, use the","to flight The text, use the",[1 1 0 1 0],Class has 1 samples (Target 100)
"to escape the text, use the","To run the text, use the",[1 1 0 1 0],Class has 1 samples (Target 100)
"to escape the text, use the","to scarper the Text, use the",[1 1 0 1 0],Class has 1 samples (Target 100)
"to escape the text, use the","To Escape the Text, use the",[1 1 0 1 0],Class has 1 samples (Target 100)
"to escape the text, use the","to Escape the text, Use the",[1 1 0 1 0],Class has 1 samples (Target 100)
"to escape the text, use the","To dodging the Text, Use the",[1 1 0 1 0],Class has 1 samples (Target 100)
"to escape the text, use the","To escape the text, Use the",[1 1 0 1 0],Class has 1 samples (Target 100)
