original_text,augmented_text,label,reason
a rtsvgpopup is any kind of popup born from a certain element.,A rtsvgpopup is any kind Of popup Born from a sure element.,[0 0 0 1 0 0],Class has 65 samples (Target 100)
i am the superclass of the class hierarchy describing attach points.,i am the superclass of the class hierarchy report Attach points.,[0 0 0 1 0 0],Class has 65 samples (Target 100)
i am class representing a documentlistannotation.,i am class correspond a Documentlistannotation.,[0 0 0 1 0 0],Class has 65 samples (Target 100)
i m a visitor for instances of #famixmetamodelgenerator and subclasses.,i m a visitant for instances of #famixmetamodelgenerator and subclasses.,[0 0 0 1 0 0],Class has 65 samples (Target 100)
i am responsible of printing the mse format markup during a model export.,i am responsible of printing the mse initialize Markup during a Model export.,[0 0 0 1 0 0],Class has 65 samples (Target 100)
i am a scriptable toogle group to display a uniform collection of selectable values.,i am a Scriptable toogle aggroup to display a uniform solicitation of selectable values.,[0 0 0 1 0 0],Class has 65 samples (Target 100)
i am the abstract root class for effects.,i am the abstract Root class for effects.,[0 0 0 1 0 0],Class has 65 samples (Target 100)
i am class representing a documentlistannotation.,i am class symbolise a documentlistannotation.,[0 0 0 1 0 0],Class has 65 samples (Target 100)
i m an object managing configuration.,i m an objective managing configuration.,[0 0 0 1 0 0],Class has 65 samples (Target 100)
i am a middle mouse button.,i am a midsection creep button.,[0 0 0 1 0 0],Class has 65 samples (Target 100)
i am a host space created by blmorphichost.,i am a emcee space create by blmorphichost.,[0 0 0 1 0 0],Class has 65 samples (Target 100)
i am the bloc main loop.,i am the Bloc main Loop.,[0 0 0 1 0 0],Class has 65 samples (Target 100)
i am an affine transformation that is directly defined by transformation matrix,i am an affine transmutation that is directly defined by transformation matrix,[0 0 0 1 0 0],Class has 65 samples (Target 100)
i am the abstract root class for effects.,i am the abstract etymon class for effects.,[0 0 0 1 0 0],Class has 65 samples (Target 100)
i am a simple arrow like arrowhead.,i am a simple pointer corresponding arrowhead.,[0 0 0 1 0 0],Class has 65 samples (Target 100)
i am a parser for a pillar syntax.,i am a parser for A mainstay syntax.,[0 0 0 1 0 0],Class has 65 samples (Target 100)
i am a composite filter and can have an arbitrary amount of input soures,i am a composite filter and can have an Arbitrary amount Of input work,[0 0 0 1 0 0],Class has 65 samples (Target 100)
parametertype represents the symbolic type used in parameterizable classes.,parametertype represents the emblematic type Used in parameterizable classes.,[0 0 0 1 0 0],Class has 65 samples (Target 100)
i represent a line.,i represent a Line.,[0 0 0 1 0 0],Class has 65 samples (Target 100)
a roforcebasedlayout is inspired from the code of d3.,a roforcebasedlayout is inspired from the code Of d3.,[0 0 0 1 0 0],Class has 65 samples (Target 100)
i am a transformer for the showclass annotation.,i Am a transformer for the showclass annotation.,[0 0 0 1 0 0],Class has 65 samples (Target 100)
i am basically a key value pair of strings.,i am basically a Key value Pair Of strings.,[0 0 0 1 0 0],Class has 65 samples (Target 100)
i represent a sparta canvas and provide an api to perform various drawing operations.,i represent a sparta canvas and cater an api to perform various Drawing operations.,[0 0 0 1 0 0],Class has 65 samples (Target 100)
hypertext markup language,hypertext markup lyric,[0 0 0 1 0 0],Class has 65 samples (Target 100)
moosecustomtask is a task perform some computation specified as a block.,moosecustomtask is a task Perform some computation specified as a Block.,[0 0 0 1 0 0],Class has 65 samples (Target 100)
a class to have nice scales checks subclasses,a class to have prissy scales checks subclass,[0 0 0 1 0 0],Class has 65 samples (Target 100)
a class to have nice scales checks subclasses,a class to have nice shell watch subclass,[0 0 0 1 0 0],Class has 65 samples (Target 100)
i am a cache that reaps all elements at once instead of incrementally.,i Am a cache that Reaps All elements at once instead of incrementally.,[0 0 0 1 0 0],Class has 65 samples (Target 100)
i am a warning for the parse of a pillar file.,i am a warning for the parse of a column file.,[0 0 0 1 0 0],Class has 65 samples (Target 100)
i represent a frame phase.,i represent a framing phase.,[0 0 0 1 0 0],Class has 65 samples (Target 100)
i am an affine transformation that is directly defined by transformation matrix,i Am an Affine transformation that is immediately defined by shift matrix,[0 0 0 1 0 0],Class has 65 samples (Target 100)
the moldable editor,the plastic editor,[0 0 0 1 0 0],Class has 65 samples (Target 100)
i am a pharo specific url encoder.,i am a pharo particular Url encoder.,[0 0 0 1 0 0],Class has 65 samples (Target 100)
i am a buffer source.,i am A buffer source.,[0 0 0 1 0 0],Class has 65 samples (Target 100)
a rtsvgabstractline refers to the common interface for both regular svg lines and bezier lines as paths .,a rtsvgabstractline refers to the common interface for both Regular svg lines and bezier lines as paths .,[0 0 0 1 0 0],Class has 65 samples (Target 100)
wapath represents a path navigation breadcrumbs for a web page and displays standard breadcrumbs xxx yyy zzz .,wapath represents a path navigation breadcrumbs for A web page and displays standard breadcrumb xxx yyy zzz .,[0 0 1 1 0 0],Class has 32 samples (Target 100)
famixannotationtypegroup is a moosegroup containing only famix enities of type famixannotationtype.,famixannotationtypegroup is a moosegroup containing only famix Enities of typecast famixannotationtype.,[0 0 1 1 0 0],Class has 32 samples (Target 100)
a class to watch served sites.,a class to Watch served sites.,[0 0 1 1 0 0],Class has 32 samples (Target 100)
a ppdebugparser is a parser that traces all the progress and returns special object that can be browsed to see how the parsing advanced over a time.,a ppdebugparser is a parser That traces all The progress and returns special objective that can be browsed to see how the parsing advanced over a time.,[0 0 1 1 0 0],Class has 32 samples (Target 100)
lan interface comments for testing purposes.,lan port comment for prove purposes.,[0 0 1 1 0 0],Class has 32 samples (Target 100)
i am an abstract slot used to declare fame properties for a class.,i am an nobble slot used to declare fame Properties for a class.,[0 0 1 1 0 0],Class has 32 samples (Target 100)
wapath represents a path navigation breadcrumbs for a web page and displays standard breadcrumbs xxx yyy zzz .,wapath represents a path navigation breadcrumbs for a web page and expose standard breadcrumb xxx yyy zzz .,[0 0 1 1 0 0],Class has 32 samples (Target 100)
i represent a property of the object currently been imported while it is not yet imported.,i represent a property of the object currently been imported while it is not yet Imported.,[0 0 1 1 0 0],Class has 32 samples (Target 100)
rtweightedcirclelayout is a circle layout that gives more space to big elements and fewer space to small elements.,rtweightedcirclelayout is a circle layout that open More space to big Elements And fewer space to small elements.,[0 0 1 1 0 0],Class has 32 samples (Target 100)
"i am a class to create editable label shapes, but do not forget that roassal is for visualizations not to build morphs","i am a class To create editable label Shapes, but do not forget that roassal is for visualizations Not To Build morphs",[0 0 1 1 0 0],Class has 32 samples (Target 100)
"i am a class to create visualizations about rings, center is the root of the tree and arcs are the sub trees.","i am a class To create visualization about Rings, Center is the root of the shoetree and arcs are the Sub trees.",[0 0 1 1 0 0],Class has 32 samples (Target 100)
a wadevelopment is a collection of convenience methods for dealing with seaside development in squeak.,a wadevelopment is a collection of convenience method for dealing with Seaside development in squeak.,[0 0 1 1 0 0],Class has 32 samples (Target 100)
i represent a property of the object currently been imported while it is not yet imported.,i represent a property of the objective currently been import while it is not yet Imported.,[0 0 1 1 0 0],Class has 32 samples (Target 100)
basic steppers execute one timestep of a specific order with a given stepsize.,introductory steppers action one timestep of a specific order with a given stepsize.,[0 0 1 1 0 0],Class has 32 samples (Target 100)
i represent a font face source and know how to retrieve font contents from it,i represent a font front source And recognise how to retrieve font Contents from it,[0 0 1 1 0 0],Class has 32 samples (Target 100)
wapath represents a path navigation breadcrumbs for a web page and displays standard breadcrumbs xxx yyy zzz .,wapath symbolise a path Navigation breadcrumbs for A web page and displays measure breadcrumbs xxx yyy zzz .,[0 0 1 1 0 0],Class has 32 samples (Target 100)
a class to watch served sites.,a class to watch function sites.,[0 0 1 1 0 0],Class has 32 samples (Target 100)
a ppdebugparser is a parser that traces all the progress and returns special object that can be browsed to see how the parsing advanced over a time.,a ppdebugparser is a parser That Traces all the progress and returns peculiar object that can be browsed to see how The parsing advanced concluded a time.,[0 0 1 1 0 0],Class has 32 samples (Target 100)
basic steppers execute one timestep of a specific order with a given stepsize.,basic steppers execute one Timestep of a specific order with a given stepsize.,[0 0 1 1 0 0],Class has 32 samples (Target 100)
i am an example of a custom non element event target that can be nicely integrated in bloc infrastructure,I am an example of a custom Non element effect target that can be nicely integrated in bloc Infrastructure,[0 0 1 1 0 0],Class has 32 samples (Target 100)
a ppdebugparser is a parser that traces all the progress and returns special object that can be browsed to see how the parsing advanced over a time.,a ppdebugparser is a parser that follow all the procession And Returns especial object That Can be browsed to see how the parsing further over a time.,[0 0 1 1 0 0],Class has 32 samples (Target 100)
a class to watch served sites.,a class to sentinel served Sites.,[0 0 1 1 0 0],Class has 32 samples (Target 100)
wapath represents a path navigation breadcrumbs for a web page and displays standard breadcrumbs xxx yyy zzz .,Wapath represents a path navigation breadcrumb for a web page and displays standard breadcrumb xxx yyy zzz .,[0 0 1 1 0 0],Class has 32 samples (Target 100)
a ppdebugparser is a parser that traces all the progress and returns special object that can be browsed to see how the parsing advanced over a time.,a ppdebugparser is a parser that traces all the procession and issue special aim that can be pasture to see how the parsing advanced over a Time.,[0 0 1 1 0 0],Class has 32 samples (Target 100)
i am an example of a custom non element event target that can be nicely integrated in bloc infrastructure,i am an representative of a custom non element event target that can be nicely Integrated in bloc infrastructure,[0 0 1 1 0 0],Class has 32 samples (Target 100)
a wamemoryinput is a dialog that allows the user to enter an amount of memory.,a wamemoryinput is a duologue that allows the User To introduce an measure of memory.,[0 0 1 1 0 0],Class has 32 samples (Target 100)
a wadevelopment is a collection of convenience methods for dealing with seaside development in squeak.,a wadevelopment is a collection of widget Methods for dealing with seaside exploitation in squeak.,[0 0 1 1 0 0],Class has 32 samples (Target 100)
lan interface comments for testing purposes.,lan Interface comments for testing purposes.,[0 0 1 1 0 0],Class has 32 samples (Target 100)
i m a pillar specific class to manage code not generated for the configuration class.,i m a pillar specific class to supervise code not generated for the configuration class.,[0 0 1 1 0 0],Class has 32 samples (Target 100)
i am a fallback host that is chosen if there are no other available and supported hosts.,i am A pullout host that is select if there are no other Available and supported hosts.,[0 0 1 1 0 0],Class has 32 samples (Target 100)
a wamemoryinput is a dialog that allows the user to enter an amount of memory.,a wamemoryinput is a dialog that allows the user to recruit an quantity of memory.,[0 0 1 1 0 0],Class has 32 samples (Target 100)
i am sent by the text editor element when an element playing a role of the cursor is removed from the editor,i am air by the text editor ingredient when an element toy a role Of the cursor is removed from the editor,[0 0 1 1 0 0],Class has 32 samples (Target 100)
i am an abstract slot used to declare fame properties for a class.,i am an abstract slot used to hold fame properties for A class.,[0 0 1 1 0 0],Class has 32 samples (Target 100)
"i am a class to create visualizations about rings, center is the root of the tree and arcs are the sub trees.","i am a class to create visualizations About rings, marrow is the root of the corner And spark Are the sub Trees.",[0 0 1 1 0 0],Class has 32 samples (Target 100)
i am sent by snippet widget looks when they request to receive a snippet model from the widget model,i am sent by snipping widget looks when they postulation to receive a snip model from the widget model,[0 0 1 1 0 0],Class has 32 samples (Target 100)
i am an example of a custom non element event target that can be nicely integrated in bloc infrastructure,i am an model of a custom non factor effect target that can be nicely integrated in bloc Infrastructure,[0 0 1 1 0 0],Class has 32 samples (Target 100)
this is the test class that exercises scikit learn eigenvector flip algorithm,this Is the test class that exercises Scikit learn eigenvector flip algorithm,[0 0 1 1 0 0],Class has 32 samples (Target 100)
lan interface comments for testing purposes.,lan interface comments for prove purposes.,[0 0 1 1 0 0],Class has 32 samples (Target 100)
rtweightedcirclelayout is a circle layout that gives more space to big elements and fewer space to small elements.,rtweightedcirclelayout is a circle layout that open more Space to big elements and fewer space to small Elements.,[0 0 1 1 0 0],Class has 32 samples (Target 100)
accuracy is a framework for testing the numerical accuracy of the results of methods.,accuracy is a Framework for Testing the numerical accuracy of the results of methods.,[0 0 1 1 0 0],Class has 32 samples (Target 100)
accuracy is a framework for testing the numerical accuracy of the results of methods.,Accuracy is a framework for Testing the numerical truth of the results of methods.,[0 0 1 1 0 0],Class has 32 samples (Target 100)
i am a root class of geometry elements elements driven by geometry anchors.,i am a root class of geometry elements elements compulsive by geometry anchors.,[0 0 1 1 0 0],Class has 32 samples (Target 100)
wapath represents a path navigation breadcrumbs for a web page and displays standard breadcrumbs xxx yyy zzz .,wapath represents a path pilotage breadcrumb for a web page and exhibit Standard breadcrumbs xxx yyy zzz .,[0 0 1 1 0 0],Class has 32 samples (Target 100)
"i am a class to create visualizations about rings, center is the root of the tree and arcs are the sub trees.","i Am a class to create visualizations about rings, center is the Root of the tree and arcs are the sub trees.",[0 0 1 1 0 0],Class has 32 samples (Target 100)
i am an example of a custom non element event target that can be nicely integrated in bloc infrastructure,I am an example of a custom non component event target that can be nicely integrated in bloc infrastructure,[0 0 1 1 0 0],Class has 32 samples (Target 100)
i am a fallback host that is chosen if there are no other available and supported hosts.,i am a disengagement host that is chosen if there are no early available and supported hosts.,[0 0 1 1 0 0],Class has 32 samples (Target 100)
breadth first search bfs is an algorithm for traversing or searching tree or graph data structures.,breadth first lookup bfs Is an algorithm for traversing or searching tree or graph data structures.,[0 0 1 1 0 0],Class has 32 samples (Target 100)
i am an abstraction for a type of dependency in the loading configuration of a system.,i am An abstraction for a type of dependency in the loading configuration of a system.,[0 0 1 1 0 0],Class has 32 samples (Target 100)
i am sent by the text editor element when an element playing a role of the cursor is removed from the editor,i am Sent by the schoolbook editor Element when an element Playing A role Of the cursor is removed from the editor,[0 0 1 1 0 0],Class has 32 samples (Target 100)
i am an abstract slot used to declare fame properties for a class.,i am an abstract slot used to declare fame Properties for a class.,[0 0 1 1 0 0],Class has 32 samples (Target 100)
i am dynamic element transformation in the sense that my transformation matrix may actually depend on some element properties such as #extent or #position.,i am dynamic element shift in the feel that my transmutation matrix May actually depend On some element properties such as #extent or #position.,[0 0 1 1 0 0],Class has 32 samples (Target 100)
i am a release strategy that uses the current loaded tag for a repository as the version number.,i am A release Strategy that America the current loaded tag for A repository as the version number.,[0 0 1 1 0 0],Class has 32 samples (Target 100)
i am a root class of geometry elements elements driven by geometry anchors.,i am A ascendent class of geometry elements elements driven by geometry anchors.,[0 0 1 1 0 0],Class has 32 samples (Target 100)
i am an element with a broken onlayout method that throws error subscriptoutofbounds,i Am an element with a broken onlayout method that discombobulate error Subscriptoutofbounds,[0 0 1 1 0 0],Class has 32 samples (Target 100)
wapath represents a path navigation breadcrumbs for a web page and displays standard breadcrumbs xxx yyy zzz .,wapath correspond A path navigation breadcrumbs for a web Page and Displays Standard breadcrumbs Xxx yyy zzz .,[0 0 1 1 0 0],Class has 32 samples (Target 100)
i implement line search algorithm to find the minimum of a function g x 0 on the interval 0 x 1.,i implement air search algorithm to find the minimum of a subroutine g x 0 on The separation 0 x 1.,[0 0 1 1 0 0],Class has 32 samples (Target 100)
i am a release strategy that uses the current loaded tag for a repository as the version number.,i am a Release strategy that uses the flow loaded tag for a repository as the version number.,[0 0 1 1 0 0],Class has 32 samples (Target 100)
i am a dummy tool that does nothing,i am a Dummy tool that does nothing,[0 0 1 1 0 0],Class has 32 samples (Target 100)
a wadevelopment is a collection of convenience methods for dealing with seaside development in squeak.,a wadevelopment is a collection of convenience methods for manage with seaboard development in squeak.,[0 0 1 1 0 0],Class has 32 samples (Target 100)
lan interface comments for testing purposes.,lan interface comments for testing Purposes.,[0 0 1 1 0 0],Class has 32 samples (Target 100)
i am a dummy tool that does nothing,i am a dummy tool that does naught,[0 0 1 1 0 0],Class has 32 samples (Target 100)
i am an abstract slot used to declare fame properties for a class.,i am an abstract slot used to declare celebrity properties for a class.,[0 0 1 1 0 0],Class has 32 samples (Target 100)
a wadevelopment is a collection of convenience methods for dealing with seaside development in squeak.,A wadevelopment is a Collection Of convenience method for deal with seaside Development in squeak.,[0 0 1 1 0 0],Class has 32 samples (Target 100)
i am a release strategy that uses the current loaded tag for a repository as the version number.,i Am a loose strategy that function The current loaded tag for a repository as The Version number.,[0 0 1 1 0 0],Class has 32 samples (Target 100)
famixannotationtypegroup is a moosegroup containing only famix enities of type famixannotationtype.,famixannotationtypegroup is a moosegroup moderate only famix enities of type famixannotationtype.,[0 0 1 1 0 0],Class has 32 samples (Target 100)
basic steppers execute one timestep of a specific order with a given stepsize.,staple steppers do one timestep of a specific order with a given stepsize.,[0 0 1 1 0 0],Class has 32 samples (Target 100)
i am a fallback host that is chosen if there are no other available and supported hosts.,i am a fallback host that is chosen if there are no other Available And supported hosts.,[0 0 1 1 0 0],Class has 32 samples (Target 100)
a wamemoryinput is a dialog that allows the user to enter an amount of memory.,a wamemoryinput is a duologue that earmark the exploiter to infix an amount of memory.,[0 0 1 1 0 0],Class has 32 samples (Target 100)
for document handlers query fields are used.,for document coach inquiry fields Are used.,[0 0 0 0 0 1],Class has 20 samples (Target 100)
sparta canvas provides a paint builder that should be used to build concerete paints.,sparta canvas provides A paint constructor that should be used to construct concerete paints.,[0 0 0 0 0 1],Class has 20 samples (Target 100)
a data set has to be added to a rtgrapher.,a data set Has To be added to a rtgrapher.,[0 0 0 0 0 1],Class has 20 samples (Target 100)
sent by,commit by,[0 0 0 0 0 1],Class has 20 samples (Target 100)
"the association value is an object of your choosing, which your code uses to restore that page .","the Association value is an objective of your choosing, which your inscribe uses to restore that pageboy .",[0 0 0 0 0 1],Class has 20 samples (Target 100)
the most general stepper type is described by the stepper concept.,The virtually universal stepper type is Described by the stepper concept.,[0 0 0 0 0 1],Class has 20 samples (Target 100)
sparta canvas provides a paint builder that should be used to build concerete paints.,sparta analyze provides a paint builder that should be used to build concerete Paints.,[0 0 0 0 0 1],Class has 20 samples (Target 100)
the most general stepper type is described by the stepper concept.,the Most general stepper type is described by the hoofer concept.,[0 0 0 0 0 1],Class has 20 samples (Target 100)
"the association value is an object of your choosing, which your code uses to restore that page .","the association value is an aim of your choosing, which your encrypt Uses to repair that page .",[0 0 0 0 0 1],Class has 20 samples (Target 100)
a background process should send #reap to me.,A background Process should send #reap to me.,[0 0 0 0 0 1],Class has 20 samples (Target 100)
i am typically used for unnumbered lists,i am Typically used for unnumbered lists,[0 0 0 0 0 1],Class has 20 samples (Target 100)
the ui may want to display them in a transcript,the ui may need to display them in a transcript,[0 0 0 0 0 1],Class has 20 samples (Target 100)
gtgradtreelayout is a superclass of gtgradhorizontaltreelayout and gtgradverticaltreelayout classes and contains generic tree layout methods and definitions of methods the two subclasses need to redefine.,gtgradtreelayout is a superclass of gtgradhorizontaltreelayout And gtgradverticaltreelayout classes and Contains generic tree layout methods and Definitions of Methods the two subclass need to redefine.,[0 0 0 0 0 1],Class has 20 samples (Target 100)
"class bltextelement provides different text measurement strategies, each suitable for a specific use case.","class Bltextelement render different schoolbook measurement strategies, apiece suitable for a specific use case.",[0 0 0 0 0 1],Class has 20 samples (Target 100)
an uncommitted response should be handled as usual by the server adapter.,an uncommitted reply Should be handled as usual by the server Adapter.,[0 0 0 0 0 1],Class has 20 samples (Target 100)
used by adding enabledebug before parsing.,used By adding enabledebug before parsing.,[0 0 0 0 0 1],Class has 20 samples (Target 100)
a data set has to be added to a rtgrapher.,a data set has to be bestow to a rtgrapher.,[0 0 0 0 0 1],Class has 20 samples (Target 100)
is sent by an element after it is removed from the parent.,is Sent by an element after it is distant from the parent.,[0 0 0 0 0 1],Class has 20 samples (Target 100)
"generally, the differences between the implementations of the hozitonal and vertical variants are really small, revolving around one using or setting the x and the other y coordinates.","Generally, the differences between the implementations of the hozitonal and perpendicular variants Are Really small, revolving round one Using or setting The x and the other y coordinates.",[0 0 0 0 0 1],Class has 20 samples (Target 100)
is sent by an element after it is removed from the parent.,is Sent by an element after it Is Removed from the parent.,[0 0 0 0 0 1],Class has 20 samples (Target 100)
a data set has to be added to a rtgrapher.,a datum set has To be impart to A rtgrapher.,[0 0 0 0 0 1],Class has 20 samples (Target 100)
used by adding enabledebug before parsing.,used by adding enabledebug Before parsing.,[0 0 0 0 0 1],Class has 20 samples (Target 100)
a data set has to be added to a rtgrapher.,a data set has to be sum to a rtgrapher.,[0 0 0 0 0 1],Class has 20 samples (Target 100)
"class bltextelement provides different text measurement strategies, each suitable for a specific use case.","class bltextelement allow different text measurement strategies, each worthy for a specific use case.",[0 0 0 0 0 1],Class has 20 samples (Target 100)
a data set has to be added to a rtgrapher.,a data set has to be tot to a rtgrapher.,[0 0 0 0 0 1],Class has 20 samples (Target 100)
the most general stepper type is described by the stepper concept.,the nigh general stepper type is described by the stepper concept.,[0 0 0 0 0 1],Class has 20 samples (Target 100)
used by adding enabledebug before parsing.,Used by tot enabledebug before parsing.,[0 0 0 0 0 1],Class has 20 samples (Target 100)
the mouse move event is fired when a pointing device usually a mouse is moved while over an element.,the creep move event is kindle when a pointing device normally a sneak is moved while concluded an element.,[0 0 0 0 0 1],Class has 20 samples (Target 100)
a data set has to be added to a rtgrapher.,a information set Has to be add to a rtgrapher.,[0 0 0 0 0 1],Class has 20 samples (Target 100)
i am typically used for unnumbered lists,i am typically used for uncounted lists,[0 0 0 0 0 1],Class has 20 samples (Target 100)
"class bltextelement provides different text measurement strategies, each suitable for a specific use case.","class bltextelement Provides different text Measurement strategies, apiece suited for a specific use case.",[0 0 0 0 0 1],Class has 20 samples (Target 100)
i am used by class gtgraphtreemapsquarifystep .,i am utilise by class gtgraphtreemapsquarifystep .,[0 0 0 0 0 1],Class has 20 samples (Target 100)
an uncommitted response should be handled as usual by the server adapter.,An uncommitted reaction should be handled as common by the waiter adapter.,[0 0 0 0 0 1],Class has 20 samples (Target 100)
sparta canvas provides a paint builder that should be used to build concerete paints.,sparta Canvas provides a paint builder That should Be used To build concerete paints.,[0 0 0 0 0 1],Class has 20 samples (Target 100)
the association key is the text that is displayed in the breadcrimb.,the association key Is the text that is display in the breadcrimb.,[0 0 0 0 0 1],Class has 20 samples (Target 100)
sent by,Sent by,[0 0 0 0 0 1],Class has 20 samples (Target 100)
the association key is the text that is displayed in the breadcrimb.,the association key Is the text that is displayed in the breadcrimb.,[0 0 0 0 0 1],Class has 20 samples (Target 100)
i am used by a class gtrlreleasebuilder to create a new release.,i am utilize by a class Gtrlreleasebuilder to create A new release.,[0 0 0 0 0 1],Class has 20 samples (Target 100)
i am typically used for unnumbered lists,i Am Typically Used for countless lists,[0 0 0 0 0 1],Class has 20 samples (Target 100)
sparta canvas provides a paint builder that should be used to build concerete paints.,sparta canvas provides a paint Builder that Should be Used to build concerete paints.,[0 0 0 0 0 1],Class has 20 samples (Target 100)
gtgradtreelayout is a superclass of gtgradhorizontaltreelayout and gtgradverticaltreelayout classes and contains generic tree layout methods and definitions of methods the two subclasses need to redefine.,gtgradtreelayout is a superclass of Gtgradhorizontaltreelayout and gtgradverticaltreelayout classes and curb generic corner layout methods and definitions Of methods the two subclass demand to redefine.,[0 0 0 0 0 1],Class has 20 samples (Target 100)
gtgradtreelayout is a superclass of gtgradhorizontaltreelayout and gtgradverticaltreelayout classes and contains generic tree layout methods and definitions of methods the two subclasses need to redefine.,gtgradtreelayout is a Superclass of gtgradhorizontaltreelayout And gtgradverticaltreelayout year and contains generic tree layout Methods and definition of methods the two subclasses need To redefine.,[0 0 0 0 0 1],Class has 20 samples (Target 100)
a data set has to be added to a rtgrapher.,a data set Has to be tally To a rtgrapher.,[0 0 0 0 0 1],Class has 20 samples (Target 100)
sparta canvas provides a paint builder that should be used to build concerete paints.,sparta examine provides a paint constructor that should be use to soma concerete paints.,[0 0 0 0 0 1],Class has 20 samples (Target 100)
the ui may want to display them in a transcript,the ui may want to display them in a Transcript,[0 0 0 0 0 1],Class has 20 samples (Target 100)
i am used by a class gtrlreleasebuilder to create a new release.,i am practice by a class gtrlreleasebuilder to create a new release.,[0 0 0 0 0 1],Class has 20 samples (Target 100)
a data set has to be added to a rtgrapher.,a data Set has to be added to A rtgrapher.,[0 0 0 0 0 1],Class has 20 samples (Target 100)
i am typically used for unnumbered lists,I am typically secondhand for unnumbered lists,[0 0 0 0 0 1],Class has 20 samples (Target 100)
"users can configure default options that apply to all repositories from a release, or configure options for individual repositories.","users can configure Default alternative that apply to all repositories from A release, or Configure selection for Individual repositories.",[0 0 0 0 0 1],Class has 20 samples (Target 100)
"users can configure default options that apply to all repositories from a release, or configure options for individual repositories.","users can configure default Options that utilize to all repository from a release, or configure option for single Repositories.",[0 0 0 0 0 1],Class has 20 samples (Target 100)
a data set has to be added to a rtgrapher.,a data set has to be Added to a rtgrapher.,[0 0 0 0 0 1],Class has 20 samples (Target 100)
"class bltextelement provides different text measurement strategies, each suitable for a specific use case.","class bltextelement leave Different text measurement strategies, each suited for a specific use Case.",[0 0 0 0 0 1],Class has 20 samples (Target 100)
is sent by an element after it is removed from the parent.,is direct by an element after it is removed From the parent.,[0 0 0 0 0 1],Class has 20 samples (Target 100)
is sent by an element after it is removed from the parent.,is sent by an element after it is dispatch From the parent.,[0 0 0 0 0 1],Class has 20 samples (Target 100)
the most general stepper type is described by the stepper concept.,The Most general Stepper case is described by The stepper concept.,[0 0 0 0 0 1],Class has 20 samples (Target 100)
the most general stepper type is described by the stepper concept.,the most general stepper type is account by the stepper concept.,[0 0 0 0 0 1],Class has 20 samples (Target 100)
a data set has to be added to a rtgrapher.,a Data set has to be added to a rtgrapher.,[0 0 0 0 0 1],Class has 20 samples (Target 100)
gtgradtreelayout is a superclass of gtgradhorizontaltreelayout and gtgradverticaltreelayout classes and contains generic tree layout methods and definitions of methods the two subclasses need to redefine.,gtgradtreelayout is a superclass of gtgradhorizontaltreelayout and gtgradverticaltreelayout Classes and contains generic tree layout methods and definition of Methods the two subclasses need to redefine.,[0 0 0 0 0 1],Class has 20 samples (Target 100)
a background process should send #reap to me.,A background process should send #reap to me.,[0 0 0 0 0 1],Class has 20 samples (Target 100)
"class bltextelement provides different text measurement strategies, each suitable for a specific use case.","class bltextelement provides different text measure strategies, apiece suitable for a particular Use case.",[0 0 0 0 0 1],Class has 20 samples (Target 100)
"users can configure default options that apply to all repositories from a release, or configure options for individual repositories.","users can configure default options that Apply to all Repositories from a release, or configure options for individual repositories.",[0 0 0 0 0 1],Class has 20 samples (Target 100)
the ui may want to display them in a transcript,the ui may want to expose them in a transcript,[0 0 0 0 0 1],Class has 20 samples (Target 100)
the ui may want to display them in a transcript,the ui may want To display them In a transcript,[0 0 0 0 0 1],Class has 20 samples (Target 100)
the association key is the text that is displayed in the breadcrimb.,the association key Is the text that Is displayed in the breadcrimb.,[0 0 0 0 0 1],Class has 20 samples (Target 100)
"generally, the differences between the implementations of the hozitonal and vertical variants are really small, revolving around one using or setting the x and the other y coordinates.","generally, The differences between the execution of the hozitonal and Vertical variate are really small, revolve around one Using or Setting the x and the other y coordinates.",[0 0 0 0 0 1],Class has 20 samples (Target 100)
the mouse move event is fired when a pointing device usually a mouse is moved while over an element.,the mouse displace event is fired when A pointing gimmick ordinarily a mouse is moved while concluded an element.,[0 0 0 0 0 1],Class has 20 samples (Target 100)
i am used by a class gtrlreleasebuilder to create a new release.,i am utilize by a class gtrlreleasebuilder to produce a new release.,[0 0 0 0 0 1],Class has 20 samples (Target 100)
"the association value is an object of your choosing, which your code uses to restore that page .","the association value is an target of your choosing, which your code uses To restore that page .",[0 0 0 0 0 1],Class has 20 samples (Target 100)
sent by,institutionalize by,[0 0 0 0 0 1],Class has 20 samples (Target 100)
an uncommitted response should be handled as usual by the server adapter.,An uncommitted response should be handled as usual by the host adapter.,[0 0 0 0 0 1],Class has 20 samples (Target 100)
gtgradtreelayout is a superclass of gtgradhorizontaltreelayout and gtgradverticaltreelayout classes and contains generic tree layout methods and definitions of methods the two subclasses need to redefine.,gtgradtreelayout is a Superclass of gtgradhorizontaltreelayout And gtgradverticaltreelayout classes and contains generic corner layout Methods and Definitions of methods The two subclasses indigence to redefine.,[0 0 0 0 0 1],Class has 20 samples (Target 100)
sparta canvas provides a paint builder that should be used to build concerete paints.,sparta canvas provides a Paint constructor that should be used To build concerete paints.,[0 0 0 0 0 1],Class has 20 samples (Target 100)
gtgradtreelayout is a superclass of gtgradhorizontaltreelayout and gtgradverticaltreelayout classes and contains generic tree layout methods and definitions of methods the two subclasses need to redefine.,gtgradtreelayout is a superclass of gtgradhorizontaltreelayout and Gtgradverticaltreelayout classes and comprise generic tree layout methods and Definitions of method the two subclasses need to redefine.,[0 0 0 0 0 1],Class has 20 samples (Target 100)
is sent by an element after it is removed from the parent.,is Sent by an element after It is removed from The Parent.,[0 0 0 0 0 1],Class has 20 samples (Target 100)
used by adding enabledebug before parsing.,Used by adding enabledebug before parsing.,[0 0 0 0 0 1],Class has 20 samples (Target 100)
the most general stepper type is described by the stepper concept.,the most general stepper typecast is described by The hoofer concept.,[0 0 0 0 0 1],Class has 20 samples (Target 100)
i am used by a class gtrlreleasebuilder to create a new release.,i am habituate by a class gtrlreleasebuilder to create a new Release.,[0 0 0 0 0 1],Class has 20 samples (Target 100)
"users can configure default options that apply to all repositories from a release, or configure options for individual repositories.","users can configure nonpayment options that apply to all depository from a release, or configure options for someone repositories.",[0 0 0 0 0 1],Class has 20 samples (Target 100)
an uncommitted response should be handled as usual by the server adapter.,an unattached response should be handled as common by the host adapter.,[0 0 0 0 0 1],Class has 20 samples (Target 100)
gtgradtreelayout is a superclass of gtgradhorizontaltreelayout and gtgradverticaltreelayout classes and contains generic tree layout methods and definitions of methods the two subclasses need to redefine.,Gtgradtreelayout is a superclass of gtgradhorizontaltreelayout and gtgradverticaltreelayout classes and contains generic shoetree layout Methods and definition of methods The two subclasses take to redefine.,[0 0 0 0 0 1],Class has 20 samples (Target 100)
famixtrait models a trait as it can be found in pharo or php.,famixtrait Models a Trait as it can be chance in pharo or Php.,[0 0 1 0 0 1],Class has 14 samples (Target 100)
the form element acts as a container for input elements and buttons.,the manikin element acts as a container for input factor and buttons.,[0 0 1 0 0 1],Class has 14 samples (Target 100)
i fetch data from the diagrammer editor data source,i fetch data from The diagrammer editor datum rootage,[0 0 1 0 0 1],Class has 14 samples (Target 100)
"wapath maintains a stack of associations, one for each location or page in the path.","wapath maintains a stack of associations, one for apiece position Or page in the path.",[0 0 1 0 0 1],Class has 14 samples (Target 100)
the geometry is used to define the geometry to be drawn and the interaction area.,the geometry is utilise To define the geometry to be Drawn and the interaction area.,[0 0 1 0 0 1],Class has 14 samples (Target 100)
famixtrait models a trait as it can be found in pharo or php.,famixtrait Models a trait as it Can be happen in pharo or php.,[0 0 1 0 0 1],Class has 14 samples (Target 100)
i am used to record text selection intervals while user drags mouse over the text editor.,i am victimised to record text choice separation while user trail mouse complete the text editor.,[0 0 1 0 0 1],Class has 14 samples (Target 100)
additionally i play a role of a selection strategy to support single or multiple selection.,additionally i turn a use of a excerption strategy to support single or Multiple selection.,[0 0 1 0 0 1],Class has 14 samples (Target 100)
the geometry is used to define the geometry to be drawn and the interaction area.,the geometry is used to define the geometry to be draw and the interaction area.,[0 0 1 0 0 1],Class has 14 samples (Target 100)
i display a list of editors of an object in a vertical list.,i display a list of editors of an Object in a vertical list.,[0 0 1 0 0 1],Class has 14 samples (Target 100)
the geometry is used to define the geometry to be drawn and the interaction area.,the geometry Is exploited to define the geometry to be drawn and The Interaction area.,[0 0 1 0 0 1],Class has 14 samples (Target 100)
the form element acts as a container for input elements and buttons.,the manakin element acts as a container for input elements and buttons.,[0 0 1 0 0 1],Class has 14 samples (Target 100)
is sent by buttonattribute after button is created.,is beam by buttonattribute after button is created.,[0 0 1 0 0 1],Class has 14 samples (Target 100)
it simply render in a view an axis configuration,it simply render in a view an bloc shape,[0 0 1 0 0 1],Class has 14 samples (Target 100)
i am used together with brtext and brtextstyler to style text.,i am used together with brtext And brtextstyler to style Text.,[0 0 1 0 0 1],Class has 14 samples (Target 100)
it simply render in a view an axis configuration,it simply return in a View an bloc configuration,[0 0 1 0 0 1],Class has 14 samples (Target 100)
famixtrait models a trait as it can be found in pharo or php.,famixtrait modelling a Trait as it can be found in pharo or php.,[0 0 1 0 0 1],Class has 14 samples (Target 100)
the form element acts as a container for input elements and buttons.,the Form element number as a container for input elements and buttons.,[0 0 1 0 0 1],Class has 14 samples (Target 100)
i allow connector to be notified and attach its own additional handlers to newly created button,i appropriate connector to be notified and attach its own Additional handlers To Newly created button,[0 0 1 0 0 1],Class has 14 samples (Target 100)
it simply render in a view an axis configuration,it simply try in A View an axis configuration,[0 0 1 0 0 1],Class has 14 samples (Target 100)
the form element acts as a container for input elements and buttons.,the mold element acts as a container for remark elements and buttons.,[0 0 1 0 0 1],Class has 14 samples (Target 100)
it simply render in a view an axis configuration,it simply depict In a watch an bloc configuration,[0 0 1 0 0 1],Class has 14 samples (Target 100)
waerrorhandler catches errors and warnings and provides two methods for handling each type of exception,waerrorhandler Catches errors and warnings and provides two methods for handling Each type of elision,[0 0 1 0 0 1],Class has 14 samples (Target 100)
i am used to record text selection intervals while user drags mouse over the text editor.,i am used to record text selection Intervals while user drags Mouse over the text editor.,[0 0 1 0 0 1],Class has 14 samples (Target 100)
is sent by buttonattribute after button is created.,is sent by buttonattribute after Button is created.,[0 0 1 0 0 1],Class has 14 samples (Target 100)
is sent by buttonattribute after button is created.,is sent By buttonattribute after button is created.,[0 0 1 0 0 1],Class has 14 samples (Target 100)
"wapath maintains a stack of associations, one for each location or page in the path.","wapath maintains a stack of associations, one for apiece location Or page In the path.",[0 0 1 0 0 1],Class has 14 samples (Target 100)
i am used to record text selection intervals while user drags mouse over the text editor.,i am used to record text selection intervals while user Drags mouse over the text editor.,[0 0 1 0 0 1],Class has 14 samples (Target 100)
"wapath maintains a stack of associations, one for each location or page in the path.","wapath maintains a muckle of Associations, one for each Location or page in the path.",[0 0 1 0 0 1],Class has 14 samples (Target 100)
i allow connector to be notified and attach its own additional handlers to newly created button,i Allow connector to be notified and attach its own additional coach To freshly created Button,[0 0 1 0 0 1],Class has 14 samples (Target 100)
i am attached to a bloc element and define the visual structure of that bloc element.,I am attached to a bloc component And Define the ocular structure of that bloc element.,[0 0 1 0 0 1],Class has 14 samples (Target 100)
is sent by buttonattribute after button is created.,is sent by buttonattribute After release is created.,[0 0 1 0 0 1],Class has 14 samples (Target 100)
i fetch data from the diagrammer editor data source,i get datum from the diagrammer editor datum Source,[0 0 1 0 0 1],Class has 14 samples (Target 100)
the form element acts as a container for input elements and buttons.,the form element acts as a container for comment Elements and Buttons.,[0 0 1 0 0 1],Class has 14 samples (Target 100)
the form element acts as a container for input elements and buttons.,the Form element acts as a container for input elements and buttons.,[0 0 1 0 0 1],Class has 14 samples (Target 100)
"wapath maintains a stack of associations, one for each location or page in the path.","wapath maintains A stack of Associations, one for apiece location or page in the path.",[0 0 1 0 0 1],Class has 14 samples (Target 100)
i am attached to a bloc element and define the visual structure of that bloc element.,I am attached to A Bloc element and define the optic construction of that axis element.,[0 0 1 0 0 1],Class has 14 samples (Target 100)
is sent by buttonattribute after button is created.,is transmit by buttonattribute after button is created.,[0 0 1 0 0 1],Class has 14 samples (Target 100)
i am used together with brtext and brtextstyler to style text.,i am victimized together with brtext And brtextstyler to style text.,[0 0 1 0 0 1],Class has 14 samples (Target 100)
i fetch data from the diagrammer editor data source,i fetch datum from The diagrammer editor data Source,[0 0 1 0 0 1],Class has 14 samples (Target 100)
additionally i play a role of a selection strategy to support single or multiple selection.,additionally i dally a role of a selection strategy to support single or multiple selection.,[0 0 1 0 0 1],Class has 14 samples (Target 100)
i display a list of editors of an object in a vertical list.,i display a heel of editor of an object in a vertical list.,[0 0 1 0 0 1],Class has 14 samples (Target 100)
it simply render in a view an axis configuration,it Simply render in a view an axis configuration,[0 0 1 0 0 1],Class has 14 samples (Target 100)
additionally i play a role of a selection strategy to support single or multiple selection.,additionally I Play a role of a choice Strategy to support ace or multiple selection.,[0 0 1 0 0 1],Class has 14 samples (Target 100)
"wapath maintains a stack of associations, one for each location or page in the path.","wapath maintains a stack of associations, one for apiece location or page in the Path.",[0 0 1 0 0 1],Class has 14 samples (Target 100)
the geometry is used to define the geometry to be drawn and the interaction area.,the geometry is used to delineate the geometry to be drawn and the interaction area.,[0 0 1 0 0 1],Class has 14 samples (Target 100)
famixtrait models a trait as it can be found in pharo or php.,famixtrait mannequin a trait as it can be found in Pharo Or php.,[0 0 1 0 0 1],Class has 14 samples (Target 100)
famixtrait models a trait as it can be found in pharo or php.,famixtrait models a trait as It can be found in pharo or php.,[0 0 1 0 0 1],Class has 14 samples (Target 100)
the form element acts as a container for input elements and buttons.,the form element acts as a container for input Elements and buttons.,[0 0 1 0 0 1],Class has 14 samples (Target 100)
i display a list of editors of an object in a vertical list.,i display a List of Editors of an Object in a vertical list.,[0 0 1 0 0 1],Class has 14 samples (Target 100)
the form element acts as a container for input elements and buttons.,the Form element Acts as a container for stimulation factor and buttons.,[0 0 1 0 0 1],Class has 14 samples (Target 100)
is sent by buttonattribute after button is created.,is Sent by buttonattribute later button is created.,[0 0 1 0 0 1],Class has 14 samples (Target 100)
the form element acts as a container for input elements and buttons.,the Form element dissemble As a container for Input factor and Buttons.,[0 0 1 0 0 1],Class has 14 samples (Target 100)
is sent by buttonattribute after button is created.,is Sent by buttonattribute after release is created.,[0 0 1 0 0 1],Class has 14 samples (Target 100)
i allow connector to be notified and attach its own additional handlers to newly created button,i allow connector to be advise and attach Its own additional handler to newly make button,[0 0 1 0 0 1],Class has 14 samples (Target 100)
i am attached to a bloc element and define the visual structure of that bloc element.,i am attached to a bloc ingredient and determine the visual structure of that bloc element.,[0 0 1 0 0 1],Class has 14 samples (Target 100)
it simply render in a view an axis configuration,It plainly render in a prospect an axis configuration,[0 0 1 0 0 1],Class has 14 samples (Target 100)
i am used to record text selection intervals while user drags mouse over the text editor.,i am secondhand to record text selection intervals while user drags creep over the text editor.,[0 0 1 0 0 1],Class has 14 samples (Target 100)
it simply render in a view an axis configuration,it simply render in a view an axis Configuration,[0 0 1 0 0 1],Class has 14 samples (Target 100)
i display a list of editors of an object in a vertical list.,I display a List of editors Of an object in a vertical list.,[0 0 1 0 0 1],Class has 14 samples (Target 100)
i allow connector to be notified and attach its own additional handlers to newly created button,i Allow connector to Be apprize And Attach its own additional handlers to freshly created button,[0 0 1 0 0 1],Class has 14 samples (Target 100)
i allow connector to be notified and attach its own additional handlers to newly created button,i allow connective to be advise and attach its own additional handlers to fresh created release,[0 0 1 0 0 1],Class has 14 samples (Target 100)
is sent by buttonattribute after button is created.,is sent by Buttonattribute after button Is created.,[0 0 1 0 0 1],Class has 14 samples (Target 100)
the form element acts as a container for input elements and buttons.,The form element Acts As a container for input ingredient and buttons.,[0 0 1 0 0 1],Class has 14 samples (Target 100)
it simply render in a view an axis configuration,it only return in a View an Axis configuration,[0 0 1 0 0 1],Class has 14 samples (Target 100)
i am attached to a bloc element and define the visual structure of that bloc element.,i Am attached to a axis element and specify the visual structure of that bloc element.,[0 0 1 0 0 1],Class has 14 samples (Target 100)
waerrorhandler catches errors and warnings and provides two methods for handling each type of exception,waerrorhandler catches erroneousness and Warnings and provides two method for address each eccentric of exception,[0 0 1 0 0 1],Class has 14 samples (Target 100)
the geometry is used to define the geometry to be drawn and the interaction area.,the geometry is used to define the geometry to be tie And the interaction area.,[0 0 1 0 0 1],Class has 14 samples (Target 100)
i allow connector to be notified and attach its own additional handlers to newly created button,i allow connective to be notified and Attach its own additional Handlers to newly created Button,[0 0 1 0 0 1],Class has 14 samples (Target 100)
additionally i play a role of a selection strategy to support single or multiple selection.,additionally I play a Role of A pick strategy to support single or multiple selection.,[0 0 1 0 0 1],Class has 14 samples (Target 100)
the form element acts as a container for input elements and buttons.,the form Element behave as a container for remark elements And buttons.,[0 0 1 0 0 1],Class has 14 samples (Target 100)
i am attached to a bloc element and define the visual structure of that bloc element.,i am seize to a bloc component And define the visual structure Of that bloc element.,[0 0 1 0 0 1],Class has 14 samples (Target 100)
i am used together with brtext and brtextstyler to style text.,i am practice together with brtext and brtextstyler to trend text.,[0 0 1 0 0 1],Class has 14 samples (Target 100)
i fetch data from the diagrammer editor data source,i convey data from the Diagrammer editor data source,[0 0 1 0 0 1],Class has 14 samples (Target 100)
i fetch data from the diagrammer editor data source,i fetch data from the diagrammer Editor data rootage,[0 0 1 0 0 1],Class has 14 samples (Target 100)
is sent by buttonattribute after button is created.,is sent by buttonattribute subsequently clitoris is Created.,[0 0 1 0 0 1],Class has 14 samples (Target 100)
i am attached to a bloc element and define the visual structure of that bloc element.,i am attached to a bloc ingredient and Define the visual structure of that bloc element.,[0 0 1 0 0 1],Class has 14 samples (Target 100)
i am attached to a bloc element and define the visual structure of that bloc element.,i am Attached to a bloc element and define the visual structure of that axis element.,[0 0 1 0 0 1],Class has 14 samples (Target 100)
i display a list of editors of an object in a vertical list.,i Display a list of editors of an target In a vertical list.,[0 0 1 0 0 1],Class has 14 samples (Target 100)
waerrorhandler catches errors and warnings and provides two methods for handling each type of exception,waerrorhandler catches error and warnings and provides two methods for handling each type of exception,[0 0 1 0 0 1],Class has 14 samples (Target 100)
famixtrait models a trait as it can be found in pharo or php.,famixtrait Models a trait as it can be found in pharo or php.,[0 0 1 0 0 1],Class has 14 samples (Target 100)
i am attached to a bloc element and define the visual structure of that bloc element.,i am bind to a Bloc element and define the visual structure of that bloc element.,[0 0 1 0 0 1],Class has 14 samples (Target 100)
it simply render in a view an axis configuration,it simply show in a scene an axis constellation,[0 0 1 0 0 1],Class has 14 samples (Target 100)
the geometry is used to define the geometry to be drawn and the interaction area.,the geometry is used To determine the geometry to be drawn and the interaction area.,[0 0 1 0 0 1],Class has 14 samples (Target 100)
the geometry is used to define the geometry to be drawn and the interaction area.,the geometry is used to define the geometry To Be drawn and the interaction area.,[0 0 1 0 0 1],Class has 14 samples (Target 100)
i am used together with brtext and brtextstyler to style text.,i am used together With brtext and Brtextstyler to trend text.,[0 0 1 0 0 1],Class has 14 samples (Target 100)
make remainder zoom a transform inside the trosmshape.,crap rest soar a transubstantiate privileged the trosmshape.,[1 0 0 0 1 0],Class has 9 samples (Target 100)
"from the camera, get the zoom level and offset.","from the camera, get The whizz floor and Offset.",[1 0 0 0 1 0],Class has 9 samples (Target 100)
concrete implementations should focus on measure with and layout in,concrete implementations should focalize on measure with And layout In,[1 0 0 0 1 0],Class has 9 samples (Target 100)
make remainder zoom a transform inside the trosmshape.,attain Remainder zoom a transform inside the trosmshape.,[1 0 0 0 1 0],Class has 9 samples (Target 100)
make remainder zoom a transform inside the trosmshape.,make difference zoom a transform interior the trosmshape.,[1 0 0 0 1 0],Class has 9 samples (Target 100)
i define an api of a layout.,i define An Api of a Layout.,[1 0 0 0 1 0],Class has 9 samples (Target 100)
i define an api of a layout.,I define an Api of a layout.,[1 0 0 0 1 0],Class has 9 samples (Target 100)
compute the osm zoom level with the camera zoom value .,compute the osm zoom unwavering with The camera Zoom value .,[1 0 0 0 1 0],Class has 9 samples (Target 100)
i define an api of a layout.,i set an api of a layout.,[1 0 0 0 1 0],Class has 9 samples (Target 100)
concrete implementations should focus on measure with and layout in,concrete Implementations should Focus on measure with and layout in,[1 0 0 0 1 0],Class has 9 samples (Target 100)
"depending on the rtview size and the canvas parameters, get the right tiles from osm and display them.","depending On the Rtview Size and the analyse parameters, get the right tiles from osm and showing them.",[1 0 0 0 1 0],Class has 9 samples (Target 100)
make remainder zoom a transform inside the trosmshape.,get balance zoom a transform inside the trosmshape.,[1 0 0 0 1 0],Class has 9 samples (Target 100)
compute the osm zoom level with the camera zoom value .,compute the osm zoom Level with the camera zoom value .,[1 0 0 0 1 0],Class has 9 samples (Target 100)
make remainder zoom a transform inside the trosmshape.,make remainder zoom a transform indoors the trosmshape.,[1 0 0 0 1 0],Class has 9 samples (Target 100)
concrete implementations should focus on measure with and layout in,concrete implementations should focusing on measure with And layout in,[1 0 0 0 1 0],Class has 9 samples (Target 100)
"take corners of bounding box, get lat long, get tiles x and y based on previous zoom level.","take Corners of jump box, get lat long, get tiles x and y based on old surge Level.",[1 0 0 0 1 0],Class has 9 samples (Target 100)
i define an api of a layout.,I define an api of a layout.,[1 0 0 0 1 0],Class has 9 samples (Target 100)
users should configure me with a #sourceclass .,user should configure me with a #sourceclass .,[1 0 0 0 1 0],Class has 9 samples (Target 100)
set clipping rectangle to trosmshape bounds.,set clipping rectangle To trosmshape bounds.,[1 0 0 0 1 0],Class has 9 samples (Target 100)
"from the camera, get the zoom level and offset.","From the camera, get the zoom level and offset.",[1 0 0 0 1 0],Class has 9 samples (Target 100)
compute the osm zoom level with the camera zoom value .,calculate the osm whizz level with The camera soar value .,[1 0 0 0 1 0],Class has 9 samples (Target 100)
users should configure me with a #sourceclass .,exploiter should configure me with a #sourceclass .,[1 0 0 0 1 0],Class has 9 samples (Target 100)
compute the osm zoom level with the camera zoom value .,Compute the osm zoom level with the camera zoom appraise .,[1 0 0 0 1 0],Class has 9 samples (Target 100)
users should configure me with a #sourceclass .,users should Configure me with a #sourceclass .,[1 0 0 0 1 0],Class has 9 samples (Target 100)
"depending on the rtview size and the canvas parameters, get the right tiles from osm and display them.","depending on the rtview size and the canvas parameters, get the Right Tiles from osm and display them.",[1 0 0 0 1 0],Class has 9 samples (Target 100)
make remainder zoom a transform inside the trosmshape.,name balance soar a transform inside the trosmshape.,[1 0 0 0 1 0],Class has 9 samples (Target 100)
"from the camera, get the zoom level and offset.","from the camera, Get the surge Level and offset.",[1 0 0 0 1 0],Class has 9 samples (Target 100)
concrete implementations should focus on measure with and layout in,Concrete execution should focus on measure with and layout in,[1 0 0 0 1 0],Class has 9 samples (Target 100)
make remainder zoom a transform inside the trosmshape.,make remainder zoom A transform inside the trosmshape.,[1 0 0 0 1 0],Class has 9 samples (Target 100)
"depending on the rtview size and the canvas parameters, get the right tiles from osm and display them.","depending on the rtview size And the analyse parameters, get the right tile from osm And showing them.",[1 0 0 0 1 0],Class has 9 samples (Target 100)
compute the osm zoom level with the camera zoom value .,compute the osm Zoom Level with the camera whizz Value .,[1 0 0 0 1 0],Class has 9 samples (Target 100)
"depending on the rtview size and the canvas parameters, get the right tiles from osm and display them.","depending On The rtview size and the canvas parameters, get the right tile From osm and display them.",[1 0 0 0 1 0],Class has 9 samples (Target 100)
"depending on the rtview size and the canvas parameters, get the right tiles from osm and display them.","depending on the rtview sizing and The canvas parameters, get the right Tiles from osm and display them.",[1 0 0 0 1 0],Class has 9 samples (Target 100)
"depending on the rtview size and the canvas parameters, get the right tiles from osm and display them.","depending on the Rtview Size and the canvas parameters, get the good tile from osm and display them.",[1 0 0 0 1 0],Class has 9 samples (Target 100)
users should configure me with a #sourceclass .,users should configure me with A #sourceclass .,[1 0 0 0 1 0],Class has 9 samples (Target 100)
make remainder zoom a transform inside the trosmshape.,make remainder soar a transmute inside the trosmshape.,[1 0 0 0 1 0],Class has 9 samples (Target 100)
concrete implementations should focus on measure with and layout in,Concrete implementations should focus on measure with and Layout in,[1 0 0 0 1 0],Class has 9 samples (Target 100)
"take corners of bounding box, get lat long, get tiles x and y based on previous zoom level.","take corners of bounding box, get lat long, Get tiles x and y found on premature surge level.",[1 0 0 0 1 0],Class has 9 samples (Target 100)
compute the osm zoom level with the camera zoom value .,compute the osm zoom tied with the camera whizz value .,[1 0 0 0 1 0],Class has 9 samples (Target 100)
"from the camera, get the zoom level and offset.","from The Camera, get The surge level And offset.",[1 0 0 0 1 0],Class has 9 samples (Target 100)
"from the camera, get the zoom level and offset.","from The camera, get The zoom level and offset.",[1 0 0 0 1 0],Class has 9 samples (Target 100)
"from the camera, get the zoom level and offset.","From The camera, get the zoom level and offset.",[1 0 0 0 1 0],Class has 9 samples (Target 100)
set clipping rectangle to trosmshape bounds.,set nip rectangle to trosmshape bounds.,[1 0 0 0 1 0],Class has 9 samples (Target 100)
"depending on the rtview size and the canvas parameters, get the right tiles from osm and display them.","depending on the rtview Size and the canvas parameters, Get the rightfield tiles from osm and showing them.",[1 0 0 0 1 0],Class has 9 samples (Target 100)
"depending on the rtview size and the canvas parameters, get the right tiles from osm and display them.","count on the rtview Size and the canvas parameters, get The proper tiles from osm and display them.",[1 0 0 0 1 0],Class has 9 samples (Target 100)
make remainder zoom a transform inside the trosmshape.,make remainder zoom a transmute inside the trosmshape.,[1 0 0 0 1 0],Class has 9 samples (Target 100)
"depending on the rtview size and the canvas parameters, get the right tiles from osm and display them.","depend on the rtview sizing and the canvas parameters, Get the right tile from osm And display them.",[1 0 0 0 1 0],Class has 9 samples (Target 100)
make remainder zoom a transform inside the trosmshape.,realise remainder zoom a transform Inside the trosmshape.,[1 0 0 0 1 0],Class has 9 samples (Target 100)
make remainder zoom a transform inside the trosmshape.,Make rest zoom a transform inside the trosmshape.,[1 0 0 0 1 0],Class has 9 samples (Target 100)
"depending on the rtview size and the canvas parameters, get the right tiles from osm and display them.","look on the rtview size and the canvas parameters, get the right tile from osm and display them.",[1 0 0 0 1 0],Class has 9 samples (Target 100)
i define an api of a layout.,i define an api Of a layout.,[1 0 0 0 1 0],Class has 9 samples (Target 100)
compute the osm zoom level with the camera zoom value .,compute the osm zoom level with the camera zoom evaluate .,[1 0 0 0 1 0],Class has 9 samples (Target 100)
compute the osm zoom level with the camera zoom value .,cipher the osm whizz layer with the camera zoom value .,[1 0 0 0 1 0],Class has 9 samples (Target 100)
"take corners of bounding box, get lat long, get tiles x and y based on previous zoom level.","take Corners of bounding box, Get lat long, get tiles x and y based on previous zoom level.",[1 0 0 0 1 0],Class has 9 samples (Target 100)
make remainder zoom a transform inside the trosmshape.,have balance surge a translate indoors the trosmshape.,[1 0 0 0 1 0],Class has 9 samples (Target 100)
i define an api of a layout.,i define an Api of A Layout.,[1 0 0 0 1 0],Class has 9 samples (Target 100)
make remainder zoom a transform inside the trosmshape.,make remainder whizz A transubstantiate Inside the Trosmshape.,[1 0 0 0 1 0],Class has 9 samples (Target 100)
"depending on the rtview size and the canvas parameters, get the right tiles from osm and display them.","bet on The rtview size and the Canvas parameters, Get the right tile from Osm and display them.",[1 0 0 0 1 0],Class has 9 samples (Target 100)
compute the osm zoom level with the camera zoom value .,compute the osm zoom level With the camera zoom prize .,[1 0 0 0 1 0],Class has 9 samples (Target 100)
set clipping rectangle to trosmshape bounds.,set snip rectangle to trosmshape bounds.,[1 0 0 0 1 0],Class has 9 samples (Target 100)
compute the osm zoom level with the camera zoom value .,compute the osm whizz Level with the camera soar value .,[1 0 0 0 1 0],Class has 9 samples (Target 100)
"take corners of bounding box, get lat long, get tiles x and y based on previous zoom level.","film corners of bounding box, get lat long, get tiles x and Y based on previous zoom level.",[1 0 0 0 1 0],Class has 9 samples (Target 100)
compute the osm zoom level with the camera zoom value .,compute The osm whizz level with the camera zoom value .,[1 0 0 0 1 0],Class has 9 samples (Target 100)
concrete implementations should focus on measure with and layout in,concrete implementations should concentre on quantify with and Layout in,[1 0 0 0 1 0],Class has 9 samples (Target 100)
make remainder zoom a transform inside the trosmshape.,make remainder Zoom a transform within the trosmshape.,[1 0 0 0 1 0],Class has 9 samples (Target 100)
"take corners of bounding box, get lat long, get tiles x and y based on previous zoom level.","take corners of bounding box, get lat long, get tiles x and Y Based on former zoom level.",[1 0 0 0 1 0],Class has 9 samples (Target 100)
make remainder zoom a transform inside the trosmshape.,Make remainder zoom a transmute indoors the trosmshape.,[1 0 0 0 1 0],Class has 9 samples (Target 100)
set clipping rectangle to trosmshape bounds.,set clip rectangle to trosmshape bounds.,[1 0 0 0 1 0],Class has 9 samples (Target 100)
"take corners of bounding box, get lat long, get tiles x and y based on previous zoom level.","convey corners of bounding box, get lat long, get tiles X and y based on previous zoom level.",[1 0 0 0 1 0],Class has 9 samples (Target 100)
make remainder zoom a transform inside the trosmshape.,make residue Zoom A transubstantiate privileged the trosmshape.,[1 0 0 0 1 0],Class has 9 samples (Target 100)
"from the camera, get the zoom level and offset.","from the Camera, get the zoom level and Offset.",[1 0 0 0 1 0],Class has 9 samples (Target 100)
"depending on the rtview size and the canvas parameters, get the right tiles from osm and display them.","bet On the rtview size and the canvas parameters, get the right tile from osm and exhibit them.",[1 0 0 0 1 0],Class has 9 samples (Target 100)
"depending on the rtview size and the canvas parameters, get the right tiles from osm and display them.","depending on the rtview Size and the Canvas parameters, get the powerful tiles from osm and exhibit Them.",[1 0 0 0 1 0],Class has 9 samples (Target 100)
compute the osm zoom level with the camera zoom value .,compute the osm surge level with the camera soar Value .,[1 0 0 0 1 0],Class has 9 samples (Target 100)
"depending on the rtview size and the canvas parameters, get the right tiles from osm and display them.","depending on the rtview Size and the canvas parameters, get the right tiles From osm and display them.",[1 0 0 0 1 0],Class has 9 samples (Target 100)
"depending on the rtview size and the canvas parameters, get the right tiles from osm and display them.","depending on the rtview size and the examine parameters, get the rectify tiles from osm and display them.",[1 0 0 0 1 0],Class has 9 samples (Target 100)
i define an api of a layout.,i define an Api Of a layout.,[1 0 0 0 1 0],Class has 9 samples (Target 100)
"take corners of bounding box, get lat long, get tiles x and y based on previous zoom level.","take corners of spring box, get lat long, get tiles x and y based on previous zoom level.",[1 0 0 0 1 0],Class has 9 samples (Target 100)
"depending on the rtview size and the canvas parameters, get the right tiles from osm and display them.","reckon on the rtview size and the examine parameters, Get the Right tile from osm and expose them.",[1 0 0 0 1 0],Class has 9 samples (Target 100)
"take corners of bounding box, get lat long, get tiles x and y based on previous zoom level.","take corners of bounding Box, Get lat long, get tiles X and y based on late whizz level.",[1 0 0 0 1 0],Class has 9 samples (Target 100)
compute the osm zoom level with the camera zoom value .,compute the osm zoom stratum with the camera Zoom Value .,[1 0 0 0 1 0],Class has 9 samples (Target 100)
compute the osm zoom level with the camera zoom value .,Compute the osm zoom level with the camera zoom value .,[1 0 0 0 1 0],Class has 9 samples (Target 100)
make remainder zoom a transform inside the trosmshape.,make residue zoom a transform inside The trosmshape.,[1 0 0 0 1 0],Class has 9 samples (Target 100)
set clipping rectangle to trosmshape bounds.,set Clipping rectangle to trosmshape bounds.,[1 0 0 0 1 0],Class has 9 samples (Target 100)
"take corners of bounding box, get lat long, get tiles x and y based on previous zoom level.","take corners of bounding box, get lat Long, get tile x and y based on previous Zoom level.",[1 0 0 0 1 0],Class has 9 samples (Target 100)
concrete implementations should focus on measure with and layout in,concrete implementations should focus on beat with and layout in,[1 0 0 0 1 0],Class has 9 samples (Target 100)
make remainder zoom a transform inside the trosmshape.,defecate remnant soar a metamorphose inside the trosmshape.,[1 0 0 0 1 0],Class has 9 samples (Target 100)
concrete implementations should focus on measure with and layout in,concrete implementations should rivet on measure with and layout in,[1 0 0 0 1 0],Class has 9 samples (Target 100)
compute the osm zoom level with the camera zoom value .,cipher The osm zoom level with the camera zoom value .,[1 0 0 0 1 0],Class has 9 samples (Target 100)
"take corners of bounding box, get lat long, get tiles x and y based on previous zoom level.","take corners of bounding box, get lat long, get tiles x and y Based on previous zoom level.",[1 0 0 0 1 0],Class has 9 samples (Target 100)
users should configure me with a #sourceclass .,users Should configure me with a #sourceclass .,[1 0 0 0 1 0],Class has 9 samples (Target 100)
compared to warequestcookie i represent the information that is sent to the user agent.,Compared to Warequestcookie i be the entropy that is transmit to the user agent.,[0 0 0 1 0 1],Class has 8 samples (Target 100)
i am a base class for some builders of roassal like,i am a Base class for some builders Of roassal Like,[0 0 0 1 0 1],Class has 8 samples (Target 100)
i am a visitor specialized in visiting books and testing their code.,i am a visitor particularize in visiting books and testing their code.,[0 0 0 1 0 1],Class has 8 samples (Target 100)
abstract literal parser that parses some kind of literal type to be specified by subclasses .,abstract literal parser that parses about tolerant of real type to be specified by Subclasses .,[0 0 0 1 0 1],Class has 8 samples (Target 100)
compared to warequestcookie i represent the information that is sent to the user agent.,compare To warequestcookie i comprise the entropy that Is sent to the user Agent.,[0 0 0 1 0 1],Class has 8 samples (Target 100)
abstract literal parser that parses some kind of literal type to be specified by subclasses .,pilfer literal parser that parses about variety of literal Type to Be particularize by subclasses .,[0 0 0 1 0 1],Class has 8 samples (Target 100)
i am a visitor specialized in visiting books and testing their code.,i am a visitor specialized in visit Books and Testing their code.,[0 0 0 1 0 1],Class has 8 samples (Target 100)
an implicitannouncer is used by odesolver to announce step results implicitsolverannouncement .,an implicitannouncer Is used By odesolver to announce step results implicitsolverannouncement .,[0 0 0 1 0 1],Class has 8 samples (Target 100)
compared to warequestcookie i represent the information that is sent to the user agent.,compared to warequestcookie i Represent the information That is sent to the user agent.,[0 0 0 1 0 1],Class has 8 samples (Target 100)
an implicitannouncer is used by odesolver to announce step results implicitsolverannouncement .,an implicitannouncer is used by odesolver To announce mistreat results implicitsolverannouncement .,[0 0 0 1 0 1],Class has 8 samples (Target 100)
i am a visitor specialized in visiting books and testing their code.,i am a visitant specialized in visiting books and testing their code.,[0 0 0 1 0 1],Class has 8 samples (Target 100)
i am a data source of the collection of all classes in the image,i Am a data reference of the collection of all course in the image,[0 0 0 1 0 1],Class has 8 samples (Target 100)
i am a visitor specialized in visiting books and testing their code.,i Am a visitor specialized in visiting books and essay their code.,[0 0 0 1 0 1],Class has 8 samples (Target 100)
rtverticalmultipledata represents a group of data points that are vertically located.,rtverticalmultipledata represents a group Of information Points that are vertically located.,[0 0 0 1 0 1],Class has 8 samples (Target 100)
i am a visitor specialized in visiting books and testing their code.,i Am a visitor specialized in Visiting books and testing their code.,[0 0 0 1 0 1],Class has 8 samples (Target 100)
rtverticalmultipledata represents a group of data points that are vertically located.,rtverticalmultipledata represents a group of datum points that Are vertically located.,[0 0 0 1 0 1],Class has 8 samples (Target 100)
abstract literal parser that parses some kind of literal type to be specified by subclasses .,abstract literal parser that parses some kind of genuine type to be assign by subclass .,[0 0 0 1 0 1],Class has 8 samples (Target 100)
compared to warequestcookie i represent the information that is sent to the user agent.,compared to Warequestcookie i represent the Information that is sent To the exploiter agent.,[0 0 0 1 0 1],Class has 8 samples (Target 100)
i am a base class for some builders of roassal like,I Am a base class for around builder of roassal Like,[0 0 0 1 0 1],Class has 8 samples (Target 100)
an implicitannouncer is used by odesolver to announce step results implicitsolverannouncement .,an implicitannouncer Is apply by odesolver to announce step results implicitsolverannouncement .,[0 0 0 1 0 1],Class has 8 samples (Target 100)
i am a visitor specialized in visiting books and testing their code.,i am a visitor Specialized in chatter books and test their code.,[0 0 0 1 0 1],Class has 8 samples (Target 100)
i am a base class for some builders of roassal like,i am a nucleotide class for some builders of roassal like,[0 0 0 1 0 1],Class has 8 samples (Target 100)
rtverticalmultipledata represents a group of data points that are vertically located.,rtverticalmultipledata play a group of Data period that are vertically located.,[0 0 0 1 0 1],Class has 8 samples (Target 100)
i am the default subject of an example.,I am the default subjugate of an example.,[0 0 0 1 0 1],Class has 8 samples (Target 100)
abstract literal parser that parses some kind of literal type to be specified by subclasses .,abstract literal parser That parses some kind of literal type to be Specified by subclasses .,[0 0 0 1 0 1],Class has 8 samples (Target 100)
i am a visitor specialized in visiting books and testing their code.,i am a visitor specialized in visiting books and testing Their code.,[0 0 0 1 0 1],Class has 8 samples (Target 100)
compared to warequestcookie i represent the information that is sent to the user agent.,compared to Warequestcookie i represent the information that is sent to the user agent.,[0 0 0 1 0 1],Class has 8 samples (Target 100)
i am a visitor specialized in visiting books and testing their code.,I am a visitor specialized in confabulate books and testing their code.,[0 0 0 1 0 1],Class has 8 samples (Target 100)
i am the default subject of an example.,i am the nonpayment subject of an example.,[0 0 0 1 0 1],Class has 8 samples (Target 100)
compared to warequestcookie i represent the information that is sent to the user agent.,Compared to warequestcookie i represent the data that Is sent to the user agent.,[0 0 0 1 0 1],Class has 8 samples (Target 100)
i am a base class for some builders of roassal like,I am a base class for roughly builder of roassal like,[0 0 0 1 0 1],Class has 8 samples (Target 100)
an implicitannouncer is used by odesolver to announce step results implicitsolverannouncement .,An implicitannouncer is used by odesolver to announce footstep result implicitsolverannouncement .,[0 0 0 1 0 1],Class has 8 samples (Target 100)
i am a base class for some builders of roassal like,i am a radical class for some builder of roassal like,[0 0 0 1 0 1],Class has 8 samples (Target 100)
compared to warequestcookie i represent the information that is sent to the user agent.,equate to warequestcookie i represent the information that is station to the exploiter agent.,[0 0 0 1 0 1],Class has 8 samples (Target 100)
i am a visitor specialized in visiting books and testing their code.,i am a Visitor specialized in visiting books and testing their code.,[0 0 0 1 0 1],Class has 8 samples (Target 100)
compared to warequestcookie i represent the information that is sent to the user agent.,compared to warequestcookie i represent the info That is sent to The user agent.,[0 0 0 1 0 1],Class has 8 samples (Target 100)
abstract literal parser that parses some kind of literal type to be specified by subclasses .,lift literal parser that parses some kind of Literal type to be specified By Subclasses .,[0 0 0 1 0 1],Class has 8 samples (Target 100)
i am the default subject of an example.,i am the nonremittal subject of an Example.,[0 0 0 1 0 1],Class has 8 samples (Target 100)
i am the default subject of an example.,i am The default subject of an example.,[0 0 0 1 0 1],Class has 8 samples (Target 100)
i am the default subject of an example.,i am The default submit of an Example.,[0 0 0 1 0 1],Class has 8 samples (Target 100)
i am a base class for some builders of roassal like,i am a base class for some builders Of roassal like,[0 0 0 1 0 1],Class has 8 samples (Target 100)
i am a base class for some builders of roassal like,i am a base class for some Builders of roassal same,[0 0 0 1 0 1],Class has 8 samples (Target 100)
rtverticalmultipledata represents a group of data points that are vertically located.,rtverticalmultipledata represents a radical of Data points that are vertically located.,[0 0 0 1 0 1],Class has 8 samples (Target 100)
abstract literal parser that parses some kind of literal type to be specified by subclasses .,abstract literal parser that parse some kind of literal type to be delimit by subclass .,[0 0 0 1 0 1],Class has 8 samples (Target 100)
rtverticalmultipledata represents a group of data points that are vertically located.,Rtverticalmultipledata Represents a radical of data points that Are vertically located.,[0 0 0 1 0 1],Class has 8 samples (Target 100)
i am a base class for some builders of roassal like,i am a base class for some constructor of roassal like,[0 0 0 1 0 1],Class has 8 samples (Target 100)
rtverticalmultipledata represents a group of data points that are vertically located.,rtverticalmultipledata represents a aggroup of datum points that are vertically located.,[0 0 0 1 0 1],Class has 8 samples (Target 100)
i am a data source of the collection of all classes in the image,i am A datum source of the collection of all classes in the image,[0 0 0 1 0 1],Class has 8 samples (Target 100)
compared to warequestcookie i represent the information that is sent to the user agent.,Compared to Warequestcookie i represent the data that is sent to the exploiter agent.,[0 0 0 1 0 1],Class has 8 samples (Target 100)
compared to warequestcookie i represent the information that is sent to the user agent.,Compared to warequestcookie i represent the information that is sent To the exploiter agent.,[0 0 0 1 0 1],Class has 8 samples (Target 100)
an implicitannouncer is used by odesolver to announce step results implicitsolverannouncement .,an implicitannouncer is Used by odesolver to announce step Results implicitsolverannouncement .,[0 0 0 1 0 1],Class has 8 samples (Target 100)
i am a data source of the collection of all classes in the image,i am a data source of the Collection of all classes in the Image,[0 0 0 1 0 1],Class has 8 samples (Target 100)
i am a visitor specialized in visiting books and testing their code.,i am a visitor specialized in visiting Word and testing their code.,[0 0 0 1 0 1],Class has 8 samples (Target 100)
rtverticalmultipledata represents a group of data points that are vertically located.,rtverticalmultipledata represents a group of data points That Are vertically located.,[0 0 0 1 0 1],Class has 8 samples (Target 100)
i am a visitor specialized in visiting books and testing their code.,I am a visitant specialized in visiting book and testing their code.,[0 0 0 1 0 1],Class has 8 samples (Target 100)
i am a data source of the collection of all classes in the image,i am a data reservoir of the collection of all classes in the picture,[0 0 0 1 0 1],Class has 8 samples (Target 100)
i am a visitor specialized in visiting books and testing their code.,i am A visitant Specialized in visiting books and essay their code.,[0 0 0 1 0 1],Class has 8 samples (Target 100)
rtverticalmultipledata represents a group of data points that are vertically located.,rtverticalmultipledata represents a group of information points that are vertically located.,[0 0 0 1 0 1],Class has 8 samples (Target 100)
i am a base class for some builders of roassal like,i am a base class for around Builders of roassal like,[0 0 0 1 0 1],Class has 8 samples (Target 100)
i am a visitor specialized in visiting books and testing their code.,i am a Visitor specialise in impose books and Testing their code.,[0 0 0 1 0 1],Class has 8 samples (Target 100)
i am a data source of the collection of all classes in the image,i am a datum source of the accumulation of all classes in The image,[0 0 0 1 0 1],Class has 8 samples (Target 100)
i am the default subject of an example.,i am the default topic of an example.,[0 0 0 1 0 1],Class has 8 samples (Target 100)
i am a visitor specialized in visiting books and testing their code.,I Am a Visitor specialized in call books and Testing their Code.,[0 0 0 1 0 1],Class has 8 samples (Target 100)
an implicitannouncer is used by odesolver to announce step results implicitsolverannouncement .,an implicitannouncer is used By odesolver to herald step results implicitsolverannouncement .,[0 0 0 1 0 1],Class has 8 samples (Target 100)
i am a base class for some builders of roassal like,i am a base class for roughly builders Of roassal like,[0 0 0 1 0 1],Class has 8 samples (Target 100)
i am a visitor specialized in visiting books and testing their code.,i am a visitant specialised in Visiting books and Testing their code.,[0 0 0 1 0 1],Class has 8 samples (Target 100)
i am a visitor specialized in visiting books and testing their code.,i am A visitant Specialized in claver books and testing their code.,[0 0 0 1 0 1],Class has 8 samples (Target 100)
an implicitannouncer is used by odesolver to announce step results implicitsolverannouncement .,an implicitannouncer is used by Odesolver to foretell step ensue implicitsolverannouncement .,[0 0 0 1 0 1],Class has 8 samples (Target 100)
i am a base class for some builders of roassal like,i am a base class for approximately builders Of roassal like,[0 0 0 1 0 1],Class has 8 samples (Target 100)
i am a base class for some builders of roassal like,I am a Base class for some builder of roassal comparable,[0 0 0 1 0 1],Class has 8 samples (Target 100)
compared to warequestcookie i represent the information that is sent to the user agent.,compared to warequestcookie i represent the data that is mail to the exploiter agent.,[0 0 0 1 0 1],Class has 8 samples (Target 100)
rtverticalmultipledata represents a group of data points that are vertically located.,rtverticalmultipledata interpret A aggroup of datum points that Are vertically located.,[0 0 0 1 0 1],Class has 8 samples (Target 100)
an implicitannouncer is used by odesolver to announce step results implicitsolverannouncement .,an implicitannouncer Is practice by odesolver to announce step results implicitsolverannouncement .,[0 0 0 1 0 1],Class has 8 samples (Target 100)
compared to warequestcookie i represent the information that is sent to the user agent.,compared to warequestcookie i interpret the information that is sent to the exploiter agent.,[0 0 0 1 0 1],Class has 8 samples (Target 100)
i am a base class for some builders of roassal like,I am a base class for some builders of roassal like,[0 0 0 1 0 1],Class has 8 samples (Target 100)
compared to warequestcookie i represent the information that is sent to the user agent.,compared To warequestcookie I correspond the information that is sent to the exploiter agent.,[0 0 0 1 0 1],Class has 8 samples (Target 100)
abstract literal parser that parses some kind of literal type to be specified by subclasses .,abstract misprint parser that parses roughly variety of misprint type to be specified by subclasses .,[0 0 0 1 0 1],Class has 8 samples (Target 100)
abstract literal parser that parses some kind of literal type to be specified by subclasses .,pinch literal parser that parses some variety of Literal Type to be define by subclass .,[0 0 0 1 0 1],Class has 8 samples (Target 100)
i am the default subject of an example.,i am the default subject of An example.,[0 0 0 1 0 1],Class has 8 samples (Target 100)
rtverticalmultipledata represents a group of data points that are vertically located.,rtverticalmultipledata represents a group Of data Points that are vertically located.,[0 0 0 1 0 1],Class has 8 samples (Target 100)
compared to warequestcookie i represent the information that is sent to the user agent.,compared to warequestcookie i symbolise the information that is Sent To the exploiter agent.,[0 0 0 1 0 1],Class has 8 samples (Target 100)
abstract literal parser that parses some kind of literal type to be specified by subclasses .,abstract Literal parser that parses some kind of literal type to Be specified by subclasses .,[0 0 0 1 0 1],Class has 8 samples (Target 100)
compared to warequestcookie i represent the information that is sent to the user agent.,compared to warequestcookie i represent the Information That is sent to the user agent.,[0 0 0 1 0 1],Class has 8 samples (Target 100)
an implicitannouncer is used by odesolver to announce step results implicitsolverannouncement .,an implicitannouncer is habituate by odesolver to announce step results implicitsolverannouncement .,[0 0 0 1 0 1],Class has 8 samples (Target 100)
i am a visitor specialized in visiting books and testing their code.,I Am a visitor specialized In claver books and Testing Their code.,[0 0 0 1 0 1],Class has 8 samples (Target 100)
i am a visitor specialized in visiting books and testing their code.,i am a visitor specialized in visiting books and testing Their Code.,[0 0 0 1 0 1],Class has 8 samples (Target 100)
compared to warequestcookie i represent the information that is sent to the user agent.,compared to warequestcookie i represent the information that is transport to the user agent.,[0 0 0 1 0 1],Class has 8 samples (Target 100)
compared to warequestcookie i represent the information that is sent to the user agent.,compared to warequestcookie i Represent the information that is sent To The user agent.,[0 0 0 1 0 1],Class has 8 samples (Target 100)
i am a base class for some builders of roassal like,i am a base class for around builders of roassal Like,[0 0 0 1 0 1],Class has 8 samples (Target 100)
an implicitannouncer is used by odesolver to announce step results implicitsolverannouncement .,an implicitannouncer is used by odesolver to announce footstep results implicitsolverannouncement .,[0 0 0 1 0 1],Class has 8 samples (Target 100)
i am a visitor specialized in visiting books and testing their code.,i am a visitor Specialized in visiting books and testing their code.,[0 0 0 1 0 1],Class has 8 samples (Target 100)
abstract literal parser that parses some kind of literal type to be specified by subclasses .,synopsis Literal parser That parses Some kind of literal type to be Specified by subclasses .,[0 0 0 1 0 1],Class has 8 samples (Target 100)
the model method just returns the object whose fields we wish to populate with date.,the model method just returns the object whose fields we wish to dwell with Date.,[0 1 0 0 1 0],Class has 6 samples (Target 100)
the input represented by dots is called water and water can appear before and after the island.,The input Represented by disperse is foretell water and water can appear before and subsequently the island.,[0 1 0 0 1 0],Class has 6 samples (Target 100)
the input represented by dots is called water and water can appear before and after the island.,the input represented by dots is called water and piss can appear ahead and after the island.,[0 1 0 0 1 0],Class has 6 samples (Target 100)
the model method just returns the object whose fields we wish to populate with date.,the simulate method Just returns the object whose fields we wish to populate with date.,[0 1 0 0 1 0],Class has 6 samples (Target 100)
the symbol is used generate the accessor methods for the data in the model.,the symbol is expend generate the accessor methods for the Data In the model.,[0 1 0 0 1 0],Class has 6 samples (Target 100)
"p x, a island, y accepts following inputs","p x, a island, y accepts following input",[0 1 0 0 1 0],Class has 6 samples (Target 100)
the model method just returns the object whose fields we wish to populate with date.,The mould method just returns the object whose domain we wish to populate with date.,[0 1 0 0 1 0],Class has 6 samples (Target 100)
"p x, a island, y accepts following inputs","p x, a island, Y consent following inputs",[0 1 0 0 1 0],Class has 6 samples (Target 100)
the symbol is used generate the accessor methods for the data in the model.,The symbol is used generate the accessor methods for the data in the model.,[0 1 0 0 1 0],Class has 6 samples (Target 100)
the rows method returns a collections of symbols.,the rows method repay a collections of symbols.,[0 1 0 0 1 0],Class has 6 samples (Target 100)
"e @ rtlabeled new text value my value is , value asstring .","E @ rtlabeled new Text Value my value is , value asstring .",[0 1 0 0 1 0],Class has 6 samples (Target 100)
"p x, a island, y accepts following inputs","P x, a island, y accepts Following Inputs",[0 1 0 0 1 0],Class has 6 samples (Target 100)
the rows method returns a collections of symbols.,the rows method returns A Collections of symbols.,[0 1 0 0 1 0],Class has 6 samples (Target 100)
the model method just returns the object whose fields we wish to populate with date.,the model method Just returns the object whose orbit we wish to populate with date.,[0 1 0 0 1 0],Class has 6 samples (Target 100)
the rows method returns a collections of symbols.,the course method returns a accumulation of symbols.,[0 1 0 0 1 0],Class has 6 samples (Target 100)
"e @ rtlabeled new text value my value is , value asstring .","E @ rtlabeled new text value my Value is , esteem Asstring .",[0 1 0 0 1 0],Class has 6 samples (Target 100)
"e @ rtlabeled new text value my value is , value asstring .","e @ Rtlabeled new textbook value my valuate is , value asstring .",[0 1 0 0 1 0],Class has 6 samples (Target 100)
the symbol is used generate the accessor methods for the data in the model.,the symbolisation is use get The accessor Methods for the datum in the model.,[0 1 0 0 1 0],Class has 6 samples (Target 100)
the model method just returns the object whose fields we wish to populate with date.,the model method just returns the Object whose fields we wish To populate with date.,[0 1 0 0 1 0],Class has 6 samples (Target 100)
the symbol is used generate the accessor methods for the data in the model.,the symbolisation is used generate the accessor methods for the Data in the model.,[0 1 0 0 1 0],Class has 6 samples (Target 100)
the model method just returns the object whose fields we wish to populate with date.,the manikin method but returns the object Whose Fields we wish to populate with date.,[0 1 0 0 1 0],Class has 6 samples (Target 100)
the input represented by dots is called water and water can appear before and after the island.,the input present by point Is called water and Water can appear Before and after the island.,[0 1 0 0 1 0],Class has 6 samples (Target 100)
the symbol is used generate the accessor methods for the data in the model.,the symbolisation Is use generate The accessor methods for the Data in the model.,[0 1 0 0 1 0],Class has 6 samples (Target 100)
the symbol is used generate the accessor methods for the data in the model.,The symbol is utilize generate the accessor methods for The Data in The model.,[0 1 0 0 1 0],Class has 6 samples (Target 100)
"p x, a island, y accepts following inputs","p X, a island, y Accepts postdate inputs",[0 1 0 0 1 0],Class has 6 samples (Target 100)
the symbol is used generate the accessor methods for the data in the model.,The symbol is utilise generate the accessor method for the data in the model.,[0 1 0 0 1 0],Class has 6 samples (Target 100)
the input represented by dots is called water and water can appear before and after the island.,the stimulant exemplify by dots Is called Water and irrigate can appear before and after the island.,[0 1 0 0 1 0],Class has 6 samples (Target 100)
the input represented by dots is called water and water can appear before and after the island.,the comment Represented by dots Is phone irrigate and pee can Appear Before and after the island.,[0 1 0 0 1 0],Class has 6 samples (Target 100)
the symbol is used generate the accessor methods for the data in the model.,the symbol is Used Generate the accessor Methods for the data in the model.,[0 1 0 0 1 0],Class has 6 samples (Target 100)
the input represented by dots is called water and water can appear before and after the island.,the input represented by dots Is Called water And piddle can appear ahead and after the island.,[0 1 0 0 1 0],Class has 6 samples (Target 100)
the input represented by dots is called water and water can appear before and after the island.,the comment represented by dots is called piddle and piss can look Before and After the island.,[0 1 0 0 1 0],Class has 6 samples (Target 100)
"p x, a island, y accepts following inputs","p x, a island, y consent following stimulant",[0 1 0 0 1 0],Class has 6 samples (Target 100)
the symbol is used generate the accessor methods for the data in the model.,the symbol is used generate the accessor methods for the information in the model.,[0 1 0 0 1 0],Class has 6 samples (Target 100)
the model method just returns the object whose fields we wish to populate with date.,the model method hardly restoration The object whose fields we like to populate with date.,[0 1 0 0 1 0],Class has 6 samples (Target 100)
the input represented by dots is called water and water can appear before and after the island.,the input represented by Dots Is called water and Water can appear before And after the island.,[0 1 0 0 1 0],Class has 6 samples (Target 100)
the model method just returns the object whose fields we wish to populate with date.,the Model method Just returns the aim whose orbit we Wish to populate with date.,[0 1 0 0 1 0],Class has 6 samples (Target 100)
the symbol is used generate the accessor methods for the data in the model.,the symbol is practice generate the accessor Methods for The datum in the model.,[0 1 0 0 1 0],Class has 6 samples (Target 100)
the input represented by dots is called water and water can appear before and after the island.,the input represented by Dots is called water and Water can Appear before and after the island.,[0 1 0 0 1 0],Class has 6 samples (Target 100)
the input represented by dots is called water and water can appear before and after the island.,the input represented by dots is called water and water Can appear before and after the island.,[0 1 0 0 1 0],Class has 6 samples (Target 100)
the input represented by dots is called water and water can appear before and after the island.,the stimulus present by dots is called water and water can appear ahead and subsequently the island.,[0 1 0 0 1 0],Class has 6 samples (Target 100)
the rows method returns a collections of symbols.,the rows method recurrence a collections of symbols.,[0 1 0 0 1 0],Class has 6 samples (Target 100)
the rows method returns a collections of symbols.,the rows method returns a aggregation of symbols.,[0 1 0 0 1 0],Class has 6 samples (Target 100)
the model method just returns the object whose fields we wish to populate with date.,the model method Just returns the object whose arena we wishing to populate with date.,[0 1 0 0 1 0],Class has 6 samples (Target 100)
the rows method returns a collections of symbols.,the rows method returns a collections of Symbols.,[0 1 0 0 1 0],Class has 6 samples (Target 100)
the input represented by dots is called water and water can appear before and after the island.,the stimulation represented by point Is shout irrigate And pee can seem Before and later the island.,[0 1 0 0 1 0],Class has 6 samples (Target 100)
the symbol is used generate the accessor methods for the data in the model.,the symbol is used render the accessor methods for the data in The model.,[0 1 0 0 1 0],Class has 6 samples (Target 100)
"p x, a island, y accepts following inputs","p x, a island, Y Accepts adopt Inputs",[0 1 0 0 1 0],Class has 6 samples (Target 100)
the model method just returns the object whose fields we wish to populate with date.,the mannikin method just returns the object whose Fields we like to populate with date.,[0 1 0 0 1 0],Class has 6 samples (Target 100)
the symbol is used generate the accessor methods for the data in the model.,the symbol is used render the accessor methods for the information in the model.,[0 1 0 0 1 0],Class has 6 samples (Target 100)
"e @ rtlabeled new text value my value is , value asstring .","e @ rtlabeled new text value my Value is , value asstring .",[0 1 0 0 1 0],Class has 6 samples (Target 100)
"e @ rtlabeled new text value my value is , value asstring .","e @ rtlabeled new schoolbook value my measure is , value asstring .",[0 1 0 0 1 0],Class has 6 samples (Target 100)
"e @ rtlabeled new text value my value is , value asstring .","e @ rtlabeled new text evaluate my value is , value asstring .",[0 1 0 0 1 0],Class has 6 samples (Target 100)
"e @ rtlabeled new text value my value is , value asstring .","e @ rtlabeled new textbook value my value is , appraise asstring .",[0 1 0 0 1 0],Class has 6 samples (Target 100)
the rows method returns a collections of symbols.,the course Method Returns a collections of Symbols.,[0 1 0 0 1 0],Class has 6 samples (Target 100)
the symbol is used generate the accessor methods for the data in the model.,the symbolization Is used generate the accessor methods for the data in The model.,[0 1 0 0 1 0],Class has 6 samples (Target 100)
the input represented by dots is called water and water can appear before and after the island.,the input symbolize by dots is cry piss and water can appear ahead and after the island.,[0 1 0 0 1 0],Class has 6 samples (Target 100)
"e @ rtlabeled new text value my value is , value asstring .","E @ rtlabeled new text value my evaluate is , value asstring .",[0 1 0 0 1 0],Class has 6 samples (Target 100)
the input represented by dots is called water and water can appear before and after the island.,the input represented by superman is called water and urine can appear before and after the island.,[0 1 0 0 1 0],Class has 6 samples (Target 100)
the input represented by dots is called water and water can appear before and after the island.,the input represented by dots is Called water and water can look before and After the island.,[0 1 0 0 1 0],Class has 6 samples (Target 100)
the model method just returns the object whose fields we wish to populate with date.,the manikin method just riposte The objective whose fields we wish to populate with date.,[0 1 0 0 1 0],Class has 6 samples (Target 100)
the input represented by dots is called water and water can appear before and after the island.,the input represented by point is called Water And water can appear before and after the island.,[0 1 0 0 1 0],Class has 6 samples (Target 100)
the model method just returns the object whose fields we wish to populate with date.,the model method just regaining the object whose fields we wish to inhabit with date.,[0 1 0 0 1 0],Class has 6 samples (Target 100)
the input represented by dots is called water and water can appear before and after the island.,the Input typify by dust is forebode water and water can seem ahead and subsequently the island.,[0 1 0 0 1 0],Class has 6 samples (Target 100)
"e @ rtlabeled new text value my value is , value asstring .","e @ rtlabeled new text value my Value is , treasure asstring .",[0 1 0 0 1 0],Class has 6 samples (Target 100)
the model method just returns the object whose fields we wish to populate with date.,the model Method just Returns the object Whose Fields we wish to populate with date.,[0 1 0 0 1 0],Class has 6 samples (Target 100)
"e @ rtlabeled new text value my value is , value asstring .","e @ rtlabeled new text measure my value is , value asstring .",[0 1 0 0 1 0],Class has 6 samples (Target 100)
the model method just returns the object whose fields we wish to populate with date.,the pose method just revert the Object whose fields we wish to Populate with Date.,[0 1 0 0 1 0],Class has 6 samples (Target 100)
the rows method returns a collections of symbols.,the rows method rejoin a collections of symbols.,[0 1 0 0 1 0],Class has 6 samples (Target 100)
"e @ rtlabeled new text value my value is , value asstring .","e @ rtlabeled new text value my value Is , value asstring .",[0 1 0 0 1 0],Class has 6 samples (Target 100)
the model method just returns the object whose fields we wish to populate with date.,the model method exactly returns the object whose Fields we wish To populate with date.,[0 1 0 0 1 0],Class has 6 samples (Target 100)
"p x, a island, y accepts following inputs","p X, a Island, y accepts Following inputs",[0 1 0 0 1 0],Class has 6 samples (Target 100)
"p x, a island, y accepts following inputs","p x, a Island, Y accept following inputs",[0 1 0 0 1 0],Class has 6 samples (Target 100)
the input represented by dots is called water and water can appear before and after the island.,The stimulant represented By dots is foretell water and urine can appear earlier and after the island.,[0 1 0 0 1 0],Class has 6 samples (Target 100)
the symbol is used generate the accessor methods for the data in the model.,the symbol is used generate the accessor method for the datum in the model.,[0 1 0 0 1 0],Class has 6 samples (Target 100)
"e @ rtlabeled new text value my value is , value asstring .","E @ rtlabeled New text value my value is , value asstring .",[0 1 0 0 1 0],Class has 6 samples (Target 100)
the symbol is used generate the accessor methods for the data in the model.,The symbol is used generate the accessor methods for the information in the model.,[0 1 0 0 1 0],Class has 6 samples (Target 100)
the rows method returns a collections of symbols.,the words method returns a collections of symbols.,[0 1 0 0 1 0],Class has 6 samples (Target 100)
the model method just returns the object whose fields we wish to populate with date.,the Model method merely returns the Object whose theatre we wish to populate with date.,[0 1 0 0 1 0],Class has 6 samples (Target 100)
the input represented by dots is called water and water can appear before and after the island.,the comment Represented by dot is anticipate water and water can look ahead and after the island.,[0 1 0 0 1 0],Class has 6 samples (Target 100)
the model method just returns the object whose fields we wish to populate with date.,the mannequin method merely returns the object Whose fields we Wish To populate with date.,[0 1 0 0 1 0],Class has 6 samples (Target 100)
the model method just returns the object whose fields we wish to populate with date.,the Model method just give the object whose Fields we regard to populate with date.,[0 1 0 0 1 0],Class has 6 samples (Target 100)
the rows method returns a collections of symbols.,the Rows method returns a collections of symbols.,[0 1 0 0 1 0],Class has 6 samples (Target 100)
the input represented by dots is called water and water can appear before and after the island.,the input represented by Dots is called water and water can appear before And subsequently the island.,[0 1 0 0 1 0],Class has 6 samples (Target 100)
the input represented by dots is called water and water can appear before and after the island.,the input represented by dots is foretell pee and urine can appear before and after the island.,[0 1 0 0 1 0],Class has 6 samples (Target 100)
the rows method returns a collections of symbols.,The rows method returns A solicitation of Symbols.,[0 1 0 0 1 0],Class has 6 samples (Target 100)
"p x, a island, y accepts following inputs","p x, a island, y accepts following stimulation",[0 1 0 0 1 0],Class has 6 samples (Target 100)
the input represented by dots is called water and water can appear before and after the island.,the input represented By dose is called water and water can appear before and later the island.,[0 1 0 0 1 0],Class has 6 samples (Target 100)
"e @ rtlabeled new text value my value is , value asstring .","e @ rtlabeled new textbook value my value is , value asstring .",[0 1 0 0 1 0],Class has 6 samples (Target 100)
"e @ rtlabeled new text value my value is , value asstring .","e @ rtlabeled new text value my Value Is , value asstring .",[0 1 0 0 1 0],Class has 6 samples (Target 100)
the model method just returns the object whose fields we wish to populate with date.,The model Method just returns the object whose fields we wish to populate with date.,[0 1 0 0 1 0],Class has 6 samples (Target 100)
the model method just returns the object whose fields we wish to populate with date.,the model method just Returns the object whose champaign we wish to populate with date.,[0 1 0 0 1 0],Class has 6 samples (Target 100)
the input represented by dots is called water and water can appear before and after the island.,the stimulation Represented by scatter is ring Water and water can appear before and after the island.,[0 1 0 0 1 0],Class has 6 samples (Target 100)
"e @ rtlabeled new text value my value is , value asstring .","E @ rtlabeled new text value my value is , value asstring .",[0 1 0 0 1 0],Class has 6 samples (Target 100)
the model method just returns the object whose fields we wish to populate with date.,the model method just returns the aim whose bailiwick we wish to live with date.,[0 1 0 0 1 0],Class has 6 samples (Target 100)
i encode everything that is written to myself using #nextput and #nextputall onto the wrapped stream.,i encode everything that is written to myself using #nextput and #nextputall onto the Wrapped stream.,[0 0 1 0 1 0],Class has 5 samples (Target 100)
one can create it on a parser p by calling p island eg,one Can make it on a parser p by calling p Island eg,[0 0 1 0 1 0],Class has 5 samples (Target 100)
i do the hard job of visually updating selection by requesting segment holders to partially update themselves,I do the hard job of visually updating option by requesting segment holders to Partially Update themselves,[0 0 1 0 1 0],Class has 5 samples (Target 100)
i do the hard job of visually updating selection by requesting segment holders to partially update themselves,i do The hard job of visually updating selection by requesting segment holders to partially update themselves,[0 0 1 0 1 0],Class has 5 samples (Target 100)
i do the hard job of visually updating selection by requesting segment holders to partially update themselves,i do the tough job of visually Updating selection by requesting segment holder To partially update themselves,[0 0 1 0 1 0],Class has 5 samples (Target 100)
one can create it on a parser p by calling p island eg,one can make it On a parser P by calling p island eg,[0 0 1 0 1 0],Class has 5 samples (Target 100)
i encode everything that is written to myself using #nextput and #nextputall onto the wrapped stream.,i encode everything that is written to Myself Using #nextput and #nextputall onto the wrap stream.,[0 0 1 0 1 0],Class has 5 samples (Target 100)
i do the hard job of visually updating selection by requesting segment holders to partially update themselves,i do the hard job of visually update selection by requesting section bearer to part update themselves,[0 0 1 0 1 0],Class has 5 samples (Target 100)
i define an api of stroke options object.,i delimit an api of stroke pick object.,[0 0 1 0 1 0],Class has 5 samples (Target 100)
i define an api of stroke options object.,I define an api of stroking Options Object.,[0 0 1 0 1 0],Class has 5 samples (Target 100)
i define an api of stroke options object.,i specify an api of slash alternative object.,[0 0 1 0 1 0],Class has 5 samples (Target 100)
a ppisland allows for imprecise parsing.,a ppisland permit for imprecise parsing.,[0 0 1 0 1 0],Class has 5 samples (Target 100)
one can create it on a parser p by calling p island eg,one Can create it on a parser p by name p island eg,[0 0 1 0 1 0],Class has 5 samples (Target 100)
one can create it on a parser p by calling p island eg,one can create it on a parser p by holler p island eg,[0 0 1 0 1 0],Class has 5 samples (Target 100)
i encode everything that is written to myself using #nextput and #nextputall onto the wrapped stream.,i encode everything that is written to myself expend #nextput and #nextputall onto the wrapped stream.,[0 0 1 0 1 0],Class has 5 samples (Target 100)
i define an api of stroke options object.,i fix An api of stroke pick object.,[0 0 1 0 1 0],Class has 5 samples (Target 100)
one can create it on a parser p by calling p island eg,one Can create it On A parser P By predict p island eg,[0 0 1 0 1 0],Class has 5 samples (Target 100)
a ppisland allows for imprecise parsing.,a ppisland leave for imprecise parsing.,[0 0 1 0 1 0],Class has 5 samples (Target 100)
a ppisland allows for imprecise parsing.,A ppisland allows for imprecise parsing.,[0 0 1 0 1 0],Class has 5 samples (Target 100)
i define an api of stroke options object.,i define an api of Stroke options object.,[0 0 1 0 1 0],Class has 5 samples (Target 100)
one can create it on a parser p by calling p island eg,One can make it On a parser p By Calling p Island Eg,[0 0 1 0 1 0],Class has 5 samples (Target 100)
i encode everything that is written to myself using #nextput and #nextputall onto the wrapped stream.,i encode everything that Is written to myself utilise #nextput and #nextputall onto the roll stream.,[0 0 1 0 1 0],Class has 5 samples (Target 100)
i encode everything that is written to myself using #nextput and #nextputall onto the wrapped stream.,i encode everything that is compose to myself using #nextput And #nextputall onto the wrapped stream.,[0 0 1 0 1 0],Class has 5 samples (Target 100)
i do the hard job of visually updating selection by requesting segment holders to partially update themselves,i do the severely Job of visually update selection by requesting segment holders to partially update themselves,[0 0 1 0 1 0],Class has 5 samples (Target 100)
one can create it on a parser p by calling p island eg,one can make it on a parser p by calling p island eg,[0 0 1 0 1 0],Class has 5 samples (Target 100)
i define an api of stroke options object.,i define an api Of stroke options object.,[0 0 1 0 1 0],Class has 5 samples (Target 100)
i do the hard job of visually updating selection by requesting segment holders to partially update themselves,i do the hard job of visually updating selection by bespeak segment holders To partially Update themselves,[0 0 1 0 1 0],Class has 5 samples (Target 100)
i do the hard job of visually updating selection by requesting segment holders to partially update themselves,i do the hard job of visually update selection by Requesting segment holders to part update themselves,[0 0 1 0 1 0],Class has 5 samples (Target 100)
i do the hard job of visually updating selection by requesting segment holders to partially update themselves,i do the Hard job of visually updating selection By requesting segment holder to partially update themselves,[0 0 1 0 1 0],Class has 5 samples (Target 100)
i do the hard job of visually updating selection by requesting segment holders to partially update themselves,i do the hard job Of visually updating selection By Requesting segment bearer to part update themselves,[0 0 1 0 1 0],Class has 5 samples (Target 100)
i encode everything that is written to myself using #nextput and #nextputall onto the wrapped stream.,i encode everything that is written to Myself using #nextput and #nextputall onto the wrapped Stream.,[0 0 1 0 1 0],Class has 5 samples (Target 100)
one can create it on a parser p by calling p island eg,One can create it on a parser p by career p island eg,[0 0 1 0 1 0],Class has 5 samples (Target 100)
one can create it on a parser p by calling p island eg,one can produce it on a parser P by calling p island eg,[0 0 1 0 1 0],Class has 5 samples (Target 100)
one can create it on a parser p by calling p island eg,one can Create it On a parser p by calling p island eg,[0 0 1 0 1 0],Class has 5 samples (Target 100)
i encode everything that is written to myself using #nextput and #nextputall onto the wrapped stream.,i encode everything that is compose to Myself using #nextput and #nextputall onto The wrapped stream.,[0 0 1 0 1 0],Class has 5 samples (Target 100)
i do the hard job of visually updating selection by requesting segment holders to partially update themselves,i do the hard job of visually updating Selection by request segment holders to partially update themselves,[0 0 1 0 1 0],Class has 5 samples (Target 100)
i do the hard job of visually updating selection by requesting segment holders to partially update themselves,i do the hard job of visually updating option by requesting segment bearer To partially Update themselves,[0 0 1 0 1 0],Class has 5 samples (Target 100)
a ppisland allows for imprecise parsing.,a ppisland Allows for imprecise parsing.,[0 0 1 0 1 0],Class has 5 samples (Target 100)
i encode everything that is written to myself using #nextput and #nextputall onto the wrapped stream.,i Encode everything that is spell to myself using #nextput and #nextputall onto the wrapped stream.,[0 0 1 0 1 0],Class has 5 samples (Target 100)
one can create it on a parser p by calling p island eg,One can create It on a parser p by calling p island eg,[0 0 1 0 1 0],Class has 5 samples (Target 100)
a ppisland allows for imprecise parsing.,a ppisland allows for Imprecise parsing.,[0 0 1 0 1 0],Class has 5 samples (Target 100)
a ppisland allows for imprecise parsing.,a Ppisland allows for Imprecise parsing.,[0 0 1 0 1 0],Class has 5 samples (Target 100)
i define an api of stroke options object.,I define an api of stroke options object.,[0 0 1 0 1 0],Class has 5 samples (Target 100)
i do the hard job of visually updating selection by requesting segment holders to partially update themselves,i do the hard job of visually updating selection by requesting section holders to part update themselves,[0 0 1 0 1 0],Class has 5 samples (Target 100)
i define an api of stroke options object.,i fix an api of stroke options object.,[0 0 1 0 1 0],Class has 5 samples (Target 100)
one can create it on a parser p by calling p island eg,one can make it on a parser p by calling P island eg,[0 0 1 0 1 0],Class has 5 samples (Target 100)
i define an api of stroke options object.,i define an api of diagonal option object.,[0 0 1 0 1 0],Class has 5 samples (Target 100)
i encode everything that is written to myself using #nextput and #nextputall onto the wrapped stream.,i encode everything that is written to myself utilise #nextput and #nextputall Onto the wrapped stream.,[0 0 1 0 1 0],Class has 5 samples (Target 100)
i define an api of stroke options object.,i Define an api of Stroke options object.,[0 0 1 0 1 0],Class has 5 samples (Target 100)
i encode everything that is written to myself using #nextput and #nextputall onto the wrapped stream.,i encode everything That is written to myself using #nextput And #nextputall onto the Wrapped stream.,[0 0 1 0 1 0],Class has 5 samples (Target 100)
a ppisland allows for imprecise parsing.,a ppisland allow for imprecise parsing.,[0 0 1 0 1 0],Class has 5 samples (Target 100)
one can create it on a parser p by calling p island eg,One can produce it on a parser p by bid p island eg,[0 0 1 0 1 0],Class has 5 samples (Target 100)
one can create it on a parser p by calling p island eg,one can create It on a parser p by calling p island Eg,[0 0 1 0 1 0],Class has 5 samples (Target 100)
i do the hard job of visually updating selection by requesting segment holders to partially update themselves,i do the hard job of visually update Selection by requesting section bearer to part update themselves,[0 0 1 0 1 0],Class has 5 samples (Target 100)
i do the hard job of visually updating selection by requesting segment holders to partially update themselves,i do the hard job of visually updating selection by requesting segment Holders to partially update themselves,[0 0 1 0 1 0],Class has 5 samples (Target 100)
i do the hard job of visually updating selection by requesting segment holders to partially update themselves,i do the hard job of visually updating excerpt by requesting Segment holders to partially update Themselves,[0 0 1 0 1 0],Class has 5 samples (Target 100)
one can create it on a parser p by calling p island eg,one can produce it on a Parser p by calling p island Eg,[0 0 1 0 1 0],Class has 5 samples (Target 100)
i define an api of stroke options object.,i delimit an api of slash options object.,[0 0 1 0 1 0],Class has 5 samples (Target 100)
one can create it on a parser p by calling p island eg,one can create it on a parser P By anticipate p island Eg,[0 0 1 0 1 0],Class has 5 samples (Target 100)
i do the hard job of visually updating selection by requesting segment holders to partially update themselves,i do the intemperate job of visually update survival by requesting segment bearer to partially update themselves,[0 0 1 0 1 0],Class has 5 samples (Target 100)
i do the hard job of visually updating selection by requesting segment holders to partially update themselves,i do the hard job of visually updating excerption by Requesting segment bearer to part update Themselves,[0 0 1 0 1 0],Class has 5 samples (Target 100)
i define an api of stroke options object.,I set an api of stroke options object.,[0 0 1 0 1 0],Class has 5 samples (Target 100)
one can create it on a parser p by calling p island eg,one can create it on a parser p by calling P island eg,[0 0 1 0 1 0],Class has 5 samples (Target 100)
i do the hard job of visually updating selection by requesting segment holders to partially update themselves,i do the hard job Of visually updating selection by Requesting segment holder to partially update themselves,[0 0 1 0 1 0],Class has 5 samples (Target 100)
i encode everything that is written to myself using #nextput and #nextputall onto the wrapped stream.,i encode everything that is written To myself practice #nextput and #nextputall onto the enwrapped stream.,[0 0 1 0 1 0],Class has 5 samples (Target 100)
one can create it on a parser p by calling p island eg,One can create it on a parser p by address p island eg,[0 0 1 0 1 0],Class has 5 samples (Target 100)
one can create it on a parser p by calling p island eg,one can make it on a parser p by name p island eg,[0 0 1 0 1 0],Class has 5 samples (Target 100)
i define an api of stroke options object.,i set an api of stroke choice object.,[0 0 1 0 1 0],Class has 5 samples (Target 100)
a ppisland allows for imprecise parsing.,a Ppisland Allows for imprecise parsing.,[0 0 1 0 1 0],Class has 5 samples (Target 100)
one can create it on a parser p by calling p island eg,one can create it on a Parser p by calling p Island eg,[0 0 1 0 1 0],Class has 5 samples (Target 100)
i define an api of stroke options object.,i define an api of stroke options Object.,[0 0 1 0 1 0],Class has 5 samples (Target 100)
i encode everything that is written to myself using #nextput and #nextputall onto the wrapped stream.,i encode everything that Is written to Myself using #nextput and #nextputall onto the absorbed stream.,[0 0 1 0 1 0],Class has 5 samples (Target 100)
one can create it on a parser p by calling p island eg,one can create it on a parser p By calling p island eg,[0 0 1 0 1 0],Class has 5 samples (Target 100)
one can create it on a parser p by calling p island eg,one can produce it on a parser p by calling p island Eg,[0 0 1 0 1 0],Class has 5 samples (Target 100)
i define an api of stroke options object.,i delimit an api of stroke options object.,[0 0 1 0 1 0],Class has 5 samples (Target 100)
i define an api of stroke options object.,I define an api of virgule pick object.,[0 0 1 0 1 0],Class has 5 samples (Target 100)
i encode everything that is written to myself using #nextput and #nextputall onto the wrapped stream.,i Encode everything that Is written To myself using #nextput and #nextputall onto the wrapped stream.,[0 0 1 0 1 0],Class has 5 samples (Target 100)
i encode everything that is written to myself using #nextput and #nextputall onto the wrapped stream.,i encode everything that is written to myself using #nextput and #nextputall Onto the enwrap stream.,[0 0 1 0 1 0],Class has 5 samples (Target 100)
i define an api of stroke options object.,i Define an api of stroke options Object.,[0 0 1 0 1 0],Class has 5 samples (Target 100)
one can create it on a parser p by calling p island eg,one can produce it on a parser P by Calling p island eg,[0 0 1 0 1 0],Class has 5 samples (Target 100)
i encode everything that is written to myself using #nextput and #nextputall onto the wrapped stream.,I encode everything that is written to myself Using #nextput and #nextputall onto the wrapped stream.,[0 0 1 0 1 0],Class has 5 samples (Target 100)
i encode everything that is written to myself using #nextput and #nextputall onto the wrapped stream.,i encode everything that is pen to myself using #nextput and #nextputall onto the wrapped stream.,[0 0 1 0 1 0],Class has 5 samples (Target 100)
i do the hard job of visually updating selection by requesting segment holders to partially update themselves,i do the hard job of visually updating survival by requesting segment holders to Partially update themselves,[0 0 1 0 1 0],Class has 5 samples (Target 100)
one can create it on a parser p by calling p island eg,one can create it on a parser p by bid p island eg,[0 0 1 0 1 0],Class has 5 samples (Target 100)
i encode everything that is written to myself using #nextput and #nextputall onto the wrapped stream.,i encode Everything that Is scripted to myself using #nextput and #nextputall onto the wrapped stream.,[0 0 1 0 1 0],Class has 5 samples (Target 100)
i encode everything that is written to myself using #nextput and #nextputall onto the wrapped stream.,i encode Everything that is Written to myself using #nextput and #nextputall onto the wrapped stream.,[0 0 1 0 1 0],Class has 5 samples (Target 100)
one can create it on a parser p by calling p island eg,one Can make it on a parser p by calling p island eg,[0 0 1 0 1 0],Class has 5 samples (Target 100)
i do the hard job of visually updating selection by requesting segment holders to partially update themselves,i do the gruelling job of visually update pick By bespeak Segment bearer to partially update themselves,[0 0 1 0 1 0],Class has 5 samples (Target 100)
i define an api of stroke options object.,i Define an api of Stroke options Object.,[0 0 1 0 1 0],Class has 5 samples (Target 100)
i encode everything that is written to myself using #nextput and #nextputall onto the wrapped stream.,i Encode everything that is written to myself using #nextput and #nextputall onto the wrapped stream.,[0 0 1 0 1 0],Class has 5 samples (Target 100)
i do the hard job of visually updating selection by requesting segment holders to partially update themselves,i do The hard Job of visually Updating Selection by requesting segment holders to partially update themselves,[0 0 1 0 1 0],Class has 5 samples (Target 100)
one can create it on a parser p by calling p island eg,one can create it on a Parser p by yell P island eg,[0 0 1 0 1 0],Class has 5 samples (Target 100)
i define an api of stroke options object.,i determine an api of shot Options object.,[0 0 1 0 1 0],Class has 5 samples (Target 100)
i do the hard job of visually updating selection by requesting segment holders to partially update themselves,i do the hard job of visually update selection by Requesting segment holders to partly update themselves,[0 0 1 0 1 0],Class has 5 samples (Target 100)
one can create it on a parser p by calling p island eg,One Can make it on a parser P by calling P island eg,[0 0 1 0 1 0],Class has 5 samples (Target 100)
it imports all png files and creates class methods with the same name.,It imports all png files and produce class methods with the same name.,[0 1 1 0 0 0],Class has 3 samples (Target 100)
datalist together with the a new list attribute for input is used to make comboboxes,datalist unitedly with the a new list attribute for input is exploited to work Comboboxes,[0 1 1 0 0 0],Class has 3 samples (Target 100)
it imports all png files and creates class methods with the same name.,it Imports all png lodge and creates class methods with the same name.,[0 1 1 0 0 0],Class has 3 samples (Target 100)
waselection creates a selectable list.,Waselection creates a selectable list.,[0 1 1 0 0 0],Class has 3 samples (Target 100)
datalist together with the a new list attribute for input is used to make comboboxes,datalist together with the A new list attribute for input is used to make comboboxes,[0 1 1 0 0 0],Class has 3 samples (Target 100)
waselection creates a selectable list.,waselection Creates a selectable list.,[0 1 1 0 0 0],Class has 3 samples (Target 100)
it imports all png files and creates class methods with the same name.,it imports all png files and creates class methods with the Lapp name.,[0 1 1 0 0 0],Class has 3 samples (Target 100)
it imports all png files and creates class methods with the same name.,it imports all png files and Creates class Methods with the same name.,[0 1 1 0 0 0],Class has 3 samples (Target 100)
it imports all png files and creates class methods with the same name.,it signification all png files and creates class methods with the same name.,[0 1 1 0 0 0],Class has 3 samples (Target 100)
datalist together with the a new list attribute for input is used to make comboboxes,datalist together with the a new list attribute for input is Used to make comboboxes,[0 1 1 0 0 0],Class has 3 samples (Target 100)
datalist together with the a new list attribute for input is used to make comboboxes,datalist together with the a new listing assign for input is Used to piss comboboxes,[0 1 1 0 0 0],Class has 3 samples (Target 100)
it imports all png files and creates class methods with the same name.,it imports all png lodge and creates class methods with the same name.,[0 1 1 0 0 0],Class has 3 samples (Target 100)
datalist together with the a new list attribute for input is used to make comboboxes,datalist together With the a new list attribute for input is used to make comboboxes,[0 1 1 0 0 0],Class has 3 samples (Target 100)
waselection creates a selectable list.,Waselection create a selectable List.,[0 1 1 0 0 0],Class has 3 samples (Target 100)
datalist together with the a new list attribute for input is used to make comboboxes,datalist together with The a New list attribute for input is utilize to make comboboxes,[0 1 1 0 0 0],Class has 3 samples (Target 100)
it imports all png files and creates class methods with the same name.,it imports all png files and produce class methods with the like name.,[0 1 1 0 0 0],Class has 3 samples (Target 100)
it imports all png files and creates class methods with the same name.,it Imports all png files and creates class method with the same name.,[0 1 1 0 0 0],Class has 3 samples (Target 100)
datalist together with the a new list attribute for input is used to make comboboxes,datalist together with The a new list attribute for input Is used to Make comboboxes,[0 1 1 0 0 0],Class has 3 samples (Target 100)
datalist together with the a new list attribute for input is used to make comboboxes,datalist together With the a New list attribute for input is used to stool comboboxes,[0 1 1 0 0 0],Class has 3 samples (Target 100)
it imports all png files and creates class methods with the same name.,it imports All png Files and make class methods with the Sami name.,[0 1 1 0 0 0],Class has 3 samples (Target 100)
datalist together with the a new list attribute for input is used to make comboboxes,Datalist together with the a new list attribute for input is used to make comboboxes,[0 1 1 0 0 0],Class has 3 samples (Target 100)
datalist together with the a new list attribute for input is used to make comboboxes,datalist Together with the a new tilt dimension for stimulation is used to make comboboxes,[0 1 1 0 0 0],Class has 3 samples (Target 100)
waselection creates a selectable list.,waselection produce a selectable list.,[0 1 1 0 0 0],Class has 3 samples (Target 100)
datalist together with the a new list attribute for input is used to make comboboxes,datalist Together with the a new list Attribute for Input is victimized to make comboboxes,[0 1 1 0 0 0],Class has 3 samples (Target 100)
datalist together with the a new list attribute for input is used to make comboboxes,datalist together with The a new listing impute for stimulation Is expend to establish comboboxes,[0 1 1 0 0 0],Class has 3 samples (Target 100)
datalist together with the a new list attribute for input is used to make comboboxes,datalist unitedly with the a new tilt attribute for input is used to make comboboxes,[0 1 1 0 0 0],Class has 3 samples (Target 100)
waselection creates a selectable list.,Waselection Creates A selectable list.,[0 1 1 0 0 0],Class has 3 samples (Target 100)
datalist together with the a new list attribute for input is used to make comboboxes,Datalist unitedly with The a new list attribute for input is used to make comboboxes,[0 1 1 0 0 0],Class has 3 samples (Target 100)
datalist together with the a new list attribute for input is used to make comboboxes,datalist together with the a new heel dimension for input is used to make comboboxes,[0 1 1 0 0 0],Class has 3 samples (Target 100)
it imports all png files and creates class methods with the same name.,it imports all png charge and creates class method with the Lapp name.,[0 1 1 0 0 0],Class has 3 samples (Target 100)
it imports all png files and creates class methods with the same name.,It imports all png Files and creates class methods with the like name.,[0 1 1 0 0 0],Class has 3 samples (Target 100)
datalist together with the a new list attribute for input is used to make comboboxes,datalist together with The a new inclination attribute for input is used to make comboboxes,[0 1 1 0 0 0],Class has 3 samples (Target 100)
waselection creates a selectable list.,waselection creates a selectable List.,[0 1 1 0 0 0],Class has 3 samples (Target 100)
datalist together with the a new list attribute for input is used to make comboboxes,datalist Together with the a new list ascribe for input is habituate to urinate comboboxes,[0 1 1 0 0 0],Class has 3 samples (Target 100)
it imports all png files and creates class methods with the same name.,it imports all png files and make class methods with the same name.,[0 1 1 0 0 0],Class has 3 samples (Target 100)
datalist together with the a new list attribute for input is used to make comboboxes,datalist together with the a New listing attribute for input is utilize to construct comboboxes,[0 1 1 0 0 0],Class has 3 samples (Target 100)
datalist together with the a new list attribute for input is used to make comboboxes,datalist Together with the a new List attribute for input is Used to make comboboxes,[0 1 1 0 0 0],Class has 3 samples (Target 100)
datalist together with the a new list attribute for input is used to make comboboxes,datalist Together with the a new List attribute for Input is used to make comboboxes,[0 1 1 0 0 0],Class has 3 samples (Target 100)
waselection creates a selectable list.,waselection make a selectable list.,[0 1 1 0 0 0],Class has 3 samples (Target 100)
datalist together with the a new list attribute for input is used to make comboboxes,datalist together with the a new lean attribute for input is Used to make comboboxes,[0 1 1 0 0 0],Class has 3 samples (Target 100)
datalist together with the a new list attribute for input is used to make comboboxes,datalist Together with the a new list attribute for input is used to make Comboboxes,[0 1 1 0 0 0],Class has 3 samples (Target 100)
datalist together with the a new list attribute for input is used to make comboboxes,Datalist together with the a new name attribute for remark is use to make comboboxes,[0 1 1 0 0 0],Class has 3 samples (Target 100)
it imports all png files and creates class methods with the same name.,it Imports all png Files and produce class methods with the Same name.,[0 1 1 0 0 0],Class has 3 samples (Target 100)
datalist together with the a new list attribute for input is used to make comboboxes,Datalist unitedly with The a new list attribute for stimulus is used to clear comboboxes,[0 1 1 0 0 0],Class has 3 samples (Target 100)
it imports all png files and creates class methods with the same name.,it significance all png files and produce class method with the Same name.,[0 1 1 0 0 0],Class has 3 samples (Target 100)
datalist together with the a new list attribute for input is used to make comboboxes,datalist together with the a new list attribute for stimulant is used to stool comboboxes,[0 1 1 0 0 0],Class has 3 samples (Target 100)
it imports all png files and creates class methods with the same name.,it imports all png files and make class methods with the same Name.,[0 1 1 0 0 0],Class has 3 samples (Target 100)
it imports all png files and creates class methods with the same name.,it Imports all png files and creates class methods with the same Name.,[0 1 1 0 0 0],Class has 3 samples (Target 100)
datalist together with the a new list attribute for input is used to make comboboxes,datalist together with the a new inclination Attribute for remark is used to make comboboxes,[0 1 1 0 0 0],Class has 3 samples (Target 100)
datalist together with the a new list attribute for input is used to make comboboxes,datalist unitedly with The a new List attribute for input is used to make comboboxes,[0 1 1 0 0 0],Class has 3 samples (Target 100)
datalist together with the a new list attribute for input is used to make comboboxes,datalist together with the a new list attribute for stimulus is used to clear comboboxes,[0 1 1 0 0 0],Class has 3 samples (Target 100)
datalist together with the a new list attribute for input is used to make comboboxes,datalist together with the a new list Attribute for input is secondhand to make comboboxes,[0 1 1 0 0 0],Class has 3 samples (Target 100)
it imports all png files and creates class methods with the same name.,it imports all png files and creates class methods with The same name.,[0 1 1 0 0 0],Class has 3 samples (Target 100)
datalist together with the a new list attribute for input is used to make comboboxes,datalist together with the a New list attribute for remark is Used to take comboboxes,[0 1 1 0 0 0],Class has 3 samples (Target 100)
it imports all png files and creates class methods with the same name.,it Imports all png files and creates class methods with the same name.,[0 1 1 0 0 0],Class has 3 samples (Target 100)
datalist together with the a new list attribute for input is used to make comboboxes,datalist together with the a new heel attribute for stimulant is used to pee comboboxes,[0 1 1 0 0 0],Class has 3 samples (Target 100)
waselection creates a selectable list.,waselection create A selectable list.,[0 1 1 0 0 0],Class has 3 samples (Target 100)
datalist together with the a new list attribute for input is used to make comboboxes,datalist together with the a new name attribute for Input is used to make comboboxes,[0 1 1 0 0 0],Class has 3 samples (Target 100)
datalist together with the a new list attribute for input is used to make comboboxes,datalist together with the A new list property for Input is employ to earn comboboxes,[0 1 1 0 0 0],Class has 3 samples (Target 100)
it imports all png files and creates class methods with the same name.,it imports all png files and creates class methods with the Saami name.,[0 1 1 0 0 0],Class has 3 samples (Target 100)
it imports all png files and creates class methods with the same name.,it moment all png file and create class methods with the same name.,[0 1 1 0 0 0],Class has 3 samples (Target 100)
waselection creates a selectable list.,waselection creates A selectable list.,[0 1 1 0 0 0],Class has 3 samples (Target 100)
waselection creates a selectable list.,waselection Creates a selectable List.,[0 1 1 0 0 0],Class has 3 samples (Target 100)
waselection creates a selectable list.,Waselection Creates a selectable list.,[0 1 1 0 0 0],Class has 3 samples (Target 100)
datalist together with the a new list attribute for input is used to make comboboxes,datalist together with the a new inclination attribute for input is used To gain comboboxes,[0 1 1 0 0 0],Class has 3 samples (Target 100)
it imports all png files and creates class methods with the same name.,it imports all png files and make class method with the same name.,[0 1 1 0 0 0],Class has 3 samples (Target 100)
it imports all png files and creates class methods with the same name.,it Imports all png files and Creates class methods with the Same name.,[0 1 1 0 0 0],Class has 3 samples (Target 100)
datalist together with the a new list attribute for input is used to make comboboxes,datalist together With the a new List property for Input is used to hold comboboxes,[0 1 1 0 0 0],Class has 3 samples (Target 100)
it imports all png files and creates class methods with the same name.,it imports All png files and creates class method with the same name.,[0 1 1 0 0 0],Class has 3 samples (Target 100)
it imports all png files and creates class methods with the same name.,it imports all png charge and creates class methods with the same name.,[0 1 1 0 0 0],Class has 3 samples (Target 100)
datalist together with the a new list attribute for input is used to make comboboxes,datalist together with the a new listing attribute for input is used to reach comboboxes,[0 1 1 0 0 0],Class has 3 samples (Target 100)
datalist together with the a new list attribute for input is used to make comboboxes,datalist together with the a New list attribute for input is Used to piddle comboboxes,[0 1 1 0 0 0],Class has 3 samples (Target 100)
it imports all png files and creates class methods with the same name.,it imports all png files And creates class methods With the Lapp name.,[0 1 1 0 0 0],Class has 3 samples (Target 100)
waselection creates a selectable list.,waselection creates A Selectable list.,[0 1 1 0 0 0],Class has 3 samples (Target 100)
it imports all png files and creates class methods with the same name.,it Imports all png file and produce class method with the Saame name.,[0 1 1 0 0 0],Class has 3 samples (Target 100)
it imports all png files and creates class methods with the same name.,it importee all png files and Creates class method with the same name.,[0 1 1 0 0 0],Class has 3 samples (Target 100)
it imports all png files and creates class methods with the same name.,it imports all png files and creates class method with the Sami name.,[0 1 1 0 0 0],Class has 3 samples (Target 100)
it imports all png files and creates class methods with the same name.,it imports All png files and make class method With the same name.,[0 1 1 0 0 0],Class has 3 samples (Target 100)
it imports all png files and creates class methods with the same name.,It imports all png files and creates class methods With the same name.,[0 1 1 0 0 0],Class has 3 samples (Target 100)
datalist together with the a new list attribute for input is used to make comboboxes,datalist together with the a new List attribute for input is used to make comboboxes,[0 1 1 0 0 0],Class has 3 samples (Target 100)
waselection creates a selectable list.,waselection create a selectable list.,[0 1 1 0 0 0],Class has 3 samples (Target 100)
datalist together with the a new list attribute for input is used to make comboboxes,datalist Together with the a new leaning attribute for stimulus is used To Make comboboxes,[0 1 1 0 0 0],Class has 3 samples (Target 100)
datalist together with the a new list attribute for input is used to make comboboxes,datalist together with the a new list attribute for input is used To piss comboboxes,[0 1 1 0 0 0],Class has 3 samples (Target 100)
it imports all png files and creates class methods with the same name.,it implication all Png lodge and create class methods with the same name.,[0 1 1 0 0 0],Class has 3 samples (Target 100)
datalist together with the a new list attribute for input is used to make comboboxes,datalist unitedly with the a new leaning attribute for input is used to Make comboboxes,[0 1 1 0 0 0],Class has 3 samples (Target 100)
it imports all png files and creates class methods with the same name.,it import all png files and create class methods With the Same name.,[0 1 1 0 0 0],Class has 3 samples (Target 100)
it imports all png files and creates class methods with the same name.,it imports all png Files and Creates class methods with the same name.,[0 1 1 0 0 0],Class has 3 samples (Target 100)
datalist together with the a new list attribute for input is used to make comboboxes,datalist unitedly With the a new lean attribute for input is used to induce comboboxes,[0 1 1 0 0 0],Class has 3 samples (Target 100)
datalist together with the a new list attribute for input is used to make comboboxes,datalist together with the a new heel dimension for input is used To make comboboxes,[0 1 1 0 0 0],Class has 3 samples (Target 100)
it imports all png files and creates class methods with the same name.,it implication all Png files and create class method with the Lapplander Name.,[0 1 1 0 0 0],Class has 3 samples (Target 100)
waselection creates a selectable list.,Waselection create a Selectable list.,[0 1 1 0 0 0],Class has 3 samples (Target 100)
it imports all png files and creates class methods with the same name.,it imports all png Files and creates class methods with the same name.,[0 1 1 0 0 0],Class has 3 samples (Target 100)
it imports all png files and creates class methods with the same name.,it imports all png files and creates class methods with the Saame name.,[0 1 1 0 0 0],Class has 3 samples (Target 100)
datalist together with the a new list attribute for input is used to make comboboxes,datalist Together with the a new List ascribe for input is used to earn comboboxes,[0 1 1 0 0 0],Class has 3 samples (Target 100)
datalist together with the a new list attribute for input is used to make comboboxes,datalist together with the a new list assign for stimulus is use to Make comboboxes,[0 1 1 0 0 0],Class has 3 samples (Target 100)
it imports all png files and creates class methods with the same name.,it implication all png files and creates class methods with the same name.,[0 1 1 0 0 0],Class has 3 samples (Target 100)
it imports all png files and creates class methods with the same name.,It imports all png register and Creates class methods with the same name.,[0 1 1 0 0 0],Class has 3 samples (Target 100)
i am the installer of shared libraries along side image or vm.,i am the installer of shared libraries along incline image Or vm.,[0 1 0 1 0 0],Class has 3 samples (Target 100)
https github^com syrel sparta raw master images spartacanvas 02 triangle path^png label trianglepath,https github^com syrel sparta raw master images spartacanvas 02 triangle Path^png label trianglepath,[0 1 0 1 0 0],Class has 3 samples (Target 100)
canvas spartacanvas extent 400@250.,canvas Spartacanvas extent 400@250.,[0 1 0 1 0 0],Class has 3 samples (Target 100)
i am the installer of shared libraries along side image or vm.,i am the installer of shared libraries along incline image or Vm.,[0 1 0 1 0 0],Class has 3 samples (Target 100)
canvas spartacanvas extent 400@250.,analyze spartacanvas extent 400@250.,[0 1 0 1 0 0],Class has 3 samples (Target 100)
i am the installer of shared libraries along side image or vm.,i am The installer of apportion library along Side image or Vm.,[0 1 0 1 0 0],Class has 3 samples (Target 100)
https github^com syrel sparta raw master images spartacanvas 02 triangle path^png label trianglepath,Https github^com syrel sparta raw headmaster images spartacanvas 02 trilateral path^png label trianglepath,[0 1 0 1 0 0],Class has 3 samples (Target 100)
https github^com syrel sparta raw master images spartacanvas 02 triangle path^png label trianglepath,https github^com syrel sparta raw maestro images spartacanvas 02 triangle path^png label trianglepath,[0 1 0 1 0 0],Class has 3 samples (Target 100)
https github^com syrel sparta raw master images spartacanvas 02 triangle path^png label trianglepath,Https github^com syrel sparta raw master trope spartacanvas 02 Triangle path^png tag trianglepath,[0 1 0 1 0 0],Class has 3 samples (Target 100)
canvas spartacanvas extent 400@250.,poll spartacanvas extent 400@250.,[0 1 0 1 0 0],Class has 3 samples (Target 100)
https github^com syrel sparta raw master images spartacanvas 02 triangle path^png label trianglepath,https github^com syrel sparta raw master images spartacanvas 02 trilateral path^png label Trianglepath,[0 1 0 1 0 0],Class has 3 samples (Target 100)
i am the installer of shared libraries along side image or vm.,i am the Installer of divided libraries Along side image or vm.,[0 1 0 1 0 0],Class has 3 samples (Target 100)
i am the installer of shared libraries along side image or vm.,i am the installer of apportion library Along side image or vm.,[0 1 0 1 0 0],Class has 3 samples (Target 100)
i am the installer of shared libraries along side image or vm.,i am the installer of partake libraries along face image or vm.,[0 1 0 1 0 0],Class has 3 samples (Target 100)
https github^com syrel sparta raw master images spartacanvas 02 triangle path^png label trianglepath,HTTP github^com syrel sparta raw skipper images spartacanvas 02 Triangulum path^png label trianglepath,[0 1 0 1 0 0],Class has 3 samples (Target 100)
https github^com syrel sparta raw master images spartacanvas 02 triangle path^png label trianglepath,HTTP github^com syrel sparta raw master images spartacanvas 02 triangle path^png label trianglepath,[0 1 0 1 0 0],Class has 3 samples (Target 100)
canvas spartacanvas extent 400@250.,Canvas spartacanvas extent 400@250.,[0 1 0 1 0 0],Class has 3 samples (Target 100)
https github^com syrel sparta raw master images spartacanvas 02 triangle path^png label trianglepath,HTTP github^com syrel sparta Raw master images spartacanvas 02 trigon path^png label trianglepath,[0 1 0 1 0 0],Class has 3 samples (Target 100)
https github^com syrel sparta raw master images spartacanvas 02 triangle path^png label trianglepath,https github^com syrel sparta raw principal figure spartacanvas 02 triangle path^png judge trianglepath,[0 1 0 1 0 0],Class has 3 samples (Target 100)
https github^com syrel sparta raw master images spartacanvas 02 triangle path^png label trianglepath,https Github^com syrel sparta raw master trope spartacanvas 02 trigon path^png label trianglepath,[0 1 0 1 0 0],Class has 3 samples (Target 100)
https github^com syrel sparta raw master images spartacanvas 02 triangle path^png label trianglepath,https github^com Syrel sparta Raw overlord images spartacanvas 02 triangle path^png label trianglepath,[0 1 0 1 0 0],Class has 3 samples (Target 100)
https github^com syrel sparta raw master images spartacanvas 02 triangle path^png label trianglepath,https github^com syrel sparta raw master trope spartacanvas 02 Triangle path^png Label trianglepath,[0 1 0 1 0 0],Class has 3 samples (Target 100)
https github^com syrel sparta raw master images spartacanvas 02 triangle path^png label trianglepath,HTTP github^com syrel sparta raw master images Spartacanvas 02 triangle path^png label trianglepath,[0 1 0 1 0 0],Class has 3 samples (Target 100)
i am the installer of shared libraries along side image or vm.,i Am the installer of shared library on side image or vm.,[0 1 0 1 0 0],Class has 3 samples (Target 100)
https github^com syrel sparta raw master images spartacanvas 02 triangle path^png label trianglepath,HTTP github^com syrel sparta Raw master images spartacanvas 02 Triangulum path^png mark trianglepath,[0 1 0 1 0 0],Class has 3 samples (Target 100)
https github^com syrel sparta raw master images spartacanvas 02 triangle path^png label trianglepath,https Github^com Syrel sparta Raw master images spartacanvas 02 trigon path^png pronounce trianglepath,[0 1 0 1 0 0],Class has 3 samples (Target 100)
i am the installer of shared libraries along side image or vm.,i am the installer Of Shared library on side image or vm.,[0 1 0 1 0 0],Class has 3 samples (Target 100)
i am the installer of shared libraries along side image or vm.,I am the Installer of shared Libraries along slope image or vm.,[0 1 0 1 0 0],Class has 3 samples (Target 100)
i am the installer of shared libraries along side image or vm.,i am the installer of partake libraries along side Image or vm.,[0 1 0 1 0 0],Class has 3 samples (Target 100)
https github^com syrel sparta raw master images spartacanvas 02 triangle path^png label trianglepath,https github^com syrel Sparta raw master images spartacanvas 02 triangle path^png judge trianglepath,[0 1 0 1 0 0],Class has 3 samples (Target 100)
i am the installer of shared libraries along side image or vm.,i am the installer of Shared libraries on slope visualise or vm.,[0 1 0 1 0 0],Class has 3 samples (Target 100)
canvas spartacanvas extent 400@250.,study spartacanvas extent 400@250.,[0 1 0 1 0 0],Class has 3 samples (Target 100)
https github^com syrel sparta raw master images spartacanvas 02 triangle path^png label trianglepath,Https github^com syrel sparta raw control images spartacanvas 02 triangle path^png label trianglepath,[0 1 0 1 0 0],Class has 3 samples (Target 100)
canvas spartacanvas extent 400@250.,canvass spartacanvas extent 400@250.,[0 1 0 1 0 0],Class has 3 samples (Target 100)
https github^com syrel sparta raw master images spartacanvas 02 triangle path^png label trianglepath,HTTP github^com Syrel sparta raw chief prototype spartacanvas 02 triangle Path^png mark trianglepath,[0 1 0 1 0 0],Class has 3 samples (Target 100)
i am the installer of shared libraries along side image or vm.,i am the installer of shared libraries Along English image or vm.,[0 1 0 1 0 0],Class has 3 samples (Target 100)
https github^com syrel sparta raw master images spartacanvas 02 triangle path^png label trianglepath,https github^com syrel sparta raw master paradigm spartacanvas 02 triangle path^png tag trianglepath,[0 1 0 1 0 0],Class has 3 samples (Target 100)
https github^com syrel sparta raw master images spartacanvas 02 triangle path^png label trianglepath,https github^com syrel sparta raw dominate images spartacanvas 02 triangle path^png Label trianglepath,[0 1 0 1 0 0],Class has 3 samples (Target 100)
i am the installer of shared libraries along side image or vm.,i am the installer of shared libraries on side image or vm.,[0 1 0 1 0 0],Class has 3 samples (Target 100)
https github^com syrel sparta raw master images spartacanvas 02 triangle path^png label trianglepath,HTTP github^com syrel sparta raw headmaster Images spartacanvas 02 triangle path^png judge trianglepath,[0 1 0 1 0 0],Class has 3 samples (Target 100)
i am the installer of shared libraries along side image or vm.,i am the installer of shared libraries along side project or vm.,[0 1 0 1 0 0],Class has 3 samples (Target 100)
i am the installer of shared libraries along side image or vm.,i am the installer of shared library on side image or vm.,[0 1 0 1 0 0],Class has 3 samples (Target 100)
https github^com syrel sparta raw master images spartacanvas 02 triangle path^png label trianglepath,https github^com syrel sparta raw headmaster images spartacanvas 02 triangle Path^png label trianglepath,[0 1 0 1 0 0],Class has 3 samples (Target 100)
i am the installer of shared libraries along side image or vm.,i am the Installer of shared libraries along side image or vm.,[0 1 0 1 0 0],Class has 3 samples (Target 100)
https github^com syrel sparta raw master images spartacanvas 02 triangle path^png label trianglepath,https github^com syrel sparta Raw master persona Spartacanvas 02 trigon path^png label trianglepath,[0 1 0 1 0 0],Class has 3 samples (Target 100)
https github^com syrel sparta raw master images spartacanvas 02 triangle path^png label trianglepath,https Github^com syrel sparta raw Master images spartacanvas 02 Triangle Path^png label trianglepath,[0 1 0 1 0 0],Class has 3 samples (Target 100)
https github^com syrel sparta raw master images spartacanvas 02 triangle path^png label trianglepath,https github^com Syrel sparta raw captain images spartacanvas 02 triangle path^png label trianglepath,[0 1 0 1 0 0],Class has 3 samples (Target 100)
canvas spartacanvas extent 400@250.,canvas spartacanvas Extent 400@250.,[0 1 0 1 0 0],Class has 3 samples (Target 100)
https github^com syrel sparta raw master images spartacanvas 02 triangle path^png label trianglepath,Https Github^com syrel sparta raw master images spartacanvas 02 triangle Path^png pronounce Trianglepath,[0 1 0 1 0 0],Class has 3 samples (Target 100)
canvas spartacanvas extent 400@250.,analyse spartacanvas extent 400@250.,[0 1 0 1 0 0],Class has 3 samples (Target 100)
https github^com syrel sparta raw master images spartacanvas 02 triangle path^png label trianglepath,https github^com syrel sparta raw master see Spartacanvas 02 triangle path^png label trianglepath,[0 1 0 1 0 0],Class has 3 samples (Target 100)
i am the installer of shared libraries along side image or vm.,i am the installer of shared libraries Along side Image or Vm.,[0 1 0 1 0 0],Class has 3 samples (Target 100)
i am the installer of shared libraries along side image or vm.,i am the installer of shared library along side image Or vm.,[0 1 0 1 0 0],Class has 3 samples (Target 100)
canvas spartacanvas extent 400@250.,sheet spartacanvas extent 400@250.,[0 1 0 1 0 0],Class has 3 samples (Target 100)
i am the installer of shared libraries along side image or vm.,i am the installer of shared library along side image or vm.,[0 1 0 1 0 0],Class has 3 samples (Target 100)
https github^com syrel sparta raw master images spartacanvas 02 triangle path^png label trianglepath,HTTP Github^com syrel sparta raw master images spartacanvas 02 triangle path^png label trianglepath,[0 1 0 1 0 0],Class has 3 samples (Target 100)
https github^com syrel sparta raw master images spartacanvas 02 triangle path^png label trianglepath,https github^com Syrel sparta raw master paradigm spartacanvas 02 triangle path^png Label trianglepath,[0 1 0 1 0 0],Class has 3 samples (Target 100)
i am the installer of shared libraries along side image or vm.,I am the installer of shared libraries along side image or vm.,[0 1 0 1 0 0],Class has 3 samples (Target 100)
i am the installer of shared libraries along side image or vm.,i Am the installer Of share libraries along side prototype Or vm.,[0 1 0 1 0 0],Class has 3 samples (Target 100)
i am the installer of shared libraries along side image or vm.,i am the installer of shared libraries along side simulacrum or vm.,[0 1 0 1 0 0],Class has 3 samples (Target 100)
https github^com syrel sparta raw master images spartacanvas 02 triangle path^png label trianglepath,https github^com syrel sparta raw master icon spartacanvas 02 triangle path^png label trianglepath,[0 1 0 1 0 0],Class has 3 samples (Target 100)
i am the installer of shared libraries along side image or vm.,i am the installer of shared libraries on side trope or vm.,[0 1 0 1 0 0],Class has 3 samples (Target 100)
https github^com syrel sparta raw master images spartacanvas 02 triangle path^png label trianglepath,https github^com syrel sparta raw captain images spartacanvas 02 triangle path^png label trianglepath,[0 1 0 1 0 0],Class has 3 samples (Target 100)
https github^com syrel sparta raw master images spartacanvas 02 triangle path^png label trianglepath,Https github^com syrel sparta raw master Images spartacanvas 02 triangle path^png pronounce trianglepath,[0 1 0 1 0 0],Class has 3 samples (Target 100)
https github^com syrel sparta raw master images spartacanvas 02 triangle path^png label trianglepath,Https github^com syrel sparta raw original images spartacanvas 02 triangle Path^png label trianglepath,[0 1 0 1 0 0],Class has 3 samples (Target 100)
https github^com syrel sparta raw master images spartacanvas 02 triangle path^png label trianglepath,https github^com syrel Sparta raw master images spartacanvas 02 triangle path^png label Trianglepath,[0 1 0 1 0 0],Class has 3 samples (Target 100)
i am the installer of shared libraries along side image or vm.,i am The installer of shared libraries along position image or vm.,[0 1 0 1 0 0],Class has 3 samples (Target 100)
i am the installer of shared libraries along side image or vm.,i am The installer of shared library on side image or vm.,[0 1 0 1 0 0],Class has 3 samples (Target 100)
i am the installer of shared libraries along side image or vm.,i am the installer of share library along side image or vm.,[0 1 0 1 0 0],Class has 3 samples (Target 100)
i am the installer of shared libraries along side image or vm.,i am the installer of Shared libraries along slope image Or vm.,[0 1 0 1 0 0],Class has 3 samples (Target 100)
https github^com syrel sparta raw master images spartacanvas 02 triangle path^png label trianglepath,HTTP Github^com syrel sparta raw subdue images spartacanvas 02 triangle path^png mark trianglepath,[0 1 0 1 0 0],Class has 3 samples (Target 100)
https github^com syrel sparta raw master images spartacanvas 02 triangle path^png label trianglepath,HTTP github^com syrel sparta raw master trope Spartacanvas 02 trigon path^png label trianglepath,[0 1 0 1 0 0],Class has 3 samples (Target 100)
https github^com syrel sparta raw master images spartacanvas 02 triangle path^png label trianglepath,HTTP github^com syrel Sparta raw professional Images spartacanvas 02 trigon path^png label trianglepath,[0 1 0 1 0 0],Class has 3 samples (Target 100)
i am the installer of shared libraries along side image or vm.,I am the installer of shared library on side image or vm.,[0 1 0 1 0 0],Class has 3 samples (Target 100)
https github^com syrel sparta raw master images spartacanvas 02 triangle path^png label trianglepath,https github^com syrel sparta Raw captain images spartacanvas 02 trilateral path^png label trianglepath,[0 1 0 1 0 0],Class has 3 samples (Target 100)
https github^com syrel sparta raw master images spartacanvas 02 triangle path^png label trianglepath,https github^com syrel sparta raw master images Spartacanvas 02 trilateral path^png tag trianglepath,[0 1 0 1 0 0],Class has 3 samples (Target 100)
https github^com syrel sparta raw master images spartacanvas 02 triangle path^png label trianglepath,https github^com syrel sparta raw surmount paradigm spartacanvas 02 Triangulum path^png mark trianglepath,[0 1 0 1 0 0],Class has 3 samples (Target 100)
i am the installer of shared libraries along side image or vm.,I am the installer of shared library Along side image or vm.,[0 1 0 1 0 0],Class has 3 samples (Target 100)
i am the installer of shared libraries along side image or vm.,I am the installer of divided libraries on side epitome or Vm.,[0 1 0 1 0 0],Class has 3 samples (Target 100)
https github^com syrel sparta raw master images spartacanvas 02 triangle path^png label trianglepath,https Github^com syrel sparta raw master images spartacanvas 02 triangle path^png label trianglepath,[0 1 0 1 0 0],Class has 3 samples (Target 100)
i am the installer of shared libraries along side image or vm.,I am the installer of deal libraries along side image Or vm.,[0 1 0 1 0 0],Class has 3 samples (Target 100)
i am the installer of shared libraries along side image or vm.,i am the installer of share library along side project Or vm.,[0 1 0 1 0 0],Class has 3 samples (Target 100)
i am the installer of shared libraries along side image or vm.,i am the installer of share Libraries on side image or Vm.,[0 1 0 1 0 0],Class has 3 samples (Target 100)
https github^com syrel sparta raw master images spartacanvas 02 triangle path^png label trianglepath,HTTP github^com Syrel sparta Raw master paradigm spartacanvas 02 triangle path^png label trianglepath,[0 1 0 1 0 0],Class has 3 samples (Target 100)
https github^com syrel sparta raw master images spartacanvas 02 triangle path^png label trianglepath,https github^com syrel sparta raw Master project spartacanvas 02 Triangulum path^png Label trianglepath,[0 1 0 1 0 0],Class has 3 samples (Target 100)
i am the installer of shared libraries along side image or vm.,i am the installer of shared libraries along side fancy or Vm.,[0 1 0 1 0 0],Class has 3 samples (Target 100)
https github^com syrel sparta raw master images spartacanvas 02 triangle path^png label trianglepath,HTTP github^com syrel sparta raw master images Spartacanvas 02 triangle path^png judge trianglepath,[0 1 0 1 0 0],Class has 3 samples (Target 100)
https github^com syrel sparta raw master images spartacanvas 02 triangle path^png label trianglepath,https Github^com syrel Sparta Raw master see spartacanvas 02 triangle path^png label trianglepath,[0 1 0 1 0 0],Class has 3 samples (Target 100)
i am the installer of shared libraries along side image or vm.,i am the installer of shared libraries on side see or vm.,[0 1 0 1 0 0],Class has 3 samples (Target 100)
https github^com syrel sparta raw master images spartacanvas 02 triangle path^png label trianglepath,https github^com syrel sparta raw passkey images spartacanvas 02 trilateral path^png label trianglepath,[0 1 0 1 0 0],Class has 3 samples (Target 100)
https github^com syrel sparta raw master images spartacanvas 02 triangle path^png label trianglepath,https github^com syrel sparta raw lord images spartacanvas 02 triangle Path^png label trianglepath,[0 1 0 1 0 0],Class has 3 samples (Target 100)
i am the installer of shared libraries along side image or vm.,i am The Installer of deal libraries along side range or vm.,[0 1 0 1 0 0],Class has 3 samples (Target 100)
https github^com syrel sparta raw master images spartacanvas 02 triangle path^png label trianglepath,https github^com syrel sparta raw original images spartacanvas 02 triangle path^png judge trianglepath,[0 1 0 1 0 0],Class has 3 samples (Target 100)
i am the installer of shared libraries along side image or vm.,i am the Installer of Shared library along side image or vm.,[0 1 0 1 0 0],Class has 3 samples (Target 100)
https github^com syrel sparta raw master images spartacanvas 02 triangle path^png label trianglepath,https github^com syrel Sparta raw Master images spartacanvas 02 triangle path^png mark trianglepath,[0 1 0 1 0 0],Class has 3 samples (Target 100)
i am the installer of shared libraries along side image or vm.,i am the installer of Shared library along side image or vm.,[0 1 0 1 0 0],Class has 3 samples (Target 100)
https github^com syrel sparta raw master images spartacanvas 02 triangle path^png label trianglepath,HTTP github^com syrel sparta raw master images spartacanvas 02 triangle Path^png label trianglepath,[0 1 0 1 0 0],Class has 3 samples (Target 100)
at system startup the imageboottime is re set automatically.,at organisation startup the imageboottime is re Set automatically.,[0 0 1 0 1 1],Class has 3 samples (Target 100)
access the duration how long ago the image booted as follows,accession the duration How foresightful ago the image boot as follows,[0 0 1 0 1 1],Class has 3 samples (Target 100)
at system startup the imageboottime is re set automatically.,At system startup the imageboottime is re Set automatically.,[0 0 1 0 1 1],Class has 3 samples (Target 100)
access the duration how long ago the image booted as follows,Access the duration how long ago The image booted as espouse,[0 0 1 0 1 1],Class has 3 samples (Target 100)
access the timestamp when the image booted as follows,access the timestamp when the effigy booted As comply,[0 0 1 0 1 1],Class has 3 samples (Target 100)
access the duration how long ago the image booted as follows,access the Duration how long ago the image Booted as follows,[0 0 1 0 1 1],Class has 3 samples (Target 100)
at system startup the imageboottime is re set automatically.,at arrangement startup the imageboottime is re Set automatically.,[0 0 1 0 1 1],Class has 3 samples (Target 100)
access the timestamp when the image booted as follows,entree the timestamp When the image boot as follows,[0 0 1 0 1 1],Class has 3 samples (Target 100)
at system startup the imageboottime is re set automatically.,at organization Startup the imageboottime is Re set Automatically.,[0 0 1 0 1 1],Class has 3 samples (Target 100)
access the timestamp when the image booted as follows,access the timestamp when the image Booted as follows,[0 0 1 0 1 1],Class has 3 samples (Target 100)
access the timestamp when the image booted as follows,access The timestamp when the image booted as follows,[0 0 1 0 1 1],Class has 3 samples (Target 100)
at system startup the imageboottime is re set automatically.,at system inauguration The imageboottime is re set Automatically.,[0 0 1 0 1 1],Class has 3 samples (Target 100)
at system startup the imageboottime is re set automatically.,at organisation inauguration the imageboottime is re set automatically.,[0 0 1 0 1 1],Class has 3 samples (Target 100)
access the duration how long ago the image booted as follows,access the duration How long ago the image booted as follows,[0 0 1 0 1 1],Class has 3 samples (Target 100)
access the timestamp when the image booted as follows,access The timestamp when the simulacrum booted as follows,[0 0 1 0 1 1],Class has 3 samples (Target 100)
access the timestamp when the image booted as follows,approach The timestamp when the image Booted as follows,[0 0 1 0 1 1],Class has 3 samples (Target 100)
at system startup the imageboottime is re set automatically.,at system startup the imageboottime is re Set automatically.,[0 0 1 0 1 1],Class has 3 samples (Target 100)
access the duration how long ago the image booted as follows,approach the duration how long ago the project booted as follows,[0 0 1 0 1 1],Class has 3 samples (Target 100)
access the timestamp when the image booted as follows,approach The timestamp when the figure booted as surveil,[0 0 1 0 1 1],Class has 3 samples (Target 100)
access the timestamp when the image booted as follows,access the timestamp when the epitome boot as follows,[0 0 1 0 1 1],Class has 3 samples (Target 100)
access the timestamp when the image booted as follows,Access the timestamp when the prototype booted as follows,[0 0 1 0 1 1],Class has 3 samples (Target 100)
access the duration how long ago the image booted as follows,admission the duration how long ago the image booted as follows,[0 0 1 0 1 1],Class has 3 samples (Target 100)
at system startup the imageboottime is re set automatically.,at organization startup the imageboottime is re set automatically.,[0 0 1 0 1 1],Class has 3 samples (Target 100)
access the timestamp when the image booted as follows,access the timestamp when the picture booted as Follows,[0 0 1 0 1 1],Class has 3 samples (Target 100)
at system startup the imageboottime is re set automatically.,at System startup The imageboottime is re set automatically.,[0 0 1 0 1 1],Class has 3 samples (Target 100)
access the timestamp when the image booted as follows,access The timestamp when the image booted As watch,[0 0 1 0 1 1],Class has 3 samples (Target 100)
access the timestamp when the image booted as follows,access the timestamp when The Image booted as follows,[0 0 1 0 1 1],Class has 3 samples (Target 100)
at system startup the imageboottime is re set automatically.,at system Startup the imageboottime is re set automatically.,[0 0 1 0 1 1],Class has 3 samples (Target 100)
access the timestamp when the image booted as follows,access The timestamp when the Image boot as follows,[0 0 1 0 1 1],Class has 3 samples (Target 100)
access the timestamp when the image booted as follows,access the timestamp when the image boot as Follows,[0 0 1 0 1 1],Class has 3 samples (Target 100)
access the timestamp when the image booted as follows,access the timestamp When the image booted as follows,[0 0 1 0 1 1],Class has 3 samples (Target 100)
access the duration how long ago the image booted as follows,admittance the duration how farseeing ago the paradigm booted as Follows,[0 0 1 0 1 1],Class has 3 samples (Target 100)
access the duration how long ago the image booted as follows,access the Duration how yearn ago the image booted as postdate,[0 0 1 0 1 1],Class has 3 samples (Target 100)
access the timestamp when the image booted as follows,access the Timestamp when the visualize booted as follows,[0 0 1 0 1 1],Class has 3 samples (Target 100)
access the timestamp when the image booted as follows,entree the timestamp when the visualize Booted as follows,[0 0 1 0 1 1],Class has 3 samples (Target 100)
access the duration how long ago the image booted as follows,access the duration How Long ago the image Booted as succeed,[0 0 1 0 1 1],Class has 3 samples (Target 100)
access the timestamp when the image booted as follows,access the timestamp when the image booted as espouse,[0 0 1 0 1 1],Class has 3 samples (Target 100)
access the duration how long ago the image booted as follows,access the continuance how prospicient ago the image booted as be,[0 0 1 0 1 1],Class has 3 samples (Target 100)
at system startup the imageboottime is re set automatically.,at system inauguration the imageboottime is Re set Automatically.,[0 0 1 0 1 1],Class has 3 samples (Target 100)
at system startup the imageboottime is re set automatically.,at organisation startup the imageboottime is re set automatically.,[0 0 1 0 1 1],Class has 3 samples (Target 100)
access the timestamp when the image booted as follows,approach the timestamp when the image booted as pursue,[0 0 1 0 1 1],Class has 3 samples (Target 100)
access the timestamp when the image booted as follows,Access the timestamp When The visualize booted as follows,[0 0 1 0 1 1],Class has 3 samples (Target 100)
access the timestamp when the image booted as follows,approach the timestamp when the image booted as follows,[0 0 1 0 1 1],Class has 3 samples (Target 100)
access the duration how long ago the image booted as follows,admittance the duration How Long ago the paradigm Booted as Follows,[0 0 1 0 1 1],Class has 3 samples (Target 100)
access the timestamp when the image booted as follows,approach the timestamp when the image reboot as follows,[0 0 1 0 1 1],Class has 3 samples (Target 100)
at system startup the imageboottime is re set automatically.,at organization startup the Imageboottime is re set automatically.,[0 0 1 0 1 1],Class has 3 samples (Target 100)
access the duration how long ago the image booted as follows,admission the Duration how long ago the image Booted as watch,[0 0 1 0 1 1],Class has 3 samples (Target 100)
access the timestamp when the image booted as follows,admittance the timestamp when the image booted as follows,[0 0 1 0 1 1],Class has 3 samples (Target 100)
access the timestamp when the image booted as follows,access the timestamp when the image booted as Follows,[0 0 1 0 1 1],Class has 3 samples (Target 100)
at system startup the imageboottime is re set automatically.,At system startup the imageboottime is re set Automatically.,[0 0 1 0 1 1],Class has 3 samples (Target 100)
access the duration how long ago the image booted as follows,admittance the duration how long Ago the image booted as follow,[0 0 1 0 1 1],Class has 3 samples (Target 100)
at system startup the imageboottime is re set automatically.,at System startup The Imageboottime Is re set automatically.,[0 0 1 0 1 1],Class has 3 samples (Target 100)
at system startup the imageboottime is re set automatically.,at system startup the imageboottime Is re set Automatically.,[0 0 1 0 1 1],Class has 3 samples (Target 100)
access the duration how long ago the image booted as follows,access the duration how hanker ago the project boot as follows,[0 0 1 0 1 1],Class has 3 samples (Target 100)
access the timestamp when the image booted as follows,accession The timestamp when the image booted as follows,[0 0 1 0 1 1],Class has 3 samples (Target 100)
access the duration how long ago the image booted as follows,access the duration how long ago the ikon booted as follows,[0 0 1 0 1 1],Class has 3 samples (Target 100)
at system startup the imageboottime is re set automatically.,At system Startup the imageboottime is re set Automatically.,[0 0 1 0 1 1],Class has 3 samples (Target 100)
access the duration how long ago the image booted as follows,access the length how long ago the image boot as follows,[0 0 1 0 1 1],Class has 3 samples (Target 100)
at system startup the imageboottime is re set automatically.,at scheme startup the imageboottime is re set automatically.,[0 0 1 0 1 1],Class has 3 samples (Target 100)
at system startup the imageboottime is re set automatically.,at system inauguration the imageboottime is re set automatically.,[0 0 1 0 1 1],Class has 3 samples (Target 100)
access the duration how long ago the image booted as follows,access the duration how long Ago the image booted as follows,[0 0 1 0 1 1],Class has 3 samples (Target 100)
access the duration how long ago the image booted as follows,access the duration how long Ago the image reboot as follows,[0 0 1 0 1 1],Class has 3 samples (Target 100)
access the duration how long ago the image booted as follows,access the duration how foresighted ago the visualise boot as follows,[0 0 1 0 1 1],Class has 3 samples (Target 100)
access the timestamp when the image booted as follows,Access the timestamp When The image booted as observe,[0 0 1 0 1 1],Class has 3 samples (Target 100)
at system startup the imageboottime is re set automatically.,at organization inauguration the imageboottime is Re Set automatically.,[0 0 1 0 1 1],Class has 3 samples (Target 100)
access the duration how long ago the image booted as follows,Access the duration how long ago the image booted as surveil,[0 0 1 0 1 1],Class has 3 samples (Target 100)
access the timestamp when the image booted as follows,admission The Timestamp when the image booted as surveil,[0 0 1 0 1 1],Class has 3 samples (Target 100)
access the duration how long ago the image booted as follows,access the length How long ago The prototype booted as follows,[0 0 1 0 1 1],Class has 3 samples (Target 100)
access the timestamp when the image booted as follows,Access the timestamp when the image booted as follows,[0 0 1 0 1 1],Class has 3 samples (Target 100)
access the timestamp when the image booted as follows,accession the timestamp when the image Booted as come,[0 0 1 0 1 1],Class has 3 samples (Target 100)
access the duration how long ago the image booted as follows,access the length how Long ago the image booted as follows,[0 0 1 0 1 1],Class has 3 samples (Target 100)
access the duration how long ago the image booted as follows,admittance the continuance how long ago the image Booted as trace,[0 0 1 0 1 1],Class has 3 samples (Target 100)
at system startup the imageboottime is re set automatically.,at organization inauguration the imageboottime is re set automatically.,[0 0 1 0 1 1],Class has 3 samples (Target 100)
access the duration how long ago the image booted as follows,admittance the duration how farsighted ago the image boot as comply,[0 0 1 0 1 1],Class has 3 samples (Target 100)
at system startup the imageboottime is re set automatically.,At system startup the imageboottime is re set automatically.,[0 0 1 0 1 1],Class has 3 samples (Target 100)
access the duration how long ago the image booted as follows,access the length how Long ago the visualise booted as follows,[0 0 1 0 1 1],Class has 3 samples (Target 100)
access the duration how long ago the image booted as follows,Access the duration how tenacious ago the image booted as follows,[0 0 1 0 1 1],Class has 3 samples (Target 100)
at system startup the imageboottime is re set automatically.,At organization startup the imageboottime Is re set automatically.,[0 0 1 0 1 1],Class has 3 samples (Target 100)
access the duration how long ago the image booted as follows,entree The duration how long ago the image boot as follows,[0 0 1 0 1 1],Class has 3 samples (Target 100)
access the timestamp when the image booted as follows,access the timestamp when the Image boot as follows,[0 0 1 0 1 1],Class has 3 samples (Target 100)
access the duration how long ago the image booted as follows,access the duration how yearn ago the image booted as Follows,[0 0 1 0 1 1],Class has 3 samples (Target 100)
access the duration how long ago the image booted as follows,access The Duration how foresightful ago the image booted as Follows,[0 0 1 0 1 1],Class has 3 samples (Target 100)
access the duration how long ago the image booted as follows,access the length how long ago the image boot as accompany,[0 0 1 0 1 1],Class has 3 samples (Target 100)
access the duration how long ago the image booted as follows,access the continuance How long ago the image Booted as follows,[0 0 1 0 1 1],Class has 3 samples (Target 100)
access the timestamp when the image booted as follows,access the timestamp when the image booted as accompany,[0 0 1 0 1 1],Class has 3 samples (Target 100)
access the timestamp when the image booted as follows,Access the timestamp when The image reboot as succeed,[0 0 1 0 1 1],Class has 3 samples (Target 100)
access the duration how long ago the image booted as follows,approach the length how longsighted ago the picture booted as Follows,[0 0 1 0 1 1],Class has 3 samples (Target 100)
at system startup the imageboottime is re set automatically.,at system startup the imageboottime is re set Automatically.,[0 0 1 0 1 1],Class has 3 samples (Target 100)
at system startup the imageboottime is re set automatically.,at system startup the Imageboottime is Re set automatically.,[0 0 1 0 1 1],Class has 3 samples (Target 100)
access the timestamp when the image booted as follows,Access the timestamp when the range boot as follows,[0 0 1 0 1 1],Class has 3 samples (Target 100)
access the duration how long ago the image booted as follows,access the duration how long ago the Image Booted as Follows,[0 0 1 0 1 1],Class has 3 samples (Target 100)
access the duration how long ago the image booted as follows,access the length how long ago the image booted as follows,[0 0 1 0 1 1],Class has 3 samples (Target 100)
access the timestamp when the image booted as follows,access the timestamp when the icon boot as Follows,[0 0 1 0 1 1],Class has 3 samples (Target 100)
access the duration how long ago the image booted as follows,access the continuance how farseeing ago the icon boot as postdate,[0 0 1 0 1 1],Class has 3 samples (Target 100)
access the timestamp when the image booted as follows,accession the Timestamp When the image booted as accompany,[0 0 1 0 1 1],Class has 3 samples (Target 100)
at system startup the imageboottime is re set automatically.,at system startup the Imageboottime is re set automatically.,[0 0 1 0 1 1],Class has 3 samples (Target 100)
access the timestamp when the image booted as follows,admittance the timestamp when the image Booted as espouse,[0 0 1 0 1 1],Class has 3 samples (Target 100)
an implementation of the visitor pattern for painter subclasses.,an implementation of the visitor pattern for painter Subclasses.,[0 0 1 1 0 1],Class has 2 samples (Target 100)
i am an event listener that listens anchor moved event send by anchor,i am an upshot listener that listens anchorperson affected event send by anchor,[0 0 1 1 0 1],Class has 2 samples (Target 100)
an implementation of the visitor pattern for painter subclasses.,an effectuation Of the visitor pattern for painter subclasses.,[0 0 1 1 0 1],Class has 2 samples (Target 100)
i am an event listener that listens anchor moved event send by anchor,i am an Event listener that Listens Anchor travel event send by anchor,[0 0 1 1 0 1],Class has 2 samples (Target 100)
i am an event listener that listens anchor moved event send by anchor,i am an event hearer that listens anchor moved event send by backbone,[0 0 1 1 0 1],Class has 2 samples (Target 100)
an implementation of the visitor pattern for painter subclasses.,an implementation of the Visitor rule for painter subclasses.,[0 0 1 1 0 1],Class has 2 samples (Target 100)
i am an event listener that listens anchor moved event send by anchor,i am an upshot listener that listen keystone moved event send by anchor,[0 0 1 1 0 1],Class has 2 samples (Target 100)
an implementation of the visitor pattern for painter subclasses.,an implementation of The Visitor convention for Painter subclasses.,[0 0 1 1 0 1],Class has 2 samples (Target 100)
an implementation of the visitor pattern for painter subclasses.,an implementation of the Visitor practice for painter Subclasses.,[0 0 1 1 0 1],Class has 2 samples (Target 100)
an implementation of the visitor pattern for painter subclasses.,an implementation of the visitor normal for painter subclasses.,[0 0 1 1 0 1],Class has 2 samples (Target 100)
i am an event listener that listens anchor moved event send by anchor,I am an result attender that listens anchor moved upshot send by ground,[0 0 1 1 0 1],Class has 2 samples (Target 100)
an implementation of the visitor pattern for painter subclasses.,an execution of the visitor pattern for painter subclasses.,[0 0 1 1 0 1],Class has 2 samples (Target 100)
i am an event listener that listens anchor moved event send by anchor,i am an result hearer that listen anchor moved event send by Anchor,[0 0 1 1 0 1],Class has 2 samples (Target 100)
an implementation of the visitor pattern for painter subclasses.,an effectuation of the visitor pattern for painter subclasses.,[0 0 1 1 0 1],Class has 2 samples (Target 100)
i am an event listener that listens anchor moved event send by anchor,i am an event hearer that listen linchpin moved result send by anchor,[0 0 1 1 0 1],Class has 2 samples (Target 100)
i am an event listener that listens anchor moved event send by anchor,i am an event listener that Listens keystone moved event Send By Anchor,[0 0 1 1 0 1],Class has 2 samples (Target 100)
i am an event listener that listens anchor moved event send by anchor,i am an event Listener that listen anchorman moved event commit by anchorperson,[0 0 1 1 0 1],Class has 2 samples (Target 100)
i am an event listener that listens anchor moved event send by anchor,i am an case listener that listens anchor Moved event Send by anchor,[0 0 1 1 0 1],Class has 2 samples (Target 100)
i am an event listener that listens anchor moved event send by anchor,i am an event listener that listens anchor moved result send By linchpin,[0 0 1 1 0 1],Class has 2 samples (Target 100)
an implementation of the visitor pattern for painter subclasses.,an Implementation of the visitor formula for painter subclasses.,[0 0 1 1 0 1],Class has 2 samples (Target 100)
an implementation of the visitor pattern for painter subclasses.,an execution of the Visitor pattern for painter subclasses.,[0 0 1 1 0 1],Class has 2 samples (Target 100)
i am an event listener that listens anchor moved event send by anchor,i am an event listener that Listens anchor Moved event send by ground,[0 0 1 1 0 1],Class has 2 samples (Target 100)
i am an event listener that listens anchor moved event send by anchor,i am an event listener that listens anchor Moved event station by anchor,[0 0 1 1 0 1],Class has 2 samples (Target 100)
an implementation of the visitor pattern for painter subclasses.,an effectuation of The visitor pattern for painter subclasses.,[0 0 1 1 0 1],Class has 2 samples (Target 100)
an implementation of the visitor pattern for painter subclasses.,an implementation of the visitor Pattern for puma subclasses.,[0 0 1 1 0 1],Class has 2 samples (Target 100)
i am an event listener that listens anchor moved event send by anchor,i Am an event auditor that listens keystone Moved event send by anchor,[0 0 1 1 0 1],Class has 2 samples (Target 100)
an implementation of the visitor pattern for painter subclasses.,an implementation of the visitant figure for painter subclasses.,[0 0 1 1 0 1],Class has 2 samples (Target 100)
an implementation of the visitor pattern for painter subclasses.,an effectuation of the Visitor shape for cougar subclasses.,[0 0 1 1 0 1],Class has 2 samples (Target 100)
i am an event listener that listens anchor moved event send by anchor,I am an event auditor that Listens anchor moved event send by Anchor,[0 0 1 1 0 1],Class has 2 samples (Target 100)
i am an event listener that listens anchor moved event send by anchor,I Am an effect listener that mind anchor moved event send by anchor,[0 0 1 1 0 1],Class has 2 samples (Target 100)
i am an event listener that listens anchor moved event send by anchor,i Am an event listener that mind anchor propel event place by backbone,[0 0 1 1 0 1],Class has 2 samples (Target 100)
i am an event listener that listens anchor moved event send by anchor,i am an event listener that listens anchor go effect Send by anchor,[0 0 1 1 0 1],Class has 2 samples (Target 100)
an implementation of the visitor pattern for painter subclasses.,an implementation of The visitor design for painter subclasses.,[0 0 1 1 0 1],Class has 2 samples (Target 100)
i am an event listener that listens anchor moved event send by anchor,i am an event Listener that listens anchor moved event mail by anchor,[0 0 1 1 0 1],Class has 2 samples (Target 100)
i am an event listener that listens anchor moved event send by anchor,i am an upshot Listener That mind anchor moved issue send by Anchor,[0 0 1 1 0 1],Class has 2 samples (Target 100)
i am an event listener that listens anchor moved event send by anchor,i am an event Listener that listens Anchor incite upshot send by anchor,[0 0 1 1 0 1],Class has 2 samples (Target 100)
an implementation of the visitor pattern for painter subclasses.,an Implementation of the Visitor pattern for painter subclasses.,[0 0 1 1 0 1],Class has 2 samples (Target 100)
i am an event listener that listens anchor moved event send by anchor,i am an effect listener that listens anchor moved event Send by mainstay,[0 0 1 1 0 1],Class has 2 samples (Target 100)
an implementation of the visitor pattern for painter subclasses.,an implementation Of the visitant pattern for painter Subclasses.,[0 0 1 1 0 1],Class has 2 samples (Target 100)
an implementation of the visitor pattern for painter subclasses.,An effectuation of the visitor pattern for painter subclasses.,[0 0 1 1 0 1],Class has 2 samples (Target 100)
an implementation of the visitor pattern for painter subclasses.,an implementation of the visitant pattern for painter subclasses.,[0 0 1 1 0 1],Class has 2 samples (Target 100)
an implementation of the visitor pattern for painter subclasses.,an implementation of the visitor Pattern for painter subclasses.,[0 0 1 1 0 1],Class has 2 samples (Target 100)
an implementation of the visitor pattern for painter subclasses.,an execution of the Visitor pattern for Painter subclasses.,[0 0 1 1 0 1],Class has 2 samples (Target 100)
i am an event listener that listens anchor moved event send by anchor,i am an upshot auditor that listens linchpin locomote Event direct by anchor,[0 0 1 1 0 1],Class has 2 samples (Target 100)
an implementation of the visitor pattern for painter subclasses.,an Implementation of the visitor pattern for painter subclasses.,[0 0 1 1 0 1],Class has 2 samples (Target 100)
an implementation of the visitor pattern for painter subclasses.,an implementation of the visitor pattern for puma subclasses.,[0 0 1 1 0 1],Class has 2 samples (Target 100)
an implementation of the visitor pattern for painter subclasses.,an effectuation of the visitant pattern for painter subclasses.,[0 0 1 1 0 1],Class has 2 samples (Target 100)
i am an event listener that listens anchor moved event send by anchor,i am an effect listener that listens keystone moved Event send by backbone,[0 0 1 1 0 1],Class has 2 samples (Target 100)
an implementation of the visitor pattern for painter subclasses.,an effectuation of the Visitor pattern for cougar Subclasses.,[0 0 1 1 0 1],Class has 2 samples (Target 100)
an implementation of the visitor pattern for painter subclasses.,an execution of the visitor normal for painter subclasses.,[0 0 1 1 0 1],Class has 2 samples (Target 100)
i am an event listener that listens anchor moved event send by anchor,i am An event hearer that listens Anchor moved event send by backbone,[0 0 1 1 0 1],Class has 2 samples (Target 100)
an implementation of the visitor pattern for painter subclasses.,an implementation of The Visitor pattern for painter subclasses.,[0 0 1 1 0 1],Class has 2 samples (Target 100)
i am an event listener that listens anchor moved event send by anchor,i am an event hearer that mind anchor moved consequence Send by anchor,[0 0 1 1 0 1],Class has 2 samples (Target 100)
i am an event listener that listens anchor moved event send by anchor,i am an event Listener that listens anchor moved event station by anchor,[0 0 1 1 0 1],Class has 2 samples (Target 100)
i am an event listener that listens anchor moved event send by anchor,i am an issue listener That Listens anchor moved event mail by anchor,[0 0 1 1 0 1],Class has 2 samples (Target 100)
an implementation of the visitor pattern for painter subclasses.,an effectuation of the visitor pattern for puma subclasses.,[0 0 1 1 0 1],Class has 2 samples (Target 100)
an implementation of the visitor pattern for painter subclasses.,an implementation Of The visitor pattern for painter subclasses.,[0 0 1 1 0 1],Class has 2 samples (Target 100)
i am an event listener that listens anchor moved event send by anchor,i Am an event listener that listens Anchor Moved upshot post by anchor,[0 0 1 1 0 1],Class has 2 samples (Target 100)
an implementation of the visitor pattern for painter subclasses.,an implementation of the visitor rule for catamount subclasses.,[0 0 1 1 0 1],Class has 2 samples (Target 100)
i am an event listener that listens anchor moved event send by anchor,i am an event hearer That heed anchor moved event send by linchpin,[0 0 1 1 0 1],Class has 2 samples (Target 100)
an implementation of the visitor pattern for painter subclasses.,an execution of the visitant Pattern for cougar subclasses.,[0 0 1 1 0 1],Class has 2 samples (Target 100)
an implementation of the visitor pattern for painter subclasses.,an implementation of the visitor pattern for panther subclasses.,[0 0 1 1 0 1],Class has 2 samples (Target 100)
an implementation of the visitor pattern for painter subclasses.,an implementation of the visitor pattern for cougar subclasses.,[0 0 1 1 0 1],Class has 2 samples (Target 100)
i am an event listener that listens anchor moved event send by anchor,i Am an outcome Listener that listens anchor moved case send by anchor,[0 0 1 1 0 1],Class has 2 samples (Target 100)
i am an event listener that listens anchor moved event send by anchor,i am an upshot listener that listens linchpin moved issue send by anchor,[0 0 1 1 0 1],Class has 2 samples (Target 100)
i am an event listener that listens anchor moved event send by anchor,I am An case listener that hear anchor moved Event send by anchor,[0 0 1 1 0 1],Class has 2 samples (Target 100)
an implementation of the visitor pattern for painter subclasses.,an effectuation of the visitor model for painter subclasses.,[0 0 1 1 0 1],Class has 2 samples (Target 100)
i am an event listener that listens anchor moved event send by anchor,i am an event listener That listens anchor moved Event send By anchor,[0 0 1 1 0 1],Class has 2 samples (Target 100)
i am an event listener that listens anchor moved event send by anchor,i am an case listener that listens anchor Moved event send by anchorman,[0 0 1 1 0 1],Class has 2 samples (Target 100)
an implementation of the visitor pattern for painter subclasses.,an Implementation of the visitor pattern for panther subclasses.,[0 0 1 1 0 1],Class has 2 samples (Target 100)
an implementation of the visitor pattern for painter subclasses.,an execution of the visitor pattern for painter Subclasses.,[0 0 1 1 0 1],Class has 2 samples (Target 100)
i am an event listener that listens anchor moved event send by anchor,i am an case Listener that listens anchor moved event broadcast by anchorman,[0 0 1 1 0 1],Class has 2 samples (Target 100)
an implementation of the visitor pattern for painter subclasses.,an implementation Of the visitor model for Painter Subclasses.,[0 0 1 1 0 1],Class has 2 samples (Target 100)
i am an event listener that listens anchor moved event send by anchor,i am an event auditor that listens anchor go case send by backbone,[0 0 1 1 0 1],Class has 2 samples (Target 100)
an implementation of the visitor pattern for painter subclasses.,an implementation of the visitant Pattern for painter subclasses.,[0 0 1 1 0 1],Class has 2 samples (Target 100)
i am an event listener that listens anchor moved event send by anchor,i am an event listener that listens anchor affected event send by anchor,[0 0 1 1 0 1],Class has 2 samples (Target 100)
an implementation of the visitor pattern for painter subclasses.,an implementation of the visitor Pattern for panther subclasses.,[0 0 1 1 0 1],Class has 2 samples (Target 100)
i am an event listener that listens anchor moved event send by anchor,I am An upshot hearer That listens anchor stirred upshot institutionalize by anchor,[0 0 1 1 0 1],Class has 2 samples (Target 100)
i am an event listener that listens anchor moved event send by anchor,i am an event listener that listens anchor Moved event Send by anchor,[0 0 1 1 0 1],Class has 2 samples (Target 100)
i am an event listener that listens anchor moved event send by anchor,i am an Event listener that listens Anchor moved event send by anchor,[0 0 1 1 0 1],Class has 2 samples (Target 100)
i am an event listener that listens anchor moved event send by anchor,i am an event listener That listens linchpin moved effect send by linchpin,[0 0 1 1 0 1],Class has 2 samples (Target 100)
i am an event listener that listens anchor moved event send by anchor,i am an event listener that listens anchor moved case send by Anchor,[0 0 1 1 0 1],Class has 2 samples (Target 100)
i am an event listener that listens anchor moved event send by anchor,i am an event listener that listen anchor Moved event send by ground,[0 0 1 1 0 1],Class has 2 samples (Target 100)
i am an event listener that listens anchor moved event send by anchor,i am An event listener that Listens anchor moved effect send by anchor,[0 0 1 1 0 1],Class has 2 samples (Target 100)
i am an event listener that listens anchor moved event send by anchor,i am an case auditor that listens anchor Moved event Send by anchor,[0 0 1 1 0 1],Class has 2 samples (Target 100)
an implementation of the visitor pattern for painter subclasses.,an effectuation of The visitor form for painter subclasses.,[0 0 1 1 0 1],Class has 2 samples (Target 100)
i am an event listener that listens anchor moved event send by anchor,i Am An event listener that mind linchpin moved event send by anchor,[0 0 1 1 0 1],Class has 2 samples (Target 100)
i am an event listener that listens anchor moved event send by anchor,i am an case listener That listens mainstay moved event send by anchorperson,[0 0 1 1 0 1],Class has 2 samples (Target 100)
i am an event listener that listens anchor moved event send by anchor,I am an result hearer that listens anchorman act event send by Anchor,[0 0 1 1 0 1],Class has 2 samples (Target 100)
an implementation of the visitor pattern for painter subclasses.,an effectuation of the visitor pattern for Painter subclasses.,[0 0 1 1 0 1],Class has 2 samples (Target 100)
i am an event listener that listens anchor moved event send by anchor,i Am an effect listener that listens Anchor Moved event send by anchor,[0 0 1 1 0 1],Class has 2 samples (Target 100)
i am an event listener that listens anchor moved event send by anchor,i Am an effect auditor that listens anchor displace event ship by anchor,[0 0 1 1 0 1],Class has 2 samples (Target 100)
i am an event listener that listens anchor moved event send by anchor,i am an event listener that heed backbone Moved event send by mainstay,[0 0 1 1 0 1],Class has 2 samples (Target 100)
i am an event listener that listens anchor moved event send by anchor,i am an event listener that listens anchor Moved event beam By anchorperson,[0 0 1 1 0 1],Class has 2 samples (Target 100)
i am an event listener that listens anchor moved event send by anchor,i am An event Listener that Listens anchor moved event institutionalize by anchor,[0 0 1 1 0 1],Class has 2 samples (Target 100)
i am an event listener that listens anchor moved event send by anchor,i am an event listener that heed anchor moved event ship by anchor,[0 0 1 1 0 1],Class has 2 samples (Target 100)
i am an event listener that listens anchor moved event send by anchor,i am an event listener that listens anchor moved event institutionalize by anchorperson,[0 0 1 1 0 1],Class has 2 samples (Target 100)
i am an event listener that listens anchor moved event send by anchor,i am an event listener that listens anchorperson moved effect station by anchor,[0 0 1 1 0 1],Class has 2 samples (Target 100)
the click event is fired when a pointing device button a mouse s primary button is pressed and released on a single element.,The click event is fired when A guide device Button a shiner s primary button is pressed and released on a single element.,[1 0 1 0 0 0],Class has 2 samples (Target 100)
the click event is fired when a pointing device button a mouse s primary button is pressed and released on a single element.,the click case is fired when a pointing twist button a mouse S primary button is conjure and released On a single Element.,[1 0 1 0 0 0],Class has 2 samples (Target 100)
you can import new icons using method name brglamorousicons class #importiconsfromdirectory using the script below.,you can import new icons Using method distinguish brglamorousicons class #importiconsfromdirectory exploitation the script below.,[1 0 1 0 0 0],Class has 2 samples (Target 100)
the click event is fired when a pointing device button a mouse s primary button is pressed and released on a single element.,The dog issue is fired when a pointing twist button a mouse s elemental Button is Pressed and released on a single element.,[1 0 1 0 0 0],Class has 2 samples (Target 100)
you can import new icons using method name brglamorousicons class #importiconsfromdirectory using the script below.,you can import new picture using method epithet brglamorousicons class #importiconsfromdirectory using the script below.,[1 0 1 0 0 0],Class has 2 samples (Target 100)
the click event is fired when a pointing device button a mouse s primary button is pressed and released on a single element.,The flick event is fired When A pointing gimmick button a mouse s primary clit is pressed and released on a exclusive element.,[1 0 1 0 0 0],Class has 2 samples (Target 100)
you can import new icons using method name brglamorousicons class #importiconsfromdirectory using the script below.,you can import new icons using method name brglamorousicons class #importiconsfromdirectory using the playscript below.,[1 0 1 0 0 0],Class has 2 samples (Target 100)
the click event is fired when a pointing device button a mouse s primary button is pressed and released on a single element.,the click event is Fired when a pointing twist button a mouse s primary button is pressed and released on a single element.,[1 0 1 0 0 0],Class has 2 samples (Target 100)
the click event is fired when a pointing device button a mouse s primary button is pressed and released on a single element.,the click event is terminate when a pointing device push a creep S primary button is Pressed and issue on a single element.,[1 0 1 0 0 0],Class has 2 samples (Target 100)
the click event is fired when a pointing device button a mouse s primary button is pressed and released on a single element.,the click event is fired when a pointing device release a mouse s primary button is pressed and released on a single element.,[1 0 1 0 0 0],Class has 2 samples (Target 100)
you can import new icons using method name brglamorousicons class #importiconsfromdirectory using the script below.,you can import new icons Using method name brglamorousicons class #importiconsfromdirectory using the playscript Below.,[1 0 1 0 0 0],Class has 2 samples (Target 100)
you can import new icons using method name brglamorousicons class #importiconsfromdirectory using the script below.,you can import new icons using method name brglamorousicons class #importiconsfromdirectory employ the hand Below.,[1 0 1 0 0 0],Class has 2 samples (Target 100)
you can import new icons using method name brglamorousicons class #importiconsfromdirectory using the script below.,You Can import new icons exploitation method nominate brglamorousicons class #importiconsfromdirectory Using the script below.,[1 0 1 0 0 0],Class has 2 samples (Target 100)
you can import new icons using method name brglamorousicons class #importiconsfromdirectory using the script below.,You can import new icons using method name brglamorousicons class #importiconsfromdirectory Using the handwriting below.,[1 0 1 0 0 0],Class has 2 samples (Target 100)
you can import new icons using method name brglamorousicons class #importiconsfromdirectory using the script below.,you can import new icons using method name Brglamorousicons class #importiconsfromdirectory habituate the script below.,[1 0 1 0 0 0],Class has 2 samples (Target 100)
you can import new icons using method name brglamorousicons class #importiconsfromdirectory using the script below.,you can import new icons using method diagnose brglamorousicons class #importiconsfromdirectory using the playscript below.,[1 0 1 0 0 0],Class has 2 samples (Target 100)
you can import new icons using method name brglamorousicons class #importiconsfromdirectory using the script below.,you can import New icons using method name brglamorousicons class #importiconsfromdirectory using The script below.,[1 0 1 0 0 0],Class has 2 samples (Target 100)
the click event is fired when a pointing device button a mouse s primary button is pressed and released on a single element.,the click event is fired when a pointing device button A mouse s Primary button is Pressed and unfreeze on a exclusive element.,[1 0 1 0 0 0],Class has 2 samples (Target 100)
the click event is fired when a pointing device button a mouse s primary button is pressed and released on a single element.,the Click event is Fired When a pointing device Button a mouse s primary button is pressed and released on a Single element.,[1 0 1 0 0 0],Class has 2 samples (Target 100)
you can import new icons using method name brglamorousicons class #importiconsfromdirectory using the script below.,you can import new Icons using Method constitute brglamorousicons class #importiconsfromdirectory Using the script below.,[1 0 1 0 0 0],Class has 2 samples (Target 100)
you can import new icons using method name brglamorousicons class #importiconsfromdirectory using the script below.,you Can import new icons practice method name brglamorousicons class #importiconsfromdirectory using the playscript below.,[1 0 1 0 0 0],Class has 2 samples (Target 100)
you can import new icons using method name brglamorousicons class #importiconsfromdirectory using the script below.,you can import new icons expend method name brglamorousicons class #importiconsfromdirectory using the script below.,[1 0 1 0 0 0],Class has 2 samples (Target 100)
the click event is fired when a pointing device button a mouse s primary button is pressed and released on a single element.,the chink event is fired when a pointing device button A mouse s primary Button is constrict and Released on a single Element.,[1 0 1 0 0 0],Class has 2 samples (Target 100)
you can import new icons using method name brglamorousicons class #importiconsfromdirectory using the script below.,You can import new icons using method name Brglamorousicons class #importiconsfromdirectory use The script below.,[1 0 1 0 0 0],Class has 2 samples (Target 100)
you can import new icons using method name brglamorousicons class #importiconsfromdirectory using the script below.,you Can import new picture using method distinguish brglamorousicons class #importiconsfromdirectory using the script Below.,[1 0 1 0 0 0],Class has 2 samples (Target 100)
you can import new icons using method name brglamorousicons class #importiconsfromdirectory using the script below.,you can import New picture using method diagnose brglamorousicons class #importiconsfromdirectory employ the script below.,[1 0 1 0 0 0],Class has 2 samples (Target 100)
the click event is fired when a pointing device button a mouse s primary button is pressed and released on a single element.,the click event Is fired when a pointing twist button A mouse s primary button is agitate and released on a single element.,[1 0 1 0 0 0],Class has 2 samples (Target 100)
you can import new icons using method name brglamorousicons class #importiconsfromdirectory using the script below.,you can import new icons using method name brglamorousicons class #importiconsfromdirectory using the script Below.,[1 0 1 0 0 0],Class has 2 samples (Target 100)
the click event is fired when a pointing device button a mouse s primary button is pressed and released on a single element.,the click event is fired when a designate gimmick button a pussyfoot s elemental button is pressed And secrete on a Single element.,[1 0 1 0 0 0],Class has 2 samples (Target 100)
the click event is fired when a pointing device button a mouse s primary button is pressed and released on a single element.,the Click event is fired when a pointing device button a shiner s primary push is pressed and exhaust on A Single element.,[1 0 1 0 0 0],Class has 2 samples (Target 100)
you can import new icons using method name brglamorousicons class #importiconsfromdirectory using the script below.,you Can import new icons victimisation method name brglamorousicons class #importiconsfromdirectory victimisation the script below.,[1 0 1 0 0 0],Class has 2 samples (Target 100)
you can import new icons using method name brglamorousicons class #importiconsfromdirectory using the script below.,you can import new picture using method name brglamorousicons class #importiconsfromdirectory using the playscript below.,[1 0 1 0 0 0],Class has 2 samples (Target 100)
the click event is fired when a pointing device button a mouse s primary button is pressed and released on a single element.,The click Event is can when a pointing device clit A mouse s Primary button is pressed and free on A single Element.,[1 0 1 0 0 0],Class has 2 samples (Target 100)
the click event is fired when a pointing device button a mouse s primary button is pressed and released on a single element.,the click event is fired when a guide device button a mouse s elementary Button is compress and released on a single element.,[1 0 1 0 0 0],Class has 2 samples (Target 100)
you can import new icons using method name brglamorousicons class #importiconsfromdirectory using the script below.,you can import new icons using method name brglamorousicons class #importiconsfromdirectory using the Script below.,[1 0 1 0 0 0],Class has 2 samples (Target 100)
you can import new icons using method name brglamorousicons class #importiconsfromdirectory using the script below.,you can import new picture using method gens brglamorousicons class #importiconsfromdirectory using the script below.,[1 0 1 0 0 0],Class has 2 samples (Target 100)
you can import new icons using method name brglamorousicons class #importiconsfromdirectory using the script below.,you can import new ikon Using method name brglamorousicons class #importiconsfromdirectory using the script below.,[1 0 1 0 0 0],Class has 2 samples (Target 100)
you can import new icons using method name brglamorousicons class #importiconsfromdirectory using the script below.,you can import New picture using method Name brglamorousicons class #importiconsfromdirectory practice the script below.,[1 0 1 0 0 0],Class has 2 samples (Target 100)
you can import new icons using method name brglamorousicons class #importiconsfromdirectory using the script below.,you can import new icons using method Name brglamorousicons class #importiconsfromdirectory exploitation the script Below.,[1 0 1 0 0 0],Class has 2 samples (Target 100)
you can import new icons using method name brglamorousicons class #importiconsfromdirectory using the script below.,you can import new icons using method distinguish brglamorousicons class #importiconsfromdirectory using The script below.,[1 0 1 0 0 0],Class has 2 samples (Target 100)
the click event is fired when a pointing device button a mouse s primary button is pressed and released on a single element.,the click event Is fired when a pointing device release a mouse s main button is entreat and released on a single element.,[1 0 1 0 0 0],Class has 2 samples (Target 100)
the click event is fired when a pointing device button a mouse s primary button is pressed and released on a single element.,the chatter event is fired when A pointing twist push a mouse s primary button is pressed and released on A Single element.,[1 0 1 0 0 0],Class has 2 samples (Target 100)
the click event is fired when a pointing device button a mouse s primary button is pressed and released on a single element.,the click result is Fired when a pointing Device button A Mouse S basal button is Pressed and released on a unity element.,[1 0 1 0 0 0],Class has 2 samples (Target 100)
you can import new icons using method name brglamorousicons class #importiconsfromdirectory using the script below.,you can import new icons Using method appoint Brglamorousicons class #importiconsfromdirectory using the script below.,[1 0 1 0 0 0],Class has 2 samples (Target 100)
the click event is fired when a pointing device button a mouse s primary button is pressed and released on a single element.,the Click consequence is arouse when a aim device button a mouse s main release is pressed and Released on a Single element.,[1 0 1 0 0 0],Class has 2 samples (Target 100)
you can import new icons using method name brglamorousicons class #importiconsfromdirectory using the script below.,you can import new icons using method name Brglamorousicons class #importiconsfromdirectory using the script below.,[1 0 1 0 0 0],Class has 2 samples (Target 100)
the click event is fired when a pointing device button a mouse s primary button is pressed and released on a single element.,the cluck event is discharge when a pointing Device push a mouse s primary Button is bid and released on a exclusive element.,[1 0 1 0 0 0],Class has 2 samples (Target 100)
you can import new icons using method name brglamorousicons class #importiconsfromdirectory using the script below.,you can import new icons victimisation method name brglamorousicons class #importiconsfromdirectory using the Script below.,[1 0 1 0 0 0],Class has 2 samples (Target 100)
you can import new icons using method name brglamorousicons class #importiconsfromdirectory using the script below.,you can import new ikon apply method nominate brglamorousicons class #importiconsfromdirectory using the script below.,[1 0 1 0 0 0],Class has 2 samples (Target 100)
you can import new icons using method name brglamorousicons class #importiconsfromdirectory using the script below.,you can import new image Using method Name brglamorousicons class #importiconsfromdirectory using the handwriting below.,[1 0 1 0 0 0],Class has 2 samples (Target 100)
the click event is fired when a pointing device button a mouse s primary button is pressed and released on a single element.,The click event is burn when a steer Device button a shiner s primary clitoris is pressed and Released on a bingle element.,[1 0 1 0 0 0],Class has 2 samples (Target 100)
you can import new icons using method name brglamorousicons class #importiconsfromdirectory using the script below.,you can import New icons using Method name brglamorousicons class #importiconsfromdirectory using the hand below.,[1 0 1 0 0 0],Class has 2 samples (Target 100)
you can import new icons using method name brglamorousicons class #importiconsfromdirectory using the script below.,you can import new icons Using Method mention brglamorousicons class #importiconsfromdirectory using the script below.,[1 0 1 0 0 0],Class has 2 samples (Target 100)
the click event is fired when a pointing device button a mouse s primary button is pressed and released on a single element.,The click event is fired when a Pointing device clit a mouse s principal clitoris is pressed and Released on a undivided element.,[1 0 1 0 0 0],Class has 2 samples (Target 100)
the click event is fired when a pointing device button a mouse s primary button is pressed and released on a single element.,the click event is fired when a pointing device button a creep s principal button Is pressed and released on a single element.,[1 0 1 0 0 0],Class has 2 samples (Target 100)
the click event is fired when a pointing device button a mouse s primary button is pressed and released on a single element.,the dawn Event is fired when a pointing device button A mouse s basal button is pressed and released on a exclusive element.,[1 0 1 0 0 0],Class has 2 samples (Target 100)
you can import new icons using method name brglamorousicons class #importiconsfromdirectory using the script below.,you can import new icons using method name brglamorousicons class #importiconsfromdirectory practice The handwriting below.,[1 0 1 0 0 0],Class has 2 samples (Target 100)
you can import new icons using method name brglamorousicons class #importiconsfromdirectory using the script below.,you can import new icons habituate method Name Brglamorousicons class #importiconsfromdirectory utilize the playscript Below.,[1 0 1 0 0 0],Class has 2 samples (Target 100)
you can import new icons using method name brglamorousicons class #importiconsfromdirectory using the script below.,you can import new picture using method key brglamorousicons class #importiconsfromdirectory using the script below.,[1 0 1 0 0 0],Class has 2 samples (Target 100)
the click event is fired when a pointing device button a mouse s primary button is pressed and released on a single element.,the click event is dismissed when a pointing device button a mouse s primary button is pressed and released on a single element.,[1 0 1 0 0 0],Class has 2 samples (Target 100)
the click event is fired when a pointing device button a mouse s primary button is pressed and released on a single element.,the click event is fired when a indicate device button a mouse s Primary button is pressed and turn on a single element.,[1 0 1 0 0 0],Class has 2 samples (Target 100)
you can import new icons using method name brglamorousicons class #importiconsfromdirectory using the script below.,you can import new icons using method name brglamorousicons class #importiconsfromdirectory victimization the book below.,[1 0 1 0 0 0],Class has 2 samples (Target 100)
you can import new icons using method name brglamorousicons class #importiconsfromdirectory using the script below.,you Can import New icons using method name brglamorousicons class #importiconsfromdirectory exploitation the script below.,[1 0 1 0 0 0],Class has 2 samples (Target 100)
you can import new icons using method name brglamorousicons class #importiconsfromdirectory using the script below.,You can import new icons using method name brglamorousicons class #importiconsfromdirectory using the script below.,[1 0 1 0 0 0],Class has 2 samples (Target 100)
you can import new icons using method name brglamorousicons class #importiconsfromdirectory using the script below.,you can import new Icons using method describe brglamorousicons class #importiconsfromdirectory using the Script below.,[1 0 1 0 0 0],Class has 2 samples (Target 100)
the click event is fired when a pointing device button a mouse s primary button is pressed and released on a single element.,the click Event is fired when A pointing device button a mouse s main clit is pressed and Released on a single element.,[1 0 1 0 0 0],Class has 2 samples (Target 100)
the click event is fired when a pointing device button a mouse s primary button is pressed and released on a single element.,the dawn event is fired when a indicate gimmick Button a mouse s primary button Is pressed and released on a Single element.,[1 0 1 0 0 0],Class has 2 samples (Target 100)
the click event is fired when a pointing device button a mouse s primary button is pressed and released on a single element.,The click effect is fired when a pointing Device release a mouse s primary release is pressed And released on a single element.,[1 0 1 0 0 0],Class has 2 samples (Target 100)
you can import new icons using method name brglamorousicons class #importiconsfromdirectory using the script below.,you can import new Icons Using method name brglamorousicons class #importiconsfromdirectory using the script below.,[1 0 1 0 0 0],Class has 2 samples (Target 100)
you can import new icons using method name brglamorousicons class #importiconsfromdirectory using the script below.,you Can import New icons using method name brglamorousicons class #importiconsfromdirectory using the script below.,[1 0 1 0 0 0],Class has 2 samples (Target 100)
you can import new icons using method name brglamorousicons class #importiconsfromdirectory using the script below.,you can import new icons practice method Name brglamorousicons class #importiconsfromdirectory using the script below.,[1 0 1 0 0 0],Class has 2 samples (Target 100)
the click event is fired when a pointing device button a mouse s primary button is pressed and released on a single element.,the click Event is fired when a point device button A mouse s primary clit is pressed and released on a single element.,[1 0 1 0 0 0],Class has 2 samples (Target 100)
you can import new icons using method name brglamorousicons class #importiconsfromdirectory using the script below.,you Can import new ikon using method name Brglamorousicons class #importiconsfromdirectory using the script below.,[1 0 1 0 0 0],Class has 2 samples (Target 100)
the click event is fired when a pointing device button a mouse s primary button is pressed and released on a single element.,the click event Is discharge when a manoeuver device button a mouse s basal button is pressed and issue on a unity element.,[1 0 1 0 0 0],Class has 2 samples (Target 100)
the click event is fired when a pointing device button a mouse s primary button is pressed and released on a single element.,the click event is displace when a pointing twist button a mouse S primary button is pressed and released on a single element.,[1 0 1 0 0 0],Class has 2 samples (Target 100)
you can import new icons using method name brglamorousicons class #importiconsfromdirectory using the script below.,you can import New icons using method Name brglamorousicons class #importiconsfromdirectory use the playscript below.,[1 0 1 0 0 0],Class has 2 samples (Target 100)
you can import new icons using method name brglamorousicons class #importiconsfromdirectory using the script below.,You Can import new Icons using method Name brglamorousicons class #importiconsfromdirectory using the script below.,[1 0 1 0 0 0],Class has 2 samples (Target 100)
you can import new icons using method name brglamorousicons class #importiconsfromdirectory using the script below.,you can import new icon using method name brglamorousicons class #importiconsfromdirectory using the script Below.,[1 0 1 0 0 0],Class has 2 samples (Target 100)
you can import new icons using method name brglamorousicons class #importiconsfromdirectory using the script below.,You can import new picture using Method appoint Brglamorousicons class #importiconsfromdirectory using the hand below.,[1 0 1 0 0 0],Class has 2 samples (Target 100)
you can import new icons using method name brglamorousicons class #importiconsfromdirectory using the script below.,you can import new icons using method epithet brglamorousicons class #importiconsfromdirectory Using the script below.,[1 0 1 0 0 0],Class has 2 samples (Target 100)
the click event is fired when a pointing device button a mouse s primary button is pressed and released on a single element.,the click result is fired when a pointing device push A mouse s primary button is pressed And Released on a single element.,[1 0 1 0 0 0],Class has 2 samples (Target 100)
you can import new icons using method name brglamorousicons class #importiconsfromdirectory using the script below.,you can import new image using Method name brglamorousicons class #importiconsfromdirectory using The playscript below.,[1 0 1 0 0 0],Class has 2 samples (Target 100)
the click event is fired when a pointing device button a mouse s primary button is pressed and released on a single element.,The click event is Fired when A pointing device release a creep s basal button is weightlift and released On a unity element.,[1 0 1 0 0 0],Class has 2 samples (Target 100)
the click event is fired when a pointing device button a mouse s primary button is pressed and released on a single element.,the click issue is fired When a pointing twist button a Mouse s chief button is agitate And released on a single element.,[1 0 1 0 0 0],Class has 2 samples (Target 100)
you can import new icons using method name brglamorousicons class #importiconsfromdirectory using the script below.,you can import new ikon using method name Brglamorousicons class #importiconsfromdirectory using the hand below.,[1 0 1 0 0 0],Class has 2 samples (Target 100)
the click event is fired when a pointing device button a mouse s primary button is pressed and released on a single element.,the click event is dismissed When a pointing Device button a mouse s primary push is pressed and released on a single element.,[1 0 1 0 0 0],Class has 2 samples (Target 100)
you can import new icons using method name brglamorousicons class #importiconsfromdirectory using the script below.,you can import new picture using method name Brglamorousicons class #importiconsfromdirectory using the script below.,[1 0 1 0 0 0],Class has 2 samples (Target 100)
you can import new icons using method name brglamorousicons class #importiconsfromdirectory using the script below.,you can import new icons habituate method name brglamorousicons class #importiconsfromdirectory use the handwriting Below.,[1 0 1 0 0 0],Class has 2 samples (Target 100)
the click event is fired when a pointing device button a mouse s primary button is pressed and released on a single element.,the cluck Event is fuel when a pointing Device button a pussyfoot S Primary button is pressed and Released On a exclusive element.,[1 0 1 0 0 0],Class has 2 samples (Target 100)
the click event is fired when a pointing device button a mouse s primary button is pressed and released on a single element.,the click Event is burn when a pointing twist clitoris a pussyfoot s primary button Is pressed and released on a one element.,[1 0 1 0 0 0],Class has 2 samples (Target 100)
the click event is fired when a pointing device button a mouse s primary button is pressed and released on a single element.,the click event is arouse when a pointing device button a shiner s Primary push is bid and secrete on a single element.,[1 0 1 0 0 0],Class has 2 samples (Target 100)
you can import new icons using method name brglamorousicons class #importiconsfromdirectory using the script below.,you Can import new icons using method name brglamorousicons class #importiconsfromdirectory using the script below.,[1 0 1 0 0 0],Class has 2 samples (Target 100)
the click event is fired when a pointing device button a mouse s primary button is pressed and released on a single element.,the click Event is fired when a pointing device button a mouse s primary button is pressed and Released on a bingle element.,[1 0 1 0 0 0],Class has 2 samples (Target 100)
you can import new icons using method name brglamorousicons class #importiconsfromdirectory using the script below.,you can import new icons victimisation method advert brglamorousicons class #importiconsfromdirectory using the book below.,[1 0 1 0 0 0],Class has 2 samples (Target 100)
the click event is fired when a pointing device button a mouse s primary button is pressed and released on a single element.,The click Event is fired When a pointing twist clitoris a mouse S Primary button is pressed and released on a individual element.,[1 0 1 0 0 0],Class has 2 samples (Target 100)
you can import new icons using method name brglamorousicons class #importiconsfromdirectory using the script below.,you can import new icons employ method diagnose brglamorousicons class #importiconsfromdirectory expend the script Below.,[1 0 1 0 0 0],Class has 2 samples (Target 100)
the click event is fired when a pointing device button a mouse s primary button is pressed and released on a single element.,the click event is burn when a manoeuver gimmick button a mouse s elementary clit is exhort and released on a bingle Element.,[1 0 1 0 0 0],Class has 2 samples (Target 100)
the click event is fired when a pointing device button a mouse s primary button is pressed and released on a single element.,the clack Event is Fired when a pointing device clitoris a shiner s primary release is agitate and released On a single element.,[1 0 1 0 0 0],Class has 2 samples (Target 100)
i am an example of a custom stencil that creates a rounded rectangular element with cusomizable background color and corner radius,i am an example of a custom stencil that creates a rounded Rectangular element with cusomizable background color and quoin radius,[0 0 1 1 1 0],Class has 2 samples (Target 100)
i am an example of a custom stencil that creates a rounded rectangular element with cusomizable background color and corner radius,I am an model of a custom stencil that creates a Rounded orthogonal element with cusomizable background color and corner radius,[0 0 1 1 1 0],Class has 2 samples (Target 100)
this shape represent an openstreetmap background object which tracks the camera zoom level and translation to build a view of the corresponding part of the openstreetmap.,This Shape represent an openstreetmap ground object which path the camera whizz level and translation to build a view Of The Corresponding part of the openstreetmap.,[0 0 1 1 1 0],Class has 2 samples (Target 100)
this shape represent an openstreetmap background object which tracks the camera zoom level and translation to build a view of the corresponding part of the openstreetmap.,This shape correspond an openstreetmap setting object which tracks the camera zoom storey and translation to build a view of the corresponding part of the openstreetmap.,[0 0 1 1 1 0],Class has 2 samples (Target 100)
i am an example of a custom stencil that creates a rounded rectangular element with cusomizable background color and corner radius,i am an example of a custom Stencil that produce a rounded rectangular element with cusomizable background semblance And corner radius,[0 0 1 1 1 0],Class has 2 samples (Target 100)
this shape represent an openstreetmap background object which tracks the camera zoom level and translation to build a view of the corresponding part of the openstreetmap.,this shape represent an openstreetmap background object which tracks the camera soar grade and transformation to build a View of the Corresponding part of the openstreetmap.,[0 0 1 1 1 0],Class has 2 samples (Target 100)
this shape represent an openstreetmap background object which tracks the camera zoom level and translation to build a view of the corresponding part of the openstreetmap.,this mold represent an openstreetmap Background target which tracks the camera zoom level and translation to build a catch of the corresponding part of the openstreetmap.,[0 0 1 1 1 0],Class has 2 samples (Target 100)
this shape represent an openstreetmap background object which tracks the camera zoom level and translation to build a view of the corresponding part of the openstreetmap.,this shape interpret an Openstreetmap background object which tracks the camera zoom level and translation to make A view of the equate section of the openstreetmap.,[0 0 1 1 1 0],Class has 2 samples (Target 100)
this shape represent an openstreetmap background object which tracks the camera zoom level and translation to build a view of the corresponding part of the openstreetmap.,this shape represent an openstreetmap background objective which tracks the camera zoom floor and rendering to build a view of the corresponding break of the openstreetmap.,[0 0 1 1 1 0],Class has 2 samples (Target 100)
i am an example of a custom stencil that creates a rounded rectangular element with cusomizable background color and corner radius,i Am an example of a Custom stencil that creates a rounded orthogonal Element with cusomizable background color and Corner r,[0 0 1 1 1 0],Class has 2 samples (Target 100)
i am an example of a custom stencil that creates a rounded rectangular element with cusomizable background color and corner radius,i am an example of a Custom stencil that Creates a rounded orthogonal component with cusomizable downplay color and corner radius,[0 0 1 1 1 0],Class has 2 samples (Target 100)
this shape represent an openstreetmap background object which tracks the camera zoom level and translation to build a view of the corresponding part of the openstreetmap.,this condition represent an openstreetmap background object which cross the camera surge level and transformation to build a view of the corresponding part of the openstreetmap.,[0 0 1 1 1 0],Class has 2 samples (Target 100)
this shape represent an openstreetmap background object which tracks the camera zoom level and translation to build a view of the corresponding part of the openstreetmap.,this shape represent an openstreetmap backcloth object which course the camera zoom level and translation to build a view of the corresponding part of the openstreetmap.,[0 0 1 1 1 0],Class has 2 samples (Target 100)
i am an example of a custom stencil that creates a rounded rectangular element with cusomizable background color and corner radius,i Am an model of a custom stencil that creates A labialise rectangular Element with cusomizable background color and corner radius,[0 0 1 1 1 0],Class has 2 samples (Target 100)
i am an example of a custom stencil that creates a rounded rectangular element with cusomizable background color and corner radius,i am an example of a usage stencil that creates a Rounded rectangular factor with Cusomizable background color and corner radius,[0 0 1 1 1 0],Class has 2 samples (Target 100)
this shape represent an openstreetmap background object which tracks the camera zoom level and translation to build a view of the corresponding part of the openstreetmap.,this Shape defend an openstreetmap ground object which tracks the Camera zoom level and translation to form a View of the corresponding part of the openstreetmap.,[0 0 1 1 1 0],Class has 2 samples (Target 100)
this shape represent an openstreetmap background object which tracks the camera zoom level and translation to build a view of the corresponding part of the openstreetmap.,This configuration represent an openstreetmap backcloth Object which tracks the camera zoom level and translation to build a view of the comparable part of The openstreetmap.,[0 0 1 1 1 0],Class has 2 samples (Target 100)
this shape represent an openstreetmap background object which tracks the camera zoom level and translation to build a view of the corresponding part of the openstreetmap.,this shape represent an openstreetmap background Object which tracks the camera soar dismantle and translation to progress a view of the corresponding split of the openstreetmap.,[0 0 1 1 1 0],Class has 2 samples (Target 100)
i am an example of a custom stencil that creates a rounded rectangular element with cusomizable background color and corner radius,i Am an lesson of a impost stencil that make a rounded rectangular element with cusomizable setting Color and corner r,[0 0 1 1 1 0],Class has 2 samples (Target 100)
this shape represent an openstreetmap background object which tracks the camera zoom level and translation to build a view of the corresponding part of the openstreetmap.,this shape represent an openstreetmap background target which path the camera whizz Level and translation to build a view of the comparable part of the openstreetmap.,[0 0 1 1 1 0],Class has 2 samples (Target 100)
this shape represent an openstreetmap background object which tracks the camera zoom level and translation to build a view of the corresponding part of the openstreetmap.,This contour represent an openstreetmap backcloth aim which tracks the camera whizz level And transformation to build a View Of the match share of the openstreetmap.,[0 0 1 1 1 0],Class has 2 samples (Target 100)
this shape represent an openstreetmap background object which tracks the camera zoom level and translation to build a view of the corresponding part of the openstreetmap.,this shape symbolise an openstreetmap ground object which Tracks the camera surge level and transformation to figure a view of the corresponding part of the openstreetmap.,[0 0 1 1 1 0],Class has 2 samples (Target 100)
i am an example of a custom stencil that creates a rounded rectangular element with cusomizable background color and corner radius,i am an example of A custom stencil that produce a rounded rectangular component With cusomizable background color and corner radius,[0 0 1 1 1 0],Class has 2 samples (Target 100)
this shape represent an openstreetmap background object which tracks the camera zoom level and translation to build a view of the corresponding part of the openstreetmap.,this figure symbolize an openstreetmap desktop Object which traverse the camera zoom level and translation to anatomy a view of the like part Of the openstreetmap.,[0 0 1 1 1 0],Class has 2 samples (Target 100)
this shape represent an openstreetmap background object which tracks the camera zoom level and translation to build a view of the corresponding part of the openstreetmap.,this forge represent an openstreetmap background object Which tracks the camera zoom level and rendering to habitus a view Of the corresponding parting of the openstreetmap.,[0 0 1 1 1 0],Class has 2 samples (Target 100)
i am an example of a custom stencil that creates a rounded rectangular element with cusomizable background color and corner radius,i am an Example of a custom stencil that creates a rounded rectangular constituent with cusomizable background colourize and corner radius,[0 0 1 1 1 0],Class has 2 samples (Target 100)
this shape represent an openstreetmap background object which tracks the camera zoom level and translation to build a view of the corresponding part of the openstreetmap.,this shape represent an Openstreetmap Background object which tracks the camera zoom level and rendering to figure a view of the check Part of the openstreetmap.,[0 0 1 1 1 0],Class has 2 samples (Target 100)
i am an example of a custom stencil that creates a rounded rectangular element with cusomizable background color and corner radius,i am an model of A usance stencil that Creates a rounded rectangular component with cusomizable Background color And corner radius,[0 0 1 1 1 0],Class has 2 samples (Target 100)
this shape represent an openstreetmap background object which tracks the camera zoom level and translation to build a view of the corresponding part of the openstreetmap.,this shape represent an openstreetmap background object which tracks the camera zoom Level and Translation to build a view of the corresponding part of the openstreetmap.,[0 0 1 1 1 0],Class has 2 samples (Target 100)
this shape represent an openstreetmap background object which tracks the camera zoom level and translation to build a view of the corresponding part of the openstreetmap.,this shape represent An Openstreetmap background object which tracks the Camera zoom level and translation to frame A view of the agree part of The Openstreetmap.,[0 0 1 1 1 0],Class has 2 samples (Target 100)
this shape represent an openstreetmap background object which tracks the camera zoom level and translation to build a view of the corresponding part of the openstreetmap.,this shape represent an openstreetmap background object which lead the camera Zoom level And version to build a opinion of the corresponding part of the Openstreetmap.,[0 0 1 1 1 0],Class has 2 samples (Target 100)
i am an example of a custom stencil that creates a rounded rectangular element with cusomizable background color and corner radius,i am An case of a custom stencil that creates a rounded rectangular element with cusomizable desktop coloration and corner radius,[0 0 1 1 1 0],Class has 2 samples (Target 100)
i am an example of a custom stencil that creates a rounded rectangular element with cusomizable background color and corner radius,i am An example of a customs stencil that create a polish rectangular element with cusomizable background color and corner radius,[0 0 1 1 1 0],Class has 2 samples (Target 100)
this shape represent an openstreetmap background object which tracks the camera zoom level and translation to build a view of the corresponding part of the openstreetmap.,This shape symbolize An openstreetmap background object which Tracks the camera soar level and translation to Build a watch of the corresponding role of the openstreetmap.,[0 0 1 1 1 0],Class has 2 samples (Target 100)
i am an example of a custom stencil that creates a rounded rectangular element with cusomizable background color and corner radius,i am an example of a custom stencil that produce a rounded rectangular element with cusomizable downplay colouring and recession radius,[0 0 1 1 1 0],Class has 2 samples (Target 100)
this shape represent an openstreetmap background object which tracks the camera zoom level and translation to build a view of the corresponding part of the openstreetmap.,this shape comprise an openstreetmap backdrop object which dog The camera whizz flat and translation to build a view of the agree part of the openstreetmap.,[0 0 1 1 1 0],Class has 2 samples (Target 100)
this shape represent an openstreetmap background object which tracks the camera zoom level and translation to build a view of the corresponding part of the openstreetmap.,this shape represent an openstreetmap background object which tracks the camera zoom level and translation to build a view of The corresponding part of the openstreetmap.,[0 0 1 1 1 0],Class has 2 samples (Target 100)
this shape represent an openstreetmap background object which tracks the camera zoom level and translation to build a view of the corresponding part of the openstreetmap.,this shape play an openstreetmap Background target which tracks the camera zoom level and version to build A view of the corresponding part of the openstreetmap.,[0 0 1 1 1 0],Class has 2 samples (Target 100)
this shape represent an openstreetmap background object which tracks the camera zoom level and translation to build a view of the corresponding part of the openstreetmap.,this shape represent an openstreetmap scope target which tracks the camera Zoom grade and rendering to physique a View of the corresponding part of The openstreetmap.,[0 0 1 1 1 0],Class has 2 samples (Target 100)
this shape represent an openstreetmap background object which tracks the camera zoom level and translation to build a view of the corresponding part of the openstreetmap.,This shape represent an openstreetmap background object which tracks the camera zoom tier and translation to build a view of the corresponding part of the openstreetmap.,[0 0 1 1 1 0],Class has 2 samples (Target 100)
this shape represent an openstreetmap background object which tracks the camera zoom level and translation to build a view of the corresponding part of the openstreetmap.,this shape be an openstreetmap background object which Tracks The camera Zoom level and translation to anatomy a view of The corresponding part of the openstreetmap.,[0 0 1 1 1 0],Class has 2 samples (Target 100)
i am an example of a custom stencil that creates a rounded rectangular element with cusomizable background color and corner radius,i am an illustration of a custom stencil that creates a rounded rectangular ingredient with Cusomizable background color And Corner radius,[0 0 1 1 1 0],Class has 2 samples (Target 100)
this shape represent an openstreetmap background object which tracks the camera zoom level and translation to build a view of the corresponding part of the openstreetmap.,This shape Represent An Openstreetmap setting Object which tracks the camera zoom degree and translation to construct a view of the equate Part of the openstreetmap.,[0 0 1 1 1 0],Class has 2 samples (Target 100)
i am an example of a custom stencil that creates a rounded rectangular element with cusomizable background color and corner radius,i am an example of a custom stencil that make a rounded rectangular Element with cusomizable background emblazon and tree r,[0 0 1 1 1 0],Class has 2 samples (Target 100)
this shape represent an openstreetmap background object which tracks the camera zoom level and translation to build a view of the corresponding part of the openstreetmap.,this form represent an openstreetmap Background target which Tracks the camera zoom dismantle and Translation to Build a view of the comparable part of the openstreetmap.,[0 0 1 1 1 0],Class has 2 samples (Target 100)
i am an example of a custom stencil that creates a rounded rectangular element with cusomizable background color and corner radius,i am an instance of a Custom stencil that creates a rounded rectangular Element with Cusomizable background color and niche spoke,[0 0 1 1 1 0],Class has 2 samples (Target 100)
this shape represent an openstreetmap background object which tracks the camera zoom level and translation to build a view of the corresponding part of the openstreetmap.,this shape represent an openstreetmap setting target which tracks The camera surge level and version to figure A view of the corresponding part Of the openstreetmap.,[0 0 1 1 1 0],Class has 2 samples (Target 100)
i am an example of a custom stencil that creates a rounded rectangular element with cusomizable background color and corner radius,i am an example of a custom Stencil that creates a assail rectangular Element with cusomizable backcloth color and corner radius,[0 0 1 1 1 0],Class has 2 samples (Target 100)
i am an example of a custom stencil that creates a rounded rectangular element with cusomizable background color and corner radius,i am an example of a custom stencil that make a rounded rectangular constituent with cusomizable ground color And tree radius,[0 0 1 1 1 0],Class has 2 samples (Target 100)
i am an example of a custom stencil that creates a rounded rectangular element with cusomizable background color and corner radius,i am an instance Of A usance stencil that creates a rounded rectangular element with cusomizable background Color and Corner spoke,[0 0 1 1 1 0],Class has 2 samples (Target 100)
i am an example of a custom stencil that creates a rounded rectangular element with cusomizable background color and corner radius,I am an Example of a impost stencil that create a rounded rectangular element with cusomizable setting color and corner radius,[0 0 1 1 1 0],Class has 2 samples (Target 100)
i am an example of a custom stencil that creates a rounded rectangular element with cusomizable background color and corner radius,i Am an example of a Custom stencil that creates a round orthogonal element with cusomizable background coloring and corner r,[0 0 1 1 1 0],Class has 2 samples (Target 100)
this shape represent an openstreetmap background object which tracks the camera zoom level and translation to build a view of the corresponding part of the openstreetmap.,this frame play an openstreetmap background Object which tracks the Camera whizz level and translation to build a View of the like part of the openstreetmap.,[0 0 1 1 1 0],Class has 2 samples (Target 100)
i am an example of a custom stencil that creates a rounded rectangular element with cusomizable background color and corner radius,I am an example of a custom stencil that create a labialize orthogonal element with cusomizable background color and corner radius,[0 0 1 1 1 0],Class has 2 samples (Target 100)
i am an example of a custom stencil that creates a rounded rectangular element with cusomizable background color and corner radius,i am an example of a usage stencil that creates a Rounded rectangular element with cusomizable background color and Corner r,[0 0 1 1 1 0],Class has 2 samples (Target 100)
this shape represent an openstreetmap background object which tracks the camera zoom level and translation to build a view of the corresponding part of the openstreetmap.,this shape represent an openstreetmap background objective which Tracks the camera zoom unwavering and transformation to Build a View Of the corresponding partially of the openstreetmap.,[0 0 1 1 1 0],Class has 2 samples (Target 100)
i am an example of a custom stencil that creates a rounded rectangular element with cusomizable background color and corner radius,i am an example of a custom stencil That make a rounded rectangular element with cusomizable backcloth color and niche Radius,[0 0 1 1 1 0],Class has 2 samples (Target 100)
i am an example of a custom stencil that creates a rounded rectangular element with cusomizable background color and corner radius,i am an example of a usance stencil that create a rounded Rectangular factor With cusomizable background color and corner radius,[0 0 1 1 1 0],Class has 2 samples (Target 100)
this shape represent an openstreetmap background object which tracks the camera zoom level and translation to build a view of the corresponding part of the openstreetmap.,This shape represent an openstreetmap scope object which racetrack the Camera zoom level And rendering to progress a view of the corresponding part Of The openstreetmap.,[0 0 1 1 1 0],Class has 2 samples (Target 100)
i am an example of a custom stencil that creates a rounded rectangular element with cusomizable background color and corner radius,i am an example of a custom stencil That create a rounded rectangular element with Cusomizable background color and box Radius,[0 0 1 1 1 0],Class has 2 samples (Target 100)
this shape represent an openstreetmap background object which tracks the camera zoom level and translation to build a view of the corresponding part of the openstreetmap.,this figure represent an openstreetmap background object which tracks the camera zoom Level and translation to build a view of the corresponding part of the openstreetmap.,[0 0 1 1 1 0],Class has 2 samples (Target 100)
i am an example of a custom stencil that creates a rounded rectangular element with cusomizable background color and corner radius,i am an exercise of a custom stencil that creates a rounded orthogonal Element with cusomizable background color and corner spoke,[0 0 1 1 1 0],Class has 2 samples (Target 100)
this shape represent an openstreetmap background object which tracks the camera zoom level and translation to build a view of the corresponding part of the openstreetmap.,this shape represent an openstreetmap background object Which tracks the camera whizz degree and transformation to build a view of the corresponding part Of the openstreetmap.,[0 0 1 1 1 0],Class has 2 samples (Target 100)
i am an example of a custom stencil that creates a rounded rectangular element with cusomizable background color and corner radius,i am an example of a Custom Stencil that creates a labialise rectangular factor with cusomizable background color and corner Radius,[0 0 1 1 1 0],Class has 2 samples (Target 100)
i am an example of a custom stencil that creates a rounded rectangular element with cusomizable background color and corner radius,i am an example of a impost stencil that create a polish rectangular Element with cusomizable scope colorize and corner radius,[0 0 1 1 1 0],Class has 2 samples (Target 100)
i am an example of a custom stencil that creates a rounded rectangular element with cusomizable background color and corner radius,I am an exercise of a custom stencil that create A polish rectangular element with Cusomizable background tinge and corner Radius,[0 0 1 1 1 0],Class has 2 samples (Target 100)
this shape represent an openstreetmap background object which tracks the camera zoom level and translation to build a view of the corresponding part of the openstreetmap.,this shape represent an openstreetmap ground Object which cover the camera Zoom level and version to build a view Of the corresponding part of the openstreetmap.,[0 0 1 1 1 0],Class has 2 samples (Target 100)
this shape represent an openstreetmap background object which tracks the camera zoom level and translation to build a view of the corresponding part of the openstreetmap.,this Shape represent an openstreetmap background object which tracks the camera surge level and Translation to build a view of the tally part of the openstreetmap.,[0 0 1 1 1 0],Class has 2 samples (Target 100)
this shape represent an openstreetmap background object which tracks the camera zoom level and translation to build a view of the corresponding part of the openstreetmap.,this shape represent an openstreetmap background object which tracks the camera surge level and rendering to build a view of the corresponding persona of The openstreetmap.,[0 0 1 1 1 0],Class has 2 samples (Target 100)
this shape represent an openstreetmap background object which tracks the camera zoom level and translation to build a view of the corresponding part of the openstreetmap.,this shape Represent an Openstreetmap scope objective which tracks the camera soar level and displacement to build a prospect of the corresponding piece of the openstreetmap.,[0 0 1 1 1 0],Class has 2 samples (Target 100)
i am an example of a custom stencil that creates a rounded rectangular element with cusomizable background color and corner radius,i am an example Of a custom stencil that creates a rounded orthogonal element with cusomizable backcloth color and corner Radius,[0 0 1 1 1 0],Class has 2 samples (Target 100)
i am an example of a custom stencil that creates a rounded rectangular element with cusomizable background color and corner radius,i am an case of a tradition stencil that creates a rounded orthogonal factor with cusomizable desktop color and corner radius,[0 0 1 1 1 0],Class has 2 samples (Target 100)
this shape represent an openstreetmap background object which tracks the camera zoom level and translation to build a view of the corresponding part of the openstreetmap.,this shape Represent an openstreetmap background objective which tracks the camera Zoom grade and translation to build A view of the corresponding persona of the openstreetmap.,[0 0 1 1 1 0],Class has 2 samples (Target 100)
i am an example of a custom stencil that creates a rounded rectangular element with cusomizable background color and corner radius,i am an Example of a Custom stencil that Creates a labialise orthogonal element with cusomizable background semblance and corner spoke,[0 0 1 1 1 0],Class has 2 samples (Target 100)
i am an example of a custom stencil that creates a rounded rectangular element with cusomizable background color and corner radius,i am an case of a customs Stencil that creates a Rounded rectangular element With cusomizable background color and quoin radius,[0 0 1 1 1 0],Class has 2 samples (Target 100)
this shape represent an openstreetmap background object which tracks the camera zoom level and translation to build a view of the corresponding part of the openstreetmap.,this shape represent an openstreetmap background object which tracks the camera surge level And version To build a view Of the represent divide of the openstreetmap.,[0 0 1 1 1 0],Class has 2 samples (Target 100)
this shape represent an openstreetmap background object which tracks the camera zoom level and translation to build a view of the corresponding part of the openstreetmap.,this shape Represent an openstreetmap background object Which trail the camera zoom level and Translation To build a view of the Corresponding part of the openstreetmap.,[0 0 1 1 1 0],Class has 2 samples (Target 100)
i am an example of a custom stencil that creates a rounded rectangular element with cusomizable background color and corner radius,i am an example of a custom stencil that creates a polish orthogonal element with cusomizable scope color and corner radius,[0 0 1 1 1 0],Class has 2 samples (Target 100)
i am an example of a custom stencil that creates a rounded rectangular element with cusomizable background color and corner radius,i am an example of a custom stencil that create a rounded orthogonal constituent with cusomizable background vividness and corner r,[0 0 1 1 1 0],Class has 2 samples (Target 100)
i am an example of a custom stencil that creates a rounded rectangular element with cusomizable background color and corner radius,i am an example of a Custom stencil that creates a rounded rectangular element with cusomizable background color and corner radius,[0 0 1 1 1 0],Class has 2 samples (Target 100)
this shape represent an openstreetmap background object which tracks the camera zoom level and translation to build a view of the corresponding part of the openstreetmap.,this shape represent an openstreetmap background object which tracks the camera zoom level and translation to build a View of the corresponding part of the openstreetmap.,[0 0 1 1 1 0],Class has 2 samples (Target 100)
i am an example of a custom stencil that creates a rounded rectangular element with cusomizable background color and corner radius,i am an example of a custom stencil that create a rounded rectangular component with cusomizable ground tinge and quoin radius,[0 0 1 1 1 0],Class has 2 samples (Target 100)
this shape represent an openstreetmap background object which tracks the camera zoom level and translation to build a view of the corresponding part of the openstreetmap.,this shape represent an Openstreetmap background object which tracks the camera zoom level and translation to build a view of the corresponding part of The openstreetmap.,[0 0 1 1 1 0],Class has 2 samples (Target 100)
this shape represent an openstreetmap background object which tracks the camera zoom level and translation to build a view of the corresponding part of the openstreetmap.,this shape represent an openstreetmap background object which tracks the camera Zoom Level and translation to habitus A view of the corresponding part of the openstreetmap.,[0 0 1 1 1 0],Class has 2 samples (Target 100)
i am an example of a custom stencil that creates a rounded rectangular element with cusomizable background color and corner radius,i am an Example of a custom stencil that creates a rounded orthogonal element with cusomizable Background color and corner spoke,[0 0 1 1 1 0],Class has 2 samples (Target 100)
this shape represent an openstreetmap background object which tracks the camera zoom level and translation to build a view of the corresponding part of the openstreetmap.,this Shape represent an openstreetmap background object which tracks The camera zoom level and transformation to bod a view of The corresponding part of the openstreetmap.,[0 0 1 1 1 0],Class has 2 samples (Target 100)
this shape represent an openstreetmap background object which tracks the camera zoom level and translation to build a view of the corresponding part of the openstreetmap.,this shape Represent an openstreetmap background object which running the camera zoom level and rendering to build a view of The corresponding voice of the openstreetmap.,[0 0 1 1 1 0],Class has 2 samples (Target 100)
i am an example of a custom stencil that creates a rounded rectangular element with cusomizable background color and corner radius,i am an example of a custom stencil that produce a rounded rectangular ingredient with Cusomizable background colouration and corner radius,[0 0 1 1 1 0],Class has 2 samples (Target 100)
this shape represent an openstreetmap background object which tracks the camera zoom level and translation to build a view of the corresponding part of the openstreetmap.,this shape symbolise an Openstreetmap background Object which traverse The camera zoom level and translation to build a view of the corresponding part of the openstreetmap.,[0 0 1 1 1 0],Class has 2 samples (Target 100)
i am an example of a custom stencil that creates a rounded rectangular element with cusomizable background color and corner radius,i am an example of a impost stencil that produce a rounded rectangular factor with cusomizable background semblance and corner r,[0 0 1 1 1 0],Class has 2 samples (Target 100)
this shape represent an openstreetmap background object which tracks the camera zoom level and translation to build a view of the corresponding part of the openstreetmap.,this shape represent An openstreetmap backcloth object which rails the camera zoom level and translation to build A thought of the corresponding part of the openstreetmap.,[0 0 1 1 1 0],Class has 2 samples (Target 100)
i am an example of a custom stencil that creates a rounded rectangular element with cusomizable background color and corner radius,i am an example of a tradition stencil that creates A assail rectangular Element with cusomizable background color and recess radius,[0 0 1 1 1 0],Class has 2 samples (Target 100)
i am an example of a custom stencil that creates a rounded rectangular element with cusomizable background color and corner radius,i am an model of a custom stencil that creates a assail rectangular element With cusomizable ground color And corner radius,[0 0 1 1 1 0],Class has 2 samples (Target 100)
i am an example of a custom stencil that creates a rounded rectangular element with cusomizable background color and corner radius,i am an example of a custom stencil that make a polish rectangular element with cusomizable background colourise and nook radius,[0 0 1 1 1 0],Class has 2 samples (Target 100)
this shape represent an openstreetmap background object which tracks the camera zoom level and translation to build a view of the corresponding part of the openstreetmap.,this conformation represent an openstreetmap background object which Tracks the camera zoom level and translation To build a view of the correspond part of The openstreetmap.,[0 0 1 1 1 0],Class has 2 samples (Target 100)
i am an example of a custom stencil that creates a rounded rectangular element with cusomizable background color and corner radius,i Am an example of a custom stencil that make a rounded rectangular element with cusomizable background colorize and quoin radius,[0 0 1 1 1 0],Class has 2 samples (Target 100)
i am an example of a custom stencil that creates a rounded rectangular element with cusomizable background color and corner radius,i am an Example of a impost stencil that produce a rounded rectangular element With cusomizable background emblazon and corner radius,[0 0 1 1 1 0],Class has 2 samples (Target 100)
i am an example of a custom stencil that creates a rounded rectangular element with cusomizable background color and corner radius,i am an exercise of a custom stencil that creates a labialize rectangular element with cusomizable background color And nook radius,[0 0 1 1 1 0],Class has 2 samples (Target 100)
then i execute those methods with the example as a receiver and the pragma arguments.,Then I accomplish Those method with the illustration as a receiver And the pragma Arguments.,[1 1 0 0 0 0],Class has 2 samples (Target 100)
then i execute those methods with the example as a receiver and the pragma arguments.,then i execute Those methods with the example As A liquidator and the pragma Arguments.,[1 1 0 0 0 0],Class has 2 samples (Target 100)
to initialize the subjects of an example i call #gtexamplesubjects on the provider object.,to initialise the subjects of an Example i hollo #gtexamplesubjects on The provider object.,[1 1 0 0 0 0],Class has 2 samples (Target 100)
then i execute those methods with the example as a receiver and the pragma arguments.,Then i execute those methods with the representative As A receiver and The pragma arguments.,[1 1 0 0 0 0],Class has 2 samples (Target 100)
to initialize the subjects of an example i call #gtexamplesubjects on the provider object.,To initialise the content of an lesson I call #gtexamplesubjects on the provider object.,[1 1 0 0 0 0],Class has 2 samples (Target 100)
to initialize the subjects of an example i call #gtexamplesubjects on the provider object.,to initialize the Subjects of an example i call #gtexamplesubjects on the Provider object.,[1 1 0 0 0 0],Class has 2 samples (Target 100)
then i execute those methods with the example as a receiver and the pragma arguments.,then I perform those Methods with the example as A receiver and the pragma Arguments.,[1 1 0 0 0 0],Class has 2 samples (Target 100)
to initialize the subjects of an example i call #gtexamplesubjects on the provider object.,to initialize The matter of an example i cry #gtexamplesubjects on the provider object.,[1 1 0 0 0 0],Class has 2 samples (Target 100)
to initialize the subjects of an example i call #gtexamplesubjects on the provider object.,To format the subjects of An example i call #gtexamplesubjects on the supplier object.,[1 1 0 0 0 0],Class has 2 samples (Target 100)
to initialize the subjects of an example i call #gtexamplesubjects on the provider object.,to initialize the national of an example i call #gtexamplesubjects on the Provider object.,[1 1 0 0 0 0],Class has 2 samples (Target 100)
to initialize the subjects of an example i call #gtexamplesubjects on the provider object.,to Initialize the subjects of an example i call #gtexamplesubjects on the Provider object.,[1 1 0 0 0 0],Class has 2 samples (Target 100)
then i execute those methods with the example as a receiver and the pragma arguments.,so i execute those methods with the example As a receiver and the pragma arguments.,[1 1 0 0 0 0],Class has 2 samples (Target 100)
then i execute those methods with the example as a receiver and the pragma arguments.,so i action those method with the example as A liquidator and the pragma arguments.,[1 1 0 0 0 0],Class has 2 samples (Target 100)
to initialize the subjects of an example i call #gtexamplesubjects on the provider object.,to initialize the subjects of an example i vociferation #gtexamplesubjects on The provider object.,[1 1 0 0 0 0],Class has 2 samples (Target 100)
then i execute those methods with the example as a receiver and the pragma arguments.,then i run those methods With the example as a receiver and the pragma Arguments.,[1 1 0 0 0 0],Class has 2 samples (Target 100)
to initialize the subjects of an example i call #gtexamplesubjects on the provider object.,to initialize the subjects of An Example i call #gtexamplesubjects on the provider object.,[1 1 0 0 0 0],Class has 2 samples (Target 100)
then i execute those methods with the example as a receiver and the pragma arguments.,so i execute those methods with the example as a recipient and the pragma arguments.,[1 1 0 0 0 0],Class has 2 samples (Target 100)
then i execute those methods with the example as a receiver and the pragma arguments.,then i do those method with the example as a receiver and the pragma arguments.,[1 1 0 0 0 0],Class has 2 samples (Target 100)
then i execute those methods with the example as a receiver and the pragma arguments.,so i fulfill those methods with The example as a receiver and the pragma arguments.,[1 1 0 0 0 0],Class has 2 samples (Target 100)
then i execute those methods with the example as a receiver and the pragma arguments.,then i execute those method with the example as a receiver and the pragma Arguments.,[1 1 0 0 0 0],Class has 2 samples (Target 100)
to initialize the subjects of an example i call #gtexamplesubjects on the provider object.,To initialize the content of an exercise i call #gtexamplesubjects on the supplier object.,[1 1 0 0 0 0],Class has 2 samples (Target 100)
to initialize the subjects of an example i call #gtexamplesubjects on the provider object.,to initialize the subjects of an example I call #gtexamplesubjects On the provider object.,[1 1 0 0 0 0],Class has 2 samples (Target 100)
to initialize the subjects of an example i call #gtexamplesubjects on the provider object.,to initialize the subjects of an instance i call #gtexamplesubjects On the provider object.,[1 1 0 0 0 0],Class has 2 samples (Target 100)
then i execute those methods with the example as a receiver and the pragma arguments.,so i execute those method With the example as a receiver and the pragma arguments.,[1 1 0 0 0 0],Class has 2 samples (Target 100)
then i execute those methods with the example as a receiver and the pragma arguments.,then i run Those method with the example as a receiver and the pragma arguments.,[1 1 0 0 0 0],Class has 2 samples (Target 100)
then i execute those methods with the example as a receiver and the pragma arguments.,then i execute those methods with The example as a receiver and the pragma arguments.,[1 1 0 0 0 0],Class has 2 samples (Target 100)
to initialize the subjects of an example i call #gtexamplesubjects on the provider object.,to initialise the subjects of an example I outcry #gtexamplesubjects on the provider object.,[1 1 0 0 0 0],Class has 2 samples (Target 100)
then i execute those methods with the example as a receiver and the pragma arguments.,then i action those method With the example as a receiver and the pragma arguments.,[1 1 0 0 0 0],Class has 2 samples (Target 100)
then i execute those methods with the example as a receiver and the pragma arguments.,then i execute those method with the example as a receiver and the pragma arguments.,[1 1 0 0 0 0],Class has 2 samples (Target 100)
to initialize the subjects of an example i call #gtexamplesubjects on the provider object.,to Initialize the subjects of an example i foretell #gtexamplesubjects on the provider object.,[1 1 0 0 0 0],Class has 2 samples (Target 100)
then i execute those methods with the example as a receiver and the pragma arguments.,so i execute those methods with the Example As a receiver and The pragma arguments.,[1 1 0 0 0 0],Class has 2 samples (Target 100)
then i execute those methods with the example as a receiver and the pragma arguments.,then i execute those Methods with the example as a liquidator and the pragma arguments.,[1 1 0 0 0 0],Class has 2 samples (Target 100)
then i execute those methods with the example as a receiver and the pragma arguments.,so i execute those methods with the example as a recipient and the pragma Arguments.,[1 1 0 0 0 0],Class has 2 samples (Target 100)
to initialize the subjects of an example i call #gtexamplesubjects on the provider object.,to initialize the Subjects of an example i call #gtexamplesubjects On the supplier object.,[1 1 0 0 0 0],Class has 2 samples (Target 100)
then i execute those methods with the example as a receiver and the pragma arguments.,then i execute those method With the example as a receiver and the pragma arguments.,[1 1 0 0 0 0],Class has 2 samples (Target 100)
then i execute those methods with the example as a receiver and the pragma arguments.,then i Execute those methods with the example as a receiver and the pragma arguments.,[1 1 0 0 0 0],Class has 2 samples (Target 100)
then i execute those methods with the example as a receiver and the pragma arguments.,then i fulfill those methods with the exemplar As a receiver and the pragma arguments.,[1 1 0 0 0 0],Class has 2 samples (Target 100)
to initialize the subjects of an example i call #gtexamplesubjects on the provider object.,to format the subjects of an example i call #gtexamplesubjects on the provider object.,[1 1 0 0 0 0],Class has 2 samples (Target 100)
to initialize the subjects of an example i call #gtexamplesubjects on the provider object.,to initialize the Subjects of an example i call #gtexamplesubjects on the supplier object.,[1 1 0 0 0 0],Class has 2 samples (Target 100)
to initialize the subjects of an example i call #gtexamplesubjects on the provider object.,to initialize The subjects of an illustration i call #gtexamplesubjects on the provider object.,[1 1 0 0 0 0],Class has 2 samples (Target 100)
then i execute those methods with the example as a receiver and the pragma arguments.,Then I accomplish those Methods with the example as a receiver and the pragma arguments.,[1 1 0 0 0 0],Class has 2 samples (Target 100)
to initialize the subjects of an example i call #gtexamplesubjects on the provider object.,to Initialize the subjects of an example i claim #gtexamplesubjects on the provider object.,[1 1 0 0 0 0],Class has 2 samples (Target 100)
to initialize the subjects of an example i call #gtexamplesubjects on the provider object.,to initialise the subjects of an example i call #gtexamplesubjects on the provider object.,[1 1 0 0 0 0],Class has 2 samples (Target 100)
to initialize the subjects of an example i call #gtexamplesubjects on the provider object.,to initialise the subjects of an example i predict #gtexamplesubjects on the provider object.,[1 1 0 0 0 0],Class has 2 samples (Target 100)
to initialize the subjects of an example i call #gtexamplesubjects on the provider object.,to initialise The subjects of An example I call #gtexamplesubjects on the provider object.,[1 1 0 0 0 0],Class has 2 samples (Target 100)
to initialize the subjects of an example i call #gtexamplesubjects on the provider object.,to initialize the subject of an example i call #gtexamplesubjects on the supplier object.,[1 1 0 0 0 0],Class has 2 samples (Target 100)
then i execute those methods with the example as a receiver and the pragma arguments.,then i perform Those methods with the example as a receiver and the pragma arguments.,[1 1 0 0 0 0],Class has 2 samples (Target 100)
to initialize the subjects of an example i call #gtexamplesubjects on the provider object.,to initialize the subjects of An example i predict #gtexamplesubjects on the provider object.,[1 1 0 0 0 0],Class has 2 samples (Target 100)
then i execute those methods with the example as a receiver and the pragma arguments.,then i action those methods with the Example As a receiver and the pragma arguments.,[1 1 0 0 0 0],Class has 2 samples (Target 100)
then i execute those methods with the example as a receiver and the pragma arguments.,then i execute those methods with the example as a recipient and the Pragma arguments.,[1 1 0 0 0 0],Class has 2 samples (Target 100)
then i execute those methods with the example as a receiver and the pragma arguments.,then i execute those methods with the example as a Receiver and the Pragma arguments.,[1 1 0 0 0 0],Class has 2 samples (Target 100)
then i execute those methods with the example as a receiver and the pragma arguments.,then i execute those methods with the exercise as a receiver and The pragma arguments.,[1 1 0 0 0 0],Class has 2 samples (Target 100)
then i execute those methods with the example as a receiver and the pragma arguments.,then i fulfil those method with the example as a receiver and the pragma arguments.,[1 1 0 0 0 0],Class has 2 samples (Target 100)
then i execute those methods with the example as a receiver and the pragma arguments.,then i execute those methods with the example As a receiver and the pragma arguments.,[1 1 0 0 0 0],Class has 2 samples (Target 100)
then i execute those methods with the example as a receiver and the pragma arguments.,so i execute those methods With the example as a receiver and the pragma Arguments.,[1 1 0 0 0 0],Class has 2 samples (Target 100)
then i execute those methods with the example as a receiver and the pragma arguments.,then i execute those methods with The example as a Receiver and the pragma arguments.,[1 1 0 0 0 0],Class has 2 samples (Target 100)
then i execute those methods with the example as a receiver and the pragma arguments.,then i fulfil those methods With the example as a receiver and the Pragma arguments.,[1 1 0 0 0 0],Class has 2 samples (Target 100)
to initialize the subjects of an example i call #gtexamplesubjects on the provider object.,to Initialize The subjects of an example i call #gtexamplesubjects on the provider object.,[1 1 0 0 0 0],Class has 2 samples (Target 100)
to initialize the subjects of an example i call #gtexamplesubjects on the provider object.,to initialize the study of an example i call #gtexamplesubjects on the supplier object.,[1 1 0 0 0 0],Class has 2 samples (Target 100)
then i execute those methods with the example as a receiver and the pragma arguments.,then i fulfill those method with the example as a Receiver and the Pragma Arguments.,[1 1 0 0 0 0],Class has 2 samples (Target 100)
then i execute those methods with the example as a receiver and the pragma arguments.,then i Execute those methods with The example as a receiver and the pragma arguments.,[1 1 0 0 0 0],Class has 2 samples (Target 100)
to initialize the subjects of an example i call #gtexamplesubjects on the provider object.,to format the subjects of an example I promise #gtexamplesubjects on the supplier object.,[1 1 0 0 0 0],Class has 2 samples (Target 100)
to initialize the subjects of an example i call #gtexamplesubjects on the provider object.,to Initialize the issue of an example i ring #gtexamplesubjects on the provider object.,[1 1 0 0 0 0],Class has 2 samples (Target 100)
then i execute those methods with the example as a receiver and the pragma arguments.,so I execute those method with the lesson as a receiver and the pragma arguments.,[1 1 0 0 0 0],Class has 2 samples (Target 100)
then i execute those methods with the example as a receiver and the pragma arguments.,then I execute those method with the example as a Receiver and the Pragma arguments.,[1 1 0 0 0 0],Class has 2 samples (Target 100)
to initialize the subjects of an example i call #gtexamplesubjects on the provider object.,To Initialize the subjects of an example I Call #gtexamplesubjects on the supplier object.,[1 1 0 0 0 0],Class has 2 samples (Target 100)
to initialize the subjects of an example i call #gtexamplesubjects on the provider object.,to Initialize the subjects of An model i ring #gtexamplesubjects on The provider object.,[1 1 0 0 0 0],Class has 2 samples (Target 100)
then i execute those methods with the example as a receiver and the pragma arguments.,then i execute those methods With the example as a liquidator and the pragma arguments.,[1 1 0 0 0 0],Class has 2 samples (Target 100)
then i execute those methods with the example as a receiver and the pragma arguments.,then i execute those methods with the model as A Receiver and the pragma arguments.,[1 1 0 0 0 0],Class has 2 samples (Target 100)
then i execute those methods with the example as a receiver and the pragma arguments.,then i execute those method with the Example as a receiver and the pragma arguments.,[1 1 0 0 0 0],Class has 2 samples (Target 100)
then i execute those methods with the example as a receiver and the pragma arguments.,then i execute those methods with the illustration as A receiver and the pragma arguments.,[1 1 0 0 0 0],Class has 2 samples (Target 100)
to initialize the subjects of an example i call #gtexamplesubjects on the provider object.,to initialize the subjects of an example i prognosticate #gtexamplesubjects on the supplier object.,[1 1 0 0 0 0],Class has 2 samples (Target 100)
to initialize the subjects of an example i call #gtexamplesubjects on the provider object.,to initialize the subjects of an example i call #gtexamplesubjects On the provider object.,[1 1 0 0 0 0],Class has 2 samples (Target 100)
then i execute those methods with the example as a receiver and the pragma arguments.,then i fulfil those methods with the case as a receiver and The pragma arguments.,[1 1 0 0 0 0],Class has 2 samples (Target 100)
then i execute those methods with the example as a receiver and the pragma arguments.,then i execute those methods with the example as a Receiver and the pragma arguments.,[1 1 0 0 0 0],Class has 2 samples (Target 100)
to initialize the subjects of an example i call #gtexamplesubjects on the provider object.,to Initialize the subjects of an example i call #gtexamplesubjects on the provider object.,[1 1 0 0 0 0],Class has 2 samples (Target 100)
then i execute those methods with the example as a receiver and the pragma arguments.,then i execute those Methods With the case As a receiver and The pragma arguments.,[1 1 0 0 0 0],Class has 2 samples (Target 100)
then i execute those methods with the example as a receiver and the pragma arguments.,then i execute Those method with the example as a receiver and the Pragma arguments.,[1 1 0 0 0 0],Class has 2 samples (Target 100)
then i execute those methods with the example as a receiver and the pragma arguments.,Then i execute Those method with the example As a receiver And The pragma arguments.,[1 1 0 0 0 0],Class has 2 samples (Target 100)
then i execute those methods with the example as a receiver and the pragma arguments.,then i Execute those methods with the example as a recipient and the pragma arguments.,[1 1 0 0 0 0],Class has 2 samples (Target 100)
then i execute those methods with the example as a receiver and the pragma arguments.,then i Execute those methods with the example as a Receiver and the pragma arguments.,[1 1 0 0 0 0],Class has 2 samples (Target 100)
then i execute those methods with the example as a receiver and the pragma arguments.,Then i execute those methods with the example As A receiver and the pragma arguments.,[1 1 0 0 0 0],Class has 2 samples (Target 100)
then i execute those methods with the example as a receiver and the pragma arguments.,then i Execute Those methods with the example as a receiver and the pragma arguments.,[1 1 0 0 0 0],Class has 2 samples (Target 100)
then i execute those methods with the example as a receiver and the pragma arguments.,then i execute those methods with the example as a receiver and the Pragma arguments.,[1 1 0 0 0 0],Class has 2 samples (Target 100)
then i execute those methods with the example as a receiver and the pragma arguments.,Then i Execute those methods with the example as a receiver and the pragma arguments.,[1 1 0 0 0 0],Class has 2 samples (Target 100)
then i execute those methods with the example as a receiver and the pragma arguments.,then i execute Those method with the model as a receiver and the pragma arguments.,[1 1 0 0 0 0],Class has 2 samples (Target 100)
then i execute those methods with the example as a receiver and the pragma arguments.,then i execute those methods with the example as a liquidator And the Pragma arguments.,[1 1 0 0 0 0],Class has 2 samples (Target 100)
to initialize the subjects of an example i call #gtexamplesubjects on the provider object.,To initialize The study of an example i call #gtexamplesubjects on the provider object.,[1 1 0 0 0 0],Class has 2 samples (Target 100)
to initialize the subjects of an example i call #gtexamplesubjects on the provider object.,to initialise the study of an example i call #gtexamplesubjects on the supplier object.,[1 1 0 0 0 0],Class has 2 samples (Target 100)
then i execute those methods with the example as a receiver and the pragma arguments.,so i execute those method With the example As a receiver And the pragma arguments.,[1 1 0 0 0 0],Class has 2 samples (Target 100)
then i execute those methods with the example as a receiver and the pragma arguments.,then i execute Those method with the case as a receiver and the pragma arguments.,[1 1 0 0 0 0],Class has 2 samples (Target 100)
then i execute those methods with the example as a receiver and the pragma arguments.,so i execute Those methods with The example as a Receiver and the pragma Arguments.,[1 1 0 0 0 0],Class has 2 samples (Target 100)
to initialize the subjects of an example i call #gtexamplesubjects on the provider object.,to initialize The discipline of an Example I shout #gtexamplesubjects on The provider object.,[1 1 0 0 0 0],Class has 2 samples (Target 100)
to initialize the subjects of an example i call #gtexamplesubjects on the provider object.,to initialize the theme Of an instance I cry #gtexamplesubjects On the Provider object.,[1 1 0 0 0 0],Class has 2 samples (Target 100)
then i execute those methods with the example as a receiver and the pragma arguments.,then i fulfill those methods with the exercise as a recipient and the pragma arguments.,[1 1 0 0 0 0],Class has 2 samples (Target 100)
to initialize the subjects of an example i call #gtexamplesubjects on the provider object.,to initialise the subjects of An example i Call #gtexamplesubjects on the provider object.,[1 1 0 0 0 0],Class has 2 samples (Target 100)
to initialize the subjects of an example i call #gtexamplesubjects on the provider object.,to initialize The subjects of An example i call #gtexamplesubjects on the supplier Object.,[1 1 0 0 0 0],Class has 2 samples (Target 100)
then i execute those methods with the example as a receiver and the pragma arguments.,Then i Execute those methods with The exercise as a recipient and the pragma arguments.,[1 1 0 0 0 0],Class has 2 samples (Target 100)
given a data model walabelledformdialog displays a label and input field for each instance variable of interest.,given a information model walabelledformdialog displays a Label and input field for each Instance variable of interest.,[0 1 1 0 1 0],Class has 2 samples (Target 100)
given a data model walabelledformdialog displays a label and input field for each instance variable of interest.,given a data exemplar walabelledformdialog displays a label and input field for apiece illustration variable of interest.,[0 1 1 0 1 0],Class has 2 samples (Target 100)
given a data model walabelledformdialog displays a label and input field for each instance variable of interest.,break A data manikin walabelledformdialog displays a tag and input field for Each instance variable Of interest.,[0 1 1 0 1 0],Class has 2 samples (Target 100)
user supplied data is placed in the data model.,user supplied data is set in the data model.,[0 1 1 0 1 0],Class has 2 samples (Target 100)
user supplied data is placed in the data model.,exploiter supplied data is placed in the data model.,[0 1 1 0 1 0],Class has 2 samples (Target 100)
given a data model walabelledformdialog displays a label and input field for each instance variable of interest.,given a data model Walabelledformdialog Displays a label And stimulant plain for each instance variable of interest.,[0 1 1 0 1 0],Class has 2 samples (Target 100)
given a data model walabelledformdialog displays a label and input field for each instance variable of interest.,given A data Model walabelledformdialog display A label and input field for each instance variable of Interest.,[0 1 1 0 1 0],Class has 2 samples (Target 100)
given a data model walabelledformdialog displays a label and input field for each instance variable of interest.,given a data model walabelledformdialog displays a judge and stimulation field for apiece illustration variable of interest.,[0 1 1 0 1 0],Class has 2 samples (Target 100)
given a data model walabelledformdialog displays a label and input field for each instance variable of interest.,given a data model walabelledformdialog displays a label and input Field for each instance variable of interest.,[0 1 1 0 1 0],Class has 2 samples (Target 100)
user supplied data is placed in the data model.,exploiter supplied information is placed in the data model.,[0 1 1 0 1 0],Class has 2 samples (Target 100)
given a data model walabelledformdialog displays a label and input field for each instance variable of interest.,given a data model walabelledformdialog displays a label and input theatre for apiece Instance varying of interest.,[0 1 1 0 1 0],Class has 2 samples (Target 100)
given a data model walabelledformdialog displays a label and input field for each instance variable of interest.,make a data mannequin walabelledformdialog displays A label and stimulant field for Each instance variable of Interest.,[0 1 1 0 1 0],Class has 2 samples (Target 100)
given a data model walabelledformdialog displays a label and input field for each instance variable of interest.,given a datum model walabelledformdialog displays a label And input field for Each illustrate variable of interest.,[0 1 1 0 1 0],Class has 2 samples (Target 100)
user supplied data is placed in the data model.,user supplied data is placed in the data Model.,[0 1 1 0 1 0],Class has 2 samples (Target 100)
given a data model walabelledformdialog displays a label and input field for each instance variable of interest.,given a information model walabelledformdialog showing a label and input field for each instance variable of interest.,[0 1 1 0 1 0],Class has 2 samples (Target 100)
given a data model walabelledformdialog displays a label and input field for each instance variable of interest.,given a datum simulate walabelledformdialog displays a pronounce and comment champaign for apiece instance Variable of interest.,[0 1 1 0 1 0],Class has 2 samples (Target 100)
given a data model walabelledformdialog displays a label and input field for each instance variable of interest.,apt a data simulation walabelledformdialog displays a label and input Field for each instance variable of interest.,[0 1 1 0 1 0],Class has 2 samples (Target 100)
user supplied data is placed in the data model.,exploiter issue data is placed in the data model.,[0 1 1 0 1 0],Class has 2 samples (Target 100)
given a data model walabelledformdialog displays a label and input field for each instance variable of interest.,given a information model Walabelledformdialog displays a label and input subject for Each instance variable of interest.,[0 1 1 0 1 0],Class has 2 samples (Target 100)
user supplied data is placed in the data model.,user supply data is placed in the Data model.,[0 1 1 0 1 0],Class has 2 samples (Target 100)
user supplied data is placed in the data model.,user supply Data is rate in the data model.,[0 1 1 0 1 0],Class has 2 samples (Target 100)
given a data model walabelledformdialog displays a label and input field for each instance variable of interest.,hold a Data model walabelledformdialog displays a label and input field for Each instance variable of interest.,[0 1 1 0 1 0],Class has 2 samples (Target 100)
user supplied data is placed in the data model.,user supplied datum is placed In the data model.,[0 1 1 0 1 0],Class has 2 samples (Target 100)
given a data model walabelledformdialog displays a label and input field for each instance variable of interest.,given A data manikin walabelledformdialog showing a tag And input field for each instance variable of interest.,[0 1 1 0 1 0],Class has 2 samples (Target 100)
given a data model walabelledformdialog displays a label and input field for each instance variable of interest.,sacrifice a data simulation walabelledformdialog displays a label and input field for each representative variable of interest.,[0 1 1 0 1 0],Class has 2 samples (Target 100)
given a data model walabelledformdialog displays a label and input field for each instance variable of interest.,given a information simulation Walabelledformdialog expose a label and input field for each Instance variable of interest.,[0 1 1 0 1 0],Class has 2 samples (Target 100)
user supplied data is placed in the data model.,user cater data is placed in the datum model.,[0 1 1 0 1 0],Class has 2 samples (Target 100)
user supplied data is placed in the data model.,exploiter supplied data is post in the information model.,[0 1 1 0 1 0],Class has 2 samples (Target 100)
given a data model walabelledformdialog displays a label and input field for each instance variable of interest.,given a data manakin walabelledformdialog exhibit a label and stimulation discipline for each instance variable of interest.,[0 1 1 0 1 0],Class has 2 samples (Target 100)
given a data model walabelledformdialog displays a label and input field for each instance variable of interest.,open a information model walabelledformdialog displays a label and input field for each example variable of interest.,[0 1 1 0 1 0],Class has 2 samples (Target 100)
given a data model walabelledformdialog displays a label and input field for each instance variable of interest.,given a information model walabelledformdialog displays a label and input field for each instance variable of interest.,[0 1 1 0 1 0],Class has 2 samples (Target 100)
user supplied data is placed in the data model.,user Supplied data Is placed in the data model.,[0 1 1 0 1 0],Class has 2 samples (Target 100)
given a data model walabelledformdialog displays a label and input field for each instance variable of interest.,given a data example walabelledformdialog displays A label and input field for apiece instance variable of interest.,[0 1 1 0 1 0],Class has 2 samples (Target 100)
user supplied data is placed in the data model.,user supplied information is placed in the data model.,[0 1 1 0 1 0],Class has 2 samples (Target 100)
given a data model walabelledformdialog displays a label and input field for each instance variable of interest.,given a data Model walabelledformdialog displays a pronounce and comment field for each Instance variable of interest.,[0 1 1 0 1 0],Class has 2 samples (Target 100)
user supplied data is placed in the data model.,exploiter supplied data is direct in the data model.,[0 1 1 0 1 0],Class has 2 samples (Target 100)
user supplied data is placed in the data model.,user cater Data is placed in the data model.,[0 1 1 0 1 0],Class has 2 samples (Target 100)
given a data model walabelledformdialog displays a label and input field for each instance variable of interest.,given a Data model walabelledformdialog presentation a label And input theater for each instance varying of interest.,[0 1 1 0 1 0],Class has 2 samples (Target 100)
user supplied data is placed in the data model.,user supplied data is placed in The data Model.,[0 1 1 0 1 0],Class has 2 samples (Target 100)
user supplied data is placed in the data model.,user append information is placed in the data model.,[0 1 1 0 1 0],Class has 2 samples (Target 100)
given a data model walabelledformdialog displays a label and input field for each instance variable of interest.,break a information model walabelledformdialog expose a label and stimulus field for each instance varying of interest.,[0 1 1 0 1 0],Class has 2 samples (Target 100)
user supplied data is placed in the data model.,User supplied information is placed In The information model.,[0 1 1 0 1 0],Class has 2 samples (Target 100)
user supplied data is placed in the data model.,user Supplied Data is placed in the data Model.,[0 1 1 0 1 0],Class has 2 samples (Target 100)
user supplied data is placed in the data model.,exploiter supplied information is put in the Data model.,[0 1 1 0 1 0],Class has 2 samples (Target 100)
user supplied data is placed in the data model.,exploiter furnish data is placed in the data model.,[0 1 1 0 1 0],Class has 2 samples (Target 100)
user supplied data is placed in the data model.,User supplied information is identify in the datum model.,[0 1 1 0 1 0],Class has 2 samples (Target 100)
given a data model walabelledformdialog displays a label and input field for each instance variable of interest.,pay a datum model walabelledformdialog exhibit a label and input field for apiece instance variable of interest.,[0 1 1 0 1 0],Class has 2 samples (Target 100)
given a data model walabelledformdialog displays a label and input field for each instance variable of interest.,Given a data model walabelledformdialog displays a label and stimulation field for apiece instance variable of interest.,[0 1 1 0 1 0],Class has 2 samples (Target 100)
given a data model walabelledformdialog displays a label and input field for each instance variable of interest.,grant a data model Walabelledformdialog displays a label and input field for Each instance varying of interest.,[0 1 1 0 1 0],Class has 2 samples (Target 100)
given a data model walabelledformdialog displays a label and input field for each instance variable of interest.,Given a data model walabelledformdialog displays A tag and input orbit for each instance varying Of interest.,[0 1 1 0 1 0],Class has 2 samples (Target 100)
given a data model walabelledformdialog displays a label and input field for each instance variable of interest.,given a data model walabelledformdialog displays A label and stimulation field for apiece instance variable Of Interest.,[0 1 1 0 1 0],Class has 2 samples (Target 100)
user supplied data is placed in the data model.,user supplied Data is placed in the data model.,[0 1 1 0 1 0],Class has 2 samples (Target 100)
given a data model walabelledformdialog displays a label and input field for each instance variable of interest.,hand a datum model walabelledformdialog display a label and input field for each illustration varying of interest.,[0 1 1 0 1 0],Class has 2 samples (Target 100)
given a data model walabelledformdialog displays a label and input field for each instance variable of interest.,given a data framework walabelledformdialog displays a Label and input Field for apiece instance varying of interest.,[0 1 1 0 1 0],Class has 2 samples (Target 100)
given a data model walabelledformdialog displays a label and input field for each instance variable of interest.,leave a data Model walabelledformdialog displays a label and input field for each instance varying Of interest.,[0 1 1 0 1 0],Class has 2 samples (Target 100)
user supplied data is placed in the data model.,User supplied data is placed in the data model.,[0 1 1 0 1 0],Class has 2 samples (Target 100)
given a data model walabelledformdialog displays a label and input field for each instance variable of interest.,given a Data model walabelledformdialog displays a label and comment Field for each Instance variable of interest.,[0 1 1 0 1 0],Class has 2 samples (Target 100)
given a data model walabelledformdialog displays a label and input field for each instance variable of interest.,given a data simulation walabelledformdialog displays a label and input field for each instance variable of interest.,[0 1 1 0 1 0],Class has 2 samples (Target 100)
given a data model walabelledformdialog displays a label and input field for each instance variable of interest.,devote a data posture walabelledformdialog displays a label and input field for each instance varying of interest.,[0 1 1 0 1 0],Class has 2 samples (Target 100)
user supplied data is placed in the data model.,exploiter cater data is aim in the information model.,[0 1 1 0 1 0],Class has 2 samples (Target 100)
user supplied data is placed in the data model.,user supply data is placed in the data Model.,[0 1 1 0 1 0],Class has 2 samples (Target 100)
user supplied data is placed in the data model.,User supplied data is placed In The data model.,[0 1 1 0 1 0],Class has 2 samples (Target 100)
user supplied data is placed in the data model.,user supplied information is invest in the datum model.,[0 1 1 0 1 0],Class has 2 samples (Target 100)
user supplied data is placed in the data model.,user supply data is Placed in The data model.,[0 1 1 0 1 0],Class has 2 samples (Target 100)
given a data model walabelledformdialog displays a label and input field for each instance variable of interest.,break a data model walabelledformdialog displays a label and stimulus battleground for each representative varying Of Interest.,[0 1 1 0 1 0],Class has 2 samples (Target 100)
user supplied data is placed in the data model.,user supplied data Is locate In the data model.,[0 1 1 0 1 0],Class has 2 samples (Target 100)
given a data model walabelledformdialog displays a label and input field for each instance variable of interest.,given a information model walabelledformdialog displays a label And stimulation field for each instance variable of interest.,[0 1 1 0 1 0],Class has 2 samples (Target 100)
given a data model walabelledformdialog displays a label and input field for each instance variable of interest.,make a information Model walabelledformdialog displays a judge and input field for apiece instance variable of interest.,[0 1 1 0 1 0],Class has 2 samples (Target 100)
given a data model walabelledformdialog displays a label and input field for each instance variable of interest.,given a data model walabelledformdialog displays a Label and comment field for each illustration varying of interest.,[0 1 1 0 1 0],Class has 2 samples (Target 100)
given a data model walabelledformdialog displays a label and input field for each instance variable of interest.,given a data model walabelledformdialog displays A judge and remark domain for each instance variable Of interest.,[0 1 1 0 1 0],Class has 2 samples (Target 100)
user supplied data is placed in the data model.,user add datum is placed in the datum model.,[0 1 1 0 1 0],Class has 2 samples (Target 100)
user supplied data is placed in the data model.,User supplied datum is placed in the information model.,[0 1 1 0 1 0],Class has 2 samples (Target 100)
user supplied data is placed in the data model.,user supply datum is placed In the data model.,[0 1 1 0 1 0],Class has 2 samples (Target 100)
given a data model walabelledformdialog displays a label and input field for each instance variable of interest.,given a data simulate walabelledformdialog displays a label And input arena for each example variable of interest.,[0 1 1 0 1 0],Class has 2 samples (Target 100)
given a data model walabelledformdialog displays a label and input field for each instance variable of interest.,given a datum framework walabelledformdialog expose A label and input champaign for Each instance varying of interest.,[0 1 1 0 1 0],Class has 2 samples (Target 100)
user supplied data is placed in the data model.,user supplied data is placed In the data model.,[0 1 1 0 1 0],Class has 2 samples (Target 100)
user supplied data is placed in the data model.,user furnish Data is site in the data model.,[0 1 1 0 1 0],Class has 2 samples (Target 100)
given a data model walabelledformdialog displays a label and input field for each instance variable of interest.,given a data model walabelledformdialog displays a label and input Field for each exemplify variable of interest.,[0 1 1 0 1 0],Class has 2 samples (Target 100)
given a data model walabelledformdialog displays a label and input field for each instance variable of interest.,given a data model walabelledformdialog show a mark and input field for each instance variable of interest.,[0 1 1 0 1 0],Class has 2 samples (Target 100)
user supplied data is placed in the data model.,user supplied datum is placed In the datum model.,[0 1 1 0 1 0],Class has 2 samples (Target 100)
user supplied data is placed in the data model.,exploiter supplied Data is placed in The data model.,[0 1 1 0 1 0],Class has 2 samples (Target 100)
given a data model walabelledformdialog displays a label and input field for each instance variable of interest.,given a data model walabelledformdialog displays a mark and input orbit for each Instance Variable of Interest.,[0 1 1 0 1 0],Class has 2 samples (Target 100)
given a data model walabelledformdialog displays a label and input field for each instance variable of interest.,consecrate a data model walabelledformdialog displays a label and input field for apiece instance Variable Of interest.,[0 1 1 0 1 0],Class has 2 samples (Target 100)
user supplied data is placed in the data model.,user provide information is placed in the information model.,[0 1 1 0 1 0],Class has 2 samples (Target 100)
given a data model walabelledformdialog displays a label and input field for each instance variable of interest.,given a data simulate walabelledformdialog show a label and input field for each instance varying of interest.,[0 1 1 0 1 0],Class has 2 samples (Target 100)
given a data model walabelledformdialog displays a label and input field for each instance variable of interest.,devote a data model walabelledformdialog show a tag and input area for each illustration variable of interest.,[0 1 1 0 1 0],Class has 2 samples (Target 100)
user supplied data is placed in the data model.,user Supplied data is placed in the data model.,[0 1 1 0 1 0],Class has 2 samples (Target 100)
given a data model walabelledformdialog displays a label and input field for each instance variable of interest.,given a datum modeling walabelledformdialog Displays a label and comment field for each instance variable of interest.,[0 1 1 0 1 0],Class has 2 samples (Target 100)
given a data model walabelledformdialog displays a label and input field for each instance variable of interest.,reach a data model walabelledformdialog show a Label and stimulation field for apiece instance varying Of interest.,[0 1 1 0 1 0],Class has 2 samples (Target 100)
given a data model walabelledformdialog displays a label and input field for each instance variable of interest.,given a data modeling walabelledformdialog expose a label and input field for each Instance variable of interest.,[0 1 1 0 1 0],Class has 2 samples (Target 100)
given a data model walabelledformdialog displays a label and input field for each instance variable of interest.,given a Data model walabelledformdialog displays a label and input field for each instance varying Of interest.,[0 1 1 0 1 0],Class has 2 samples (Target 100)
user supplied data is placed in the data model.,user supplied data is placed in the datum model.,[0 1 1 0 1 0],Class has 2 samples (Target 100)
user supplied data is placed in the data model.,exploiter supplied data is Placed in the data model.,[0 1 1 0 1 0],Class has 2 samples (Target 100)
user supplied data is placed in the data model.,user supplied data is position in the data model.,[0 1 1 0 1 0],Class has 2 samples (Target 100)
given a data model walabelledformdialog displays a label and input field for each instance variable of interest.,hold a datum posture walabelledformdialog displays A label and input field for each instance variable of interest.,[0 1 1 0 1 0],Class has 2 samples (Target 100)
user supplied data is placed in the data model.,user Supplied data is rank in the data model.,[0 1 1 0 1 0],Class has 2 samples (Target 100)
user supplied data is placed in the data model.,user Supplied data is situated in the information model.,[0 1 1 0 1 0],Class has 2 samples (Target 100)
given a data model walabelledformdialog displays a label and input field for each instance variable of interest.,pay a data model walabelledformdialog displays A judge and input field for apiece instance variable of interest.,[0 1 1 0 1 0],Class has 2 samples (Target 100)
the default form has one button ok .,the nonpayment form has one button ok .,[1 1 0 0 1 0],Class has 2 samples (Target 100)
the default form has one button ok .,the default make has one button ok .,[1 1 0 0 1 0],Class has 2 samples (Target 100)
the default form has one button ok .,the nonpayment Form has one button ok .,[1 1 0 0 1 0],Class has 2 samples (Target 100)
the default form has one button ok .,the nonpayment form Has one push ok .,[1 1 0 0 1 0],Class has 2 samples (Target 100)
override the buttons method to change the text or number of submit buttons on the form.,override the button Method to change the text or number Of submit Buttons on the form.,[1 1 0 0 1 0],Class has 2 samples (Target 100)
override the buttons method to change the text or number of submit buttons on the form.,override the clitoris method to change The text or bit of submit push on the Form.,[1 1 0 0 1 0],Class has 2 samples (Target 100)
the default form has one button ok .,the nonremittal form has one Button ok .,[1 1 0 0 1 0],Class has 2 samples (Target 100)
override the buttons method to change the text or number of submit buttons on the form.,Override the buttons method to change the text or enumerate of submit buttons on the Form.,[1 1 0 0 1 0],Class has 2 samples (Target 100)
override the buttons method to change the text or number of submit buttons on the form.,override the button method to change the text or come of submit buttons on the form.,[1 1 0 0 1 0],Class has 2 samples (Target 100)
the default form has one button ok .,the Default form has one clit Ok .,[1 1 0 0 1 0],Class has 2 samples (Target 100)
the default form has one button ok .,the default form has one clit Ok .,[1 1 0 0 1 0],Class has 2 samples (Target 100)
the default form has one button ok .,the nonpayment form Has one button ok .,[1 1 0 0 1 0],Class has 2 samples (Target 100)
override the buttons method to change the text or number of submit buttons on the form.,override the buttons Method to change The text or number of submit buttons on the form.,[1 1 0 0 1 0],Class has 2 samples (Target 100)
override the buttons method to change the text or number of submit buttons on the form.,override the button method to modify the textbook or list of submit release on The form.,[1 1 0 0 1 0],Class has 2 samples (Target 100)
the default form has one button ok .,the default flesh has one button ok .,[1 1 0 0 1 0],Class has 2 samples (Target 100)
the default form has one button ok .,The default form has one button Ok .,[1 1 0 0 1 0],Class has 2 samples (Target 100)
override the buttons method to change the text or number of submit buttons on the form.,override the release method to change the textbook or number of submit buttons on the form.,[1 1 0 0 1 0],Class has 2 samples (Target 100)
the default form has one button ok .,the default class has one release ok .,[1 1 0 0 1 0],Class has 2 samples (Target 100)
override the buttons method to change the text or number of submit buttons on the form.,reverse the push Method to change the schoolbook or turn Of submit buttons on the form.,[1 1 0 0 1 0],Class has 2 samples (Target 100)
override the buttons method to change the text or number of submit buttons on the form.,Override the buttons method to change the text or total of submit buttons on the form.,[1 1 0 0 1 0],Class has 2 samples (Target 100)
the default form has one button ok .,the default form has one Button ok .,[1 1 0 0 1 0],Class has 2 samples (Target 100)
override the buttons method to change the text or number of submit buttons on the form.,override the buttons method to shift the text or number of render buttons on the form.,[1 1 0 0 1 0],Class has 2 samples (Target 100)
override the buttons method to change the text or number of submit buttons on the form.,overrule the buttons Method to Change the text or number of submit buttons On the form.,[1 1 0 0 1 0],Class has 2 samples (Target 100)
the default form has one button ok .,the default descriptor has one button ok .,[1 1 0 0 1 0],Class has 2 samples (Target 100)
the default form has one button ok .,The default form has one button ok .,[1 1 0 0 1 0],Class has 2 samples (Target 100)
override the buttons method to change the text or number of submit buttons on the form.,override the buttons method to change the text or number of Submit buttons on The form.,[1 1 0 0 1 0],Class has 2 samples (Target 100)
override the buttons method to change the text or number of submit buttons on the form.,override the buttons method to change the text or Number of submit buttons on the form.,[1 1 0 0 1 0],Class has 2 samples (Target 100)
the default form has one button ok .,the Default conformation has one button ok .,[1 1 0 0 1 0],Class has 2 samples (Target 100)
the default form has one button ok .,the default form has one release ok .,[1 1 0 0 1 0],Class has 2 samples (Target 100)
override the buttons method to change the text or number of submit buttons on the form.,overthrow the push method to change The text or number of Submit buttons on the Form.,[1 1 0 0 1 0],Class has 2 samples (Target 100)
override the buttons method to change the text or number of submit buttons on the form.,nullification the buttons method To change the text or issue of render button on The form.,[1 1 0 0 1 0],Class has 2 samples (Target 100)
override the buttons method to change the text or number of submit buttons on the form.,override the buttons method to change the text or Number of submit release on the form.,[1 1 0 0 1 0],Class has 2 samples (Target 100)
override the buttons method to change the text or number of submit buttons on the form.,overturn the buttons method to change the text or amount of take buttons on the form.,[1 1 0 0 1 0],Class has 2 samples (Target 100)
override the buttons method to change the text or number of submit buttons on the form.,override the push method to change the text or number Of Submit buttons on The form.,[1 1 0 0 1 0],Class has 2 samples (Target 100)
override the buttons method to change the text or number of submit buttons on the form.,override the buttons method to change the text or number of Submit buttons on the form.,[1 1 0 0 1 0],Class has 2 samples (Target 100)
the default form has one button ok .,the nonremittal form has one button ok .,[1 1 0 0 1 0],Class has 2 samples (Target 100)
the default form has one button ok .,the nonremittal Form has one Button Ok .,[1 1 0 0 1 0],Class has 2 samples (Target 100)
override the buttons method to change the text or number of submit buttons on the form.,override The Buttons method to commute the text or number of posit buttons on the form.,[1 1 0 0 1 0],Class has 2 samples (Target 100)
override the buttons method to change the text or number of submit buttons on the form.,override the buttons method to modify The text or Number Of submit buttons on the form.,[1 1 0 0 1 0],Class has 2 samples (Target 100)
the default form has one button ok .,the default form has one clit ok .,[1 1 0 0 1 0],Class has 2 samples (Target 100)
override the buttons method to change the text or number of submit buttons on the form.,override the button method to change the text or number of submit clitoris on The form.,[1 1 0 0 1 0],Class has 2 samples (Target 100)
the default form has one button ok .,the nonpayment form has one clitoris ok .,[1 1 0 0 1 0],Class has 2 samples (Target 100)
override the buttons method to change the text or number of submit buttons on the form.,Override the buttons method to change the text or Number of reconcile push on the form.,[1 1 0 0 1 0],Class has 2 samples (Target 100)
override the buttons method to change the text or number of submit buttons on the form.,override the button method To change the text or count of submit Buttons on the form.,[1 1 0 0 1 0],Class has 2 samples (Target 100)
the default form has one button ok .,The nonremittal strain has one button ok .,[1 1 0 0 1 0],Class has 2 samples (Target 100)
override the buttons method to change the text or number of submit buttons on the form.,overturn the buttons method to alter the textbook or number of present Buttons on the form.,[1 1 0 0 1 0],Class has 2 samples (Target 100)
the default form has one button ok .,the Default form has one button ok .,[1 1 0 0 1 0],Class has 2 samples (Target 100)
override the buttons method to change the text or number of submit buttons on the form.,override the buttons method to change the text or issue of defer buttons on the form.,[1 1 0 0 1 0],Class has 2 samples (Target 100)
override the buttons method to change the text or number of submit buttons on the form.,Override the buttons method to alteration the schoolbook or number of Submit Buttons on the form.,[1 1 0 0 1 0],Class has 2 samples (Target 100)
override the buttons method to change the text or number of submit buttons on the form.,override the buttons method To modification the text or number of submit buttons on The form.,[1 1 0 0 1 0],Class has 2 samples (Target 100)
override the buttons method to change the text or number of submit buttons on the form.,override the buttons method to change the text or enumerate of submit buttons on the form.,[1 1 0 0 1 0],Class has 2 samples (Target 100)
the default form has one button ok .,the nonpayment Form has one clit ok .,[1 1 0 0 1 0],Class has 2 samples (Target 100)
override the buttons method to change the text or number of submit buttons on the form.,override the push method to change the text or Number of submit buttons on the Form.,[1 1 0 0 1 0],Class has 2 samples (Target 100)
the default form has one button ok .,the default cast has one button ok .,[1 1 0 0 1 0],Class has 2 samples (Target 100)
override the buttons method to change the text or number of submit buttons on the form.,Override the buttons Method to change the text or number of submit buttons on the form.,[1 1 0 0 1 0],Class has 2 samples (Target 100)
override the buttons method to change the text or number of submit buttons on the form.,reverse the clit method to vary the text or bit Of submit buttons on the form.,[1 1 0 0 1 0],Class has 2 samples (Target 100)
the default form has one button ok .,the default form has One button ok .,[1 1 0 0 1 0],Class has 2 samples (Target 100)
override the buttons method to change the text or number of submit buttons on the form.,nullification The buttons method to Change The text or issue of submit buttons on the form.,[1 1 0 0 1 0],Class has 2 samples (Target 100)
override the buttons method to change the text or number of submit buttons on the form.,override the buttons method to change the schoolbook or number of submit buttons on the form.,[1 1 0 0 1 0],Class has 2 samples (Target 100)
the default form has one button ok .,the nonpayment course has one button ok .,[1 1 0 0 1 0],Class has 2 samples (Target 100)
override the buttons method to change the text or number of submit buttons on the form.,override the buttons method to change the textbook or number of submit buttons on the form.,[1 1 0 0 1 0],Class has 2 samples (Target 100)
the default form has one button ok .,the default form has One clitoris ok .,[1 1 0 0 1 0],Class has 2 samples (Target 100)
override the buttons method to change the text or number of submit buttons on the form.,override The button method to change the text Or Number of Submit buttons on the Form.,[1 1 0 0 1 0],Class has 2 samples (Target 100)
override the buttons method to change the text or number of submit buttons on the form.,overturn the buttons method to convert the textbook or turn of reconcile buttons on the form.,[1 1 0 0 1 0],Class has 2 samples (Target 100)
the default form has one button ok .,the default form has one push ok .,[1 1 0 0 1 0],Class has 2 samples (Target 100)
override the buttons method to change the text or number of submit buttons on the form.,override the buttons method to modification the text or number of Submit buttons on the form.,[1 1 0 0 1 0],Class has 2 samples (Target 100)
the default form has one button ok .,the default variety has one clitoris Ok .,[1 1 0 0 1 0],Class has 2 samples (Target 100)
override the buttons method to change the text or number of submit buttons on the form.,Override the buttons method to transfer the schoolbook or number of submit buttons on the Form.,[1 1 0 0 1 0],Class has 2 samples (Target 100)
the default form has one button ok .,the default organize Has one button ok .,[1 1 0 0 1 0],Class has 2 samples (Target 100)
the default form has one button ok .,the default grade Has One button Ok .,[1 1 0 0 1 0],Class has 2 samples (Target 100)
the default form has one button ok .,The nonpayment sort has one Button ok .,[1 1 0 0 1 0],Class has 2 samples (Target 100)
override the buttons method to change the text or number of submit buttons on the form.,overthrow the buttons method to change the Text or number of submit buttons on the form.,[1 1 0 0 1 0],Class has 2 samples (Target 100)
override the buttons method to change the text or number of submit buttons on the form.,override the buttons method to vary the text or number of relegate clit on the form.,[1 1 0 0 1 0],Class has 2 samples (Target 100)
the default form has one button ok .,the default conformation has one button Ok .,[1 1 0 0 1 0],Class has 2 samples (Target 100)
override the buttons method to change the text or number of submit buttons on the form.,override The push method to vary the text or routine Of submit buttons On the form.,[1 1 0 0 1 0],Class has 2 samples (Target 100)
the default form has one button ok .,the Default descriptor has one clit ok .,[1 1 0 0 1 0],Class has 2 samples (Target 100)
the default form has one button ok .,the nonremittal form has One Button ok .,[1 1 0 0 1 0],Class has 2 samples (Target 100)
override the buttons method to change the text or number of submit buttons on the form.,overrule the Buttons Method to change the text or number of submit Buttons on the form.,[1 1 0 0 1 0],Class has 2 samples (Target 100)
override the buttons method to change the text or number of submit buttons on the form.,Override the buttons method to change the text or Number of submit buttons on the form.,[1 1 0 0 1 0],Class has 2 samples (Target 100)
override the buttons method to change the text or number of submit buttons on the form.,override the buttons method to shift The textbook or number of submit push on the form.,[1 1 0 0 1 0],Class has 2 samples (Target 100)
override the buttons method to change the text or number of submit buttons on the form.,override the buttons method to vary the text or Number of submit Buttons on the form.,[1 1 0 0 1 0],Class has 2 samples (Target 100)
the default form has one button ok .,the default form has one clitoris ok .,[1 1 0 0 1 0],Class has 2 samples (Target 100)
override the buttons method to change the text or number of submit buttons on the form.,override the buttons Method to change the text or number of submit buttons on the form.,[1 1 0 0 1 0],Class has 2 samples (Target 100)
the default form has one button ok .,The default strain has one button ok .,[1 1 0 0 1 0],Class has 2 samples (Target 100)
override the buttons method to change the text or number of submit buttons on the form.,override the buttons method to change the textbook or number of accede buttons on the form.,[1 1 0 0 1 0],Class has 2 samples (Target 100)
override the buttons method to change the text or number of submit buttons on the form.,override the buttons method to change the text or total of take buttons on the form.,[1 1 0 0 1 0],Class has 2 samples (Target 100)
the default form has one button ok .,the nonpayment Form has one push ok .,[1 1 0 0 1 0],Class has 2 samples (Target 100)
the default form has one button ok .,the nonremittal figure has one button ok .,[1 1 0 0 1 0],Class has 2 samples (Target 100)
the default form has one button ok .,the default contour has one button ok .,[1 1 0 0 1 0],Class has 2 samples (Target 100)
the default form has one button ok .,The nonremittal Form has one button ok .,[1 1 0 0 1 0],Class has 2 samples (Target 100)
override the buttons method to change the text or number of submit buttons on the form.,override the buttons method to change the text or Number of Submit buttons on the form.,[1 1 0 0 1 0],Class has 2 samples (Target 100)
override the buttons method to change the text or number of submit buttons on the form.,override the buttons method To change the schoolbook or numeral of accede buttons on the form.,[1 1 0 0 1 0],Class has 2 samples (Target 100)
the default form has one button ok .,The Default form has One button ok .,[1 1 0 0 1 0],Class has 2 samples (Target 100)
override the buttons method to change the text or number of submit buttons on the form.,override the buttons method to convert the schoolbook Or number of Submit buttons on the form.,[1 1 0 0 1 0],Class has 2 samples (Target 100)
override the buttons method to change the text or number of submit buttons on the form.,nullification the push method to convert the schoolbook or turn of present Buttons on the form.,[1 1 0 0 1 0],Class has 2 samples (Target 100)
the default form has one button ok .,the default strain has one button ok .,[1 1 0 0 1 0],Class has 2 samples (Target 100)
override the buttons method to change the text or number of submit buttons on the form.,override the buttons method to Change the text or number of present release On the form.,[1 1 0 0 1 0],Class has 2 samples (Target 100)
the default form has one button ok .,the default forge has one button Ok .,[1 1 0 0 1 0],Class has 2 samples (Target 100)
"hence, in bloc layout is not executed immediately after a property like the width of an element changes.","hence, in Bloc layout is Not perform Immediately afterwards a property Like the width of an element changes.",[1 0 0 1 0 0],Class has 1 samples (Target 100)
"hence, in bloc layout is not executed immediately after a property like the width of an element changes.","hence, in bloc layout is not executed immediately after a property like the width Of an factor Changes.",[1 0 0 1 0 0],Class has 1 samples (Target 100)
"hence, in bloc layout is not executed immediately after a property like the width of an element changes.","Hence, In bloc layout Is not executed immediately afterwards a property like the width of an constituent changes.",[1 0 0 1 0 0],Class has 1 samples (Target 100)
"hence, in bloc layout is not executed immediately after a property like the width of an element changes.","hence, in bloc layout is not fulfil immediately afterwards a attribute like the width Of an element changes.",[1 0 0 1 0 0],Class has 1 samples (Target 100)
"hence, in bloc layout is not executed immediately after a property like the width of an element changes.","hence, in Bloc layout is Not perform immediately After a property like the width Of an element changes.",[1 0 0 1 0 0],Class has 1 samples (Target 100)
"hence, in bloc layout is not executed immediately after a property like the width of an element changes.","Hence, in bloc layout is not Executed now after A property Like the width of an element changes.",[1 0 0 1 0 0],Class has 1 samples (Target 100)
"hence, in bloc layout is not executed immediately after a property like the width of an element changes.","hence, in bloc layout is not action immediately After a Property Like the breadth of an element changes.",[1 0 0 1 0 0],Class has 1 samples (Target 100)
"hence, in bloc layout is not executed immediately after a property like the width of an element changes.","hence, in bloc layout is not perform straightaway later a property like the width of an constituent changes.",[1 0 0 1 0 0],Class has 1 samples (Target 100)
"hence, in bloc layout is not executed immediately after a property like the width of an element changes.","hence, in bloc layout is not do immediately After a property like the breadth of an component changes.",[1 0 0 1 0 0],Class has 1 samples (Target 100)
"hence, in bloc layout is not executed immediately after a property like the width of an element changes.","hence, in bloc layout is not run immediately afterwards a property care the width of an element changes.",[1 0 0 1 0 0],Class has 1 samples (Target 100)
"hence, in bloc layout is not executed immediately after a property like the width of an element changes.","hence, in bloc layout Is not action immediately after A Property like The width of an element changes.",[1 0 0 1 0 0],Class has 1 samples (Target 100)
"hence, in bloc layout is not executed immediately after a property like the width of an element changes.","hence, in bloc layout is not executed immediately later A property similar the width of an component changes.",[1 0 0 1 0 0],Class has 1 samples (Target 100)
"hence, in bloc layout is not executed immediately after a property like the width of an element changes.","hence, in bloc layout is not executed now After a property like The breadth of an component changes.",[1 0 0 1 0 0],Class has 1 samples (Target 100)
"hence, in bloc layout is not executed immediately after a property like the width of an element changes.","hence, in Bloc layout is not executed immediately after a prop like the width of an element changes.",[1 0 0 1 0 0],Class has 1 samples (Target 100)
"hence, in bloc layout is not executed immediately after a property like the width of an element changes.","Hence, in axis layout is not executed forthwith subsequently a prop same the width of an element Changes.",[1 0 0 1 0 0],Class has 1 samples (Target 100)
"hence, in bloc layout is not executed immediately after a property like the width of an element changes.","hence, in bloc layout is not action now after a property like the breadth of An Element changes.",[1 0 0 1 0 0],Class has 1 samples (Target 100)
"hence, in bloc layout is not executed immediately after a property like the width of an element changes.","hence, in bloc layout is not fulfil immediately subsequently a property like the width of an element changes.",[1 0 0 1 0 0],Class has 1 samples (Target 100)
"hence, in bloc layout is not executed immediately after a property like the width of an element changes.","hence, in bloc layout is not accomplish immediately after a Property like the Width Of an component changes.",[1 0 0 1 0 0],Class has 1 samples (Target 100)
"hence, in bloc layout is not executed immediately after a property like the width of an element changes.","hence, in axis layout is not execute immediately after a property like the breadth of an element changes.",[1 0 0 1 0 0],Class has 1 samples (Target 100)
"hence, in bloc layout is not executed immediately after a property like the width of an element changes.","hence, in bloc layout is not executed immediately after a property alike the width of an element changes.",[1 0 0 1 0 0],Class has 1 samples (Target 100)
"hence, in bloc layout is not executed immediately after a property like the width of an element changes.","hence, in bloc layout is Not executed immediately after a property like the breadth of An element Changes.",[1 0 0 1 0 0],Class has 1 samples (Target 100)
"hence, in bloc layout is not executed immediately after a property like the width of an element changes.","hence, in Bloc layout is not perform instantly after a property like the width of an element changes.",[1 0 0 1 0 0],Class has 1 samples (Target 100)
"hence, in bloc layout is not executed immediately after a property like the width of an element changes.","hence, in axis layout is Not run immediately after a property like the width of an element changes.",[1 0 0 1 0 0],Class has 1 samples (Target 100)
"hence, in bloc layout is not executed immediately after a property like the width of an element changes.","hence, In bloc layout is not executed immediately after a Property like the width of an constituent changes.",[1 0 0 1 0 0],Class has 1 samples (Target 100)
"hence, in bloc layout is not executed immediately after a property like the width of an element changes.","hence, in bloc layout is not executed immediately after a place like The breadth of an constituent changes.",[1 0 0 1 0 0],Class has 1 samples (Target 100)
"hence, in bloc layout is not executed immediately after a property like the width of an element changes.","hence, in bloc layout is not executed immediately after a Property wish The width of an element changes.",[1 0 0 1 0 0],Class has 1 samples (Target 100)
"hence, in bloc layout is not executed immediately after a property like the width of an element changes.","hence, in bloc layout is Not executed instantly after a property like the breadth of an Element changes.",[1 0 0 1 0 0],Class has 1 samples (Target 100)
"hence, in bloc layout is not executed immediately after a property like the width of an element changes.","hence, in bloc Layout is not run forthwith after a property ilk the width of an element changes.",[1 0 0 1 0 0],Class has 1 samples (Target 100)
"hence, in bloc layout is not executed immediately after a property like the width of an element changes.","hence, in bloc layout is not Executed immediately after a property Like the width of an element changes.",[1 0 0 1 0 0],Class has 1 samples (Target 100)
"hence, in bloc layout is not executed immediately after a property like the width of an element changes.","hence, in bloc layout Is Not executed immediately subsequently a property like The width Of An element changes.",[1 0 0 1 0 0],Class has 1 samples (Target 100)
"hence, in bloc layout is not executed immediately after a property like the width of an element changes.","hence, in bloc layout is not executed immediately After a dimension like the Width of an component changes.",[1 0 0 1 0 0],Class has 1 samples (Target 100)
"hence, in bloc layout is not executed immediately after a property like the width of an element changes.","hence, in Bloc layout Is not executed immediately After a property Like the width of an element changes.",[1 0 0 1 0 0],Class has 1 samples (Target 100)
"hence, in bloc layout is not executed immediately after a property like the width of an element changes.","Hence, in bloc layout is Not do immediately After a property like the width of an element changes.",[1 0 0 1 0 0],Class has 1 samples (Target 100)
"hence, in bloc layout is not executed immediately after a property like the width of an element changes.","hence, in bloc layout is not fulfil instantly after a attribute like the width of an component changes.",[1 0 0 1 0 0],Class has 1 samples (Target 100)
"hence, in bloc layout is not executed immediately after a property like the width of an element changes.","hence, in Bloc layout is not executed now after a place like the width of an constituent changes.",[1 0 0 1 0 0],Class has 1 samples (Target 100)
"hence, in bloc layout is not executed immediately after a property like the width of an element changes.","hence, in bloc layout is not executed immediately subsequently a property like the breadth of an element changes.",[1 0 0 1 0 0],Class has 1 samples (Target 100)
"hence, in bloc layout is not executed immediately after a property like the width of an element changes.","hence, in bloc layout is not executed immediately After a property like the breadth of an Element changes.",[1 0 0 1 0 0],Class has 1 samples (Target 100)
"hence, in bloc layout is not executed immediately after a property like the width of an element changes.","hence, in Bloc Layout is not executed forthwith after a property like The breadth of an factor changes.",[1 0 0 1 0 0],Class has 1 samples (Target 100)
"hence, in bloc layout is not executed immediately after a property like the width of an element changes.","hence, in bloc layout is not executed Immediately after a property Like the width Of an element changes.",[1 0 0 1 0 0],Class has 1 samples (Target 100)
"hence, in bloc layout is not executed immediately after a property like the width of an element changes.","hence, in bloc layout is Not Executed immediately after a Property Like the width Of an ingredient changes.",[1 0 0 1 0 0],Class has 1 samples (Target 100)
"hence, in bloc layout is not executed immediately after a property like the width of an element changes.","hence, in bloc layout is not executed immediately after a Property comparable the Width Of an element changes.",[1 0 0 1 0 0],Class has 1 samples (Target 100)
"hence, in bloc layout is not executed immediately after a property like the width of an element changes.","Hence, in bloc layout is not executed immediately after a prop like the breadth of An element changes.",[1 0 0 1 0 0],Class has 1 samples (Target 100)
"hence, in bloc layout is not executed immediately after a property like the width of an element changes.","hence, in bloc layout is not executed straightaway after a property like the width of an constituent changes.",[1 0 0 1 0 0],Class has 1 samples (Target 100)
"hence, in bloc layout is not executed immediately after a property like the width of an element changes.","hence, in axis layout is not executed immediately after a Property similar the Width of an element changes.",[1 0 0 1 0 0],Class has 1 samples (Target 100)
"hence, in bloc layout is not executed immediately after a property like the width of an element changes.","hence, in bloc layout is not executed immediately afterwards a Property Like The width of an element changes.",[1 0 0 1 0 0],Class has 1 samples (Target 100)
"hence, in bloc layout is not executed immediately after a property like the width of an element changes.","hence, in bloc Layout is not executed immediately after A property like the width of an element changes.",[1 0 0 1 0 0],Class has 1 samples (Target 100)
"hence, in bloc layout is not executed immediately after a property like the width of an element changes.","Hence, in bloc layout is not run immediately after A property Like The width of an element changes.",[1 0 0 1 0 0],Class has 1 samples (Target 100)
"hence, in bloc layout is not executed immediately after a property like the width of an element changes.","hence, in axis layout is not executed straightaway after a property care the width Of an Element changes.",[1 0 0 1 0 0],Class has 1 samples (Target 100)
"hence, in bloc layout is not executed immediately after a property like the width of an element changes.","hence, in axis layout is not accomplish immediately later a dimension like the width of an constituent changes.",[1 0 0 1 0 0],Class has 1 samples (Target 100)
"hence, in bloc layout is not executed immediately after a property like the width of an element changes.","hence, in Bloc layout is not executed forthwith after a property like the width of an element changes.",[1 0 0 1 0 0],Class has 1 samples (Target 100)
"hence, in bloc layout is not executed immediately after a property like the width of an element changes.","hence, in bloc layout is not executed immediately afterward a property like the width of an factor changes.",[1 0 0 1 0 0],Class has 1 samples (Target 100)
"hence, in bloc layout is not executed immediately after a property like the width of an element changes.","hence, in Bloc layout is not executed immediately after a property same the Width of An element changes.",[1 0 0 1 0 0],Class has 1 samples (Target 100)
"hence, in bloc layout is not executed immediately after a property like the width of an element changes.","hence, in axis layout is not executed immediately after a property wish the breadth of an factor Changes.",[1 0 0 1 0 0],Class has 1 samples (Target 100)
"hence, in bloc layout is not executed immediately after a property like the width of an element changes.","Hence, in bloc layout is not fulfil instantly after a property comparable the breadth of an element Changes.",[1 0 0 1 0 0],Class has 1 samples (Target 100)
"hence, in bloc layout is not executed immediately after a property like the width of an element changes.","hence, in Bloc Layout Is not Executed immediately after a dimension like the breadth of an element changes.",[1 0 0 1 0 0],Class has 1 samples (Target 100)
"hence, in bloc layout is not executed immediately after a property like the width of an element changes.","hence, in Bloc layout is not executed immediately after a dimension like the breadth of an element changes.",[1 0 0 1 0 0],Class has 1 samples (Target 100)
"hence, in bloc layout is not executed immediately after a property like the width of an element changes.","hence, in bloc layout is Not executed instantly after a property like The breadth of an factor changes.",[1 0 0 1 0 0],Class has 1 samples (Target 100)
"hence, in bloc layout is not executed immediately after a property like the width of an element changes.","hence, In axis layout is not executed immediately later A property like the breadth of an element changes.",[1 0 0 1 0 0],Class has 1 samples (Target 100)
"hence, in bloc layout is not executed immediately after a property like the width of an element changes.","hence, in Bloc layout is not executed straightaway After a holding corresponding the width of an element changes.",[1 0 0 1 0 0],Class has 1 samples (Target 100)
"hence, in bloc layout is not executed immediately after a property like the width of an element changes.","hence, in bloc layout is not fulfill immediately after a holding like The width of an element changes.",[1 0 0 1 0 0],Class has 1 samples (Target 100)
"hence, in bloc layout is not executed immediately after a property like the width of an element changes.","hence, in bloc layout is not executed immediately afterwards A property like the width of an Element changes.",[1 0 0 1 0 0],Class has 1 samples (Target 100)
"hence, in bloc layout is not executed immediately after a property like the width of an element changes.","hence, in bloc layout is Not executed immediately after a property Like the width of an Element changes.",[1 0 0 1 0 0],Class has 1 samples (Target 100)
"hence, in bloc layout is not executed immediately after a property like the width of an element changes.","hence, in bloc Layout is not fulfil immediately After a property like The Width of an element changes.",[1 0 0 1 0 0],Class has 1 samples (Target 100)
"hence, in bloc layout is not executed immediately after a property like the width of an element changes.","hence, in bloc layout is not executed immediately after A attribute Like the width Of an component Changes.",[1 0 0 1 0 0],Class has 1 samples (Target 100)
"hence, in bloc layout is not executed immediately after a property like the width of an element changes.","hence, in bloc layout is not executed immediately after a property Like the width Of an Element changes.",[1 0 0 1 0 0],Class has 1 samples (Target 100)
"hence, in bloc layout is not executed immediately after a property like the width of an element changes.","hence, in bloc layout is not executed immediately After a property like the breadth of an element changes.",[1 0 0 1 0 0],Class has 1 samples (Target 100)
"hence, in bloc layout is not executed immediately after a property like the width of an element changes.","Hence, in bloc layout is not executed immediately after a Property corresponding the Width of an factor changes.",[1 0 0 1 0 0],Class has 1 samples (Target 100)
"hence, in bloc layout is not executed immediately after a property like the width of an element changes.","hence, in bloc layout is Not executed instantly subsequently a property like The width of An constituent changes.",[1 0 0 1 0 0],Class has 1 samples (Target 100)
"hence, in bloc layout is not executed immediately after a property like the width of an element changes.","hence, in Bloc layout is not fulfill immediately after a belongings alike the width of An element changes.",[1 0 0 1 0 0],Class has 1 samples (Target 100)
"hence, in bloc layout is not executed immediately after a property like the width of an element changes.","Hence, in bloc Layout is not perform immediately after a property like the width of an Element changes.",[1 0 0 1 0 0],Class has 1 samples (Target 100)
"hence, in bloc layout is not executed immediately after a property like the width of an element changes.","hence, in bloc Layout is not executed instantly after a property care The breadth of an constituent changes.",[1 0 0 1 0 0],Class has 1 samples (Target 100)
"hence, in bloc layout is not executed immediately after a property like the width of an element changes.","hence, in bloc layout is not fulfil instantly after a property ilk the breadth of an ingredient changes.",[1 0 0 1 0 0],Class has 1 samples (Target 100)
"hence, in bloc layout is not executed immediately after a property like the width of an element changes.","hence, in axis layout is not Executed immediately after a property comparable the width of An element Changes.",[1 0 0 1 0 0],Class has 1 samples (Target 100)
"hence, in bloc layout is not executed immediately after a property like the width of an element changes.","hence, in Bloc layout is Not executed Immediately later a property similar the Width of an component changes.",[1 0 0 1 0 0],Class has 1 samples (Target 100)
"hence, in bloc layout is not executed immediately after a property like the width of an element changes.","hence, in Bloc layout is not accomplish immediately after a property like the width Of an ingredient changes.",[1 0 0 1 0 0],Class has 1 samples (Target 100)
"hence, in bloc layout is not executed immediately after a property like the width of an element changes.","hence, in Bloc layout Is not executed immediately after a property like the breadth Of an element changes.",[1 0 0 1 0 0],Class has 1 samples (Target 100)
"hence, in bloc layout is not executed immediately after a property like the width of an element changes.","hence, in bloc layout is not executed Immediately After a belongings like the width of an constituent Changes.",[1 0 0 1 0 0],Class has 1 samples (Target 100)
"hence, in bloc layout is not executed immediately after a property like the width of an element changes.","hence, in bloc layout Is not do immediately after a Property like the width Of an factor Changes.",[1 0 0 1 0 0],Class has 1 samples (Target 100)
"hence, in bloc layout is not executed immediately after a property like the width of an element changes.","hence, in axis layout is Not Executed immediately After a property like the width of An Element changes.",[1 0 0 1 0 0],Class has 1 samples (Target 100)
"hence, in bloc layout is not executed immediately after a property like the width of an element changes.","Hence, in axis layout is Not execute Immediately after a place similar the width of an element changes.",[1 0 0 1 0 0],Class has 1 samples (Target 100)
"hence, in bloc layout is not executed immediately after a property like the width of an element changes.","hence, in bloc layout is not executed immediately later a property like the width of An element changes.",[1 0 0 1 0 0],Class has 1 samples (Target 100)
"hence, in bloc layout is not executed immediately after a property like the width of an element changes.","hence, in axis layout is not executed Immediately afterwards A property like the width of an component changes.",[1 0 0 1 0 0],Class has 1 samples (Target 100)
"hence, in bloc layout is not executed immediately after a property like the width of an element changes.","hence, in bloc Layout is not executed immediately After a property like the breadth of an element changes.",[1 0 0 1 0 0],Class has 1 samples (Target 100)
"hence, in bloc layout is not executed immediately after a property like the width of an element changes.","hence, in bloc layout Is not executed immediately afterward A property like the breadth of an element changes.",[1 0 0 1 0 0],Class has 1 samples (Target 100)
"hence, in bloc layout is not executed immediately after a property like the width of an element changes.","hence, in bloc layout is Not executed immediately after a property like the breadth of an element changes.",[1 0 0 1 0 0],Class has 1 samples (Target 100)
"hence, in bloc layout is not executed immediately after a property like the width of an element changes.","hence, in bloc layout is not executed instantly subsequently a attribute like the breadth of An element changes.",[1 0 0 1 0 0],Class has 1 samples (Target 100)
"hence, in bloc layout is not executed immediately after a property like the width of an element changes.","hence, in bloc layout is Not accomplish immediately after A property like the Width of an ingredient changes.",[1 0 0 1 0 0],Class has 1 samples (Target 100)
"hence, in bloc layout is not executed immediately after a property like the width of an element changes.","hence, in bloc layout is not executed immediately later a attribute like the width of an element changes.",[1 0 0 1 0 0],Class has 1 samples (Target 100)
"hence, in bloc layout is not executed immediately after a property like the width of an element changes.","hence, In Bloc layout is Not execute immediately after a belongings like the width of an element changes.",[1 0 0 1 0 0],Class has 1 samples (Target 100)
"hence, in bloc layout is not executed immediately after a property like the width of an element changes.","hence, in bloc layout is Not Executed immediately afterward a property like the width of an element changes.",[1 0 0 1 0 0],Class has 1 samples (Target 100)
"hence, in bloc layout is not executed immediately after a property like the width of an element changes.","hence, in axis Layout is not executed instantly after a prop like the breadth of an factor changes.",[1 0 0 1 0 0],Class has 1 samples (Target 100)
"hence, in bloc layout is not executed immediately after a property like the width of an element changes.","hence, in bloc layout is not executed immediately After A property corresponding the breadth of an factor changes.",[1 0 0 1 0 0],Class has 1 samples (Target 100)
"hence, in bloc layout is not executed immediately after a property like the width of an element changes.","hence, in Bloc Layout is not executed immediately after a property like the width of an element changes.",[1 0 0 1 0 0],Class has 1 samples (Target 100)
"hence, in bloc layout is not executed immediately after a property like the width of an element changes.","hence, in axis layout is not fulfill immediately after a property same The width of An element changes.",[1 0 0 1 0 0],Class has 1 samples (Target 100)
"hence, in bloc layout is not executed immediately after a property like the width of an element changes.","hence, In Bloc layout Is not Executed straightaway after a Property like the width of an element changes.",[1 0 0 1 0 0],Class has 1 samples (Target 100)
"hence, in bloc layout is not executed immediately after a property like the width of an element changes.","hence, in bloc layout is not executed immediately after a property Like The width of An element changes.",[1 0 0 1 0 0],Class has 1 samples (Target 100)
"hence, in bloc layout is not executed immediately after a property like the width of an element changes.","hence, in Bloc layout is not run immediately subsequently a property corresponding the width of an constituent changes.",[1 0 0 1 0 0],Class has 1 samples (Target 100)
"hence, in bloc layout is not executed immediately after a property like the width of an element changes.","hence, in axis layout is not action straightaway after a Property like the breadth of an element changes.",[1 0 0 1 0 0],Class has 1 samples (Target 100)
"hence, in bloc layout is not executed immediately after a property like the width of an element changes.","hence, In bloc layout is not executed immediately after a property like the width of an element changes.",[1 0 0 1 0 0],Class has 1 samples (Target 100)
"there is no perfect strategy, therefore understanding the differences between them is an important step in learning how to work with text in bloc.","there is no perfect strategy, therefore infer The differences betwixt them is An important step in learning How to work with text In bloc.",[0 1 0 0 0 1],Class has 1 samples (Target 100)
"there is no perfect strategy, therefore understanding the differences between them is an important step in learning how to work with text in bloc.","thither is no consummate strategy, Therefore understanding The remainder Between Them is an important step in Learning how to work with text in bloc.",[0 1 0 0 0 1],Class has 1 samples (Target 100)
"there is no perfect strategy, therefore understanding the differences between them is an important step in learning how to work with text in bloc.","thither is no perfect strategy, therefore understanding the remainder betwixt them is an authoritative Step In take how to exercise with text in bloc.",[0 1 0 0 0 1],Class has 1 samples (Target 100)
"there is no perfect strategy, therefore understanding the differences between them is an important step in learning how to work with text in bloc.","there Is No perfect strategy, therefore discernment the Differences Between them is An important Step In Learning how to work with text in bloc.",[0 1 0 0 0 1],Class has 1 samples (Target 100)
"there is no perfect strategy, therefore understanding the differences between them is an important step in learning how to work with text in bloc.","there is no perfect strategy, consequently understanding the differences between them Is an authoritative maltreat in take how to work with text in bloc.",[0 1 0 0 0 1],Class has 1 samples (Target 100)
"there is no perfect strategy, therefore understanding the differences between them is an important step in learning how to work with text in bloc.","there is No Perfect strategy, so realize The differences Between them is an significant step in learning how to work with text in bloc.",[0 1 0 0 0 1],Class has 1 samples (Target 100)
"there is no perfect strategy, therefore understanding the differences between them is an important step in learning how to work with text in bloc.","thither is no Perfect strategy, therefore understanding The differences betwixt them is An important step in read how to forge with textbook in bloc.",[0 1 0 0 0 1],Class has 1 samples (Target 100)
"there is no perfect strategy, therefore understanding the differences between them is an important step in learning how to work with text in bloc.","thither is no perfect strategy, therefore understanding the differences between them is An important step in learning how to sour with text in bloc.",[0 1 0 0 0 1],Class has 1 samples (Target 100)
"there is no perfect strategy, therefore understanding the differences between them is an important step in learning how to work with text in bloc.","thither Is No perfect strategy, therefore Understanding the differences between them is an important step In learning how To act with text in bloc.",[0 1 0 0 0 1],Class has 1 samples (Target 100)
"there is no perfect strategy, therefore understanding the differences between them is an important step in learning how to work with text in bloc.","thither is no utter strategy, therefore empathize the differences between them is an important step In Learning how to Work with Text in bloc.",[0 1 0 0 0 1],Class has 1 samples (Target 100)
"there is no perfect strategy, therefore understanding the differences between them is an important step in learning how to work with text in bloc.","there is no perfect strategy, hence understanding the Differences between them is an important step In learning How to lick With text in bloc.",[0 1 0 0 0 1],Class has 1 samples (Target 100)
"there is no perfect strategy, therefore understanding the differences between them is an important step in learning how to work with text in bloc.","there is no perfect strategy, thus understanding the differences between them is an important step In learning how to study with schoolbook in Bloc.",[0 1 0 0 0 1],Class has 1 samples (Target 100)
"there is no perfect strategy, therefore understanding the differences between them is an important step in learning how to work with text in bloc.","there Is no perfect strategy, therefore discernment The differences between Them is an crucial tone in encyclopaedism how to Work with schoolbook in bloc.",[0 1 0 0 0 1],Class has 1 samples (Target 100)
"there is no perfect strategy, therefore understanding the differences between them is an important step in learning how to work with text in bloc.","thither is No perfect strategy, therefore sympathize the differences between them is an authoritative step in encyclopedism how to work with text in bloc.",[0 1 0 0 0 1],Class has 1 samples (Target 100)
"there is no perfect strategy, therefore understanding the differences between them is an important step in learning how to work with text in bloc.","There is no perfect strategy, therefore understanding the differences betwixt them is an crucial stride in learning how to turn with schoolbook in bloc.",[0 1 0 0 0 1],Class has 1 samples (Target 100)
"there is no perfect strategy, therefore understanding the differences between them is an important step in learning how to work with text in bloc.","there is no perfect strategy, therefore Understanding the departure between them is an important step in take how To work with Text in bloc.",[0 1 0 0 0 1],Class has 1 samples (Target 100)
"there is no perfect strategy, therefore understanding the differences between them is an important step in learning how to work with text in bloc.","there is No perfect strategy, therefore Understanding the Differences between them is an authoritative tone in learning how to Work with Text in bloc.",[0 1 0 0 0 1],Class has 1 samples (Target 100)
"there is no perfect strategy, therefore understanding the differences between them is an important step in learning how to work with text in bloc.","thither is no Perfect strategy, therefore understanding the differences between them is An important gradation in learning how to forge with text in bloc.",[0 1 0 0 0 1],Class has 1 samples (Target 100)
"there is no perfect strategy, therefore understanding the differences between them is an important step in learning how to work with text in bloc.","There is no perfect strategy, Therefore sympathize the differences betwixt them is an important step in Learning how to work with Text in bloc.",[0 1 0 0 0 1],Class has 1 samples (Target 100)
"there is no perfect strategy, therefore understanding the differences between them is an important step in learning how to work with text in bloc.","there Is no arrant strategy, Therefore agreement the differences between them is an important step in Learning how to work with textbook in bloc.",[0 1 0 0 0 1],Class has 1 samples (Target 100)
"there is no perfect strategy, therefore understanding the differences between them is an important step in learning how to work with text in bloc.","there is no perfect strategy, therefore understanding the differences between Them is an important mistreat in learn how to work With text in bloc.",[0 1 0 0 0 1],Class has 1 samples (Target 100)
"there is no perfect strategy, therefore understanding the differences between them is an important step in learning how to work with text in bloc.","there is no Perfect strategy, thus understanding the Differences betwixt them is an important maltreat in Learning how to act with text in bloc.",[0 1 0 0 0 1],Class has 1 samples (Target 100)
"there is no perfect strategy, therefore understanding the differences between them is an important step in learning how to work with text in bloc.","thither is no perfect strategy, hence Understanding The Differences between them Is an authoritative step in learning how to form with text in bloc.",[0 1 0 0 0 1],Class has 1 samples (Target 100)
"there is no perfect strategy, therefore understanding the differences between them is an important step in learning how to work with text in bloc.","there is No perfect strategy, thus understanding the differences Between them is An crucial pace in learning how to work with text in bloc.",[0 1 0 0 0 1],Class has 1 samples (Target 100)
"there is no perfect strategy, therefore understanding the differences between them is an important step in learning how to work with text in bloc.","thither is no Perfect strategy, consequently empathize the differences between them is an important Step in learning how To Work with Text in bloc.",[0 1 0 0 0 1],Class has 1 samples (Target 100)
"there is no perfect strategy, therefore understanding the differences between them is an important step in learning how to work with text in bloc.","thither is no sodding strategy, therefore Understanding the differences between them is an Important maltreat in learning How to work With text in bloc.",[0 1 0 0 0 1],Class has 1 samples (Target 100)
"there is no perfect strategy, therefore understanding the differences between them is an important step in learning how to work with text in bloc.","there is no perfect strategy, therefore understanding The deviation betwixt Them is an important measure in learning how to work with schoolbook in bloc.",[0 1 0 0 0 1],Class has 1 samples (Target 100)
"there is no perfect strategy, therefore understanding the differences between them is an important step in learning how to work with text in bloc.","there is no perfect strategy, therefore understanding the differences between Them Is an important tread in learning How to workplace with Text in bloc.",[0 1 0 0 0 1],Class has 1 samples (Target 100)
"there is no perfect strategy, therefore understanding the differences between them is an important step in learning how to work with text in bloc.","thither is no perfect strategy, so understanding The differences between them is an important step in learning how to work With text in bloc.",[0 1 0 0 0 1],Class has 1 samples (Target 100)
"there is no perfect strategy, therefore understanding the differences between them is an important step in learning how to work with text in bloc.","there is no stark strategy, Therefore understanding the differences Between them is an important step in teach how to shape with text in bloc.",[0 1 0 0 0 1],Class has 1 samples (Target 100)
"there is no perfect strategy, therefore understanding the differences between them is an important step in learning how to work with text in bloc.","thither is no perfective strategy, therefore understanding the differences between them is an important tread In Learning how to work with text In bloc.",[0 1 0 0 0 1],Class has 1 samples (Target 100)
"there is no perfect strategy, therefore understanding the differences between them is an important step in learning how to work with text in bloc.","there is no thoroughgoing strategy, Therefore understanding the deviation between Them is an important maltreat in learning how to sour with text in bloc.",[0 1 0 0 0 1],Class has 1 samples (Target 100)
"there is no perfect strategy, therefore understanding the differences between them is an important step in learning how to work with text in bloc.","there is no Perfect strategy, Therefore understanding the deviation betwixt Them is an Important step in take how to work with Text in bloc.",[0 1 0 0 0 1],Class has 1 samples (Target 100)
"there is no perfect strategy, therefore understanding the differences between them is an important step in learning how to work with text in bloc.","thither Is no perfect strategy, consequently realise the differences between them is an authoritative pace in learning how To act with text in bloc.",[0 1 0 0 0 1],Class has 1 samples (Target 100)
"there is no perfect strategy, therefore understanding the differences between them is an important step in learning how to work with text in bloc.","There is No perfect strategy, therefore Understanding the departure betwixt them is an important step In acquisition How to work with text in bloc.",[0 1 0 0 0 1],Class has 1 samples (Target 100)
"there is no perfect strategy, therefore understanding the differences between them is an important step in learning how to work with text in bloc.","thither is no consummate strategy, thus understanding the differences between them is an important footfall in learning how to exploit with textbook in bloc.",[0 1 0 0 0 1],Class has 1 samples (Target 100)
"there is no perfect strategy, therefore understanding the differences between them is an important step in learning how to work with text in bloc.","thither is no utter strategy, therefore understanding the differences between them is an important step in Learning how to work with schoolbook in bloc.",[0 1 0 0 0 1],Class has 1 samples (Target 100)
"there is no perfect strategy, therefore understanding the differences between them is an important step in learning how to work with text in bloc.","there is no Perfect strategy, therefore empathize the differences betwixt them is an Important gradation In learning how to oeuvre with text in bloc.",[0 1 0 0 0 1],Class has 1 samples (Target 100)
"there is no perfect strategy, therefore understanding the differences between them is an important step in learning how to work with text in bloc.","There is no unadulterated Strategy, therefore understanding the dispute between them Is an significant tread In encyclopedism how to work with textbook in bloc.",[0 1 0 0 0 1],Class has 1 samples (Target 100)
"there is no perfect strategy, therefore understanding the differences between them is an important step in learning how to work with text in bloc.","there is no Perfect strategy, therefore sympathy the differences between them is an authoritative step in learning how To act with text in bloc.",[0 1 0 0 0 1],Class has 1 samples (Target 100)
"there is no perfect strategy, therefore understanding the differences between them is an important step in learning how to work with text in bloc.","There is no Perfect strategy, Therefore understanding the differences betwixt them is an important footprint in learning how to Work with text in bloc.",[0 1 0 0 0 1],Class has 1 samples (Target 100)
"there is no perfect strategy, therefore understanding the differences between them is an important step in learning how to work with text in bloc.","There is no pure strategy, thence translate the differences between them Is an significant step In memorise how to operate with text in bloc.",[0 1 0 0 0 1],Class has 1 samples (Target 100)
"there is no perfect strategy, therefore understanding the differences between them is an important step in learning how to work with text in bloc.","there is no perfect strategy, therefore understanding the differences betwixt them is an important step in learning how to Work With text in bloc.",[0 1 0 0 0 1],Class has 1 samples (Target 100)
"there is no perfect strategy, therefore understanding the differences between them is an important step in learning how to work with text in bloc.","there Is no thoroughgoing strategy, therefore understanding the differences between them Is an important footstep in learning how to work with text in bloc.",[0 1 0 0 0 1],Class has 1 samples (Target 100)
"there is no perfect strategy, therefore understanding the differences between them is an important step in learning how to work with text in bloc.","there is no Perfect strategy, Therefore understanding the differences betwixt Them is an important step in eruditeness how to work with schoolbook in bloc.",[0 1 0 0 0 1],Class has 1 samples (Target 100)
"there is no perfect strategy, therefore understanding the differences between them is an important step in learning how to work with text in bloc.","there Is no perfect strategy, thence understanding the Differences between them Is an significant step in Learning How To work with text in Bloc.",[0 1 0 0 0 1],Class has 1 samples (Target 100)
"there is no perfect strategy, therefore understanding the differences between them is an important step in learning how to work with text in bloc.","thither is no perfect Strategy, therefore understanding the divergence between them is an authoritative step In read how to work with textbook in bloc.",[0 1 0 0 0 1],Class has 1 samples (Target 100)
"there is no perfect strategy, therefore understanding the differences between them is an important step in learning how to work with text in bloc.","thither is no perfect strategy, therefore see the differences between them is an important step in learning how to work with schoolbook in bloc.",[0 1 0 0 0 1],Class has 1 samples (Target 100)
"there is no perfect strategy, therefore understanding the differences between them is an important step in learning how to work with text in bloc.","there is no perfect strategy, therefore understanding the Differences Between them is an important maltreat in learning how to work with schoolbook in bloc.",[0 1 0 0 0 1],Class has 1 samples (Target 100)
"there is no perfect strategy, therefore understanding the differences between them is an important step in learning how to work with text in bloc.","thither Is no stark strategy, therefore understanding the dispute between them is an important Step In memorise how to work with textbook In bloc.",[0 1 0 0 0 1],Class has 1 samples (Target 100)
"there is no perfect strategy, therefore understanding the differences between them is an important step in learning how to work with text in bloc.","There is no perfect strategy, therefore understanding the differences between them Is an important step in learning how to work with text in bloc.",[0 1 0 0 0 1],Class has 1 samples (Target 100)
"there is no perfect strategy, therefore understanding the differences between them is an important step in learning how to work with text in bloc.","there is no perfect strategy, therefore understanding the divergence betwixt them is an authoritative footmark in larn how To work with text In bloc.",[0 1 0 0 0 1],Class has 1 samples (Target 100)
"there is no perfect strategy, therefore understanding the differences between them is an important step in learning how to work with text in bloc.","there Is no perfect strategy, therefore understanding the differences between them Is an authoritative step in learning how to work with schoolbook in bloc.",[0 1 0 0 0 1],Class has 1 samples (Target 100)
"there is no perfect strategy, therefore understanding the differences between them is an important step in learning how to work with text in bloc.","there is no perfect strategy, therefore understanding the differences between them is an important step in learning how to work with Text in bloc.",[0 1 0 0 0 1],Class has 1 samples (Target 100)
"there is no perfect strategy, therefore understanding the differences between them is an important step in learning how to work with text in bloc.","there is no perfect strategy, hence understanding the difference Between them is an important step in memorize how to work with text in bloc.",[0 1 0 0 0 1],Class has 1 samples (Target 100)
"there is no perfect strategy, therefore understanding the differences between them is an important step in learning how to work with text in bloc.","there is no perfect strategy, therefore understanding the differences betwixt them is an important footmark in learn how to shape with text in Bloc.",[0 1 0 0 0 1],Class has 1 samples (Target 100)
"there is no perfect strategy, therefore understanding the differences between them is an important step in learning how to work with text in bloc.","there is no perfect strategy, therefore understanding the differences between them Is an crucial step in learning How to exploit with schoolbook in bloc.",[0 1 0 0 0 1],Class has 1 samples (Target 100)
"there is no perfect strategy, therefore understanding the differences between them is an important step in learning how to work with text in bloc.","thither is no Perfect Strategy, Therefore agreement the differences between them is An significant Step in read how To work with text in bloc.",[0 1 0 0 0 1],Class has 1 samples (Target 100)
"there is no perfect strategy, therefore understanding the differences between them is an important step in learning how to work with text in bloc.","there is no perfect strategy, therefore understanding the Differences between them is an crucial step in learning how to operate with text in bloc.",[0 1 0 0 0 1],Class has 1 samples (Target 100)
"there is no perfect strategy, therefore understanding the differences between them is an important step in learning how to work with text in bloc.","there is no perfect strategy, therefore understanding the Differences between them is an important step in eruditeness how To ferment with text in bloc.",[0 1 0 0 0 1],Class has 1 samples (Target 100)
"there is no perfect strategy, therefore understanding the differences between them is an important step in learning how to work with text in bloc.","there is no thoroughgoing strategy, therefore understanding the differences between them is an important step in learning how to work with text in bloc.",[0 1 0 0 0 1],Class has 1 samples (Target 100)
"there is no perfect strategy, therefore understanding the differences between them is an important step in learning how to work with text in bloc.","there is no perfect strategy, hence understanding the differences between them is an important stair in learning how to work with text in bloc.",[0 1 0 0 0 1],Class has 1 samples (Target 100)
"there is no perfect strategy, therefore understanding the differences between them is an important step in learning how to work with text in bloc.","thither is no Perfect strategy, so understanding the dispute between them is an important step in learning how to ferment with text in bloc.",[0 1 0 0 0 1],Class has 1 samples (Target 100)
"there is no perfect strategy, therefore understanding the differences between them is an important step in learning how to work with text in bloc.","thither is no utter strategy, therefore Understanding the Differences between them is an crucial step in learning how To work with text in bloc.",[0 1 0 0 0 1],Class has 1 samples (Target 100)
"there is no perfect strategy, therefore understanding the differences between them is an important step in learning how to work with text in bloc.","There is no perfect strategy, Therefore understanding the differences betwixt them is an important Step in determine how To work with schoolbook in bloc.",[0 1 0 0 0 1],Class has 1 samples (Target 100)
"there is no perfect strategy, therefore understanding the differences between them is an important step in learning how to work with text in bloc.","There is no perfect strategy, therefore intellect the differences between them is an crucial step In learning how To work with schoolbook in bloc.",[0 1 0 0 0 1],Class has 1 samples (Target 100)
"there is no perfect strategy, therefore understanding the differences between them is an important step in learning how to work with text in bloc.","there is No consummate Strategy, therefore understanding the differences between them is an important step in erudition how to Work with text in bloc.",[0 1 0 0 0 1],Class has 1 samples (Target 100)
"there is no perfect strategy, therefore understanding the differences between them is an important step in learning how to work with text in bloc.","thither is no perfect strategy, consequently discernment the differences betwixt them is an important pace in learning how to work with text in bloc.",[0 1 0 0 0 1],Class has 1 samples (Target 100)
"there is no perfect strategy, therefore understanding the differences between them is an important step in learning how to work with text in bloc.","thither is no gross strategy, therefore understand the Differences betwixt them is an crucial Step in eruditeness how To work with text in bloc.",[0 1 0 0 0 1],Class has 1 samples (Target 100)
"there is no perfect strategy, therefore understanding the differences between them is an important step in learning how to work with text in bloc.","thither is no perfect strategy, therefore intellect the differences between them is an Important step in learning how to work with text in bloc.",[0 1 0 0 0 1],Class has 1 samples (Target 100)
"there is no perfect strategy, therefore understanding the differences between them is an important step in learning how to work with text in bloc.","thither is no perfect strategy, therefore Understanding the differences between them is An important tone in learning how to work with text in bloc.",[0 1 0 0 0 1],Class has 1 samples (Target 100)
"there is no perfect strategy, therefore understanding the differences between them is an important step in learning how to work with text in bloc.","there is no perfect strategy, so realise the differences Between them is an important step In learning how to influence with text in bloc.",[0 1 0 0 0 1],Class has 1 samples (Target 100)
"there is no perfect strategy, therefore understanding the differences between them is an important step in learning how to work with text in bloc.","there is no Perfect strategy, therefore sympathise the differences betwixt them is an important step in acquisition how to work with text in bloc.",[0 1 0 0 0 1],Class has 1 samples (Target 100)
"there is no perfect strategy, therefore understanding the differences between them is an important step in learning how to work with text in bloc.","there is no perfect strategy, hence empathise The differences between them is an authoritative step in learning how to Work with textbook in bloc.",[0 1 0 0 0 1],Class has 1 samples (Target 100)
"there is no perfect strategy, therefore understanding the differences between them is an important step in learning how to work with text in bloc.","thither is no complete strategy, therefore understanding the differences betwixt them is an important stride in learning how to work with schoolbook in bloc.",[0 1 0 0 0 1],Class has 1 samples (Target 100)
"there is no perfect strategy, therefore understanding the differences between them is an important step in learning how to work with text in bloc.","there is no perfect strategy, Therefore understanding the difference betwixt them is An authoritative step in learning how To solve with Text in bloc.",[0 1 0 0 0 1],Class has 1 samples (Target 100)
"there is no perfect strategy, therefore understanding the differences between them is an important step in learning how to work with text in bloc.","there is no perfect strategy, therefore understanding the differences between them is an authoritative step In Learning how to work with text in bloc.",[0 1 0 0 0 1],Class has 1 samples (Target 100)
"there is no perfect strategy, therefore understanding the differences between them is an important step in learning how to work with text in bloc.","there is no arrant strategy, therefore discernment the differences between them is an important step in learning how to work with text in bloc.",[0 1 0 0 0 1],Class has 1 samples (Target 100)
"there is no perfect strategy, therefore understanding the differences between them is an important step in learning how to work with text in bloc.","There is no perfect strategy, consequently understanding the dispute Between them is an important step in learning how to work with schoolbook in Bloc.",[0 1 0 0 0 1],Class has 1 samples (Target 100)
"there is no perfect strategy, therefore understanding the differences between them is an important step in learning how to work with text in bloc.","there is no perfect strategy, therefore understanding the conflict betwixt Them is an important step in learning how to work with text in bloc.",[0 1 0 0 0 1],Class has 1 samples (Target 100)
"there is no perfect strategy, therefore understanding the differences between them is an important step in learning how to work with text in bloc.","there Is No perfect Strategy, Therefore understanding the differences between them is an authoritative step in learning how to work with text in bloc.",[0 1 0 0 0 1],Class has 1 samples (Target 100)
"there is no perfect strategy, therefore understanding the differences between them is an important step in learning how to work with text in bloc.","thither is no perfect strategy, therefore understanding the differences between them Is an important step in encyclopaedism how to work with textbook in Bloc.",[0 1 0 0 0 1],Class has 1 samples (Target 100)
"there is no perfect strategy, therefore understanding the differences between them is an important step in learning how to work with text in bloc.","There is no perfect Strategy, therefore understanding the differences between them is an important step in learning how to work with Text In bloc.",[0 1 0 0 0 1],Class has 1 samples (Target 100)
"there is no perfect strategy, therefore understanding the differences between them is an important step in learning how to work with text in bloc.","there is no sodding strategy, therefore understanding the differences between them is an important step in learning how to solve with text in bloc.",[0 1 0 0 0 1],Class has 1 samples (Target 100)
"there is no perfect strategy, therefore understanding the differences between them is an important step in learning how to work with text in bloc.","there Is no perfect strategy, hence understanding The conflict Between them is an important step in learning how to work with text in bloc.",[0 1 0 0 0 1],Class has 1 samples (Target 100)
"there is no perfect strategy, therefore understanding the differences between them is an important step in learning how to work with text in bloc.","there is no perfect strategy, thence understanding the differences between them is an important step in learning how to work with schoolbook in bloc.",[0 1 0 0 0 1],Class has 1 samples (Target 100)
"there is no perfect strategy, therefore understanding the differences between them is an important step in learning how to work with text in bloc.","there is no perfect strategy, therefore translate the Differences between them is an important pace in learning how to work With text in bloc.",[0 1 0 0 0 1],Class has 1 samples (Target 100)
"there is no perfect strategy, therefore understanding the differences between them is an important step in learning how to work with text in bloc.","thither is no perfect strategy, thus sympathize the difference between them is an important Step in learning how to work with text in bloc.",[0 1 0 0 0 1],Class has 1 samples (Target 100)
"there is no perfect strategy, therefore understanding the differences between them is an important step in learning how to work with text in bloc.","There is no thoroughgoing strategy, therefore understanding the deviation between them is an important gradation in learning how to exploit with schoolbook in bloc.",[0 1 0 0 0 1],Class has 1 samples (Target 100)
"there is no perfect strategy, therefore understanding the differences between them is an important step in learning how to work with text in bloc.","thither is no sodding strategy, therefore Understanding the differences between them is an crucial footprint in larn how to form with textbook in bloc.",[0 1 0 0 0 1],Class has 1 samples (Target 100)
"there is no perfect strategy, therefore understanding the differences between them is an important step in learning how to work with text in bloc.","thither is no perfect strategy, therefore understanding the differences betwixt them is an important step in see how To work with text in bloc.",[0 1 0 0 0 1],Class has 1 samples (Target 100)
"there is no perfect strategy, therefore understanding the differences between them is an important step in learning how to work with text in bloc.","There is no Perfect strategy, therefore agreement the differences between them is an Important step In learning how to wreak with text in bloc.",[0 1 0 0 0 1],Class has 1 samples (Target 100)
"there is no perfect strategy, therefore understanding the differences between them is an important step in learning how to work with text in bloc.","there is no perfect strategy, therefore understanding the differences betwixt them is an authoritative Step in acquisition How to work with textbook in bloc.",[0 1 0 0 0 1],Class has 1 samples (Target 100)
"there is no perfect strategy, therefore understanding the differences between them is an important step in learning how to work with text in bloc.","thither is no Perfect strategy, therefore understanding the differences between them is an important footstep in learning how to play With Text in bloc.",[0 1 0 0 0 1],Class has 1 samples (Target 100)
"there is no perfect strategy, therefore understanding the differences between them is an important step in learning how to work with text in bloc.","there Is no sodding strategy, thus realize the differences between them is an Important pace in learning how to workplace with text in bloc.",[0 1 0 0 0 1],Class has 1 samples (Target 100)
"there is no perfect strategy, therefore understanding the differences between them is an important step in learning how to work with text in bloc.","there is no stark strategy, therefore understanding the differences between them is an important gradation in learning how to workplace with text in bloc.",[0 1 0 0 0 1],Class has 1 samples (Target 100)
"there is no perfect strategy, therefore understanding the differences between them is an important step in learning how to work with text in bloc.","There is no utter strategy, thus understanding the Differences between them is an important step in Learning how to turn with text In bloc.",[0 1 0 0 0 1],Class has 1 samples (Target 100)
"there is no perfect strategy, therefore understanding the differences between them is an important step in learning how to work with text in bloc.","there is no perfect strategy, therefore sympathize the differences betwixt them is An crucial step In learning How to study with Text in bloc.",[0 1 0 0 0 1],Class has 1 samples (Target 100)
"there is no perfect strategy, therefore understanding the differences between them is an important step in learning how to work with text in bloc.","there is no perfect strategy, consequently Understanding the deviation between them is an significant step in encyclopaedism how To work With text in bloc.",[0 1 0 0 0 1],Class has 1 samples (Target 100)
i only work with strategies of type class gtrlsemantictagreleasestrategy .,I only work with strategies of typewrite class gtrlsemantictagreleasestrategy .,[1 0 0 0 0 1],Class has 1 samples (Target 100)
i only work with strategies of type class gtrlsemantictagreleasestrategy .,I only work with scheme of eccentric class gtrlsemantictagreleasestrategy .,[1 0 0 0 0 1],Class has 1 samples (Target 100)
i only work with strategies of type class gtrlsemantictagreleasestrategy .,i only influence with strategies of type class gtrlsemantictagreleasestrategy .,[1 0 0 0 0 1],Class has 1 samples (Target 100)
i only work with strategies of type class gtrlsemantictagreleasestrategy .,I only work with scheme of type class gtrlsemantictagreleasestrategy .,[1 0 0 0 0 1],Class has 1 samples (Target 100)
i only work with strategies of type class gtrlsemantictagreleasestrategy .,i only exercise with strategies Of type class gtrlsemantictagreleasestrategy .,[1 0 0 0 0 1],Class has 1 samples (Target 100)
i only work with strategies of type class gtrlsemantictagreleasestrategy .,i only lick with strategies Of type class gtrlsemantictagreleasestrategy .,[1 0 0 0 0 1],Class has 1 samples (Target 100)
i only work with strategies of type class gtrlsemantictagreleasestrategy .,i only work with scheme of type class gtrlsemantictagreleasestrategy .,[1 0 0 0 0 1],Class has 1 samples (Target 100)
i only work with strategies of type class gtrlsemantictagreleasestrategy .,i simply work with strategies of character class Gtrlsemantictagreleasestrategy .,[1 0 0 0 0 1],Class has 1 samples (Target 100)
i only work with strategies of type class gtrlsemantictagreleasestrategy .,i only work with Strategies of type class gtrlsemantictagreleasestrategy .,[1 0 0 0 0 1],Class has 1 samples (Target 100)
i only work with strategies of type class gtrlsemantictagreleasestrategy .,i merely work with strategies of type class gtrlsemantictagreleasestrategy .,[1 0 0 0 0 1],Class has 1 samples (Target 100)
i only work with strategies of type class gtrlsemantictagreleasestrategy .,I only work with strategies Of typecast class gtrlsemantictagreleasestrategy .,[1 0 0 0 0 1],Class has 1 samples (Target 100)
i only work with strategies of type class gtrlsemantictagreleasestrategy .,i only work with strategy of type class gtrlsemantictagreleasestrategy .,[1 0 0 0 0 1],Class has 1 samples (Target 100)
i only work with strategies of type class gtrlsemantictagreleasestrategy .,i only mold with strategy Of type class gtrlsemantictagreleasestrategy .,[1 0 0 0 0 1],Class has 1 samples (Target 100)
i only work with strategies of type class gtrlsemantictagreleasestrategy .,i only work with strategies of Type class gtrlsemantictagreleasestrategy .,[1 0 0 0 0 1],Class has 1 samples (Target 100)
i only work with strategies of type class gtrlsemantictagreleasestrategy .,i Only work With strategies Of type class gtrlsemantictagreleasestrategy .,[1 0 0 0 0 1],Class has 1 samples (Target 100)
i only work with strategies of type class gtrlsemantictagreleasestrategy .,I only wreak with strategies of type class Gtrlsemantictagreleasestrategy .,[1 0 0 0 0 1],Class has 1 samples (Target 100)
i only work with strategies of type class gtrlsemantictagreleasestrategy .,i Only work with scheme of type class gtrlsemantictagreleasestrategy .,[1 0 0 0 0 1],Class has 1 samples (Target 100)
i only work with strategies of type class gtrlsemantictagreleasestrategy .,i only Work with scheme of type class Gtrlsemantictagreleasestrategy .,[1 0 0 0 0 1],Class has 1 samples (Target 100)
i only work with strategies of type class gtrlsemantictagreleasestrategy .,i Only work with strategies of typecast class gtrlsemantictagreleasestrategy .,[1 0 0 0 0 1],Class has 1 samples (Target 100)
i only work with strategies of type class gtrlsemantictagreleasestrategy .,i only work with strategies of eccentric class gtrlsemantictagreleasestrategy .,[1 0 0 0 0 1],Class has 1 samples (Target 100)
i only work with strategies of type class gtrlsemantictagreleasestrategy .,I only work with strategies of type class Gtrlsemantictagreleasestrategy .,[1 0 0 0 0 1],Class has 1 samples (Target 100)
i only work with strategies of type class gtrlsemantictagreleasestrategy .,i just Work with Strategies of type class gtrlsemantictagreleasestrategy .,[1 0 0 0 0 1],Class has 1 samples (Target 100)
i only work with strategies of type class gtrlsemantictagreleasestrategy .,i only work with scheme of typewrite class gtrlsemantictagreleasestrategy .,[1 0 0 0 0 1],Class has 1 samples (Target 100)
i only work with strategies of type class gtrlsemantictagreleasestrategy .,i but bring with Strategies of character class Gtrlsemantictagreleasestrategy .,[1 0 0 0 0 1],Class has 1 samples (Target 100)
i only work with strategies of type class gtrlsemantictagreleasestrategy .,i only forge with scheme of type class gtrlsemantictagreleasestrategy .,[1 0 0 0 0 1],Class has 1 samples (Target 100)
i only work with strategies of type class gtrlsemantictagreleasestrategy .,i only run with strategies of typewrite class Gtrlsemantictagreleasestrategy .,[1 0 0 0 0 1],Class has 1 samples (Target 100)
i only work with strategies of type class gtrlsemantictagreleasestrategy .,i only ferment with strategies of type class gtrlsemantictagreleasestrategy .,[1 0 0 0 0 1],Class has 1 samples (Target 100)
i only work with strategies of type class gtrlsemantictagreleasestrategy .,I alone work with strategies of type class gtrlsemantictagreleasestrategy .,[1 0 0 0 0 1],Class has 1 samples (Target 100)
i only work with strategies of type class gtrlsemantictagreleasestrategy .,i exclusively work with Strategies of type class gtrlsemantictagreleasestrategy .,[1 0 0 0 0 1],Class has 1 samples (Target 100)
i only work with strategies of type class gtrlsemantictagreleasestrategy .,i alone work with strategy of typewrite class gtrlsemantictagreleasestrategy .,[1 0 0 0 0 1],Class has 1 samples (Target 100)
i only work with strategies of type class gtrlsemantictagreleasestrategy .,I only sour with strategies of typecast class gtrlsemantictagreleasestrategy .,[1 0 0 0 0 1],Class has 1 samples (Target 100)
i only work with strategies of type class gtrlsemantictagreleasestrategy .,i solely work with strategies of type class gtrlsemantictagreleasestrategy .,[1 0 0 0 0 1],Class has 1 samples (Target 100)
i only work with strategies of type class gtrlsemantictagreleasestrategy .,i solitary function with strategies of type class gtrlsemantictagreleasestrategy .,[1 0 0 0 0 1],Class has 1 samples (Target 100)
i only work with strategies of type class gtrlsemantictagreleasestrategy .,i lone work with scheme of type class gtrlsemantictagreleasestrategy .,[1 0 0 0 0 1],Class has 1 samples (Target 100)
i only work with strategies of type class gtrlsemantictagreleasestrategy .,i only influence with strategies Of type class gtrlsemantictagreleasestrategy .,[1 0 0 0 0 1],Class has 1 samples (Target 100)
i only work with strategies of type class gtrlsemantictagreleasestrategy .,i only influence with strategies of typecast class gtrlsemantictagreleasestrategy .,[1 0 0 0 0 1],Class has 1 samples (Target 100)
i only work with strategies of type class gtrlsemantictagreleasestrategy .,i simply work with strategies of typewrite class gtrlsemantictagreleasestrategy .,[1 0 0 0 0 1],Class has 1 samples (Target 100)
i only work with strategies of type class gtrlsemantictagreleasestrategy .,i Only Work with strategies Of type class gtrlsemantictagreleasestrategy .,[1 0 0 0 0 1],Class has 1 samples (Target 100)
i only work with strategies of type class gtrlsemantictagreleasestrategy .,i only work with strategies of typecast class gtrlsemantictagreleasestrategy .,[1 0 0 0 0 1],Class has 1 samples (Target 100)
i only work with strategies of type class gtrlsemantictagreleasestrategy .,I only process with strategies of type class gtrlsemantictagreleasestrategy .,[1 0 0 0 0 1],Class has 1 samples (Target 100)
i only work with strategies of type class gtrlsemantictagreleasestrategy .,i Only work with strategies of character class gtrlsemantictagreleasestrategy .,[1 0 0 0 0 1],Class has 1 samples (Target 100)
i only work with strategies of type class gtrlsemantictagreleasestrategy .,i just work with scheme of type class gtrlsemantictagreleasestrategy .,[1 0 0 0 0 1],Class has 1 samples (Target 100)
i only work with strategies of type class gtrlsemantictagreleasestrategy .,i lonesome work with strategies of type class gtrlsemantictagreleasestrategy .,[1 0 0 0 0 1],Class has 1 samples (Target 100)
i only work with strategies of type class gtrlsemantictagreleasestrategy .,i only work With scheme of Type class gtrlsemantictagreleasestrategy .,[1 0 0 0 0 1],Class has 1 samples (Target 100)
i only work with strategies of type class gtrlsemantictagreleasestrategy .,i only work with strategy Of type class gtrlsemantictagreleasestrategy .,[1 0 0 0 0 1],Class has 1 samples (Target 100)
i only work with strategies of type class gtrlsemantictagreleasestrategy .,i only Work With strategies of type class Gtrlsemantictagreleasestrategy .,[1 0 0 0 0 1],Class has 1 samples (Target 100)
i only work with strategies of type class gtrlsemantictagreleasestrategy .,I entirely employment with Strategies of Type class gtrlsemantictagreleasestrategy .,[1 0 0 0 0 1],Class has 1 samples (Target 100)
i only work with strategies of type class gtrlsemantictagreleasestrategy .,i exclusively operate with scheme of type class gtrlsemantictagreleasestrategy .,[1 0 0 0 0 1],Class has 1 samples (Target 100)
i only work with strategies of type class gtrlsemantictagreleasestrategy .,i only work with strategies Of eccentric class gtrlsemantictagreleasestrategy .,[1 0 0 0 0 1],Class has 1 samples (Target 100)
i only work with strategies of type class gtrlsemantictagreleasestrategy .,i only work With Strategies of type class Gtrlsemantictagreleasestrategy .,[1 0 0 0 0 1],Class has 1 samples (Target 100)
i only work with strategies of type class gtrlsemantictagreleasestrategy .,I solitary work with strategies of type class gtrlsemantictagreleasestrategy .,[1 0 0 0 0 1],Class has 1 samples (Target 100)
i only work with strategies of type class gtrlsemantictagreleasestrategy .,I only Work with strategy of type class gtrlsemantictagreleasestrategy .,[1 0 0 0 0 1],Class has 1 samples (Target 100)
i only work with strategies of type class gtrlsemantictagreleasestrategy .,i only shape With strategies of eccentric class gtrlsemantictagreleasestrategy .,[1 0 0 0 0 1],Class has 1 samples (Target 100)
i only work with strategies of type class gtrlsemantictagreleasestrategy .,i only work with scheme of type class Gtrlsemantictagreleasestrategy .,[1 0 0 0 0 1],Class has 1 samples (Target 100)
i only work with strategies of type class gtrlsemantictagreleasestrategy .,I sole work with strategies of type class gtrlsemantictagreleasestrategy .,[1 0 0 0 0 1],Class has 1 samples (Target 100)
i only work with strategies of type class gtrlsemantictagreleasestrategy .,i only Work with strategies of type class gtrlsemantictagreleasestrategy .,[1 0 0 0 0 1],Class has 1 samples (Target 100)
i only work with strategies of type class gtrlsemantictagreleasestrategy .,i solely forge with scheme of eccentric class gtrlsemantictagreleasestrategy .,[1 0 0 0 0 1],Class has 1 samples (Target 100)
i only work with strategies of type class gtrlsemantictagreleasestrategy .,i only work with strategies of character class gtrlsemantictagreleasestrategy .,[1 0 0 0 0 1],Class has 1 samples (Target 100)
i only work with strategies of type class gtrlsemantictagreleasestrategy .,I only wreak with strategy of type class gtrlsemantictagreleasestrategy .,[1 0 0 0 0 1],Class has 1 samples (Target 100)
i only work with strategies of type class gtrlsemantictagreleasestrategy .,I only work with strategies of character class gtrlsemantictagreleasestrategy .,[1 0 0 0 0 1],Class has 1 samples (Target 100)
i only work with strategies of type class gtrlsemantictagreleasestrategy .,i Only work with strategies of type class gtrlsemantictagreleasestrategy .,[1 0 0 0 0 1],Class has 1 samples (Target 100)
i only work with strategies of type class gtrlsemantictagreleasestrategy .,i lonesome work with strategy of Type class gtrlsemantictagreleasestrategy .,[1 0 0 0 0 1],Class has 1 samples (Target 100)
i only work with strategies of type class gtrlsemantictagreleasestrategy .,I exclusively work With scheme of Type class gtrlsemantictagreleasestrategy .,[1 0 0 0 0 1],Class has 1 samples (Target 100)
i only work with strategies of type class gtrlsemantictagreleasestrategy .,I only work with strategies of type class gtrlsemantictagreleasestrategy .,[1 0 0 0 0 1],Class has 1 samples (Target 100)
i only work with strategies of type class gtrlsemantictagreleasestrategy .,i only shape with strategies of type class gtrlsemantictagreleasestrategy .,[1 0 0 0 0 1],Class has 1 samples (Target 100)
i only work with strategies of type class gtrlsemantictagreleasestrategy .,i just work with strategies of type class gtrlsemantictagreleasestrategy .,[1 0 0 0 0 1],Class has 1 samples (Target 100)
i only work with strategies of type class gtrlsemantictagreleasestrategy .,I only turn with strategies of type class Gtrlsemantictagreleasestrategy .,[1 0 0 0 0 1],Class has 1 samples (Target 100)
i only work with strategies of type class gtrlsemantictagreleasestrategy .,i only work with strategies Of type class gtrlsemantictagreleasestrategy .,[1 0 0 0 0 1],Class has 1 samples (Target 100)
i only work with strategies of type class gtrlsemantictagreleasestrategy .,i only work With strategies of type class gtrlsemantictagreleasestrategy .,[1 0 0 0 0 1],Class has 1 samples (Target 100)
i only work with strategies of type class gtrlsemantictagreleasestrategy .,i sole work with strategies of type class gtrlsemantictagreleasestrategy .,[1 0 0 0 0 1],Class has 1 samples (Target 100)
i only work with strategies of type class gtrlsemantictagreleasestrategy .,i only work with strategies of typewrite class gtrlsemantictagreleasestrategy .,[1 0 0 0 0 1],Class has 1 samples (Target 100)
i only work with strategies of type class gtrlsemantictagreleasestrategy .,I only work With strategies of character class gtrlsemantictagreleasestrategy .,[1 0 0 0 0 1],Class has 1 samples (Target 100)
i only work with strategies of type class gtrlsemantictagreleasestrategy .,i simply work with strategies of case class gtrlsemantictagreleasestrategy .,[1 0 0 0 0 1],Class has 1 samples (Target 100)
i only work with strategies of type class gtrlsemantictagreleasestrategy .,i only work with strategy of Type class gtrlsemantictagreleasestrategy .,[1 0 0 0 0 1],Class has 1 samples (Target 100)
i only work with strategies of type class gtrlsemantictagreleasestrategy .,I Only Work with scheme of type class gtrlsemantictagreleasestrategy .,[1 0 0 0 0 1],Class has 1 samples (Target 100)
i only work with strategies of type class gtrlsemantictagreleasestrategy .,i exclusively mould with scheme of typewrite class gtrlsemantictagreleasestrategy .,[1 0 0 0 0 1],Class has 1 samples (Target 100)
i only work with strategies of type class gtrlsemantictagreleasestrategy .,i lone play with strategies of type class gtrlsemantictagreleasestrategy .,[1 0 0 0 0 1],Class has 1 samples (Target 100)
i only work with strategies of type class gtrlsemantictagreleasestrategy .,i only Work with strategy of Type class gtrlsemantictagreleasestrategy .,[1 0 0 0 0 1],Class has 1 samples (Target 100)
i only work with strategies of type class gtrlsemantictagreleasestrategy .,I only work with Strategies of type class gtrlsemantictagreleasestrategy .,[1 0 0 0 0 1],Class has 1 samples (Target 100)
i only work with strategies of type class gtrlsemantictagreleasestrategy .,i only work With scheme of type class gtrlsemantictagreleasestrategy .,[1 0 0 0 0 1],Class has 1 samples (Target 100)
i only work with strategies of type class gtrlsemantictagreleasestrategy .,i exclusively work With strategies of type class gtrlsemantictagreleasestrategy .,[1 0 0 0 0 1],Class has 1 samples (Target 100)
i only work with strategies of type class gtrlsemantictagreleasestrategy .,i only run with strategies of case class gtrlsemantictagreleasestrategy .,[1 0 0 0 0 1],Class has 1 samples (Target 100)
i only work with strategies of type class gtrlsemantictagreleasestrategy .,i only forge with strategies Of character class gtrlsemantictagreleasestrategy .,[1 0 0 0 0 1],Class has 1 samples (Target 100)
i only work with strategies of type class gtrlsemantictagreleasestrategy .,i alone shape with strategies of type class gtrlsemantictagreleasestrategy .,[1 0 0 0 0 1],Class has 1 samples (Target 100)
i only work with strategies of type class gtrlsemantictagreleasestrategy .,i only play with strategies of eccentric class gtrlsemantictagreleasestrategy .,[1 0 0 0 0 1],Class has 1 samples (Target 100)
i only work with strategies of type class gtrlsemantictagreleasestrategy .,i only work with scheme Of typewrite class gtrlsemantictagreleasestrategy .,[1 0 0 0 0 1],Class has 1 samples (Target 100)
i only work with strategies of type class gtrlsemantictagreleasestrategy .,i exclusively work with strategies of type class gtrlsemantictagreleasestrategy .,[1 0 0 0 0 1],Class has 1 samples (Target 100)
i only work with strategies of type class gtrlsemantictagreleasestrategy .,i only work With strategy of type class gtrlsemantictagreleasestrategy .,[1 0 0 0 0 1],Class has 1 samples (Target 100)
i only work with strategies of type class gtrlsemantictagreleasestrategy .,i only forge with scheme Of type class Gtrlsemantictagreleasestrategy .,[1 0 0 0 0 1],Class has 1 samples (Target 100)
i only work with strategies of type class gtrlsemantictagreleasestrategy .,i only work with scheme of Type class gtrlsemantictagreleasestrategy .,[1 0 0 0 0 1],Class has 1 samples (Target 100)
i only work with strategies of type class gtrlsemantictagreleasestrategy .,i only work with strategy of typecast class gtrlsemantictagreleasestrategy .,[1 0 0 0 0 1],Class has 1 samples (Target 100)
i only work with strategies of type class gtrlsemantictagreleasestrategy .,i Only study with strategies of typecast class gtrlsemantictagreleasestrategy .,[1 0 0 0 0 1],Class has 1 samples (Target 100)
i only work with strategies of type class gtrlsemantictagreleasestrategy .,i sole work With scheme of case class gtrlsemantictagreleasestrategy .,[1 0 0 0 0 1],Class has 1 samples (Target 100)
i only work with strategies of type class gtrlsemantictagreleasestrategy .,i merely work with scheme of type class gtrlsemantictagreleasestrategy .,[1 0 0 0 0 1],Class has 1 samples (Target 100)
i only work with strategies of type class gtrlsemantictagreleasestrategy .,i just lick with scheme of type class gtrlsemantictagreleasestrategy .,[1 0 0 0 0 1],Class has 1 samples (Target 100)
i only work with strategies of type class gtrlsemantictagreleasestrategy .,i but workplace with Strategies of Type class gtrlsemantictagreleasestrategy .,[1 0 0 0 0 1],Class has 1 samples (Target 100)
i only work with strategies of type class gtrlsemantictagreleasestrategy .,I but work with strategies of type class gtrlsemantictagreleasestrategy .,[1 0 0 0 0 1],Class has 1 samples (Target 100)
i only work with strategies of type class gtrlsemantictagreleasestrategy .,i merely Work with strategies of typecast class gtrlsemantictagreleasestrategy .,[1 0 0 0 0 1],Class has 1 samples (Target 100)
i only work with strategies of type class gtrlsemantictagreleasestrategy .,I only work with scheme Of type class gtrlsemantictagreleasestrategy .,[1 0 0 0 0 1],Class has 1 samples (Target 100)
a rttextword represents one word of an original text.,a rttextword symbolize one word of An original text.,[0 0 0 1 1 0],Class has 1 samples (Target 100)
a rttextword represents one word of an original text.,a rttextword represents one articulate of an Original text.,[0 0 0 1 1 0],Class has 1 samples (Target 100)
a rttextword represents one word of an original text.,a rttextword represents one word of an archetype Text.,[0 0 0 1 1 0],Class has 1 samples (Target 100)
a rttextword represents one word of an original text.,a Rttextword map One word of an pilot text.,[0 0 0 1 1 0],Class has 1 samples (Target 100)
a rttextword represents one word of an original text.,A rttextword represents one word Of an original text.,[0 0 0 1 1 0],Class has 1 samples (Target 100)
a rttextword represents one word of an original text.,a rttextword represents One word of an archetype text.,[0 0 0 1 1 0],Class has 1 samples (Target 100)
a rttextword represents one word of an original text.,a rttextword typify one Word of An pilot text.,[0 0 0 1 1 0],Class has 1 samples (Target 100)
a rttextword represents one word of an original text.,a rttextword represents one word of an master text.,[0 0 0 1 1 0],Class has 1 samples (Target 100)
a rttextword represents one word of an original text.,A Rttextword represents one word of an original text.,[0 0 0 1 1 0],Class has 1 samples (Target 100)
a rttextword represents one word of an original text.,a rttextword act one word of an original text.,[0 0 0 1 1 0],Class has 1 samples (Target 100)
a rttextword represents one word of an original text.,A rttextword represents one word of An pilot text.,[0 0 0 1 1 0],Class has 1 samples (Target 100)
a rttextword represents one word of an original text.,a rttextword represents One word Of an original text.,[0 0 0 1 1 0],Class has 1 samples (Target 100)
a rttextword represents one word of an original text.,a rttextword represents one word of an Original text.,[0 0 0 1 1 0],Class has 1 samples (Target 100)
a rttextword represents one word of an original text.,a rttextword typify one Word of an archetype text.,[0 0 0 1 1 0],Class has 1 samples (Target 100)
a rttextword represents one word of an original text.,A rttextword represents one password of an original text.,[0 0 0 1 1 0],Class has 1 samples (Target 100)
a rttextword represents one word of an original text.,a rttextword symbolise one word Of an Original text.,[0 0 0 1 1 0],Class has 1 samples (Target 100)
a rttextword represents one word of an original text.,a rttextword represents one word of an original Text.,[0 0 0 1 1 0],Class has 1 samples (Target 100)
a rttextword represents one word of an original text.,a rttextword comprise one articulate of an archetype text.,[0 0 0 1 1 0],Class has 1 samples (Target 100)
a rttextword represents one word of an original text.,a rttextword represents one word of an archetype text.,[0 0 0 1 1 0],Class has 1 samples (Target 100)
a rttextword represents one word of an original text.,a rttextword represents one discussion of an original text.,[0 0 0 1 1 0],Class has 1 samples (Target 100)
a rttextword represents one word of an original text.,a rttextword represents one word of an pilot text.,[0 0 0 1 1 0],Class has 1 samples (Target 100)
a rttextword represents one word of an original text.,a rttextword Represents one Logos Of an original Text.,[0 0 0 1 1 0],Class has 1 samples (Target 100)
a rttextword represents one word of an original text.,a rttextword stage one word of an original text.,[0 0 0 1 1 0],Class has 1 samples (Target 100)
a rttextword represents one word of an original text.,a rttextword represents one word Of an original text.,[0 0 0 1 1 0],Class has 1 samples (Target 100)
a rttextword represents one word of an original text.,a rttextword represents one phrase of an pilot text.,[0 0 0 1 1 0],Class has 1 samples (Target 100)
a rttextword represents one word of an original text.,a rttextword Represents one Word of an pilot text.,[0 0 0 1 1 0],Class has 1 samples (Target 100)
a rttextword represents one word of an original text.,a Rttextword Represents one word of an archetype text.,[0 0 0 1 1 0],Class has 1 samples (Target 100)
a rttextword represents one word of an original text.,a rttextword interpret one word Of an original text.,[0 0 0 1 1 0],Class has 1 samples (Target 100)
a rttextword represents one word of an original text.,A rttextword stage one word of an archetype Text.,[0 0 0 1 1 0],Class has 1 samples (Target 100)
a rttextword represents one word of an original text.,a rttextword symbolize one word of an original text.,[0 0 0 1 1 0],Class has 1 samples (Target 100)
a rttextword represents one word of an original text.,a rttextword represents One word of an pilot text.,[0 0 0 1 1 0],Class has 1 samples (Target 100)
a rttextword represents one word of an original text.,a rttextword represents one discussion of an pilot text.,[0 0 0 1 1 0],Class has 1 samples (Target 100)
a rttextword represents one word of an original text.,a Rttextword represents one word of an original text.,[0 0 0 1 1 0],Class has 1 samples (Target 100)
a rttextword represents one word of an original text.,a rttextword comprise one word Of an original text.,[0 0 0 1 1 0],Class has 1 samples (Target 100)
a rttextword represents one word of an original text.,a rttextword represents one news of an original text.,[0 0 0 1 1 0],Class has 1 samples (Target 100)
a rttextword represents one word of an original text.,a rttextword Represents one Book of an original text.,[0 0 0 1 1 0],Class has 1 samples (Target 100)
a rttextword represents one word of an original text.,a Rttextword represents one word of an Original text.,[0 0 0 1 1 0],Class has 1 samples (Target 100)
a rttextword represents one word of an original text.,a rttextword represents one countersign of an original text.,[0 0 0 1 1 0],Class has 1 samples (Target 100)
a rttextword represents one word of an original text.,a rttextword play one word of an original text.,[0 0 0 1 1 0],Class has 1 samples (Target 100)
a rttextword represents one word of an original text.,a rttextword represents One word of an original text.,[0 0 0 1 1 0],Class has 1 samples (Target 100)
a rttextword represents one word of an original text.,a rttextword represents one parole of An original text.,[0 0 0 1 1 0],Class has 1 samples (Target 100)
a rttextword represents one word of an original text.,a Rttextword represents one articulate of an original text.,[0 0 0 1 1 0],Class has 1 samples (Target 100)
a rttextword represents one word of an original text.,a rttextword interpret One word of an original text.,[0 0 0 1 1 0],Class has 1 samples (Target 100)
a rttextword represents one word of an original text.,a rttextword represents one watchword of an original text.,[0 0 0 1 1 0],Class has 1 samples (Target 100)
a rttextword represents one word of an original text.,a rttextword represents one word of An original Text.,[0 0 0 1 1 0],Class has 1 samples (Target 100)
a rttextword represents one word of an original text.,a rttextword Represents one word of an pilot text.,[0 0 0 1 1 0],Class has 1 samples (Target 100)
a rttextword represents one word of an original text.,a rttextword represents one parole of an original text.,[0 0 0 1 1 0],Class has 1 samples (Target 100)
a rttextword represents one word of an original text.,a rttextword Represents one word of an original text.,[0 0 0 1 1 0],Class has 1 samples (Target 100)
a rttextword represents one word of an original text.,a Rttextword represents one watchword of An Original text.,[0 0 0 1 1 0],Class has 1 samples (Target 100)
a rttextword represents one word of an original text.,a rttextword Represents one word of an master text.,[0 0 0 1 1 0],Class has 1 samples (Target 100)
a rttextword represents one word of an original text.,a rttextword represents one articulate of an original text.,[0 0 0 1 1 0],Class has 1 samples (Target 100)
a rttextword represents one word of an original text.,a Rttextword represents one Scripture of an Original text.,[0 0 0 1 1 0],Class has 1 samples (Target 100)
a rttextword represents one word of an original text.,a rttextword represents one Bible of an original text.,[0 0 0 1 1 0],Class has 1 samples (Target 100)
a rttextword represents one word of an original text.,a rttextword represents one discussion Of an original text.,[0 0 0 1 1 0],Class has 1 samples (Target 100)
a rttextword represents one word of an original text.,a rttextword Represents one word Of An original Text.,[0 0 0 1 1 0],Class has 1 samples (Target 100)
a rttextword represents one word of an original text.,a Rttextword be one word of an master text.,[0 0 0 1 1 0],Class has 1 samples (Target 100)
a rttextword represents one word of an original text.,a rttextword represents one Word of an original text.,[0 0 0 1 1 0],Class has 1 samples (Target 100)
a rttextword represents one word of an original text.,a Rttextword defend one countersign Of an pilot text.,[0 0 0 1 1 0],Class has 1 samples (Target 100)
a rttextword represents one word of an original text.,a rttextword correspond one Word of an original text.,[0 0 0 1 1 0],Class has 1 samples (Target 100)
a rttextword represents one word of an original text.,a rttextword represents one phrase of an master text.,[0 0 0 1 1 0],Class has 1 samples (Target 100)
a rttextword represents one word of an original text.,a rttextword play one news of an pilot text.,[0 0 0 1 1 0],Class has 1 samples (Target 100)
a rttextword represents one word of an original text.,a rttextword represent one word of an original text.,[0 0 0 1 1 0],Class has 1 samples (Target 100)
a rttextword represents one word of an original text.,a rttextword represents one Word Of an original Text.,[0 0 0 1 1 0],Class has 1 samples (Target 100)
a rttextword represents one word of an original text.,a rttextword act One word of an original text.,[0 0 0 1 1 0],Class has 1 samples (Target 100)
a rttextword represents one word of an original text.,A rttextword represents one word of an original text.,[0 0 0 1 1 0],Class has 1 samples (Target 100)
a rttextword represents one word of an original text.,a rttextword represents one tidings of an original text.,[0 0 0 1 1 0],Class has 1 samples (Target 100)
a rttextword represents one word of an original text.,a rttextword map one password of an original text.,[0 0 0 1 1 0],Class has 1 samples (Target 100)
a rttextword represents one word of an original text.,a rttextword play one password of an original text.,[0 0 0 1 1 0],Class has 1 samples (Target 100)
a rttextword represents one word of an original text.,a rttextword constitute one Son of an original text.,[0 0 0 1 1 0],Class has 1 samples (Target 100)
a rttextword represents one word of an original text.,a rttextword represents One word of An pilot text.,[0 0 0 1 1 0],Class has 1 samples (Target 100)
a rttextword represents one word of an original text.,a rttextword represents One word of an original Text.,[0 0 0 1 1 0],Class has 1 samples (Target 100)
a rttextword represents one word of an original text.,A rttextword represents one Word of an Original text.,[0 0 0 1 1 0],Class has 1 samples (Target 100)
a rttextword represents one word of an original text.,a rttextword represents one word of An archetype text.,[0 0 0 1 1 0],Class has 1 samples (Target 100)
a rttextword represents one word of an original text.,a rttextword typify one word of an original text.,[0 0 0 1 1 0],Class has 1 samples (Target 100)
a rttextword represents one word of an original text.,a rttextword represents one word of An original text.,[0 0 0 1 1 0],Class has 1 samples (Target 100)
a rttextword represents one word of an original text.,a rttextword represents one watchword of an Original text.,[0 0 0 1 1 0],Class has 1 samples (Target 100)
a rttextword represents one word of an original text.,a rttextword Represents one word Of an original text.,[0 0 0 1 1 0],Class has 1 samples (Target 100)
a rttextword represents one word of an original text.,a rttextword map one Bible of an original text.,[0 0 0 1 1 0],Class has 1 samples (Target 100)
a rttextword represents one word of an original text.,a rttextword play one password Of an Original text.,[0 0 0 1 1 0],Class has 1 samples (Target 100)
a rttextword represents one word of an original text.,a rttextword Represents one Logos of an original text.,[0 0 0 1 1 0],Class has 1 samples (Target 100)
a rttextword represents one word of an original text.,A rttextword symbolize one word of an original text.,[0 0 0 1 1 0],Class has 1 samples (Target 100)
a rttextword represents one word of an original text.,a rttextword represents one Son Of an original text.,[0 0 0 1 1 0],Class has 1 samples (Target 100)
a rttextword represents one word of an original text.,a rttextword typify One word Of An original text.,[0 0 0 1 1 0],Class has 1 samples (Target 100)
a rttextword represents one word of an original text.,A Rttextword represents one tidings Of an master text.,[0 0 0 1 1 0],Class has 1 samples (Target 100)
a rttextword represents one word of an original text.,a Rttextword represents one discussion Of an archetype text.,[0 0 0 1 1 0],Class has 1 samples (Target 100)
a rttextword represents one word of an original text.,a rttextword be one phrase of an original text.,[0 0 0 1 1 0],Class has 1 samples (Target 100)
a rttextword represents one word of an original text.,a rttextword represents One discussion of an original text.,[0 0 0 1 1 0],Class has 1 samples (Target 100)
a rttextword represents one word of an original text.,a rttextword defend one word of an original text.,[0 0 0 1 1 0],Class has 1 samples (Target 100)
a rttextword represents one word of an original text.,a rttextword represents one tidings of an archetype text.,[0 0 0 1 1 0],Class has 1 samples (Target 100)
a rttextword represents one word of an original text.,a rttextword interpret one word Of an Original text.,[0 0 0 1 1 0],Class has 1 samples (Target 100)
a rttextword represents one word of an original text.,a Rttextword stage one word of An original Text.,[0 0 0 1 1 0],Class has 1 samples (Target 100)
a rttextword represents one word of an original text.,a rttextword map one intelligence of An Original text.,[0 0 0 1 1 0],Class has 1 samples (Target 100)
a rttextword represents one word of an original text.,a Rttextword represents one word of An original text.,[0 0 0 1 1 0],Class has 1 samples (Target 100)
a rttextword represents one word of an original text.,a rttextword Represents one Scripture of An original text.,[0 0 0 1 1 0],Class has 1 samples (Target 100)
a rttextword represents one word of an original text.,a rttextword correspond one word of an original text.,[0 0 0 1 1 0],Class has 1 samples (Target 100)
a rttextword represents one word of an original text.,A rttextword play one Logos of an original text.,[0 0 0 1 1 0],Class has 1 samples (Target 100)
a rttextword represents one word of an original text.,a rttextword represents one password of an original text.,[0 0 0 1 1 0],Class has 1 samples (Target 100)
a rttextword represents one word of an original text.,a rttextword represents one news of an archetype text.,[0 0 0 1 1 0],Class has 1 samples (Target 100)
a rttextword represents one word of an original text.,a rttextword represents One word of an Original text.,[0 0 0 1 1 0],Class has 1 samples (Target 100)
